run,async,threads_cfg,bodies_cfg,repeat,frame,frame_ms,sim_ms,fetch_ms,interp_ms,total_ms,actor_tick_ms,substeps,active,dyn,static,contacts,threads_actual
0,0,4,8000,0,151,48.6191,0.0362,23.0647,0.1071,40.1721,16.4526,3,8000,8000,1,2973,4
0,0,4,8000,0,152,47.9079,0.0352,22.3201,0.1057,40.0426,17.2349,3,8000,8000,1,3437,4
0,0,4,8000,0,153,45.4485,0.0343,20.9107,0.1172,38.9998,17.4954,3,8000,8000,1,2516,4
0,0,4,8000,0,154,39.1769,0.0281,14.8364,0.1093,32.2164,16.935,2,8000,8000,1,1922,4
0,0,4,8000,0,155,40.9257,0.0395,16.7962,0.1106,33.7111,16.4257,3,8000,8000,1,2249,4
0,0,4,8000,0,156,36.9891,0.0254,13.1615,0.1392,30.8151,17.0773,2,8000,8000,1,1761,4
0,0,4,8000,0,157,37.6829,0.0279,13.0869,0.1355,30.3263,16.6423,2,8000,8000,1,1767,4
0,0,4,8000,0,158,40.1802,0.0339,17.1984,0.1155,33.9061,16.1869,3,8000,8000,1,2338,4
0,0,4,8000,0,159,37.2205,0.0251,12.5498,0.1233,31.0323,17.9276,2,8000,8000,1,1721,4
0,0,4,8000,0,160,36.5036,0.0231,12.3877,0.123,29.7266,16.8611,2,8000,8000,1,1586,4
0,0,4,8000,0,161,40.9411,0.0331,16.6195,0.1138,34.0068,16.8674,3,8000,8000,1,2111,4
0,0,4,8000,0,162,37.0909,0.0262,12.6279,0.1214,30.5856,17.1968,2,8000,8000,1,1514,4
0,0,4,8000,0,163,36.5096,0.0385,12.5869,0.1128,29.1703,16.0763,2,8000,8000,1,1499,4
0,0,4,8000,0,164,35.4227,0.0259,11.9099,0.1689,28.858,16.3961,2,8000,8000,1,1513,4
0,0,4,8000,0,165,40.4036,0.0333,16.692,0.1052,33.6277,16.4568,3,8000,8000,1,2149,4
0,0,4,8000,0,166,38.0304,0.0296,14.0939,0.1711,31.093,16.4547,2,8000,8000,1,1444,4
0,0,4,8000,0,167,34.6847,0.0314,11.4365,0.1122,28.594,16.6399,2,8000,8000,1,1355,4
0,0,4,8000,0,168,36.7632,0.0309,11.903,0.1103,30.3126,17.6939,2,8000,8000,1,1251,4
0,0,4,8000,0,169,40.6456,0.0339,16.8332,0.1184,33.6437,16.2515,3,8000,8000,1,1660,4
0,0,4,8000,0,170,34.3621,0.0289,10.8997,0.1794,27.8544,16.3986,2,8000,8000,1,1369,4
0,0,4,8000,0,171,35.1818,0.0202,10.4818,0.1108,27.1172,16.1192,2,8000,8000,1,1353,4
0,0,4,8000,0,172,35.4533,0.0405,10.3389,0.1219,27.56,16.7116,2,8000,8000,1,1211,4
0,0,4,8000,0,173,35.0589,0.0294,9.6217,0.128,28.6411,18.4823,2,8000,8000,1,1153,4
0,0,4,8000,0,174,33.5094,0.0277,10.2233,0.1111,26.8316,16.1094,2,8000,8000,1,1034,4
0,0,4,8000,0,175,33.9476,0.0255,10.5079,0.1282,28.0785,17.0106,2,8000,8000,1,936,4
0,0,4,8000,0,176,33.2193,0.0211,9.7716,0.1277,26.7511,16.4055,2,8000,8000,1,919,4
0,0,4,8000,0,177,32.35,0.0312,9.3301,0.1071,25.7789,15.9698,2,8000,8000,1,919,4
0,0,4,8000,0,178,33.3787,0.0277,9.409,0.1218,26.5248,16.5075,2,8000,8000,1,882,4
0,0,4,8000,0,179,33.3593,0.0236,8.996,0.1115,25.9896,16.4957,2,8000,8000,1,854,4
0,0,4,8000,0,180,32.2257,0.0233,8.9028,0.1156,26.3367,16.8722,2,8000,8000,1,758,4
0,0,4,8000,0,181,32.4281,0.0292,8.6643,0.1141,25.9677,16.7907,2,8000,8000,1,792,4
0,0,4,8000,0,182,33.8981,0.0247,10.632,0.1705,27.7532,16.5465,2,8000,8000,1,876,4
0,0,4,8000,0,183,32.8559,0.0265,8.9087,0.107,26.7024,17.2406,2,8000,8000,1,977,4
0,0,4,8000,0,184,33.0289,0.0254,9.4366,0.1039,25.6489,15.7304,2,8000,8000,1,977,4
0,0,4,8000,0,185,34.4905,0.0311,10.0424,0.1073,27.5291,16.9853,2,8000,8000,1,885,4
0,0,4,8000,0,186,34.1834,0.0483,9.5539,0.1128,27.4047,17.3181,2,8000,8000,1,1003,4
0,0,4,8000,0,187,33.168,0.0307,9.2644,0.1299,26.7144,16.9077,2,8000,8000,1,988,4
0,0,4,8000,0,188,31.8575,0.0269,8.7364,0.1142,25.7924,16.5275,2,8000,8000,1,967,4
0,0,4,8000,0,189,33.2952,0.0326,8.6762,0.1227,25.8092,16.6134,2,8000,8000,1,961,4
0,0,4,8000,0,190,33.0285,0.0313,8.9353,0.1193,26.7594,17.3063,2,8000,8000,1,1020,4
0,0,4,8000,0,191,33.1675,0.0264,8.3096,0.1155,26.6884,17.8367,2,8000,8000,1,1005,4
0,0,4,8000,0,192,32.456,0.0276,7.9545,0.1128,25.7394,17.292,2,8000,8000,1,983,4
0,0,4,8000,0,193,32.0957,0.0301,8.3559,0.107,25.3982,16.4344,2,8000,8000,1,921,4
0,0,4,8000,0,194,33.1818,0.0193,8.1727,0.1196,26.3619,17.6838,2,8000,8000,1,939,4
0,0,4,8000,0,195,33.3256,0.0294,8.3138,0.1215,26.8312,17.9433,2,8000,8000,1,724,4
0,0,4,8000,0,196,33.6681,0.0292,8.7376,0.1094,25.3293,16.1005,2,8000,8000,1,965,4
0,0,4,8000,0,197,32.4264,0.0265,9.5692,0.1112,26.6567,16.5601,2,8000,8000,1,1040,4
0,0,4,8000,0,198,33.3605,0.0431,8.4392,0.1161,26.6404,17.6459,2,8000,8000,1,626,4
0,0,4,8000,0,199,32.6778,0.0248,8.6776,0.1134,25.4885,16.3156,2,8000,8000,1,848,4
0,0,4,8000,0,200,30.7577,0.0273,7.8991,0.1098,24.8574,16.4675,2,8000,8000,1,759,4
0,0,4,8000,0,201,30.5629,0.0256,7.2696,0.1092,24.1221,16.3598,2,8000,8000,1,657,4
0,0,4,8000,0,202,30.8723,0.0232,7.2653,0.1091,24.506,16.7757,2,8000,8000,1,601,4
0,0,4,8000,0,203,32.9772,0.084,9.6245,0.1102,26.6321,16.4168,2,8000,8000,1,547,4
0,0,4,8000,0,204,26.9564,0.0156,3.8848,0.1131,20.5876,16.2099,1,8000,8000,1,362,4
0,0,4,8000,0,205,31.4014,0.0276,7.5959,0.1162,25.1096,16.9876,2,8000,8000,1,548,4
0,0,4,8000,0,206,32.5988,0.031,9.4747,0.1167,26.5587,16.5297,2,8000,8000,1,616,4
0,0,4,8000,0,207,29.7624,0.0218,7.3398,0.1131,23.5896,15.742,2,8000,8000,1,667,4
0,0,4,8000,0,208,30.5741,0.0309,7.0488,0.1069,24.0225,16.47,2,8000,8000,1,590,4
0,0,4,8000,0,209,32.0221,0.0225,7.2151,0.1131,25.2646,17.5492,2,8000,8000,1,570,4
0,0,4,8000,0,210,31.5405,0.0359,7.3045,0.1147,23.9625,16.1537,2,8000,8000,1,587,4
0,0,4,8000,0,211,27.483,0.0127,4.2203,0.1116,21.2452,16.5011,1,8000,8000,1,399,4
0,0,4,8000,0,212,30.9406,0.0231,7.5527,0.1183,24.9228,16.778,2,8000,8000,1,637,4
0,0,4,8000,0,213,32.1866,0.0246,7.7838,0.1133,26.0992,17.8011,2,8000,8000,1,798,4
0,0,4,8000,0,214,31.5468,0.0287,8.2251,0.1192,25.2535,16.4976,2,8000,8000,1,834,4
0,0,4,8000,0,215,31.3839,0.019,8.1423,0.1171,25.2041,16.5835,2,8000,8000,1,852,4
0,0,4,8000,0,216,33.2422,0.023,8.0947,0.1007,26.3898,17.7656,2,8000,8000,1,858,4
0,0,4,8000,0,217,34.1279,0.0373,9.372,0.1146,26.7355,16.818,2,8000,8000,1,1022,4
0,0,4,8000,0,218,33.0027,0.0468,8.565,0.121,26.2953,17.1958,2,8000,8000,1,1088,4
0,0,4,8000,0,219,32.1011,0.0215,8.4757,0.1241,25.7987,16.791,2,8000,8000,1,960,4
0,0,4,8000,0,220,33.3275,0.0277,8.7267,0.1241,26.7167,17.3897,2,8000,8000,1,1135,4
0,0,4,8000,0,221,34.9431,0.0379,9.2197,0.1136,26.3727,16.6351,2,8000,8000,1,1094,4
0,0,4,8000,0,222,33.4981,0.121,9.0808,0.106,26.7392,17.0595,2,8000,8000,1,1010,4
0,0,4,8000,0,223,34.9349,0.0412,10.7185,0.1148,27.8812,16.6326,2,8000,8000,1,1195,4
0,0,4,8000,0,224,32.59,0.0233,9.042,0.1157,26.1581,16.5998,2,8000,8000,1,1207,4
0,0,4,8000,0,225,33.3521,0.0525,9.4615,0.1393,26.3465,16.2828,2,8000,8000,1,1414,4
0,0,4,8000,0,226,33.3905,0.0329,8.9326,0.1134,26.5452,17.0823,2,8000,8000,1,1301,4
0,0,4,8000,0,227,35.1951,0.0274,9.9827,0.1077,27.2072,16.7315,2,8000,8000,1,1441,4
0,0,4,8000,0,228,33.5932,0.0245,10.601,0.1198,27.4228,16.3172,2,8000,8000,1,1706,4
0,0,4,8000,0,229,34.7967,0.0267,11.4916,0.1224,28.5237,16.5237,2,8000,8000,1,1680,4
0,0,4,8000,0,230,35.7996,0.0278,10.7156,0.1317,28.8545,17.3637,2,8000,8000,1,1492,4
0,0,4,8000,0,231,33.3956,0.0332,10.4594,0.1097,26.8381,15.8756,2,8000,8000,1,1508,4
0,0,4,8000,0,232,34.8588,0.0251,10.7366,0.112,28.4649,17.2253,2,8000,8000,1,1733,4
0,0,4,8000,0,233,37.0926,0.0312,12.8482,0.1349,30.3568,16.9789,2,8000,8000,1,1876,4
0,0,4,8000,0,234,35.7455,0.0347,11.6304,0.1094,28.4961,16.3668,2,8000,8000,1,2126,4
0,0,4,8000,0,235,41.0166,0.0264,15.7033,0.1136,32.9785,16.7872,3,8000,8000,1,2635,4
0,0,4,8000,0,236,38.3957,0.025,12.5769,0.1119,31.6187,18.4666,2,8000,8000,1,2528,4
0,0,4,8000,0,237,37.3205,0.0217,13.0808,0.1725,29.8787,16.2526,2,8000,8000,1,2300,4
0,0,4,8000,0,238,40.683,0.0294,16.6285,0.1122,33.9311,16.8072,3,8000,8000,1,2490,4
0,0,4,8000,0,239,39.6384,0.029,15.6402,0.1137,33.2054,16.9905,2,8000,8000,1,2708,4
0,0,4,8000,0,240,36.7526,0.026,12.8969,0.1123,29.5804,16.1956,2,8000,8000,1,2379,4
0,0,4,8000,0,241,40.9367,0.0371,17.7763,0.1134,34.5522,16.2719,3,8000,8000,1,2752,4
0,0,4,8000,0,242,38.3402,0.0314,15.2776,0.1273,31.9475,16.1063,2,8000,8000,1,2743,4
0,0,4,8000,0,243,36.1523,0.0381,12.4345,0.1144,29.4611,16.5158,2,8000,8000,1,1999,4
0,0,4,8000,0,244,36.379,0.025,12.1645,0.1147,29.6381,16.9792,2,8000,8000,1,2026,4
0,0,4,8000,0,245,44.2487,0.0475,18.8873,0.1155,36.675,17.0788,3,8000,8000,1,2393,4
0,0,4,8000,0,246,37.0097,0.0308,13.06,0.1062,29.8651,16.3242,2,8000,8000,1,2428,4
0,0,4,8000,0,247,42.1992,0.0397,17.3524,0.1206,35.5496,17.6689,3,8000,8000,1,2453,4
0,0,4,8000,0,248,35.3114,0.0408,11.7601,0.1123,28.8461,16.5758,2,8000,8000,1,2085,4
0,0,4,8000,0,249,34.4978,0.027,11.4183,0.1074,28.2298,16.3358,2,8000,8000,1,1514,4
0,0,4,8000,0,250,36.7286,0.0343,13.6558,0.121,30.48,16.2485,2,8000,8000,1,1597,4
0,0,4,8000,0,251,34.1542,0.0249,9.4701,0.1285,27.4662,17.3523,2,8000,8000,1,1332,4
0,0,4,8000,0,252,38.355,0.0358,13.7332,0.1258,31.8156,17.5643,3,8000,8000,1,1814,4
0,0,4,8000,0,253,34.8107,0.0435,10.2497,0.1102,27.1805,16.4263,2,8000,8000,1,1451,4
0,0,4,8000,0,254,32.6928,0.0253,9.0879,0.1103,25.567,15.9832,2,8000,8000,1,1156,4
0,0,4,8000,0,255,33.5893,0.0241,9.2398,0.3931,26.8677,16.8482,2,8000,8000,1,1202,4
0,0,4,8000,0,256,33.5754,0.0219,9.7513,0.1247,27.1748,16.9192,2,8000,8000,1,1170,4
0,0,4,8000,0,257,34.4642,0.0312,10.4065,0.1224,28.4608,17.4331,2,8000,8000,1,1223,4
0,0,4,8000,0,258,32.4611,0.031,8.9592,0.1121,25.6713,16.209,2,8000,8000,1,1194,4
0,0,4,8000,0,259,32.6143,0.0337,8.2474,0.1098,25.9433,17.2052,2,8000,8000,1,1126,4
0,0,4,8000,0,260,32.1925,0.0271,8.5281,0.1114,25.3312,16.3037,2,8000,8000,1,928,4
0,0,4,8000,0,261,34.9558,0.0309,10.1111,0.1414,28.1477,17.4609,2,8000,8000,1,945,4
0,0,4,8000,0,262,32.0199,0.0325,8.3704,0.1101,25.9876,17.0873,2,8000,8000,1,921,4
0,0,4,8000,0,263,32.7726,0.0255,8.3554,0.1112,26.1037,17.1957,2,8000,8000,1,943,4
0,0,4,8000,0,264,32.8228,0.0258,8.0042,0.1144,26.5996,18.0666,2,8000,8000,1,872,4
0,0,4,8000,0,265,31.966,0.0302,8.2317,0.1163,25.5978,16.8583,2,8000,8000,1,891,4
0,0,4,8000,0,266,31.6858,0.0284,8.2029,0.1219,25.42,16.6989,2,8000,8000,1,785,4
0,0,4,8000,0,267,33.752,0.0278,8.1575,0.1179,26.0732,17.3783,2,8000,8000,1,751,4
0,0,4,8000,0,268,32.5832,0.0255,9.1016,0.1162,26.4507,16.8297,2,8000,8000,1,782,4
0,0,4,8000,0,269,31.9515,0.029,7.8043,0.1113,25.4323,17.1048,2,8000,8000,1,794,4
0,0,4,8000,0,270,31.7855,0.0333,7.0907,0.1186,24.6133,17.0079,2,8000,8000,1,808,4
0,0,4,8000,0,271,29.7132,0.035,4.2499,0.1287,23.2406,18.4007,1,8000,8000,1,543,4
0,0,4,8000,0,272,31.0544,0.0231,7.9796,0.1694,24.6252,16.077,2,8000,8000,1,704,4
0,0,4,8000,0,273,31.2544,0.0221,7.0876,0.1165,25.0975,17.5005,2,8000,8000,1,654,4
0,0,4,8000,0,274,34.0499,0.0272,8.8178,0.1069,27.8305,18.4007,2,8000,8000,1,790,4
0,0,4,8000,0,275,33.6928,0.0274,7.3271,0.1158,26.1243,18.247,2,8000,8000,1,740,4
0,0,4,8000,0,276,31.066,0.0221,7.2863,0.1072,24.3301,16.5526,2,8000,8000,1,730,4
0,0,4,8000,0,277,31.3955,0.0216,7.2005,0.1185,24.845,17.1025,2,8000,8000,1,708,4
0,0,4,8000,0,278,30.9425,0.0271,7.2094,0.1292,24.7249,16.9622,2,8000,8000,1,711,4
0,0,4,8000,0,279,33.5292,0.0441,9.2873,0.128,27.1777,17.2239,2,8000,8000,1,745,4
0,0,4,8000,0,280,31.4427,0.0273,7.2661,0.1186,25.2446,17.415,2,8000,8000,1,699,4
0,0,4,8000,0,281,29.3386,0.0251,4.182,0.1117,22.4759,17.6869,1,8000,8000,1,513,4
0,0,4,8000,0,282,31.3452,0.0291,6.8541,0.122,23.4212,16.0036,2,8000,8000,1,607,4
0,0,4,8000,0,283,31.1961,0.0282,7.8094,0.1895,25.1429,16.745,2,8000,8000,1,749,4
0,0,4,8000,0,284,31.5425,0.0202,7.1393,0.1114,24.6459,17.0179,2,8000,8000,1,671,4
0,0,4,8000,0,285,30.9181,0.0288,7.2433,0.1171,24.7288,16.9704,2,8000,8000,1,732,4
0,0,4,8000,0,286,32.523,0.0303,7.4417,0.1036,24.9239,16.989,2,8000,8000,1,724,4
0,0,4,8000,0,287,31.5708,0.0231,7.1615,0.1054,24.1677,16.5342,2,8000,8000,1,805,4
0,0,4,8000,0,288,31.4826,0.0278,7.4322,0.1133,25.3732,17.4249,2,8000,8000,1,777,4
0,0,4,8000,0,289,28.3906,0.0213,4.2739,0.1728,21.92,17.0608,1,8000,8000,1,456,4
0,0,4,8000,0,290,30.6361,0.0259,6.9908,0.1095,23.7494,16.2838,2,8000,8000,1,584,4
0,0,4,8000,0,291,34.4688,0.0263,7.2353,0.1195,27.9721,20.1429,2,8000,8000,1,675,4
0,0,4,8000,0,292,35.9625,0.0445,9.2627,0.2603,28.579,18.5271,2,8000,8000,1,787,4
0,0,4,8000,0,293,35.2486,0.0249,7.3231,0.1133,26.6771,18.8585,2,8000,8000,1,762,4
0,0,4,8000,0,294,32.8124,0.0211,7.4038,0.1121,25.1997,17.3015,2,8000,8000,1,855,4
0,0,4,8000,0,295,31.0352,0.0273,7.5797,0.1066,23.7989,15.7232,2,8000,8000,1,865,4
0,0,4,8000,0,296,33.4872,0.0506,9.0574,0.1098,27.0901,17.4761,2,8000,8000,1,785,4
0,0,4,8000,0,297,31.5443,0.0208,7.2122,0.1135,24.8403,17.1415,2,8000,8000,1,808,4
0,0,4,8000,0,298,32.5002,0.0282,7.615,0.1326,25.3852,17.2355,2,8000,8000,1,872,4
0,0,4,8000,0,299,33.2222,0.0373,7.2885,0.1941,26.1907,18.0589,2,8000,8000,1,851,4
0,0,4,8000,0,300,30.8182,0.0272,7.532,0.1153,24.0188,15.9577,2,8000,8000,1,861,4
0,0,4,8000,0,301,30.7371,0.0272,7.7815,0.1069,24.4043,16.1389,2,8000,8000,1,813,4
0,0,4,8000,0,302,34.4584,0.0208,8.1177,0.1174,26.8214,18.1065,2,8000,8000,1,864,4
0,0,4,8000,0,303,30.915,0.0659,7.821,0.1165,24.5165,16.1518,2,8000,8000,1,946,4
0,0,4,8000,0,304,32.6428,0.0261,8.2006,0.1121,26.1864,17.4735,2,8000,8000,1,954,4
0,0,4,8000,0,305,34.6787,0.0435,9.3045,0.12,27.7011,17.7651,2,8000,8000,1,1099,4
0,0,4,8000,0,306,33.8039,0.0263,8.1125,0.1084,26.6352,18.0078,2,8000,8000,1,888,4
0,0,4,8000,0,307,33.0101,0.029,8.3823,0.143,26.1058,17.1523,2,8000,8000,1,850,4
0,0,4,8000,0,308,30.8811,0.0242,7.8157,0.1133,25.092,16.7641,2,8000,8000,1,929,4
0,0,4,8000,0,309,32.2849,0.0242,7.9539,0.1117,25.617,17.089,2,8000,8000,1,979,4
0,0,4,8000,0,310,29.7111,0.0486,4.5006,0.1792,22.9915,17.8228,1,8000,8000,1,657,4
0,0,4,8000,0,311,30.8153,0.0287,7.7054,0.1243,23.8826,15.6565,2,8000,8000,1,789,4
0,0,4,8000,0,312,33.1641,0.0346,7.8761,0.1837,25.1217,16.4979,2,8000,8000,1,990,4
0,0,4,8000,0,313,33.8084,0.0281,9.6941,0.1085,26.9415,16.7577,2,8000,8000,1,1074,4
0,0,4,8000,0,314,32.7404,0.0301,8.5697,0.111,26.2918,17.2146,2,8000,8000,1,966,4
0,0,4,8000,0,315,32.7811,0.0302,8.3663,0.1095,26.3865,17.5281,2,8000,8000,1,930,4
0,0,4,8000,0,316,34.4699,0.0278,8.6479,0.1137,28.0164,18.8284,2,8000,8000,1,1182,4
0,0,4,8000,0,317,32.7364,0.0295,8.0973,0.1086,25.5311,16.9247,2,8000,8000,1,1092,4
0,0,4,8000,0,318,34.9784,0.0259,8.6653,0.1352,26.4239,17.1779,2,8000,8000,1,1087,4
0,0,4,8000,0,319,32.5994,0.0269,8.3811,0.1175,26.0763,17.1696,2,8000,8000,1,1177,4
0,0,4,8000,0,320,31.1673,0.0243,8.0918,0.1116,24.957,16.3546,2,8000,8000,1,1073,4
0,0,4,8000,0,321,31.9445,0.0251,8.4728,0.1198,25.7192,16.6737,2,8000,8000,1,1011,4
0,0,4,8000,0,322,31.8728,0.0236,7.9736,0.1145,24.7395,16.2569,2,8000,8000,1,1097,4
0,0,4,8000,0,323,35.6174,0.0233,8.1066,0.1108,27.5634,18.9515,2,8000,8000,1,950,4
0,0,4,8000,0,324,32.9428,0.0226,8.1353,0.11,26.2122,17.5667,2,8000,8000,1,966,4
0,0,4,8000,0,325,33.3276,0.0197,8.0139,0.1164,26.3449,17.8238,2,8000,8000,1,1076,4
0,0,4,8000,0,326,35.6141,0.0211,8.1075,0.1158,28.7647,20.1366,2,8000,8000,1,1095,4
0,0,4,8000,0,327,35.859,0.0398,10.4027,0.1216,28.7177,17.7618,2,8000,8000,1,1051,4
0,0,4,8000,0,328,34.8643,0.0324,9.1883,0.1138,27.6335,17.9352,2,8000,8000,1,1364,4
0,0,4,8000,0,329,34.079,0.0219,8.5945,0.1154,26.994,17.8393,2,8000,8000,1,1097,4
0,0,4,8000,0,330,35.9865,0.048,8.6692,0.174,27.7941,18.5049,2,8000,8000,1,1032,4
0,0,4,8000,0,331,38.0339,0.0405,12.7897,0.1276,31.338,18.0222,3,8000,8000,1,1623,4
0,0,4,8000,0,332,34.8255,0.0192,8.7931,0.1189,27.7742,18.4313,2,8000,8000,1,1204,4
0,0,4,8000,0,333,37.4265,0.0424,11.3324,0.1116,29.6022,17.7365,2,8000,8000,1,1038,4
0,0,4,8000,0,334,34.0551,0.0439,8.4307,0.1125,26.9808,18.0247,2,8000,8000,1,1054,4
0,0,4,8000,0,335,34.982,0.0378,9.1738,0.1194,28.3729,18.6336,2,8000,8000,1,951,4
0,0,4,8000,0,336,34.0188,0.0288,9.2589,0.1083,26.3624,16.6019,2,8000,8000,1,1139,4
0,0,4,8000,0,337,32.6859,0.0234,8.7571,0.1306,26.0846,16.7828,2,8000,8000,1,1041,4
0,0,4,8000,0,338,32.9874,0.029,8.0944,0.1106,26.6029,17.9791,2,8000,8000,1,1101,4
0,0,4,8000,0,339,33.4175,0.0324,8.513,0.116,26.9254,17.8664,2,8000,8000,1,1157,4
0,0,4,8000,0,340,35.0197,0.0316,8.5995,0.1207,27.3055,18.162,2,8000,8000,1,950,4
0,0,4,8000,0,341,35.314,0.0321,10.4227,0.1086,28.5059,17.5193,2,8000,8000,1,980,4
0,0,4,8000,0,342,37.2204,0.0361,11.4177,0.1034,29.0008,17.0797,3,8000,8000,1,1295,4
0,0,4,8000,0,343,33.6579,0.0278,8.9709,0.1105,27.4108,17.9392,2,8000,8000,1,1304,4
0,0,4,8000,0,344,32.4391,0.1772,9.5474,0.1144,26.2189,15.9863,2,8000,8000,1,1163,4
0,0,4,8000,0,345,33.0119,0.0299,9.2198,0.1082,26.695,16.9672,2,8000,8000,1,1165,4
0,0,4,8000,0,346,35.5854,0.0317,11.2538,0.1179,28.9357,17.1143,2,8000,8000,1,1231,4
0,0,4,8000,0,347,33.0307,0.0325,8.6658,0.1109,26.2944,17.0638,2,8000,8000,1,1009,4
0,0,4,8000,0,348,34.9189,0.0179,8.2727,0.1143,26.9579,18.1939,2,8000,8000,1,1098,4
0,0,4,8000,0,349,33.7358,0.0352,8.7381,0.1155,26.3168,17.0262,2,8000,8000,1,1103,4
0,0,4,8000,0,350,33.8658,0.0309,8.3448,0.1135,27.088,18.238,2,8000,8000,1,1079,4
0,0,4,8000,0,351,33.6828,0.0247,8.7543,0.1168,26.8879,17.6243,2,8000,8000,1,1234,4
0,0,4,8000,0,352,34.6292,0.022,10.4479,0.1253,27.7655,16.7672,2,8000,8000,1,1078,4
0,0,4,8000,0,353,31.6904,0.0299,8.458,0.1041,25.1406,16.1815,2,8000,8000,1,1253,4
0,0,4,8000,0,354,33.2154,0.0288,9.035,0.1221,26.3617,16.8117,2,8000,8000,1,1384,4
0,0,4,8000,0,355,33.7376,0.0271,9.3421,0.1093,26.8051,16.9653,2,8000,8000,1,1352,4
0,0,4,8000,0,356,36.2589,0.0352,10.7946,0.117,28.7526,16.953,2,8000,8000,1,1232,4
0,0,4,8000,0,357,34.0632,0.0256,9.1333,0.112,26.9876,17.3323,2,8000,8000,1,1096,4
0,0,4,8000,0,358,33.1711,0.0287,8.8937,0.1219,26.4599,17.0152,2,8000,8000,1,1182,4
0,0,4,8000,0,359,34.3808,0.0293,9.9766,0.1108,27.6765,17.1763,2,8000,8000,1,1203,4
0,0,4,8000,0,360,31.6686,0.0281,8.3494,0.1107,24.9939,16.1463,2,8000,8000,1,1004,4
0,0,4,8000,0,361,31.9451,0.0319,8.7549,0.1112,25.9283,16.6651,2,8000,8000,1,1197,4
0,0,4,8000,0,362,33.962,0.0339,9.3353,0.1191,27.4695,17.5647,2,8000,8000,1,1091,4
0,0,4,8000,0,363,32.6419,0.032,9.0572,0.1176,25.7032,16.1311,2,8000,8000,1,1071,4
0,0,4,8000,0,364,32.1323,0.0301,8.1981,0.11,25.8504,17.1446,2,8000,8000,1,1102,4
0,0,4,8000,0,365,33.0293,0.0248,8.4962,0.1196,26.9848,17.9078,2,8000,8000,1,1214,4
0,0,4,8000,0,366,36.0294,0.0355,10.2137,0.1692,28.3939,17.3212,2,8000,8000,1,1140,4
0,0,4,8000,0,367,32.8978,0.0228,7.8019,0.1108,25.9686,17.6507,2,8000,8000,1,1088,4
0,0,4,8000,0,368,32.633,0.0315,7.9699,0.1138,26.1008,17.5841,2,8000,8000,1,997,4
0,0,4,8000,0,369,35.6971,0.0254,9.0059,0.1181,27.6529,18.1343,2,8000,8000,1,1018,4
0,0,4,8000,0,370,33.7607,0.025,8.8857,0.1183,26.7111,17.2247,2,8000,8000,1,1091,4
0,0,4,8000,0,371,32.7518,0.0223,7.6552,0.1163,24.648,16.503,2,8000,8000,1,982,4
0,0,4,8000,0,372,32.4537,0.0239,8.2414,0.1095,25.6304,16.9031,2,8000,8000,1,1276,4
0,0,4,8000,0,373,33.2563,0.028,9.7262,0.1102,26.079,15.8665,2,8000,8000,1,1111,4
0,0,4,8000,0,374,31.1444,0.0223,8.0581,0.101,24.5528,16.0436,2,8000,8000,1,1149,4
0,0,4,8000,0,375,32.2706,0.0298,8.5464,0.1508,25.8975,16.6162,2,8000,8000,1,1200,4
0,0,4,8000,0,376,34.2625,0.0296,9.2401,0.1154,26.4324,16.6571,2,8000,8000,1,1062,4
0,0,4,8000,0,377,33.8081,0.0322,9.1155,0.1129,27.109,17.4363,2,8000,8000,1,1212,4
0,0,4,8000,0,378,33.8599,0.0279,8.9268,0.1123,27.1171,17.6887,2,8000,8000,1,1184,4
0,0,4,8000,0,379,34.2246,0.0323,8.4914,0.1103,26.829,17.8335,2,8000,8000,1,1146,4
0,0,4,8000,0,380,35.708,0.0368,10.5843,0.1274,28.5814,17.4308,2,8000,8000,1,1160,4
0,0,4,8000,0,381,34.903,0.0198,7.8184,0.1126,26.2492,17.9383,2,8000,8000,1,1014,4
0,0,4,8000,0,382,35.0499,0.0316,9.0867,0.1245,28.3364,18.6842,2,8000,8000,1,1133,4
0,0,4,8000,0,383,34.1261,0.0284,8.645,0.1099,26.4552,17.3128,2,8000,8000,1,1097,4
0,0,4,8000,0,384,37.2478,0.033,11.4395,0.1359,30.0514,17.9572,3,8000,8000,1,1482,4
0,0,4,8000,0,385,33.8602,0.0363,8.6278,0.1142,27.4058,18.1788,2,8000,8000,1,1174,4
0,0,4,8000,0,386,33.3672,0.0228,8.6435,0.1092,26.5586,17.4272,2,8000,8000,1,1091,4
0,0,4,8000,0,387,32.6483,0.0242,8.9306,0.109,26.487,17.0642,2,8000,8000,1,1180,4
0,0,4,8000,0,388,34.328,0.031,8.4345,0.1204,27.0826,18.0519,2,8000,8000,1,1044,4
0,0,4,8000,0,389,35.5726,0.0261,8.6277,0.1062,27.5223,18.4059,2,8000,8000,1,1026,4
0,0,4,8000,0,390,33.4521,0.0353,8.0332,0.1163,26.0631,17.5049,2,8000,8000,1,998,4
0,0,4,8000,0,391,34.6087,0.0298,8.1736,0.1137,27.064,18.3802,2,8000,8000,1,1057,4
0,0,4,8000,0,392,33.6038,0.0284,10.226,0.1249,27.3673,16.5573,2,8000,8000,1,1009,4
0,0,4,8000,0,393,32.987,0.0264,8.704,0.1232,26.6147,17.3824,2,8000,8000,1,1300,4
0,0,4,8000,0,394,34.3414,0.0448,8.5295,0.1103,26.4498,17.3809,2,8000,8000,1,1060,4
0,0,4,8000,0,395,33.9087,0.0305,7.6158,0.1164,26.6794,18.5371,2,8000,8000,1,938,4
0,0,4,8000,0,396,33.4923,0.0238,8.0094,0.1185,26.442,17.9212,2,8000,8000,1,1060,4
0,0,4,8000,0,397,33.574,0.0579,8.8895,0.1079,26.9118,17.4907,2,8000,8000,1,1037,4
0,0,4,8000,0,398,34.1387,0.0224,8.4818,0.1144,27.5441,18.5569,2,8000,8000,1,936,4
0,0,4,8000,0,399,34.9603,0.0518,9.842,0.1097,28.4413,18.0179,2,8000,8000,1,993,4
0,0,4,8000,0,400,34.2799,0.0248,8.3237,0.1096,27.51,18.677,2,8000,8000,1,1131,4
0,0,4,8000,0,401,33.7972,0.0216,8.4684,0.1182,27.0788,18.0759,2,8000,8000,1,1048,4
0,0,4,8000,0,402,33.5377,0.0299,8.4437,0.1144,26.9599,17.9922,2,8000,8000,1,1015,4
0,0,4,8000,0,403,32.5953,0.0382,8.8342,0.1137,26.1696,16.8125,2,8000,8000,1,1056,4
0,0,4,8000,0,404,32.5869,0.0294,9.3167,0.1087,25.7334,15.9251,2,8000,8000,1,1307,4
0,0,4,8000,0,405,32.1124,0.0241,8.257,0.1079,25.962,17.2172,2,8000,8000,1,1025,4
0,0,4,8000,0,406,35.6041,0.0291,11.0343,0.1084,28.593,17.0377,2,8000,8000,1,1057,4
0,0,4,8000,0,407,32.902,0.0265,8.1881,0.1109,26.1535,17.464,2,8000,8000,1,1006,4
0,0,4,8000,0,408,33.9299,0.0261,8.5899,0.1292,26.751,17.643,2,8000,8000,1,1219,4
0,0,4,8000,0,409,34.606,0.0236,8.4639,0.1158,26.748,17.7585,2,8000,8000,1,1003,4
0,0,4,8000,0,410,34.619,0.0292,9.0639,0.1147,27.633,18.0326,2,8000,8000,1,1251,4
0,0,4,8000,0,411,35.0972,0.0357,11.5306,0.1134,27.9569,15.9218,3,8000,8000,1,1406,4
0,0,4,8000,0,412,34.2941,0.0289,9.4598,0.1179,27.1714,17.1834,2,8000,8000,1,1353,4
0,0,4,8000,0,413,33.1919,0.0377,8.3105,0.1162,25.8594,17.0057,2,8000,8000,1,1235,4
0,0,4,8000,0,414,30.6886,0.0273,8.4786,0.1081,24.9329,15.9527,2,8000,8000,1,1003,4
0,0,4,8000,0,415,27.5273,0.0186,4.5689,0.1255,21.2038,16.0422,1,8000,8000,1,626,4
0,0,4,8000,0,416,34.2243,0.0572,9.2378,0.1227,27.4006,17.5836,2,8000,8000,1,743,4
0,0,4,8000,0,417,33.8441,0.024,8.9953,0.1183,27.205,17.6968,2,8000,8000,1,979,4
0,0,4,8000,0,418,34.4254,0.0331,8.4378,0.117,27.8599,18.8729,2,8000,8000,1,1071,4
0,0,4,8000,0,419,33.8989,0.0221,8.744,0.1144,27.1706,17.9385,2,8000,8000,1,1127,4
0,0,4,8000,0,420,38.4698,0.0445,11.0731,0.1153,31.1564,19.4647,2,8000,8000,1,941,4
0,0,4,8000,0,421,38.3997,0.0384,11.5996,0.1053,30.552,18.4466,3,8000,8000,1,1261,4
0,0,4,8000,0,422,35.1018,0.0238,8.7159,0.1075,27.8986,18.6719,2,8000,8000,1,1321,4
0,0,4,8000,0,423,33.545,0.027,8.0642,0.1235,26.5271,17.9317,2,8000,8000,1,990,4
0,0,4,8000,0,424,35.0698,0.0241,8.8892,0.1196,27.7506,18.3245,2,8000,8000,1,1070,4
0,0,4,8000,0,425,34.3593,0.046,8.9918,0.1275,27.5537,18.0248,2,8000,8000,1,1128,4
0,0,4,8000,0,426,31.7564,0.025,8.2766,0.1119,24.8644,16.0763,2,8000,8000,1,1036,4
0,0,4,8000,0,427,32.7335,0.0242,7.4835,0.1141,26.4533,18.4571,2,8000,8000,1,912,4
0,0,4,8000,0,428,35.4322,0.0326,10.2925,0.1209,28.6198,17.7153,2,8000,8000,1,953,4
0,0,4,8000,0,429,31.7078,0.0275,8.3015,0.126,24.7101,15.839,2,8000,8000,1,1111,4
0,0,4,8000,0,430,34.4855,0.0282,9.9793,0.1341,27.5093,16.8728,2,8000,8000,1,1087,4
0,0,4,8000,0,431,32.597,0.0238,8.1693,0.113,25.7631,17.0861,2,8000,8000,1,1046,4
0,0,4,8000,0,432,34.0424,0.0287,8.215,0.1143,26.7555,17.9866,2,8000,8000,1,1065,4
0,0,4,8000,0,433,31.5108,0.0372,7.9279,0.1128,24.8688,16.4278,2,8000,8000,1,914,4
0,0,4,8000,0,434,33.7863,0.0252,8.4518,0.1032,25.555,16.6147,2,8000,8000,1,1033,4
0,0,4,8000,0,435,34.613,0.0302,10.2591,0.114,28.1044,17.3054,2,8000,8000,1,871,4
0,0,4,8000,0,436,31.6138,0.0234,7.6468,0.1135,24.4082,16.2551,2,8000,8000,1,885,4
0,0,4,8000,0,437,31.9635,0.0305,8.1148,0.1112,24.8913,16.2736,2,8000,8000,1,1040,4
0,0,4,8000,0,438,32.2047,0.024,8.7671,0.1142,25.4507,16.1972,2,8000,8000,1,960,4
0,0,4,8000,0,439,33.065,0.023,8.3129,0.1105,26.1218,17.2788,2,8000,8000,1,1091,4
0,0,4,8000,0,440,31.4148,0.0234,7.319,0.1103,24.751,16.9247,2,8000,8000,1,916,4
0,0,4,8000,0,441,33.5576,0.0322,9.9367,0.1261,27.0431,16.4986,2,8000,8000,1,1148,4
0,0,4,8000,0,442,32.403,0.0259,7.806,0.1245,26.4718,18.0513,2,8000,8000,1,1007,4
0,0,4,8000,0,443,31.9394,0.0184,7.5567,0.1176,24.9032,16.8278,2,8000,8000,1,995,4
0,0,4,8000,0,444,31.8506,0.0362,8.6511,0.1137,25.5596,16.3876,2,8000,8000,1,1148,4
0,0,4,8000,0,445,33.1018,0.0375,8.8045,0.1092,26.6991,17.3666,2,8000,8000,1,962,4
0,0,4,8000,0,446,32.3964,0.0233,8.4549,0.1083,25.9407,17.0053,2,8000,8000,1,844,4
0,0,4,8000,0,447,31.3668,0.0216,8.0655,0.1154,25.0121,16.4567,2,8000,8000,1,946,4
0,0,4,8000,0,448,28.2353,0.0115,4.8195,0.107,21.7274,16.393,1,8000,8000,1,653,4
0,0,4,8000,0,449,34.1429,0.0316,8.5719,0.107,26.3607,17.2529,2,8000,8000,1,871,4
0,0,4,8000,0,450,32.4235,0.0387,8.4783,0.1048,25.5872,16.6243,2,8000,8000,1,1113,4
0,0,4,8000,0,451,32.7464,0.0251,8.704,0.1186,25.8792,16.6678,2,8000,8000,1,1075,4
0,0,4,8000,0,452,32.9054,0.028,8.1368,0.1103,26.3683,17.717,2,8000,8000,1,924,4
0,0,4,8000,0,453,32.1296,0.0256,8.1469,0.1154,25.3735,16.7272,2,8000,8000,1,1051,4
0,0,4,8000,0,454,33.7776,0.039,8.1299,0.1139,26.3452,17.6893,2,8000,8000,1,951,4
0,0,4,8000,0,455,31.5574,0.0274,8.1555,0.1191,25.4459,16.7596,2,8000,8000,1,954,4
0,0,4,8000,0,456,32.2497,0.0261,8.332,0.1104,25.8929,17.0537,2,8000,8000,1,958,4
0,0,4,8000,0,457,32.474,0.0212,8.5159,0.1127,25.8671,16.7856,2,8000,8000,1,976,4
0,0,4,8000,0,458,32.6321,0.042,8.7798,0.1049,26.2648,16.9603,2,8000,8000,1,1254,4
0,0,4,8000,0,459,33.5704,0.0242,8.737,0.1175,27.3104,18.0296,2,8000,8000,1,1020,4
0,0,4,8000,0,460,35.4358,0.0314,10.9404,0.1439,28.466,16.8376,2,8000,8000,1,1209,4
0,0,4,8000,0,461,32.947,0.0441,8.4888,0.1122,25.936,16.9101,2,8000,8000,1,1220,4
0,0,4,8000,0,462,33.7868,0.0313,8.7045,0.1166,26.9163,17.6772,2,8000,8000,1,1168,4
0,0,4,8000,0,463,32.1105,0.0288,8.3445,0.1285,25.5929,16.5964,2,8000,8000,1,1009,4
0,0,4,8000,0,464,32.3484,0.0338,8.3422,0.1201,26.0768,17.1892,2,8000,8000,1,1123,4
0,0,4,8000,0,465,31.8028,0.0274,8.1674,0.1088,25.2238,16.5609,2,8000,8000,1,1013,4
0,0,4,8000,0,466,34.2034,0.0338,8.6188,0.1175,27.2047,17.951,2,8000,8000,1,1056,4
0,0,4,8000,0,467,32.1616,0.0328,8.4233,0.1135,25.6713,16.7409,2,8000,8000,1,1162,4
0,0,4,8000,0,468,32.9472,0.0237,8.3489,0.1081,25.945,17.0937,2,8000,8000,1,1222,4
0,0,4,8000,0,469,33.5318,0.025,8.1994,0.1116,26.4164,17.6954,2,8000,8000,1,1134,4
0,0,4,8000,0,470,32.4207,0.0258,8.8225,0.1087,25.5867,16.2603,2,8000,8000,1,1206,4
0,0,4,8000,0,471,32.8274,0.0234,8.2093,0.1179,26.0825,17.3442,2,8000,8000,1,1108,4
0,0,4,8000,0,472,33.9117,0.029,8.9392,0.1158,26.7777,17.2929,2,8000,8000,1,1215,4
0,0,4,8000,0,473,33.9163,0.0261,8.8635,0.119,26.2053,16.8044,2,8000,8000,1,1120,4
0,0,4,8000,0,474,31.9068,0.0222,8.0922,0.1111,25.7737,17.1714,2,8000,8000,1,1211,4
0,0,4,8000,0,475,33.1414,0.0312,8.4143,0.1201,26.5371,17.6114,2,8000,8000,1,1156,4
0,0,4,8000,0,476,29.9889,0.0189,5.4992,0.1276,23.2467,17.1275,1,8000,8000,1,876,4
0,0,4,8000,0,477,33.3011,0.0325,7.9731,0.1087,25.6182,17.1463,2,8000,8000,1,903,4
0,0,4,8000,0,478,32.3015,0.0336,8.2324,0.11,25.6454,16.901,2,8000,8000,1,1145,4
0,0,4,8000,0,479,31.1559,0.0274,8.096,0.1107,24.814,16.2117,2,8000,8000,1,1056,4
0,0,4,8000,0,480,34.2739,0.0406,10.2245,0.114,28.255,17.4756,2,8000,8000,1,1171,4
0,0,4,8000,0,481,33.1832,0.0257,8.2046,0.1104,26.3511,17.6531,2,8000,8000,1,1153,4
0,0,4,8000,0,482,30.7947,0.0263,7.8933,0.111,24.2076,15.8151,2,8000,8000,1,1099,4
0,0,4,8000,0,483,31.7363,0.0285,8.264,0.1182,25.4575,16.6851,2,8000,8000,1,1359,4
0,0,4,8000,0,484,34.6069,0.0506,9.9869,0.1275,27.4317,16.7935,2,8000,8000,1,1190,4
0,0,4,8000,0,485,33.226,0.0327,9.2188,0.1154,26.4645,16.7053,2,8000,8000,1,1104,4
0,0,4,8000,0,486,33.7465,0.0303,8.1777,0.1168,27.2562,18.4761,2,8000,8000,1,1021,4
0,0,4,8000,0,487,33.604,0.0298,8.4104,0.1101,25.9403,17.0316,2,8000,8000,1,1144,4
0,0,4,8000,0,488,33.3338,0.0252,8.3503,0.1147,26.2777,17.4027,2,8000,8000,1,1182,4
0,0,4,8000,0,489,31.1059,0.0209,7.9302,0.1073,24.3476,15.9267,2,8000,8000,1,1071,4
0,0,4,8000,0,490,35.4321,0.039,9.7559,0.1281,27.4252,17.0084,2,8000,8000,1,1057,4
0,0,4,8000,0,491,34.2797,0.0399,8.4673,0.1509,25.7875,16.7608,2,8000,8000,1,1032,4
0,0,4,8000,0,492,32.1671,0.0332,8.2964,0.1137,25.7825,16.9767,2,8000,8000,1,971,4
0,0,4,8000,0,493,32.1803,0.0417,8.1215,0.1101,25.37,16.6906,2,8000,8000,1,989,4
0,0,4,8000,0,494,32.6775,0.0327,8.2554,0.1038,25.0715,16.2952,2,8000,8000,1,954,4
0,0,4,8000,0,495,31.8828,0.0281,8.3936,0.1025,25.3539,16.46,2,8000,8000,1,1077,4
0,0,4,8000,0,496,32.7338,0.0285,8.9078,0.107,26.4597,17.03,2,8000,8000,1,1307,4
0,0,4,8000,0,497,32.8263,0.0242,9.2237,0.1114,26.6505,16.8933,2,8000,8000,1,1109,4
0,0,4,8000,0,498,32.505,0.0298,8.6374,0.1142,25.9566,16.7956,2,8000,8000,1,1128,4
0,0,4,8000,0,499,32.2163,0.0257,8.4204,0.1137,25.6332,16.6542,2,8000,8000,1,1146,4
0,0,4,8000,0,500,32.1876,0.0228,8.1807,0.1155,25.1932,16.3682,2,8000,8000,1,1063,4
0,0,4,8000,0,501,33.4539,0.0519,8.9663,0.1387,26.5323,16.7526,2,8000,8000,1,951,4
0,0,4,8000,0,502,30.8709,0.0197,7.405,0.1175,24.7771,16.8442,2,8000,8000,1,1119,4
0,0,4,8000,0,503,27.9815,0.0179,4.5899,0.1263,21.5005,16.3259,1,8000,8000,1,822,4
0,0,4,8000,0,504,33.4203,0.0328,8.965,0.1132,25.872,16.3802,2,8000,8000,1,808,4
0,0,4,8000,0,505,32.1793,0.0253,8.3289,0.1509,25.5415,16.6642,2,8000,8000,1,1204,4
0,0,4,8000,0,506,32.2472,0.0289,8.8866,0.1269,25.6011,16.1779,2,8000,8000,1,1109,4
0,0,4,8000,0,507,33.1963,0.0249,8.4046,0.108,26.8619,17.87,2,8000,8000,1,1150,4
0,0,4,8000,0,508,33.5134,0.0337,8.3075,0.1121,26.5375,17.6945,2,8000,8000,1,1300,4
0,0,4,8000,0,509,32.7161,0.0287,8.8838,0.1149,26.3113,16.9137,2,8000,8000,1,1136,4
0,0,4,8000,0,510,31.2356,0.0292,8.3422,0.1132,25.1566,16.2933,2,8000,8000,1,1120,4
0,0,4,8000,0,511,33.4107,0.0256,8.8201,0.1231,27.083,17.6793,2,8000,8000,1,1068,4
0,0,4,8000,0,512,32.2977,0.0306,8.2925,0.112,25.8643,17.0696,2,8000,8000,1,1106,4
0,0,4,8000,0,513,33.8315,0.0351,8.2909,0.1167,25.4322,16.6111,2,8000,8000,1,1244,4
0,0,4,8000,0,514,33.4666,0.0344,8.3111,0.1092,27.0229,18.1713,2,8000,8000,1,1053,4
0,0,4,8000,0,515,34.3625,0.0234,8.4765,0.1177,26.31,17.2875,2,8000,8000,1,1211,4
0,0,4,8000,0,516,33.0058,0.0278,8.8676,0.108,26.379,17.0168,2,8000,8000,1,1019,4
0,0,4,8000,0,517,32.7388,0.0295,8.5568,0.1222,26.2225,17.1233,2,8000,8000,1,939,4
0,0,4,8000,0,518,34.4291,0.0272,10.3956,0.1686,28.1137,17.1092,2,8000,8000,1,1134,4
0,0,4,8000,0,519,31.0709,0.0217,7.5886,0.1083,24.2835,16.1985,2,8000,8000,1,1078,4
0,0,4,8000,0,520,33.0709,0.0251,7.9753,0.1102,25.5894,17.1088,2,8000,8000,1,1037,4
0,0,4,8000,0,521,34.9731,0.1171,9.1125,0.1295,27.854,17.9781,2,8000,8000,1,1087,4
0,0,4,8000,0,522,33.2256,0.066,7.9359,0.115,26.0206,17.4825,2,8000,8000,1,896,4
0,0,4,8000,0,523,32.6196,0.0304,7.7694,0.1183,26.2976,17.9643,2,8000,8000,1,1105,4
0,0,4,8000,0,524,32.3851,0.0257,8.4838,0.1152,25.9071,16.9033,2,8000,8000,1,1022,4
0,0,4,8000,0,525,30.7565,0.03,7.9269,0.1219,24.7326,16.2777,2,8000,8000,1,965,4
0,0,4,8000,0,526,31.9286,0.0242,8.2992,0.1131,25.4227,16.6191,2,8000,8000,1,1039,4
0,0,4,8000,0,527,28.3557,0.0192,4.6353,0.1338,22.0615,16.825,1,8000,8000,1,655,4
0,0,4,8000,0,528,35.4189,0.0188,9.1688,0.1307,27.3051,17.5391,2,8000,8000,1,790,4
0,0,4,8000,0,529,31.2322,0.0437,7.98,0.135,25.3251,16.7676,2,8000,8000,1,1076,4
0,0,4,8000,0,530,31.9234,0.0236,8.5431,0.1156,25.8593,16.7639,2,8000,8000,1,1168,4
0,0,4,8000,0,531,33.7455,0.0228,9.7109,0.1151,27.012,16.5094,2,8000,8000,1,1059,4
0,0,4,8000,0,532,32.7199,0.0251,8.623,0.1143,25.7757,16.6596,2,8000,8000,1,1177,4
0,0,4,8000,0,533,33.1244,0.023,8.893,0.1388,26.1379,16.7175,2,8000,8000,1,1223,4
0,0,4,8000,0,534,33.5709,0.0294,8.6891,0.1172,26.2894,17.0936,2,8000,8000,1,1168,4
0,0,4,8000,0,535,33.1029,0.0284,8.2416,0.113,26.4425,17.6689,2,8000,8000,1,1057,4
0,0,4,8000,0,536,33.0705,0.0245,8.4325,0.1152,26.1059,17.1755,2,8000,8000,1,1119,4
0,0,4,8000,0,537,30.9815,0.0185,8.1895,0.1041,24.7549,16.0519,2,8000,8000,1,1064,4
0,0,4,8000,0,538,32.8749,0.0293,8.4734,0.126,26.4091,17.2858,2,8000,8000,1,1040,4
0,0,4,8000,0,539,31.5468,0.0741,8.2724,0.1102,25.2889,16.4676,2,8000,8000,1,1129,4
0,0,4,8000,0,540,31.1523,0.0267,8.1549,0.114,25.2135,16.5524,2,8000,8000,1,1089,4
0,0,4,8000,0,541,32.4983,0.0237,8.5075,0.1192,25.9362,16.9147,2,8000,8000,1,1150,4
0,0,4,8000,0,542,33.12,0.0205,8.5577,0.1393,26.9523,17.6664,2,8000,8000,1,1063,4
0,0,4,8000,0,543,31.2621,0.0277,7.6008,0.1238,24.658,16.5117,2,8000,8000,1,882,4
0,0,4,8000,0,544,27.4878,0.025,4.4257,0.1043,21.2121,16.282,1,8000,8000,1,603,4
0,0,4,8000,0,545,31.9886,0.0242,8.3241,0.1199,25.5527,16.7025,2,8000,8000,1,829,4
0,0,4,8000,0,546,33.6614,0.0374,8.2244,0.1213,25.7001,16.9284,2,8000,8000,1,962,4
0,0,4,8000,0,547,32.1546,0.0239,8.7094,0.1151,25.7965,16.4559,2,8000,8000,1,1041,4
0,0,4,8000,0,548,34.9485,0.0413,9.1633,0.127,28.1216,18.3168,2,8000,8000,1,987,4
0,0,4,8000,0,549,31.9818,0.0254,7.5886,0.1683,25.1783,17.0054,2,8000,8000,1,874,4
0,0,4,8000,0,550,32.1603,0.026,8.1579,0.1212,25.4567,16.7859,2,8000,8000,1,1107,4
1,1,4,8000,0,151,25.9664,0.0116,1.4283,0.1136,19.5808,17.5466,1,8000,8000,1,385,4
1,1,4,8000,0,152,26.4652,0.0148,0.8204,0.1237,18.6609,17.278,2,8000,8000,1,140,4
1,1,4,8000,0,153,26.5256,0.0151,1.1386,0.1293,19.4692,17.8321,2,8000,8000,1,334,4
1,1,4,8000,0,154,26.236,0.0216,1.1103,0.1232,19.3866,17.8084,1,8000,8000,1,339,4
1,1,4,8000,0,155,24.9852,0.0137,0.8444,0.1364,18.8098,17.4986,2,8000,8000,1,173,4
1,1,4,8000,0,156,24.949,0.0137,0.9533,0.1083,18.7235,17.3449,1,8000,8000,1,314,4
1,1,4,8000,0,157,26.4071,0.0193,0.9654,0.1206,19.5196,18.0633,2,8000,8000,1,163,4
1,1,4,8000,0,158,25.7614,0.014,0.9836,0.1164,18.8431,17.4696,1,8000,8000,1,352,4
1,1,4,8000,0,159,25.8962,0.0112,0.9766,0.115,19.3765,17.9277,2,8000,8000,1,157,4
1,1,4,8000,0,160,26.4574,0.014,1.2185,0.1388,20.1144,18.3243,1,8000,8000,1,354,4
1,1,4,8000,0,161,26.2324,0.0159,1.026,0.1224,19.1921,17.6803,2,8000,8000,1,143,4
1,1,4,8000,0,162,26.7634,0.0188,0.9997,0.1194,19.9797,18.4869,2,8000,8000,1,331,4
1,1,4,8000,0,163,25.7125,0.0125,1.0484,0.1255,19.3842,17.7946,1,8000,8000,1,292,4
1,1,4,8000,0,164,24.8502,0.0159,0.883,0.1061,18.169,16.9285,2,8000,8000,1,146,4
1,1,4,8000,0,165,26.2158,0.014,1.1547,0.1099,18.9181,17.3082,1,8000,8000,1,338,4
1,1,4,8000,0,166,26.8293,0.0137,1.1486,0.1297,20.6329,18.9146,2,8000,8000,1,187,4
1,1,4,8000,0,167,27.0764,0.0147,1.1594,0.1287,19.4513,17.8099,1,8000,8000,1,306,4
1,1,4,8000,0,168,25.7123,0.0126,0.9854,0.1121,19.4986,18.0719,2,8000,8000,1,174,4
1,1,4,8000,0,169,27.549,0.0259,1.4778,0.1204,20.7421,18.7083,2,8000,8000,1,300,4
1,1,4,8000,0,170,27.4456,0.0165,1.1398,0.1162,19.6573,18.0467,1,8000,8000,1,339,4
1,1,4,8000,0,171,27.6198,0.0201,1.3807,0.1224,20.0669,18.2281,2,8000,8000,1,656,4
1,1,4,8000,0,172,26.2437,0.0153,1.4318,0.1171,19.5819,17.6533,2,8000,8000,1,661,4
1,1,4,8000,0,173,29.046,0.0157,2.2126,0.1181,21.4532,18.7989,1,8000,8000,1,1534,4
1,1,4,8000,0,174,27.0158,0.0147,1.8978,0.1178,20.1094,17.7043,2,8000,8000,1,1157,4
1,1,4,8000,0,175,28.7154,0.0173,2.2253,0.1073,21.4969,18.7754,2,8000,8000,1,1201,4
1,1,4,8000,0,176,28.5475,0.0217,3.5855,0.1157,21.2569,17.2461,1,8000,8000,1,2600,4
1,1,4,8000,0,177,27.2689,0.0188,2.1728,0.122,20.0473,17.4284,2,8000,8000,1,1549,4
1,1,4,8000,0,178,28.6316,0.0161,2.2703,0.123,21.7817,19.0754,2,8000,8000,1,1194,4
1,1,4,8000,0,179,26.6297,0.0263,2.107,0.1247,20.0747,17.5043,1,8000,8000,1,1070,4
1,1,4,8000,0,180,25.5333,0.0173,1.3739,0.1061,19.1087,17.317,2,8000,8000,1,747,4
1,1,4,8000,0,181,28.9033,0.0144,2.2199,0.1212,21.5532,18.746,1,8000,8000,1,879,4
1,1,4,8000,0,182,26.3766,0.0146,1.5719,0.1162,19.5535,17.5289,2,8000,8000,1,629,4
1,1,4,8000,0,183,26.5004,0.0151,1.7849,0.1217,20.0173,17.7522,2,8000,8000,1,768,4
1,1,4,8000,0,184,27.7867,0.0194,2.5527,0.1204,21.4272,18.299,1,8000,8000,1,776,4
1,1,4,8000,0,185,26.1614,0.0138,1.3364,0.1191,19.4606,17.6345,2,8000,8000,1,570,4
1,1,4,8000,0,186,28.684,0.015,1.9767,0.1149,21.8245,19.3718,2,8000,8000,1,892,4
1,1,4,8000,0,187,26.3247,0.0154,1.9164,0.113,19.6643,17.3107,1,8000,8000,1,1352,4
1,1,4,8000,0,188,27.0264,0.0181,1.7619,0.1301,20.4791,18.1656,2,8000,8000,1,1008,4
1,1,4,8000,0,189,27.2394,0.0221,2.0188,0.1212,20.6393,18.1318,1,8000,8000,1,1017,4
1,1,4,8000,0,190,29.6053,0.0211,1.7785,0.1239,22.1606,19.8024,2,8000,8000,1,991,4
1,1,4,8000,0,191,27.8476,0.0127,2.1133,0.1342,20.9223,18.2803,2,8000,8000,1,1034,4
1,1,4,8000,0,192,26.8745,0.0177,2.5254,0.1071,20.4145,17.4384,2,8000,8000,1,1644,4
1,1,4,8000,0,193,27.4043,0.0155,2.1863,0.1186,21.036,18.3787,1,8000,8000,1,1131,4
1,1,4,8000,0,194,27.041,0.0143,1.8017,0.1233,19.8644,17.5748,2,8000,8000,1,966,4
1,1,4,8000,0,195,27.3582,0.0172,1.8171,0.109,20.5441,18.2637,1,8000,8000,1,927,4
1,1,4,8000,0,196,27.7127,0.0193,1.8685,0.1249,21.2276,18.8792,2,8000,8000,1,844,4
1,1,4,8000,0,197,25.8703,0.015,1.8072,0.1126,19.8647,17.6066,2,8000,8000,1,956,4
1,1,4,8000,0,198,26.5156,0.0137,2.1301,0.1169,20.2734,17.6728,1,8000,8000,1,1172,4
1,1,4,8000,0,199,28.8137,0.0242,1.7225,0.1185,21.8404,19.6439,2,8000,8000,1,813,4
1,1,4,8000,0,200,27.1571,0.013,1.6084,0.119,20.3213,18.2755,2,8000,8000,1,749,4
1,1,4,8000,0,201,28.1228,0.0152,1.7646,0.1159,20.8045,18.5992,1,8000,8000,1,876,4
1,1,4,8000,0,202,28.4287,0.0156,1.4022,0.1199,21.1575,19.2622,2,8000,8000,1,689,4
1,1,4,8000,0,203,29.0343,0.0146,1.8033,0.1204,22.2634,20.0086,2,8000,8000,1,730,4
1,1,4,8000,0,204,27.0368,0.022,1.8913,0.1331,20.5758,18.1588,1,8000,8000,1,723,4
1,1,4,8000,0,205,27.835,0.0127,1.2828,0.1208,20.4072,18.6432,2,8000,8000,1,555,4
1,1,4,8000,0,206,27.197,0.0132,1.4414,0.1127,20.2106,18.3054,2,8000,8000,1,649,4
1,1,4,8000,0,207,27.7461,0.0142,1.4098,0.114,20.5055,18.5679,1,8000,8000,1,680,4
1,1,4,8000,0,208,24.3743,0.0193,1.0825,0.1091,18.3535,16.8824,2,8000,8000,1,500,4
1,1,4,8000,0,209,25.7569,0.02,1.4311,0.1217,19.3307,17.4197,1,8000,8000,1,635,4
1,1,4,8000,0,210,27.8202,0.0214,1.2641,0.1215,21.1354,19.3854,2,8000,8000,1,527,4
1,1,4,8000,0,211,28.6912,0.0136,2.4809,0.1241,21.6488,18.7051,2,8000,8000,1,571,4
1,1,4,8000,0,212,26.1495,0.0359,1.3595,0.1393,19.6807,17.781,1,8000,8000,1,665,4
1,1,4,8000,0,213,28.3682,0.014,1.1466,0.1328,20.5493,18.8646,2,8000,8000,1,528,4
1,1,4,8000,0,214,29.4063,0.0123,1.4348,0.1206,22.3425,20.3306,2,8000,8000,1,558,4
1,1,4,8000,0,215,25.7711,0.0193,1.2564,0.1127,19.1884,17.4488,1,8000,8000,1,736,4
1,1,4,8000,0,216,25.4138,0.0213,1.1142,0.1163,19.2569,17.685,2,8000,8000,1,531,4
1,1,4,8000,0,217,25.7282,0.0148,1.319,0.1123,18.9358,17.1408,2,8000,8000,1,642,4
1,1,4,8000,0,218,26.7708,0.0147,1.6033,0.1222,19.6375,17.5441,1,8000,8000,1,976,4
1,1,4,8000,0,219,27.9775,0.0141,1.4098,0.1181,20.0693,18.1864,2,8000,8000,1,875,4
1,1,4,8000,0,220,27.5246,0.0171,1.677,0.1286,20.703,18.483,1,8000,8000,1,681,4
1,1,4,8000,0,221,26.349,0.0182,1.3459,0.11,19.1631,17.322,2,8000,8000,1,876,4
1,1,4,8000,0,222,27.0754,0.0148,1.8776,0.1326,20.0203,17.5403,2,8000,8000,1,774,4
1,1,4,8000,0,223,27.1278,0.0178,1.5019,0.1088,19.1936,17.254,1,8000,8000,1,1024,4
1,1,4,8000,0,224,25.6663,0.0211,1.4738,0.116,19.4666,17.5024,2,8000,8000,1,887,4
1,1,4,8000,0,225,28.0628,0.0199,1.7066,0.1323,21.4552,19.2591,1,8000,8000,1,857,4
1,1,4,8000,0,226,27.52,0.0168,1.6547,0.1299,20.7769,18.5433,2,8000,8000,1,1079,4
1,1,4,8000,0,227,30.0146,0.0205,2.0171,0.1415,23.4576,20.8992,2,8000,8000,1,843,4
1,1,4,8000,0,228,27.881,0.0172,2.037,0.1161,20.5705,18.0502,1,8000,8000,1,1548,4
1,1,4,8000,0,229,29.0085,0.0177,2.0686,0.1247,22.0748,19.4253,2,8000,8000,1,1300,4
1,1,4,8000,0,230,29.4755,0.0177,2.0793,0.1262,22.4954,19.9098,2,8000,8000,1,850,4
1,1,4,8000,0,231,27.9682,0.0178,1.833,0.1265,21.0254,18.7131,2,8000,8000,1,1321,4
1,1,4,8000,0,232,26.9852,0.0172,1.9216,0.1211,20.4037,17.9471,1,8000,8000,1,1552,4
1,1,4,8000,0,233,26.6915,0.0234,1.9306,0.1382,20.3448,17.8103,2,8000,8000,1,1358,4
1,1,4,8000,0,234,29.5829,0.0161,1.8601,0.1235,23.2535,20.9199,2,8000,8000,1,1033,4
1,1,4,8000,0,235,30.01,0.0197,2.3234,0.1198,22.7995,19.9532,1,8000,8000,1,1590,4
1,1,4,8000,0,236,27.6165,0.0208,2.0566,0.1249,20.8332,18.2231,2,8000,8000,1,1468,4
1,1,4,8000,0,237,28.0375,0.0137,1.8728,0.1272,20.9079,18.5552,2,8000,8000,1,946,4
1,1,4,8000,0,238,29.3729,0.0253,2.0195,0.1259,22.9428,20.4122,1,8000,8000,1,1308,4
1,1,4,8000,0,239,27.5707,0.0187,1.8504,0.1205,20.0447,17.6919,2,8000,8000,1,1371,4
1,1,4,8000,0,240,27.2603,0.0158,1.7428,0.1222,20.6994,18.493,2,8000,8000,1,853,4
1,1,4,8000,0,241,27.5511,0.0158,1.8816,0.124,20.7752,18.3853,2,8000,8000,1,1163,4
1,1,4,8000,0,242,28.6686,0.0176,2.175,0.1389,21.8973,19.0691,1,8000,8000,1,1163,4
1,1,4,8000,0,243,29.3126,0.0199,1.9266,0.1378,20.9003,18.4457,2,8000,8000,1,1168,4
1,1,4,8000,0,244,28.2646,0.0192,1.9351,0.1285,21.504,19.0553,2,8000,8000,1,960,4
1,1,4,8000,0,245,28.8404,0.0229,1.692,0.1322,21.9781,19.7794,1,8000,8000,1,1032,4
1,1,4,8000,0,246,27.1922,0.02,1.4918,0.1238,20.5412,18.4684,2,8000,8000,1,704,4
1,1,4,8000,0,247,26.4554,0.0183,1.4559,0.1122,18.6632,16.7637,2,8000,8000,1,758,4
1,1,4,8000,0,248,25.7849,0.0163,1.4279,0.1033,18.7839,16.9285,1,8000,8000,1,906,4
1,1,4,8000,0,249,26.2218,0.0165,1.7572,0.1123,19.5291,17.1652,2,8000,8000,1,821,4
1,1,4,8000,0,250,27.4966,0.0158,1.5927,0.1254,20.5269,18.4844,1,8000,8000,1,777,4
1,1,4,8000,0,251,27.0806,0.0194,1.2489,0.111,19.8088,18.0801,2,8000,8000,1,753,4
1,1,4,8000,0,252,24.9922,0.0138,1.4296,0.1126,18.7483,16.8906,2,8000,8000,1,731,4
1,1,4,8000,0,253,27.0275,0.0221,1.5183,0.1179,19.3994,17.4381,1,8000,8000,1,841,4
1,1,4,8000,0,254,27.9478,0.0211,1.6741,0.1185,21.1435,18.9834,2,8000,8000,1,856,4
1,1,4,8000,0,255,27.4592,0.022,1.5556,0.123,20.4342,18.3682,2,8000,8000,1,796,4
1,1,4,8000,0,256,29.4458,0.0136,1.894,0.1226,20.5866,18.2134,1,8000,8000,1,1158,4
1,1,4,8000,0,257,28.1515,0.016,1.719,0.1278,21.5981,19.3474,2,8000,8000,1,1149,4
1,1,4,8000,0,258,25.4356,0.0189,1.5264,0.1153,18.6745,16.7025,2,8000,8000,1,898,4
1,1,4,8000,0,259,28.307,0.019,2.2059,0.1097,21.4675,18.7823,1,8000,8000,1,1471,4
1,1,4,8000,0,260,26.4726,0.016,1.5712,0.1096,19.3676,17.3295,2,8000,8000,1,1143,4
1,1,4,8000,0,261,27.8161,0.0145,2.0284,0.1209,21.2602,18.6865,1,8000,8000,1,1062,4
1,1,4,8000,0,262,28.4963,0.0206,2.0118,0.1813,21.4026,18.7087,2,8000,8000,1,1261,4
1,1,4,8000,0,263,29.5895,0.0146,1.9017,0.1166,21.2653,18.8912,2,8000,8000,1,969,4
1,1,4,8000,0,264,27.2417,0.015,2.0829,0.1246,20.7829,18.2329,2,8000,8000,1,1355,4
1,1,4,8000,0,265,27.9207,0.0148,2.2868,0.1379,21.2813,18.4573,1,8000,8000,1,1461,4
1,1,4,8000,0,266,27.9376,0.0166,1.9936,0.1242,21.2864,18.8295,2,8000,8000,1,1450,4
1,1,4,8000,0,267,29.2446,0.0203,2.2187,0.1237,22.3966,19.5787,2,8000,8000,1,1227,4
1,1,4,8000,0,268,28.516,0.0125,2.4149,0.1359,21.5341,18.6605,1,8000,8000,1,1522,4
1,1,4,8000,0,269,28.8439,0.0279,2.3149,0.1249,21.4297,18.6034,2,8000,8000,1,1628,4
1,1,4,8000,0,270,28.0868,0.0215,2.3953,0.1214,21.2392,18.3279,2,8000,8000,1,1348,4
1,1,4,8000,0,271,29.8375,0.0138,2.5707,0.119,22.5893,19.5551,1,8000,8000,1,1801,4
1,1,4,8000,0,272,29.0904,0.0158,2.3126,0.1303,22.1398,19.3739,2,8000,8000,1,1467,4
1,1,4,8000,0,273,27.0856,0.0174,2.1126,0.1064,20.723,18.1134,2,8000,8000,1,1264,4
1,1,4,8000,0,274,29.0124,0.0121,2.5551,0.1304,22.1721,19.1592,2,8000,8000,1,1893,4
1,1,4,8000,0,275,29.2779,0.0176,2.4537,0.1112,22.7082,19.7858,1,8000,8000,1,1593,4
1,1,4,8000,0,276,28.0654,0.0148,2.1279,0.1245,21.4395,18.8483,2,8000,8000,1,1457,4
1,1,4,8000,0,277,29.3428,0.0188,2.3755,0.144,22.5932,19.6941,2,8000,8000,1,1207,4
1,1,4,8000,0,278,28.6514,0.0134,3.1375,0.1043,21.747,18.1441,2,8000,8000,1,1385,4
1,1,4,8000,0,279,28.5482,0.0154,2.1868,0.1254,21.5086,18.8001,1,8000,8000,1,1233,4
1,1,4,8000,0,280,29.9627,0.0207,2.0632,0.1223,22.8785,20.3259,2,8000,8000,1,1214,4
1,1,4,8000,0,281,28.0797,0.0216,2.1308,0.1161,21.5746,18.9782,2,8000,8000,1,1084,4
1,1,4,8000,0,282,30.3497,0.0174,3.0063,0.2126,23.7611,20.1052,1,8000,8000,1,1362,4
1,1,4,8000,0,283,28.4436,0.0263,1.6913,0.1175,20.639,18.4413,2,8000,8000,1,1020,4
1,1,4,8000,0,284,26.9178,0.0164,1.9675,0.122,20.3093,17.8838,2,8000,8000,1,1005,4
1,1,4,8000,0,285,29.7556,0.011,2.1353,0.1226,21.3623,18.7024,2,8000,8000,1,1179,4
1,1,4,8000,0,286,27.7589,0.0164,2.0354,0.1275,20.9001,18.4048,1,8000,8000,1,1156,4
1,1,4,8000,0,287,27.4579,0.016,1.6362,0.1148,20.622,18.4867,2,8000,8000,1,813,4
1,1,4,8000,0,288,26.8062,0.0186,1.8502,0.1168,19.9634,17.6835,2,8000,8000,1,949,4
1,1,4,8000,0,289,27.3063,0.0154,1.9376,0.1205,20.518,18.1519,1,8000,8000,1,1177,4
1,1,4,8000,0,290,29.4807,0.0133,2.5935,0.1326,21.6392,18.453,2,8000,8000,1,912,4
1,1,4,8000,0,291,26.0135,0.0176,1.6472,0.1102,19.0949,17.0291,2,8000,8000,1,915,4
1,1,4,8000,0,292,27.5592,0.0145,1.8513,0.1253,19.7554,17.4622,1,8000,8000,1,1147,4
1,1,4,8000,0,293,27.066,0.0153,1.6139,0.1295,20.488,18.3811,2,8000,8000,1,944,4
1,1,4,8000,0,294,27.9256,0.0161,1.9396,0.1299,20.6643,18.22,2,8000,8000,1,923,4
1,1,4,8000,0,295,28.5521,0.0146,1.897,0.1159,21.3839,19.0079,1,8000,8000,1,1058,4
1,1,4,8000,0,296,26.4718,0.0183,1.6062,0.1142,19.5556,17.4954,2,8000,8000,1,1011,4
1,1,4,8000,0,297,29.7862,0.0167,2.0442,0.137,22.6347,20.0558,2,8000,8000,1,935,4
1,1,4,8000,0,298,29.7042,0.0171,2.0142,0.1225,22.3896,19.8625,1,8000,8000,1,1071,4
1,1,4,8000,0,299,28.0168,0.015,1.8371,0.1391,21.1981,18.7914,2,8000,8000,1,910,4
1,1,4,8000,0,300,28.1058,0.0129,1.7329,0.1217,20.8913,18.6987,2,8000,8000,1,881,4
1,1,4,8000,0,301,27.4569,0.0222,2.2505,0.1224,20.964,18.2559,1,8000,8000,1,1073,4
1,1,4,8000,0,302,26.9248,0.0205,1.7857,0.1477,20.2981,17.9125,2,8000,8000,1,866,4
1,1,4,8000,0,303,26.077,0.0243,1.6696,0.1165,19.3531,17.2227,2,8000,8000,1,850,4
1,1,4,8000,0,304,28.3301,0.0131,1.9052,0.1321,21.0961,18.7019,1,8000,8000,1,986,4
1,1,4,8000,0,305,26.6249,0.0163,1.6863,0.1218,19.7622,17.6049,2,8000,8000,1,846,4
1,1,4,8000,0,306,29.5259,0.0172,1.9187,0.1965,21.658,18.9026,2,8000,8000,1,862,4
1,1,4,8000,0,307,27.5103,0.0244,1.8854,0.1046,19.3373,17.0197,1,8000,8000,1,1013,4
1,1,4,8000,0,308,26.0688,0.0188,1.5678,0.1195,19.0726,17.0188,2,8000,8000,1,883,4
1,1,4,8000,0,309,26.0291,0.0207,1.6449,0.1098,19.0261,16.9348,2,8000,8000,1,832,4
1,1,4,8000,0,310,27.7404,0.0136,1.7485,0.1141,19.2691,17.0822,1,8000,8000,1,1117,4
1,1,4,8000,0,311,27.7263,0.0142,1.6234,0.1216,20.3592,18.2073,2,8000,8000,1,842,4
1,1,4,8000,0,312,27.2488,0.0193,1.6788,0.1428,20.5466,18.4161,1,8000,8000,1,827,4
1,1,4,8000,0,313,28.132,0.015,1.6052,0.1233,21.3306,19.228,2,8000,8000,1,814,4
1,1,4,8000,0,314,27.3043,0.0151,1.655,0.1213,20.7575,18.6367,2,8000,8000,1,810,4
1,1,4,8000,0,315,28.0662,0.0159,1.9131,0.1219,21.1708,18.7616,1,8000,8000,1,997,4
1,1,4,8000,0,316,27.5552,0.0128,1.5213,0.1192,20.6005,18.5511,2,8000,8000,1,873,4
1,1,4,8000,0,317,26.6845,0.0129,1.6255,0.1134,19.2045,17.0424,2,8000,8000,1,864,4
1,1,4,8000,0,318,27.9702,0.0176,1.6968,0.1086,19.8295,17.6928,1,8000,8000,1,959,4
1,1,4,8000,0,319,34.9117,0.0163,1.8833,0.1199,28.3829,25.9808,2,8000,8000,1,750,4
1,1,4,8000,0,320,31.3234,0.0354,1.7983,0.1345,22.8254,20.4946,2,8000,8000,1,763,4
1,1,4,8000,0,321,28.0248,0.0158,1.7843,0.1232,20.941,18.6829,2,8000,8000,1,949,4
1,1,4,8000,0,322,28.8308,0.0166,1.8363,0.1304,21.6893,19.201,2,8000,8000,1,1007,4
1,1,4,8000,0,323,27.6094,0.0134,1.7532,0.1246,20.4407,18.206,1,8000,8000,1,945,4
1,1,4,8000,0,324,26.1346,0.0161,1.3589,0.1057,18.9818,17.2109,2,8000,8000,1,796,4
1,1,4,8000,0,325,26.278,0.0152,1.5958,0.1238,19.6829,17.5516,2,8000,8000,1,740,4
1,1,4,8000,0,326,27.8383,0.0141,1.8073,0.1348,21.2842,18.9773,1,8000,8000,1,824,4
1,1,4,8000,0,327,27.319,0.02,1.2535,0.1268,20.5703,18.7395,2,8000,8000,1,532,4
1,1,4,8000,0,328,26.4057,0.0169,1.5397,0.1109,19.7018,17.7447,2,8000,8000,1,727,4
1,1,4,8000,0,329,26.1733,0.0184,1.4095,0.1131,19.3862,17.5409,1,8000,8000,1,790,4
1,1,4,8000,0,330,27.3996,0.0205,1.4301,0.1241,20.245,18.2876,2,8000,8000,1,790,4
1,1,4,8000,0,331,27.7063,0.0179,1.5503,0.1266,20.1881,18.15,1,8000,8000,1,765,4
1,1,4,8000,0,332,27.271,0.0147,1.4307,0.1118,20.3714,18.4813,2,8000,8000,1,723,4
1,1,4,8000,0,333,26.3296,0.0185,1.6217,0.1254,20.4693,18.3499,2,8000,8000,1,760,4
1,1,4,8000,0,334,28.2123,0.0182,1.7263,0.1198,21.5937,19.3201,1,8000,8000,1,939,4
1,1,4,8000,0,335,26.8102,0.0114,1.2153,0.1173,18.5041,16.8599,2,8000,8000,1,720,4
1,1,4,8000,0,336,26.61,0.0143,1.5405,0.1218,19.5587,17.5654,2,8000,8000,1,773,4
1,1,4,8000,0,337,26.949,0.0199,1.6862,0.1224,20.3317,18.2138,1,8000,8000,1,956,4
1,1,4,8000,0,338,25.9063,0.0172,1.3069,0.1169,19.2694,17.4711,2,8000,8000,1,720,4
1,1,4,8000,0,339,27.297,0.0186,1.9778,0.1158,20.7744,18.29,1,8000,8000,1,764,4
1,1,4,8000,0,340,27.1845,0.0234,1.4204,0.1165,20.2246,18.314,2,8000,8000,1,755,4
1,1,4,8000,0,341,26.4865,0.0208,1.6168,0.4255,20.0999,17.6773,2,8000,8000,1,828,4
1,1,4,8000,0,342,28.1366,0.0168,1.7061,0.1179,21.3307,19.0311,1,8000,8000,1,824,4
1,1,4,8000,0,343,28.3923,0.019,1.4758,0.1223,20.7579,18.7916,2,8000,8000,1,734,4
1,1,4,8000,0,344,27.4595,0.0121,1.5549,0.1243,18.9304,16.8781,2,8000,8000,1,814,4
1,1,4,8000,0,345,27.649,0.024,2.0233,0.1153,20.0004,17.4462,1,8000,8000,1,905,4
1,1,4,8000,0,346,25.5407,0.0154,1.253,0.1108,19.0531,17.3721,2,8000,8000,1,783,4
1,1,4,8000,0,347,26.2164,0.017,1.4143,0.1076,19.3944,17.4779,1,8000,8000,1,691,4
1,1,4,8000,0,348,29.2898,0.016,1.3424,0.1112,20.1829,18.3838,2,8000,8000,1,716,4
1,1,4,8000,0,349,26.547,0.0235,1.8088,0.1179,20.403,18.0892,2,8000,8000,1,722,4
1,1,4,8000,0,350,25.8313,0.0144,1.5922,0.1141,19.264,17.1919,1,8000,8000,1,840,4
1,1,4,8000,0,351,27.7288,0.0139,1.7752,0.1234,20.7466,18.4344,2,8000,8000,1,748,4
1,1,4,8000,0,352,26.799,0.016,1.5753,0.1078,20.2519,18.2233,1,8000,8000,1,750,4
1,1,4,8000,0,353,25.1014,0.0204,1.1973,0.1138,18.8686,17.224,2,8000,8000,1,703,4
1,1,4,8000,0,354,25.4465,0.0177,1.373,0.1065,19.1415,17.2766,2,8000,8000,1,677,4
1,1,4,8000,0,355,28.2248,0.0216,1.958,0.1216,21.3491,18.8445,1,8000,8000,1,1054,4
1,1,4,8000,0,356,26.7529,0.0124,1.2903,0.1175,19.3248,17.6058,2,8000,8000,1,653,4
1,1,4,8000,0,357,25.7735,0.014,1.4239,0.1207,18.6831,16.8009,1,8000,8000,1,758,4
1,1,4,8000,0,358,25.8053,0.0183,1.5071,0.1206,19.4181,17.4476,2,8000,8000,1,710,4
1,1,4,8000,0,359,25.4949,0.0206,1.5506,0.1067,19.275,17.2862,2,8000,8000,1,721,4
1,1,4,8000,0,360,27.9844,0.0165,1.7885,0.1163,20.9011,18.5143,1,8000,8000,1,982,4
1,1,4,8000,0,361,26.6114,0.02,1.3857,0.1102,19.6755,17.8303,2,8000,8000,1,785,4
1,1,4,8000,0,362,28.3078,0.0113,1.7459,0.1081,20.0408,17.8699,1,8000,8000,1,720,4
1,1,4,8000,0,363,25.451,0.0231,1.2685,0.1167,18.7675,17.0186,2,8000,8000,1,689,4
1,1,4,8000,0,364,27.4023,0.0153,1.3423,0.1054,20.1225,18.3313,2,8000,8000,1,699,4
1,1,4,8000,0,365,26.0804,0.0128,1.4381,0.1123,19.5314,17.6081,1,8000,8000,1,802,4
1,1,4,8000,0,366,25.7087,0.013,1.266,0.3721,19.3128,17.3554,2,8000,8000,1,717,4
1,1,4,8000,0,367,27.2011,0.0223,1.4818,0.1179,20.1389,18.2068,1,8000,8000,1,692,4
1,1,4,8000,0,368,25.502,0.0188,1.1334,0.1023,19.3335,17.7471,2,8000,8000,1,697,4
1,1,4,8000,0,369,27.4057,0.0153,1.731,0.1182,20.6653,18.3517,1,8000,8000,1,757,4
1,1,4,8000,0,370,26.4914,0.0163,1.3533,0.119,19.4872,17.6615,2,8000,8000,1,759,4
1,1,4,8000,0,371,27.4691,0.1233,1.525,0.1238,20.3513,18.2299,2,8000,8000,1,686,4
1,1,4,8000,0,372,27.4285,0.0222,1.6618,0.1246,20.7401,18.501,1,8000,8000,1,843,4
1,1,4,8000,0,373,28.9325,0.014,1.4391,0.1582,20.4536,18.494,2,8000,8000,1,746,4
1,1,4,8000,0,374,26.8324,0.0178,1.7358,0.1202,20.3989,18.1526,2,8000,8000,1,704,4
1,1,4,8000,0,375,25.603,0.0211,1.5124,0.115,19.0013,17.0137,1,8000,8000,1,878,4
1,1,4,8000,0,376,27.2711,0.0249,1.4265,0.117,21.0882,19.176,2,8000,8000,1,813,4
1,1,4,8000,0,377,26.7889,0.0172,1.6617,0.1204,20.6397,18.4918,2,8000,8000,1,671,4
1,1,4,8000,0,378,27.0275,0.0199,1.7423,0.1253,20.4513,18.1961,1,8000,8000,1,1010,4
1,1,4,8000,0,379,27.5057,0.0143,1.5452,0.1208,19.8948,17.8644,2,8000,8000,1,841,4
1,1,4,8000,0,380,28.7433,0.0166,1.662,0.1224,21.8374,19.657,1,8000,8000,1,668,4
1,1,4,8000,0,381,27.6083,0.0153,1.4085,0.1342,20.7304,18.8135,2,8000,8000,1,682,4
1,1,4,8000,0,382,27.8255,0.0141,1.7426,0.1177,20.0095,17.8173,2,8000,8000,1,751,4
1,1,4,8000,0,383,25.833,0.018,1.489,0.1176,19.8018,17.8482,1,8000,8000,1,826,4
1,1,4,8000,0,384,27.5122,0.0151,1.6823,0.1191,20.7755,18.5429,2,8000,8000,1,822,4
1,1,4,8000,0,385,26.8619,0.0275,1.5833,0.1285,19.993,17.9609,2,8000,8000,1,806,4
1,1,4,8000,0,386,26.6796,0.0151,1.7594,0.1308,19.4696,17.1905,1,8000,8000,1,992,4
1,1,4,8000,0,387,26.2041,0.0168,1.3367,0.1189,19.4697,17.7091,2,8000,8000,1,781,4
1,1,4,8000,0,388,25.7899,0.0128,1.4981,0.1181,19.2185,17.3004,1,8000,8000,1,755,4
1,1,4,8000,0,389,26.218,0.0213,1.439,0.1177,19.8906,17.8909,2,8000,8000,1,882,4
1,1,4,8000,0,390,27.5854,0.0215,1.7501,0.1144,19.8685,17.6215,2,8000,8000,1,843,4
1,1,4,8000,0,391,25.8372,0.0148,1.7049,0.1158,18.9063,16.7559,1,8000,8000,1,1003,4
1,1,4,8000,0,392,27.1041,0.0191,1.6495,0.1192,20.4219,18.2896,2,8000,8000,1,1212,4
1,1,4,8000,0,393,27.413,0.0159,1.923,0.1199,20.9213,18.4968,1,8000,8000,1,893,4
1,1,4,8000,0,394,26.419,0.0184,1.4803,0.1128,19.6255,17.6847,2,8000,8000,1,842,4
1,1,4,8000,0,395,25.7369,0.0143,1.3602,0.1064,19.0883,17.305,2,8000,8000,1,737,4
1,1,4,8000,0,396,26.8259,0.0152,1.7835,0.1151,20.5309,18.233,1,8000,8000,1,1139,4
1,1,4,8000,0,397,27.5403,0.0174,1.5935,0.1055,19.9708,17.94,2,8000,8000,1,1082,4
1,1,4,8000,0,398,27.1877,0.0128,1.5716,0.1137,19.74,17.7384,1,8000,8000,1,802,4
1,1,4,8000,0,399,27.4279,0.0219,1.6213,0.1145,21.0904,18.9872,2,8000,8000,1,978,4
1,1,4,8000,0,400,26.4821,0.0162,1.7564,0.1168,19.8911,17.6449,2,8000,8000,1,840,4
1,1,4,8000,0,401,27.5706,0.0184,1.8528,0.1198,20.4257,18.1111,1,8000,8000,1,1353,4
1,1,4,8000,0,402,26.88,0.0166,1.6831,0.1066,20.3753,18.2597,2,8000,8000,1,1102,4
1,1,4,8000,0,403,28.369,0.0172,1.7726,0.1272,20.4252,18.213,2,8000,8000,1,970,4
1,1,4,8000,0,404,26.8991,0.0195,2.0605,0.1109,20.3556,17.8354,1,8000,8000,1,1160,4
1,1,4,8000,0,405,27.8576,0.0137,1.7892,0.1115,20.4577,18.1334,2,8000,8000,1,1163,4
1,1,4,8000,0,406,27.2432,0.0194,1.8579,0.1055,20.0066,17.6726,2,8000,8000,1,858,4
1,1,4,8000,0,407,27.6562,0.0144,1.8408,0.1079,19.3809,17.0837,1,8000,8000,1,1202,4
1,1,4,8000,0,408,27.0647,0.0142,1.8834,0.1137,20.9718,18.6189,2,8000,8000,1,1202,4
1,1,4,8000,0,409,27.0708,0.0198,1.8689,0.1137,20.3015,17.972,1,8000,8000,1,858,4
1,1,4,8000,0,410,28.9345,0.0175,1.8476,0.1187,21.4999,19.1455,2,8000,8000,1,1111,4
1,1,4,8000,0,411,26.4119,0.0128,1.8785,0.117,19.9156,17.5513,2,8000,8000,1,974,4
1,1,4,8000,0,412,26.2312,0.0184,1.7902,0.1435,19.464,17.1923,1,8000,8000,1,1176,4
1,1,4,8000,0,413,27.2973,0.0135,1.5166,0.1114,19.5579,17.6087,2,8000,8000,1,937,4
1,1,4,8000,0,414,29.7413,0.0152,1.8804,0.1247,22.1708,19.7668,2,8000,8000,1,882,4
1,1,4,8000,0,415,27.4773,0.013,1.857,0.1287,19.9747,17.6107,1,8000,8000,1,1256,4
1,1,4,8000,0,416,27.0566,0.0179,2.2423,0.1206,20.7385,17.9164,2,8000,8000,1,1365,4
1,1,4,8000,0,417,29.1807,0.0145,2.4228,0.1259,22.6198,19.671,2,8000,8000,1,1027,4
1,1,4,8000,0,418,26.3481,0.0153,1.9053,0.1128,19.1717,16.8497,1,8000,8000,1,1147,4
1,1,4,8000,0,419,25.662,0.0156,1.6845,0.146,18.9429,16.7728,2,8000,8000,1,1047,4
1,1,4,8000,0,420,26.593,0.0204,1.9435,0.121,20.0401,17.6175,2,8000,8000,1,947,4
1,1,4,8000,0,421,26.7939,0.0249,1.6928,0.1233,19.741,17.617,1,8000,8000,1,1128,4
1,1,4,8000,0,422,27.8896,0.0134,3.0177,0.1109,21.4902,17.8982,2,8000,8000,1,1054,4
1,1,4,8000,0,423,26.7122,0.0159,1.9858,0.1124,19.8344,17.3361,1,8000,8000,1,1015,4
1,1,4,8000,0,424,26.3285,0.0154,1.5416,0.1125,19.3388,17.3345,2,8000,8000,1,960,4
1,1,4,8000,0,425,26.8979,0.019,1.9205,0.1156,20.0011,17.5791,2,8000,8000,1,1006,4
1,1,4,8000,0,426,28.9745,0.0146,1.8658,0.1061,20.816,18.5192,1,8000,8000,1,1227,4
1,1,4,8000,0,427,26.7023,0.0154,1.6835,0.146,19.9547,17.8054,2,8000,8000,1,1095,4
1,1,4,8000,0,428,27.1428,0.015,1.6708,0.1123,19.6865,17.5237,2,8000,8000,1,813,4
1,1,4,8000,0,429,27.5633,0.017,1.8358,0.1158,20.4062,18.0711,1,8000,8000,1,1034,4
1,1,4,8000,0,430,27.3861,0.0202,1.9982,0.1202,21.0433,18.4206,2,8000,8000,1,1113,4
1,1,4,8000,0,431,27.7962,0.0148,1.9879,0.1131,19.8894,17.4542,2,8000,8000,1,1162,4
1,1,4,8000,0,432,25.7514,0.0182,1.9746,0.1079,19.349,16.9399,1,8000,8000,1,1485,4
1,1,4,8000,0,433,27.371,0.0144,1.7273,0.1192,19.9877,17.7917,2,8000,8000,1,953,4
1,1,4,8000,0,434,27.2665,0.0151,2.2629,0.1289,20.1285,17.3219,1,8000,8000,1,1199,4
1,1,4,8000,0,435,27.0557,0.0167,1.583,0.1117,19.2756,17.2583,2,8000,8000,1,999,4
1,1,4,8000,0,436,26.5718,0.0185,1.8292,0.1193,19.9578,17.6896,2,8000,8000,1,952,4
1,1,4,8000,0,437,26.7463,0.0119,1.8227,0.1199,19.9131,17.5193,1,8000,8000,1,1062,4
1,1,4,8000,0,438,28.1957,0.0245,1.7696,0.123,21.1916,18.9322,2,8000,8000,1,940,4
1,1,4,8000,0,439,28.244,0.018,1.7284,0.1557,19.9275,17.6608,2,8000,8000,1,880,4
1,1,4,8000,0,440,26.9781,0.0159,1.8432,0.1183,20.036,17.7171,1,8000,8000,1,1126,4
1,1,4,8000,0,441,25.6088,0.0187,1.5059,0.1109,19.111,17.1811,2,8000,8000,1,909,4
1,1,4,8000,0,442,26.4189,0.018,2.2202,0.1138,20.0196,17.3031,1,8000,8000,1,909,4
1,1,4,8000,0,443,27.9722,0.0148,1.6584,0.1164,19.3993,17.255,2,8000,8000,1,1044,4
1,1,4,8000,0,444,27.3125,0.0219,1.7867,0.109,19.5482,17.3194,2,8000,8000,1,818,4
1,1,4,8000,0,445,29.2497,0.0189,1.8632,0.1122,20.5789,18.2599,1,8000,8000,1,946,4
1,1,4,8000,0,446,27.8378,0.0178,1.751,0.1236,21.1401,18.8383,2,8000,8000,1,873,4
1,1,4,8000,0,447,29.6213,0.0148,1.8855,0.1089,21.6484,19.3,2,8000,8000,1,830,4
1,1,4,8000,0,448,26.0671,0.0159,1.8671,0.1186,19.8082,17.4613,1,8000,8000,1,1124,4
1,1,4,8000,0,449,26.6293,0.0218,1.6668,0.1146,19.6032,17.4514,2,8000,8000,1,1055,4
1,1,4,8000,0,450,27.6391,0.1488,1.6823,0.117,19.9446,17.6162,2,8000,8000,1,845,4
1,1,4,8000,0,451,28.0468,0.0172,2.0305,0.1226,21.3714,18.8556,1,8000,8000,1,1100,4
1,1,4,8000,0,452,26.0121,0.016,1.4771,0.1296,19.3972,17.4508,2,8000,8000,1,927,4
1,1,4,8000,0,453,27.7421,0.0178,2.0616,0.104,21.2421,18.7029,2,8000,8000,1,860,4
1,1,4,8000,0,454,27.8727,0.0135,1.6649,0.1148,19.2868,17.2118,1,8000,8000,1,1019,4
1,1,4,8000,0,455,27.4861,0.0147,1.6844,0.1236,20.8164,18.6346,2,8000,8000,1,984,4
1,1,4,8000,0,456,25.6281,0.0162,1.7862,0.1108,19.0008,16.8144,2,8000,8000,1,813,4
1,1,4,8000,0,457,26.5982,0.0154,1.765,0.113,19.4324,17.219,1,8000,8000,1,1179,4
1,1,4,8000,0,458,26.6674,0.0171,1.7215,0.1251,20.1038,17.8881,2,8000,8000,1,1023,4
1,1,4,8000,0,459,27.0759,0.0163,1.6196,0.1138,19.4767,17.4378,1,8000,8000,1,859,4
1,1,4,8000,0,460,28.1222,0.0138,1.486,0.1224,19.8873,17.9195,2,8000,8000,1,854,4
1,1,4,8000,0,461,28.213,0.0118,1.6137,0.1126,19.6902,17.6092,2,8000,8000,1,883,4
1,1,4,8000,0,462,27.9713,0.0155,1.8862,0.1181,21.2364,18.8564,1,8000,8000,1,915,4
1,1,4,8000,0,463,26.6141,0.0196,1.4882,0.1051,20.1614,18.2175,2,8000,8000,1,885,4
1,1,4,8000,0,464,26.4683,0.0228,1.6435,0.1094,19.474,17.3189,2,8000,8000,1,881,4
1,1,4,8000,0,465,27.6874,0.4107,1.6539,0.1082,20.6059,18.0811,1,8000,8000,1,1106,4
1,1,4,8000,0,466,27.6917,0.0151,1.5622,0.1138,21.0322,19.0192,2,8000,8000,1,985,4
1,1,4,8000,0,467,28.013,0.0139,1.8826,0.1147,20.4878,18.0284,1,8000,8000,1,833,4
1,1,4,8000,0,468,26.0567,0.0217,1.3579,0.1051,19.2521,17.4508,2,8000,8000,1,842,4
1,1,4,8000,0,469,26.2573,0.0134,1.568,0.1157,19.6344,17.6172,2,8000,8000,1,781,4
1,1,4,8000,0,470,26.5031,0.0164,1.9364,0.1233,20.133,17.7412,1,8000,8000,1,1005,4
1,1,4,8000,0,471,27.2125,0.0262,1.866,0.1174,20.5329,18.1865,2,8000,8000,1,1150,4
1,1,4,8000,0,472,29.8175,0.0209,1.6981,0.1139,22.1761,19.9884,2,8000,8000,1,879,4
1,1,4,8000,0,473,26.8045,0.0227,1.646,0.1136,19.683,17.5799,1,8000,8000,1,940,4
1,1,4,8000,0,474,27.1197,0.016,1.547,0.1256,20.5135,18.522,2,8000,8000,1,960,4
1,1,4,8000,0,475,25.9959,0.0173,1.5158,0.1113,19.343,17.3627,1,8000,8000,1,848,4
1,1,4,8000,0,476,28.0226,0.0182,1.5613,0.1193,20.8505,18.7813,2,8000,8000,1,930,4
1,1,4,8000,0,477,27.1327,0.0159,1.6811,0.1328,20.1476,17.9244,2,8000,8000,1,866,4
1,1,4,8000,0,478,28.0838,0.0142,1.8749,0.1435,20.9621,18.5369,1,8000,8000,1,1095,4
1,1,4,8000,0,479,29.286,0.0179,1.8793,0.1248,21.8285,19.4391,2,8000,8000,1,987,4
1,1,4,8000,0,480,27.0537,0.0124,1.7022,0.1153,20.1327,18.0118,2,8000,8000,1,881,4
1,1,4,8000,0,481,28.3214,0.0147,1.9009,0.1235,21.0093,18.6242,1,8000,8000,1,1141,4
1,1,4,8000,0,482,27.6634,0.014,1.6177,0.1254,20.9111,18.7958,2,8000,8000,1,786,4
1,1,4,8000,0,483,31.1008,0.0182,1.6222,0.1109,23.7812,21.6733,2,8000,8000,1,901,4
1,1,4,8000,0,484,27.9374,0.0158,1.8378,0.1228,20.9558,18.6323,2,8000,8000,1,1157,4
1,1,4,8000,0,485,27.1051,0.0215,1.8952,0.1147,20.1266,17.8128,1,8000,8000,1,1248,4
1,1,4,8000,0,486,27.1254,0.0203,1.7791,0.1255,20.5081,18.2498,2,8000,8000,1,1048,4
1,1,4,8000,0,487,28.8921,0.0151,2.0925,0.2912,22.1131,18.5354,2,8000,8000,1,864,4
1,1,4,8000,0,488,36.8366,0.1881,1.9807,0.1054,25.2694,22.6091,2,8000,8000,1,1098,4
1,1,4,8000,0,489,28.6521,0.0241,2.2259,0.1258,21.4439,18.6861,2,8000,8000,1,1240,4
1,1,4,8000,0,490,30.0306,0.0146,2.3601,0.1286,22.376,19.4704,1,8000,8000,1,1118,4
1,1,4,8000,0,491,26.7207,0.0149,1.6236,0.1212,20.0863,17.9521,2,8000,8000,1,993,4
1,1,4,8000,0,492,27.6077,0.0155,2.043,0.1226,20.7534,18.2603,2,8000,8000,1,799,4
1,1,4,8000,0,493,28.0081,0.0179,1.8147,0.1291,20.7108,18.4612,1,8000,8000,1,1001,4
1,1,4,8000,0,494,26.2647,0.0175,1.371,0.1087,18.7045,16.8886,2,8000,8000,1,776,4
1,1,4,8000,0,495,27.6927,0.0169,1.9691,0.1163,21.0954,18.6431,2,8000,8000,1,815,4
1,1,4,8000,0,496,29.2358,0.0318,1.7682,0.1141,21.1517,18.9451,1,8000,8000,1,1012,4
1,1,4,8000,0,497,26.6328,0.0203,1.9079,0.1149,19.8509,17.4575,2,8000,8000,1,1182,4
1,1,4,8000,0,498,26.6701,0.015,1.7616,0.1374,20.1184,17.8767,2,8000,8000,1,817,4
1,1,4,8000,0,499,29.0582,0.014,1.8561,0.1263,20.702,18.369,1,8000,8000,1,1154,4
1,1,4,8000,0,500,26.3386,0.0147,1.4783,0.1122,19.0861,17.1713,2,8000,8000,1,965,4
1,1,4,8000,0,501,26.5345,0.0182,1.7045,0.12,19.7139,17.5619,2,8000,8000,1,777,4
1,1,4,8000,0,502,26.7483,0.0168,1.9433,0.1186,19.6529,17.2659,1,8000,8000,1,1141,4
1,1,4,8000,0,503,28.5572,0.019,1.6146,0.1201,21.6786,19.55,2,8000,8000,1,750,4
1,1,4,8000,0,504,26.0296,0.0132,1.4735,0.1054,19.2656,17.3743,1,8000,8000,1,834,4
1,1,4,8000,0,505,28.3703,0.012,1.6456,0.1244,20.3376,18.2345,2,8000,8000,1,957,4
1,1,4,8000,0,506,27.0753,0.0207,1.7222,0.1224,20.4287,18.2744,2,8000,8000,1,875,4
1,1,4,8000,0,507,29.1735,0.0189,1.7793,0.1128,22.1383,19.8704,1,8000,8000,1,927,4
1,1,4,8000,0,508,26.8167,0.0148,1.4148,0.1563,19.9628,18.0557,2,8000,8000,1,759,4
1,1,4,8000,0,509,26.6699,0.0199,1.5238,0.1056,19.7673,17.7796,2,8000,8000,1,797,4
1,1,4,8000,0,510,25.8864,0.0237,1.724,0.1106,19.3563,17.1314,1,8000,8000,1,1088,4
1,1,4,8000,0,511,27.0505,0.0196,1.4376,0.1163,20.0355,18.1322,2,8000,8000,1,861,4
1,1,4,8000,0,512,27.3121,0.0149,1.6401,0.1148,20.2178,18.1332,1,8000,8000,1,876,4
1,1,4,8000,0,513,25.2585,0.0196,1.4091,0.1193,19.0733,17.1967,2,8000,8000,1,756,4
1,1,4,8000,0,514,26.3478,0.0137,1.6235,0.1206,20.2092,18.0525,2,8000,8000,1,801,4
1,1,4,8000,0,515,28.3057,0.0099,1.8653,0.1212,21.6372,19.1937,1,8000,8000,1,1028,4
1,1,4,8000,0,516,28.6322,0.0173,1.506,0.1211,21.242,19.2787,2,8000,8000,1,801,4
1,1,4,8000,0,517,28.3508,0.0168,1.6352,0.1516,21.2029,19.0322,2,8000,8000,1,851,4
1,1,4,8000,0,518,28.7329,0.0161,1.8352,0.1519,21.3147,18.9863,1,8000,8000,1,990,4
1,1,4,8000,0,519,29.3606,0.018,1.5762,0.1159,22.4083,20.3743,2,8000,8000,1,864,4
1,1,4,8000,0,520,27.9207,0.0176,1.7538,0.1152,21.0381,18.8199,2,8000,8000,1,821,4
1,1,4,8000,0,521,28.4653,0.015,1.7786,0.1318,21.7021,19.3689,1,8000,8000,1,938,4
1,1,4,8000,0,522,29.1164,0.0138,1.5163,0.1154,20.6148,18.6402,2,8000,8000,1,898,4
1,1,4,8000,0,523,28.8849,0.0133,2.0807,0.1322,21.8191,19.151,2,8000,8000,1,747,4
1,1,4,8000,0,524,27.4556,0.0205,1.7493,0.1087,20.4427,18.2402,2,8000,8000,1,956,4
1,1,4,8000,0,525,29.4634,0.0161,1.8405,0.1235,20.8872,18.5346,1,8000,8000,1,1016,4
1,1,4,8000,0,526,27.7081,0.017,1.5649,0.1152,20.6792,18.6286,2,8000,8000,1,1065,4
1,1,4,8000,0,527,29.266,0.016,2.4285,0.132,22.8966,19.5894,2,8000,8000,1,824,4
1,1,4,8000,0,528,28.1454,0.0156,1.799,0.1198,21.122,18.8677,1,8000,8000,1,1060,4
1,1,4,8000,0,529,27.0783,0.0202,1.7783,0.1614,19.9718,17.575,2,8000,8000,1,1020,4
1,1,4,8000,0,530,26.7267,0.0215,1.8554,0.1253,20.5529,18.1657,2,8000,8000,1,904,4
1,1,4,8000,0,531,27.7366,0.0187,1.7991,0.1181,21.0245,18.7715,1,8000,8000,1,1032,4
1,1,4,8000,0,532,28.8565,0.0155,1.8143,0.1293,22.3168,19.9456,2,8000,8000,1,843,4
1,1,4,8000,0,533,28.2942,0.0181,2.278,0.1734,21.4085,18.5406,2,8000,8000,1,841,4
1,1,4,8000,0,534,27.5703,0.017,1.8291,0.1215,21.2118,18.854,1,8000,8000,1,969,4
1,1,4,8000,0,535,27.8014,0.0167,1.4935,0.1203,20.6103,18.6779,2,8000,8000,1,842,4
1,1,4,8000,0,536,27.5383,0.1413,1.5842,0.116,19.8966,17.7817,2,8000,8000,1,827,4
1,1,4,8000,0,537,30.1142,0.0168,1.9511,0.1194,22.911,20.4535,1,8000,8000,1,1066,4
1,1,4,8000,0,538,27.7484,0.0164,1.6777,0.1222,20.6556,18.5042,2,8000,8000,1,1004,4
1,1,4,8000,0,539,28.6089,0.0142,2.2309,0.1258,21.7572,19.0114,2,8000,8000,1,851,4
1,1,4,8000,0,540,27.8884,0.015,1.9338,0.1187,20.8906,18.4614,2,8000,8000,1,1053,4
1,1,4,8000,0,541,27.344,0.0205,1.7081,0.1133,20.3346,18.189,1,8000,8000,1,1109,4
1,1,4,8000,0,542,27.791,0.0152,1.5419,0.1275,20.3529,18.3461,2,8000,8000,1,879,4
1,1,4,8000,0,543,27.1826,0.0128,1.7412,0.1241,20.8013,18.5913,2,8000,8000,1,859,4
1,1,4,8000,0,544,27.885,0.0206,1.6315,0.1092,20.2742,18.1737,1,8000,8000,1,1043,4
1,1,4,8000,0,545,25.9479,0.0152,1.4243,0.114,19.5547,17.672,2,8000,8000,1,763,4
1,1,4,8000,0,546,27.5963,0.0168,1.7945,0.1269,21.0351,18.801,1,8000,8000,1,811,4
1,1,4,8000,0,547,26.9267,0.0175,1.5116,0.1157,19.892,17.7652,2,8000,8000,1,793,4
1,1,4,8000,0,548,26.2162,0.0128,1.4791,0.1098,19.0276,17.1293,2,8000,8000,1,826,4
1,1,4,8000,0,549,26.3283,0.0145,1.5956,0.1152,19.7738,17.719,1,8000,8000,1,1012,4
1,1,4,8000,0,550,26.5458,0.0214,1.5825,0.1194,20.115,18.0039,2,8000,8000,1,821,4
2,0,27,8000,0,151,46.9211,0.1265,20.3842,0.1135,39.2527,18.2709,3,8000,8000,1,1734,27
2,0,27,8000,0,152,45.5739,0.1316,19.1763,0.1134,37.6474,17.8501,3,8000,8000,1,2085,27
2,0,27,8000,0,153,40.5558,0.1069,15.1691,0.1456,33.4507,17.6745,2,8000,8000,1,1368,27
2,0,27,8000,0,154,46.0058,0.1499,20.4606,0.1106,38.9633,17.882,3,8000,8000,1,1678,27
2,0,27,8000,0,155,37.8536,0.0996,12.3935,0.174,30.9299,17.9246,2,8000,8000,1,1415,27
2,0,27,8000,0,156,46.7972,0.2017,20.667,0.1099,39.1728,17.8492,3,8000,8000,1,1572,27
2,0,27,8000,0,157,39.949,0.09,13.6229,0.1361,33.2621,18.877,2,8000,8000,1,1747,27
2,0,27,8000,0,158,46.2103,0.1254,19.412,0.1247,38.9646,18.8695,3,8000,8000,1,1577,27
2,0,27,8000,0,159,47.7425,0.1345,21.7673,0.1075,40.5516,18.1934,3,8000,8000,1,2113,27
2,0,27,8000,0,160,47.8777,0.1998,22.5122,0.1193,41.0895,17.8721,3,8000,8000,1,1732,27
2,0,27,8000,0,161,41.9521,0.1668,16.3167,0.1788,34.8687,17.8346,2,8000,8000,1,1491,27
2,0,27,8000,0,162,44.0292,0.1256,17.8372,0.1171,36.3945,17.9688,3,8000,8000,1,1738,27
2,0,27,8000,0,163,47.6288,0.1336,19.807,0.1364,40.4233,19.9723,3,8000,8000,1,2096,27
2,0,27,8000,0,164,39.3132,0.1007,15.0259,0.1083,31.891,16.3157,2,8000,8000,1,1752,27
2,0,27,8000,0,165,48.2822,0.1351,21.3036,0.1092,41.1492,19.1754,3,8000,8000,1,1821,27
2,0,27,8000,0,166,45.9143,0.1399,20.2422,0.1151,38.8899,18.0463,3,8000,8000,1,1908,27
2,0,27,8000,0,167,40.5069,0.0976,14.0205,0.121,32.6985,18.0099,2,8000,8000,1,2006,27
2,0,27,8000,0,168,48.4826,0.135,22.0809,0.1116,41.8142,19.1044,3,8000,8000,1,1914,27
2,0,27,8000,0,169,52.7797,0.1611,23.3574,0.218,43.2646,19.0669,3,8000,8000,1,2381,27
2,0,27,8000,0,170,49.8824,0.1367,22.5836,0.1138,42.4309,19.2163,3,8000,8000,1,2410,27
2,0,27,8000,0,171,47.6005,0.1562,21.7059,0.1085,40.1725,17.8543,3,8000,8000,1,2155,27
2,0,27,8000,0,172,48.789,0.178,22.3861,0.1155,41.826,18.7711,3,8000,8000,1,2176,27
2,0,27,8000,0,173,52.3013,0.1537,23.3194,0.1184,42.7252,18.739,3,8000,8000,1,1934,27
2,0,27,8000,0,174,48.8196,0.1477,21.8075,0.1119,41.5874,19.1358,3,8000,8000,1,1778,27
2,0,27,8000,0,175,46.3658,0.1578,20.6887,0.1224,39.3958,18.0719,3,8000,8000,1,1709,27
2,0,27,8000,0,176,43.6718,0.1359,18.0407,0.1159,36.9482,18.2983,3,8000,8000,1,1621,27
2,0,27,8000,0,177,38.8633,0.0997,12.1236,0.1143,30.7514,18.0632,2,8000,8000,1,1239,27
2,0,27,8000,0,178,46.6715,0.3616,20.3086,0.1156,39.2195,18.0919,3,8000,8000,1,1568,27
2,0,27,8000,0,179,37.3176,0.1199,12.6317,0.129,29.8123,16.5093,2,8000,8000,1,1294,27
2,0,27,8000,0,180,43.5011,0.1494,18.5137,0.1077,37.6025,18.446,3,8000,8000,1,1426,27
2,0,27,8000,0,181,37.9876,0.0868,12.2338,0.1144,30.7067,17.9266,2,8000,8000,1,1469,27
2,0,27,8000,0,182,38.39,0.0585,11.8095,0.1127,29.9403,17.6184,2,8000,8000,1,1204,27
2,0,27,8000,0,183,46.1845,0.1575,20.0745,0.114,39.3429,18.6306,3,8000,8000,1,1658,27
2,0,27,8000,0,184,46.5436,0.1571,22.5262,0.1094,39.6855,16.5437,3,8000,8000,1,2177,27
2,0,27,8000,0,185,40.2231,0.0873,14.0032,0.1168,33.4199,18.7446,2,8000,8000,1,1543,27
2,0,27,8000,0,186,48.3235,0.181,22.2216,0.1275,41.3798,18.4371,3,8000,8000,1,1712,27
2,0,27,8000,0,187,46.0138,0.1381,20.649,0.163,39.0725,17.769,3,8000,8000,1,2227,27
2,0,27,8000,0,188,40.9014,0.1148,16.1782,0.1159,34.212,17.3341,2,8000,8000,1,1844,27
2,0,27,8000,0,189,47.2713,0.164,21.9821,0.1349,40.3196,17.6119,3,8000,8000,1,1797,27
2,0,27,8000,0,190,47.538,0.1425,19.6196,0.1175,39.097,18.8489,3,8000,8000,1,2046,27
2,0,27,8000,0,191,45.9253,0.2222,20.4617,0.1137,39.0962,17.9134,3,8000,8000,1,2141,27
2,0,27,8000,0,192,39.0549,0.1135,13.3164,0.1155,31.8292,17.914,2,8000,8000,1,1806,27
2,0,27,8000,0,193,44.2666,0.1336,19.0379,0.1663,37.0983,17.4175,3,8000,8000,1,1672,27
2,0,27,8000,0,194,38.1748,0.0999,12.8719,0.1277,31.2665,17.83,2,8000,8000,1,1615,27
2,0,27,8000,0,195,45.1012,0.1425,19.0741,0.119,38.135,18.4306,3,8000,8000,1,1859,27
2,0,27,8000,0,196,39.788,0.0779,13.7353,0.1248,32.3428,18.0045,2,8000,8000,1,1652,27
2,0,27,8000,0,197,45.1426,0.1497,20.5269,0.1594,38.0839,16.8116,3,8000,8000,1,1583,27
2,0,27,8000,0,198,38.4126,0.0999,13.1534,0.1443,31.3866,17.4459,2,8000,8000,1,1516,27
2,0,27,8000,0,199,43.2725,0.1363,18.6434,0.186,35.9094,16.5302,3,8000,8000,1,1792,27
2,0,27,8000,0,200,38.6089,0.1161,13.9524,0.1304,31.8996,17.2841,2,8000,8000,1,1832,27
2,0,27,8000,0,201,49.4956,0.2807,25.1886,0.1761,42.2113,16.1911,3,8000,8000,1,1649,27
2,0,27,8000,0,202,46.5252,0.1321,22.6328,0.1165,39.8074,16.5715,3,8000,8000,1,2069,27
2,0,27,8000,0,203,36.4178,0.0883,12.1385,0.1162,29.4249,16.7161,2,8000,8000,1,1509,27
2,0,27,8000,0,204,48.5247,0.1294,24.6758,0.1086,42.1147,16.8527,3,8000,8000,1,1779,27
2,0,27,8000,0,205,37.6307,0.0863,13.9011,0.1104,31.0623,16.6116,2,8000,8000,1,1473,27
2,0,27,8000,0,206,46.4789,0.1348,21.9291,0.1234,39.7979,16.9496,3,8000,8000,1,1633,27
2,0,27,8000,0,207,36.3913,0.0881,12.4234,0.113,29.8588,16.8771,2,8000,8000,1,1502,27
2,0,27,8000,0,208,42.2197,0.4556,17.7157,0.1272,35.3055,16.6615,3,8000,8000,1,1559,27
2,0,27,8000,0,209,38.8437,0.0817,12.351,0.1122,31.8621,18.9233,2,8000,8000,1,1490,27
2,0,27,8000,0,210,44.8631,0.1219,19.7322,0.1201,38.0015,17.6767,3,8000,8000,1,1510,27
2,0,27,8000,0,211,38.2263,0.098,12.8278,0.111,31.2337,17.7978,2,8000,8000,1,1528,27
2,0,27,8000,0,212,46.4894,0.1768,21.2334,0.1192,38.7925,16.9113,3,8000,8000,1,1687,27
2,0,27,8000,0,213,38.7582,0.0966,14.3358,0.1704,32.6356,17.6789,2,8000,8000,1,1514,27
2,0,27,8000,0,214,45.1746,0.1387,19.247,0.1114,36.591,16.7098,3,8000,8000,1,1750,27
2,0,27,8000,0,215,38.6659,0.0817,12.9416,0.1149,31.4566,17.89,2,8000,8000,1,1470,27
2,0,27,8000,0,216,45.3176,0.139,20.9881,0.1111,38.6658,17.0703,3,8000,8000,1,1770,27
2,0,27,8000,0,217,37.4106,0.0995,12.7855,0.115,31.0191,17.6495,2,8000,8000,1,1380,27
2,0,27,8000,0,218,44.3005,0.129,19.7765,0.111,37.4825,17.1084,3,8000,8000,1,1575,27
2,0,27,8000,0,219,38.4197,0.1151,12.8221,0.1746,30.6157,17.1483,2,8000,8000,1,1413,27
2,0,27,8000,0,220,45.0673,0.1489,19.75,0.1177,37.8667,17.4722,3,8000,8000,1,1570,27
2,0,27,8000,0,221,36.44,0.0838,11.946,0.1641,29.6324,17.0909,2,8000,8000,1,1449,27
2,0,27,8000,0,222,36.2512,0.0866,12.3878,0.1371,29.5748,16.612,2,8000,8000,1,1192,27
2,0,27,8000,0,223,45.384,0.1707,21.5844,0.1608,38.8803,16.6215,3,8000,8000,1,1537,27
2,0,27,8000,0,224,36.048,0.1712,12.0147,0.1127,29.4938,16.838,2,8000,8000,1,1255,27
2,0,27,8000,0,225,45.9484,0.1256,21.1695,0.1176,39.3608,17.5596,3,8000,8000,1,1431,27
2,0,27,8000,0,226,35.5991,0.0804,11.1563,0.1101,28.763,17.0497,2,8000,8000,1,1325,27
2,0,27,8000,0,227,36.4533,0.1143,12.85,0.1155,29.8248,16.3746,2,8000,8000,1,1112,27
2,0,27,8000,0,228,43.6535,0.1627,19.3433,0.1137,36.9667,16.9548,3,8000,8000,1,1285,27
2,0,27,8000,0,229,35.6266,0.104,11.6394,0.1074,29.1205,16.9258,2,8000,8000,1,1198,27
2,0,27,8000,0,230,38.6525,0.0853,14.3877,0.1126,31.8419,16.9076,2,8000,8000,1,1036,27
2,0,27,8000,0,231,41.0502,0.1658,16.3604,0.1113,34.4051,17.378,3,8000,8000,1,1369,27
2,0,27,8000,0,232,37.6421,0.1299,11.1271,0.1142,28.6619,16.9331,2,8000,8000,1,1071,27
2,0,27,8000,0,233,34.279,0.4233,10.0277,0.1074,27.3755,16.4396,2,8000,8000,1,905,27
2,0,27,8000,0,234,35.6378,0.0902,9.9572,0.1246,28.7269,18.0834,2,8000,8000,1,883,27
2,0,27,8000,0,235,41.3285,0.2108,15.2316,0.1113,33.4824,17.5771,3,8000,8000,1,1224,27
2,0,27,8000,0,236,36.2948,0.0935,11.8498,0.1388,29.5749,17.0243,2,8000,8000,1,1074,27
2,0,27,8000,0,237,37.1532,0.1348,11.4364,0.1351,29.1302,17.0517,2,8000,8000,1,934,27
2,0,27,8000,0,238,34.7125,0.0809,10.3358,0.1128,28.1073,17.2184,2,8000,8000,1,849,27
2,0,27,8000,0,239,40.1304,0.1592,16.4363,0.113,33.6401,16.5804,3,8000,8000,1,1269,27
2,0,27,8000,0,240,34.8196,0.1053,10.3321,0.1079,27.9439,17.0416,2,8000,8000,1,991,27
2,0,27,8000,0,241,37.4484,0.0886,12.7831,0.1144,30.4221,17.0583,2,8000,8000,1,865,27
2,0,27,8000,0,242,35.1675,0.0973,11.2342,0.1176,28.6485,16.8083,2,8000,8000,1,778,27
2,0,27,8000,0,243,37.0452,0.1326,12.1205,0.1303,30.1812,17.396,2,8000,8000,1,785,27
2,0,27,8000,0,244,40.0539,0.1374,15.3438,0.1072,32.6918,16.7482,3,8000,8000,1,1064,27
2,0,27,8000,0,245,34.1387,0.1103,10.2278,0.1216,27.603,16.7792,2,8000,8000,1,927,27
2,0,27,8000,0,246,34.4196,0.101,10.1877,0.1168,27.9885,17.2218,2,8000,8000,1,871,27
2,0,27,8000,0,247,37.6178,0.0995,11.991,0.1207,30.3691,17.7528,2,8000,8000,1,791,27
2,0,27,8000,0,248,35.2559,0.1005,10.3341,0.1198,28.0838,17.1214,2,8000,8000,1,660,27
2,0,27,8000,0,249,40.3931,0.1645,14.7269,0.1074,33.7547,18.3883,3,8000,8000,1,1260,27
2,0,27,8000,0,250,35.5813,0.1073,10.8389,0.1137,28.2632,16.829,2,8000,8000,1,1131,27
2,0,27,8000,0,251,34.9909,0.0951,11.016,0.1092,28.4157,16.8407,2,8000,8000,1,979,27
2,0,27,8000,0,252,36.6144,0.0861,11.7191,0.1347,29.7269,17.2132,2,8000,8000,1,1005,27
2,0,27,8000,0,253,36.7507,0.1189,11.9582,0.1143,29.6255,16.8954,2,8000,8000,1,978,27
2,0,27,8000,0,254,38.8679,0.1667,15.0777,0.11,32.526,16.8319,3,8000,8000,1,1064,27
2,0,27,8000,0,255,33.0197,0.1164,9.3308,0.1217,26.3668,16.3589,2,8000,8000,1,1052,27
2,0,27,8000,0,256,34.6804,0.1175,11.117,0.1153,28.1593,16.4236,2,8000,8000,1,853,27
2,0,27,8000,0,257,34.9406,0.3192,9.9268,0.1143,27.4984,16.7811,2,8000,8000,1,961,27
2,0,27,8000,0,258,34.8793,0.1115,9.7579,0.108,28.1773,17.7987,2,8000,8000,1,907,27
2,0,27,8000,0,259,37.958,0.0849,11.729,0.115,29.3793,17.1032,2,8000,8000,1,963,27
2,0,27,8000,0,260,34.6531,0.0886,10.4404,0.1122,28.0771,17.0685,2,8000,8000,1,860,27
2,0,27,8000,0,261,39.8619,0.1738,15.1587,0.1094,33.1915,17.403,3,8000,8000,1,1227,27
2,0,27,8000,0,262,36.0542,0.0792,10.1843,0.1194,28.4156,17.6495,2,8000,8000,1,1094,27
2,0,27,8000,0,263,34.8993,0.4124,9.7773,0.1142,27.8852,17.2197,2,8000,8000,1,834,27
2,0,27,8000,0,264,34.0695,0.0919,10.3662,0.1114,27.4406,16.5164,2,8000,8000,1,806,27
2,0,27,8000,0,265,37.7531,0.1857,12.9297,0.1162,31.0006,17.3859,2,8000,8000,1,1103,27
2,0,27,8000,0,266,40.2356,0.1551,16.0809,0.1155,33.6043,16.8538,3,8000,8000,1,1327,27
2,0,27,8000,0,267,37.4857,0.0967,11.8374,0.1193,30.5806,18.146,2,8000,8000,1,1307,27
2,0,27,8000,0,268,36.1196,0.1009,11.1531,0.1625,28.5828,16.8075,2,8000,8000,1,972,27
2,0,27,8000,0,269,37.3306,0.0897,13.1436,0.1922,30.6799,16.8916,2,8000,8000,1,1148,27
2,0,27,8000,0,270,39.0952,0.1174,14.8262,0.1753,32.2917,16.7724,3,8000,8000,1,1405,27
2,0,27,8000,0,271,38.7176,0.0973,13.2349,0.1322,31.3102,17.4018,2,8000,8000,1,1232,27
2,0,27,8000,0,272,35.1436,0.089,10.7364,0.1112,28.4069,17.1246,2,8000,8000,1,1130,27
2,0,27,8000,0,273,35.8004,0.0993,11.2454,0.1166,29.1559,17.3116,2,8000,8000,1,1020,27
2,0,27,8000,0,274,43.0278,0.1446,17.4908,0.1077,35.0074,16.916,3,8000,8000,1,1491,27
2,0,27,8000,0,275,37.5045,0.1122,12.5834,0.1138,30.1696,16.9819,2,8000,8000,1,1374,27
2,0,27,8000,0,276,36.7304,0.1558,11.5295,0.1124,30.0615,17.8777,2,8000,8000,1,1183,27
2,0,27,8000,0,277,41.8918,0.1331,16.8319,0.1092,34.6674,17.2396,3,8000,8000,1,1441,27
2,0,27,8000,0,278,37.5305,0.104,12.6287,0.152,30.5577,17.3206,2,8000,8000,1,1562,27
2,0,27,8000,0,279,34.6841,0.072,10.8019,0.1152,27.8,16.4511,2,8000,8000,1,1307,27
2,0,27,8000,0,280,36.5697,0.0939,11.685,0.1238,29.9127,17.5475,2,8000,8000,1,1281,27
2,0,27,8000,0,281,41.9913,0.1373,16.979,0.1559,34.6915,16.8768,3,8000,8000,1,1332,27
2,0,27,8000,0,282,36.6329,0.0923,11.6091,0.115,29.5311,17.3086,2,8000,8000,1,1517,27
2,0,27,8000,0,283,35.9936,0.1167,10.2698,0.1426,28.2725,17.2747,2,8000,8000,1,962,27
2,0,27,8000,0,284,35.4604,0.11,11.3663,0.1177,28.3554,16.3962,2,8000,8000,1,1017,27
2,0,27,8000,0,285,40.8453,0.1426,15.9813,0.1145,34.5647,17.9406,3,8000,8000,1,1292,27
2,0,27,8000,0,286,35.9322,0.1309,11.7622,0.1277,29.1812,16.7923,2,8000,8000,1,1285,27
2,0,27,8000,0,287,35.5666,0.1016,11.4138,0.1754,28.705,16.6462,2,8000,8000,1,1174,27
2,0,27,8000,0,288,36.519,0.1424,11.9543,0.1434,29.7479,17.1008,2,8000,8000,1,1264,27
2,0,27,8000,0,289,47.6926,0.1567,21.5957,0.1424,41.0419,18.7026,3,8000,8000,1,1621,27
2,0,27,8000,0,290,39.1746,0.118,12.4599,0.1383,30.98,17.8401,2,8000,8000,1,1399,27
2,0,27,8000,0,291,45.7477,0.1838,21.0577,0.1218,38.5434,16.7713,3,8000,8000,1,1454,27
2,0,27,8000,0,292,34.9988,0.1691,10.9675,0.1176,28.7516,17.1394,2,8000,8000,1,1272,27
2,0,27,8000,0,293,40.8562,0.1393,16.9456,0.1101,34.2274,16.6872,3,8000,8000,1,1560,27
2,0,27,8000,0,294,38.4565,0.4091,12.2708,0.1112,31.6861,18.4827,2,8000,8000,1,1881,27
2,0,27,8000,0,295,38.0572,0.1439,12.5399,0.1814,29.6592,16.4461,2,8000,8000,1,1360,27
2,0,27,8000,0,296,40.6239,0.1324,16.8595,0.1107,34.0636,16.5876,3,8000,8000,1,1639,27
2,0,27,8000,0,297,39.4538,0.0914,14.487,0.1594,32.4657,17.3458,2,8000,8000,1,1361,27
2,0,27,8000,0,298,36.2766,0.1052,12.2229,0.1269,29.5075,16.6841,2,8000,8000,1,1493,27
2,0,27,8000,0,299,41.6883,0.1331,16.9987,0.1116,35.0108,17.4111,3,8000,8000,1,1695,27
2,0,27,8000,0,300,40.385,0.1227,14.8962,0.1119,33.2108,17.7239,2,8000,8000,1,1538,27
2,0,27,8000,0,301,45.1027,0.1426,19.4932,0.1239,37.7637,17.6183,3,8000,8000,1,1537,27
2,0,27,8000,0,302,36.0281,0.079,11.4267,0.1089,29.1766,17.2021,2,8000,8000,1,1363,27
2,0,27,8000,0,303,39.4956,0.0979,14.9982,0.1154,32.644,17.0612,2,8000,8000,1,1267,27
2,0,27,8000,0,304,40.0763,0.4526,15.7381,0.1077,33.3557,16.7179,3,8000,8000,1,1663,27
2,0,27,8000,0,305,37.5114,0.0915,11.8833,0.1125,30.118,17.6611,2,8000,8000,1,1466,27
2,0,27,8000,0,306,35.8135,0.1008,11.9405,0.1109,28.8593,16.3472,2,8000,8000,1,1361,27
2,0,27,8000,0,307,44.5934,0.2636,19.5986,0.111,38.1599,17.8249,3,8000,8000,1,1792,27
2,0,27,8000,0,308,35.7327,0.4505,11.4287,0.1178,28.8264,16.3972,2,8000,8000,1,1485,27
2,0,27,8000,0,309,36.8724,0.0942,12.5626,0.1096,29.8609,16.7141,2,8000,8000,1,1232,27
2,0,27,8000,0,310,42.7364,0.135,18.2087,0.1152,35.8306,17.0121,3,8000,8000,1,1683,27
2,0,27,8000,0,311,37.3292,0.0879,12.0011,0.108,30.4875,17.9221,2,8000,8000,1,1514,27
2,0,27,8000,0,312,37.5805,0.1289,13.26,0.1153,30.4747,16.6007,2,8000,8000,1,1337,27
2,0,27,8000,0,313,39.816,0.1322,14.7895,0.11,32.9252,17.5446,3,8000,8000,1,1391,27
2,0,27,8000,0,314,40.9152,0.1183,12.8051,0.1316,31.1187,17.7011,2,8000,8000,1,1434,27
2,0,27,8000,0,315,35.9905,0.1926,11.8875,0.1068,29.7509,17.2159,2,8000,8000,1,1199,27
2,0,27,8000,0,316,42.3865,0.154,17.808,0.1063,35.3658,16.9432,3,8000,8000,1,1569,27
2,0,27,8000,0,317,37.4733,0.0983,11.8358,0.11,30.1412,17.7342,2,8000,8000,1,1419,27
2,0,27,8000,0,318,37.1104,0.1193,11.2068,0.1127,28.8225,17.0189,2,8000,8000,1,1235,27
2,0,27,8000,0,319,40.1804,0.1761,15.9562,0.1047,33.4689,16.8894,3,8000,8000,1,1456,27
2,0,27,8000,0,320,38.5554,0.0892,13.8201,0.1801,31.4653,17.0088,2,8000,8000,1,1279,27
2,0,27,8000,0,321,35.5925,0.0966,11.467,0.1907,28.7761,16.6626,2,8000,8000,1,1157,27
2,0,27,8000,0,322,39.9829,0.2756,15.7865,0.1094,33.2661,16.7188,3,8000,8000,1,1337,27
2,0,27,8000,0,323,36.0894,0.0961,12.3068,0.1372,30.0022,17.0719,2,8000,8000,1,1455,27
2,0,27,8000,0,324,35.845,0.0965,11.3148,0.1118,29.1601,17.2573,2,8000,8000,1,1203,27
2,0,27,8000,0,325,36.0588,0.0988,10.9682,0.107,29.1464,17.6104,2,8000,8000,1,929,27
2,0,27,8000,0,326,36.4802,0.0976,11.4601,0.132,29.2616,17.1629,2,8000,8000,1,1134,27
2,0,27,8000,0,327,38.9827,0.4814,14.5516,0.1717,32.2381,16.5667,3,8000,8000,1,1320,27
2,0,27,8000,0,328,37.6757,0.0993,11.7973,0.1104,30.3432,17.8023,2,8000,8000,1,1342,27
2,0,27,8000,0,329,36.2908,0.4391,11.0096,0.1166,28.9167,16.9744,2,8000,8000,1,1151,27
2,0,27,8000,0,330,35.4013,0.0981,10.5529,0.1151,28.5027,17.3764,2,8000,8000,1,1156,27
2,0,27,8000,0,331,40.2286,0.4565,15.7337,0.1123,33.7065,17.0327,3,8000,8000,1,1504,27
2,0,27,8000,0,332,38.4422,0.0954,13.6829,0.1095,31.5496,17.2785,2,8000,8000,1,1408,27
2,0,27,8000,0,333,35.5727,0.4478,10.3506,0.1161,28.7531,17.4654,2,8000,8000,1,1098,27
2,0,27,8000,0,334,34.7397,0.098,11.4544,0.1123,28.2488,16.1881,2,8000,8000,1,1158,27
2,0,27,8000,0,335,35.7893,0.1156,11.6787,0.1101,28.9968,16.738,2,8000,8000,1,1044,27
2,0,27,8000,0,336,39.6791,0.2067,15.3834,0.1087,33.3351,17.3068,3,8000,8000,1,1560,27
2,0,27,8000,0,337,34.5854,0.0966,11.0941,0.1195,28.0291,16.3418,2,8000,8000,1,1358,27
2,0,27,8000,0,338,38.0643,0.5042,11.9325,0.1139,31.2076,18.2319,2,8000,8000,1,1108,27
2,0,27,8000,0,339,36.1625,0.0919,10.9821,0.1085,29.0927,17.5578,2,8000,8000,1,1068,27
2,0,27,8000,0,340,40.2336,0.1562,14.6577,0.1094,33.1699,17.8977,3,8000,8000,1,1232,27
2,0,27,8000,0,341,36.6803,0.0918,10.3085,0.1196,29.4396,18.518,2,8000,8000,1,1245,27
2,0,27,8000,0,342,37.2221,0.1164,11.7908,0.1244,30.3267,17.911,2,8000,8000,1,1120,27
2,0,27,8000,0,343,37.7602,0.097,12.0807,0.1121,31.0573,18.4007,2,8000,8000,1,1148,27
2,0,27,8000,0,344,41.284,0.4431,15.2328,0.1049,33.1227,17.0059,3,8000,8000,1,1360,27
2,0,27,8000,0,345,36.4817,0.0787,11.2082,0.1435,29.4955,17.6474,2,8000,8000,1,1153,27
2,0,27,8000,0,346,37.0088,0.1094,10.4748,0.109,29.9282,18.8577,2,8000,8000,1,1002,27
2,0,27,8000,0,347,40.4573,0.1284,14.4414,0.1144,33.1276,18.0713,3,8000,8000,1,1274,27
2,0,27,8000,0,348,35.602,0.1088,10.7636,0.1103,29.302,17.9626,2,8000,8000,1,1155,27
2,0,27,8000,0,349,37.2154,0.0835,10.2992,0.1075,30.2907,19.4154,2,8000,8000,1,1175,27
2,0,27,8000,0,350,35.957,0.1171,12.2066,0.1159,28.8632,16.0014,2,8000,8000,1,1021,27
2,0,27,8000,0,351,35.4656,0.1071,10.6849,0.1202,28.8806,17.6066,2,8000,8000,1,1230,27
2,0,27,8000,0,352,42.0868,0.1506,15.9792,0.1186,35.017,18.4027,3,8000,8000,1,1586,27
2,0,27,8000,0,353,39.3859,0.0977,12.0639,0.1609,31.8748,19.079,2,8000,8000,1,1362,27
2,0,27,8000,0,354,36.6217,0.0878,10.5815,0.1109,29.0647,17.9193,2,8000,8000,1,1020,27
2,0,27,8000,0,355,45.6865,0.1637,18.6222,0.1094,37.554,18.3046,3,8000,8000,1,1490,27
2,0,27,8000,0,356,38.7229,0.1218,12.3316,0.1221,31.3666,18.4276,2,8000,8000,1,1353,27
2,0,27,8000,0,357,40.6292,0.1362,15.0726,0.1097,33.7519,18.0619,3,8000,8000,1,1460,27
2,0,27,8000,0,358,39.1157,0.1342,12.0176,0.1805,31.5132,18.7881,2,8000,8000,1,1397,27
2,0,27,8000,0,359,43.1197,0.1417,19.1909,0.1057,36.0461,16.2501,3,8000,8000,1,1335,27
2,0,27,8000,0,360,36.8975,0.1693,12.5891,0.1035,30.1107,16.8951,2,8000,8000,1,1543,27
2,0,27,8000,0,361,34.7814,0.0979,9.8804,0.1685,27.9515,17.4143,2,8000,8000,1,991,27
2,0,27,8000,0,362,37.3831,0.0872,11.647,0.1377,29.6719,17.4339,2,8000,8000,1,1156,27
2,0,27,8000,0,363,40.623,0.1491,16.9649,0.103,33.7084,16.1592,3,8000,8000,1,1486,27
2,0,27,8000,0,364,36.6739,0.088,10.8504,0.1254,29.9603,18.4847,2,8000,8000,1,1281,27
2,0,27,8000,0,365,35.042,0.1813,10.0131,0.1143,27.9977,17.3319,2,8000,8000,1,1099,27
2,0,27,8000,0,366,36.3525,0.1012,10.8396,0.1911,29.5884,18.1074,2,8000,8000,1,1160,27
2,0,27,8000,0,367,41.204,0.1605,16.7602,0.1182,34.2691,16.8488,3,8000,8000,1,1391,27
2,0,27,8000,0,368,41.1645,0.143,12.3949,0.1156,33.2655,20.2447,2,8000,8000,1,1393,27
2,0,27,8000,0,369,41.1605,0.1597,15.8371,0.1156,34.6136,18.1359,3,8000,8000,1,1440,27
2,0,27,8000,0,370,37.2341,0.0967,10.2602,0.1095,29.9404,19.1047,2,8000,8000,1,1289,27
2,0,27,8000,0,371,37.2519,0.1235,11.7948,0.1045,29.8101,17.4451,2,8000,8000,1,1366,27
2,0,27,8000,0,372,36.6567,0.0939,10.6809,0.1211,29.1191,17.8479,2,8000,8000,1,1147,27
2,0,27,8000,0,373,42.0301,0.1698,16.6149,0.1106,34.8501,17.5945,3,8000,8000,1,1577,27
2,0,27,8000,0,374,34.7617,0.0929,11.2564,0.115,28.0477,16.2359,2,8000,8000,1,1487,27
2,0,27,8000,0,375,34.5141,0.0865,10.0324,0.1157,27.8715,17.266,2,8000,8000,1,981,27
2,0,27,8000,0,376,43.9132,0.1482,11.586,0.1677,36.8888,24.4074,2,8000,8000,1,1020,27
2,0,27,8000,0,377,42.558,0.1622,15.4062,0.1199,34.4452,18.384,3,8000,8000,1,1291,27
2,0,27,8000,0,378,41.3821,0.115,14.8562,0.1049,33.7603,18.3293,3,8000,8000,1,1562,27
2,0,27,8000,0,379,41.756,0.1109,15.5134,0.1143,33.9234,17.8252,2,8000,8000,1,1396,27
2,0,27,8000,0,380,43.0594,0.3211,17.0912,0.1156,36.2702,18.3635,3,8000,8000,1,1273,27
2,0,27,8000,0,381,38.3809,0.0799,12.3243,0.1117,31.1604,18.2725,2,8000,8000,1,1629,27
2,0,27,8000,0,382,42.1807,0.1286,15.1361,0.1148,34.8285,19.0646,2,8000,8000,1,1362,27
2,0,27,8000,0,383,44.3926,0.1365,18.1087,0.1214,37.3398,18.5621,3,8000,8000,1,1409,27
2,0,27,8000,0,384,45.6761,0.5153,19.4343,0.1131,38.2163,17.7729,3,8000,8000,1,1666,27
2,0,27,8000,0,385,39.0848,0.0946,13.2769,0.186,32.2849,18.349,2,8000,8000,1,1241,27
2,0,27,8000,0,386,43.7806,0.1299,16.7938,0.1161,36.7105,19.2127,3,8000,8000,1,1277,27
2,0,27,8000,0,387,37.7253,0.4368,10.7329,0.1149,30.1328,18.4071,2,8000,8000,1,973,27
2,0,27,8000,0,388,40.9589,0.1263,15.8393,0.1178,34.3677,17.9221,3,8000,8000,1,1179,27
2,0,27,8000,0,389,36.0986,0.1328,10.5987,0.111,29.3669,18.1687,2,8000,8000,1,1345,27
2,0,27,8000,0,390,39.2242,0.0928,13.9111,0.1352,32.2525,17.6533,2,8000,8000,1,1060,27
2,0,27,8000,0,391,42.5563,0.1232,17.1711,0.1226,35.1392,17.2522,3,8000,8000,1,1523,27
2,0,27,8000,0,392,37.4209,0.1166,10.8894,0.1242,30.2853,18.7868,2,8000,8000,1,1236,27
2,0,27,8000,0,393,36.7811,0.104,12.3664,0.1352,29.7925,16.7871,2,8000,8000,1,1232,27
2,0,27,8000,0,394,41.2145,0.1395,16.3615,0.1107,34.5409,17.5789,3,8000,8000,1,1359,27
2,0,27,8000,0,395,37.2155,0.0969,11.5258,0.1515,30.2572,18.0814,2,8000,8000,1,1224,27
2,0,27,8000,0,396,38.6456,0.138,12.9643,0.1127,31.9197,18.3178,2,8000,8000,1,902,27
2,0,27,8000,0,397,41.0042,0.4232,14.8024,0.1266,33.6722,17.9367,3,8000,8000,1,1185,27
2,0,27,8000,0,398,39.375,0.3639,12.3468,0.1137,31.274,18.0667,2,8000,8000,1,1171,27
2,0,27,8000,0,399,35.1267,0.1016,10.3842,0.116,28.4199,17.4481,2,8000,8000,1,1024,27
2,0,27,8000,0,400,40.6683,0.1199,15.0996,0.1099,33.5096,17.8262,3,8000,8000,1,1388,27
2,0,27,8000,0,401,38.9954,0.0943,13.4227,0.1096,31.4281,17.4383,2,8000,8000,1,1298,27
2,0,27,8000,0,402,37.4814,0.1115,10.3071,0.125,30.3242,19.3883,2,8000,8000,1,1159,27
2,0,27,8000,0,403,42.4217,0.1435,16.8476,0.1129,35.2684,17.7941,3,8000,8000,1,1376,27
2,0,27,8000,0,404,35.4598,0.0856,10.9068,0.1136,28.8918,17.4226,2,8000,8000,1,1501,27
2,0,27,8000,0,405,40.6937,0.0968,13.979,0.1126,34.0003,19.4421,2,8000,8000,1,1406,27
2,0,27,8000,0,406,43.5308,0.147,17.632,0.1182,36.8183,18.5171,3,8000,8000,1,1742,27
2,0,27,8000,0,407,36.6098,0.1145,11.2046,0.1163,29.3465,17.537,2,8000,8000,1,1464,27
2,0,27,8000,0,408,35.6941,0.0921,10.31,0.1145,28.6436,17.7408,2,8000,8000,1,1079,27
2,0,27,8000,0,409,42.1945,0.1571,16.4889,0.1679,35.4091,18.1002,3,8000,8000,1,1368,27
2,0,27,8000,0,410,38.7412,0.1068,12.2973,0.1484,31.4437,18.4257,2,8000,8000,1,1544,27
2,0,27,8000,0,411,36.539,0.0891,11.2632,0.1657,29.5142,17.6367,2,8000,8000,1,1202,27
2,0,27,8000,0,412,40.7946,0.161,14.6745,0.1156,34.1504,18.7695,3,8000,8000,1,1402,27
2,0,27,8000,0,413,37.045,0.1007,11.5161,0.1301,29.5,17.335,2,8000,8000,1,1480,27
2,0,27,8000,0,414,36.9918,0.0947,12.254,0.1836,30.3025,17.407,2,8000,8000,1,1140,27
2,0,27,8000,0,415,44.5084,0.1645,16.288,0.1149,37.9372,20.9696,3,8000,8000,1,1441,27
2,0,27,8000,0,416,41.617,0.1131,14.1638,0.1283,33.9153,19.0467,2,8000,8000,1,1444,27
2,0,27,8000,0,417,44.808,0.1815,18.264,0.1154,37.2493,18.3026,3,8000,8000,1,1402,27
2,0,27,8000,0,418,37.2036,0.0902,11.4686,0.1207,29.9197,17.8695,2,8000,8000,1,1653,27
2,0,27,8000,0,419,42.2238,0.1482,18.3789,0.1209,35.3435,16.325,3,8000,8000,1,1801,27
2,0,27,8000,0,420,36.0365,0.0715,10.8169,0.1119,29.9982,18.5825,2,8000,8000,1,1429,27
2,0,27,8000,0,421,38.3968,0.0749,11.9457,0.1194,30.4746,17.874,2,8000,8000,1,1378,27
2,0,27,8000,0,422,42.7607,0.1547,17.4341,0.113,36.1554,18.0873,3,8000,8000,1,1590,27
2,0,27,8000,0,423,42.959,0.121,14.28,0.1374,34.2276,19.2257,2,8000,8000,1,1472,27
2,0,27,8000,0,424,40.8249,0.1832,16.8608,0.1058,33.9316,16.4486,3,8000,8000,1,1629,27
2,0,27,8000,0,425,35.8172,0.0973,11.7908,0.1311,29.2401,16.691,2,8000,8000,1,1594,27
2,0,27,8000,0,426,36.9461,0.4389,10.4715,0.1196,30.2219,18.7917,2,8000,8000,1,1173,27
2,0,27,8000,0,427,42.1913,0.2069,15.7636,0.1589,35.4949,18.885,3,8000,8000,1,1445,27
2,0,27,8000,0,428,36.7834,0.1201,11.9158,0.1081,29.7049,17.2084,2,8000,8000,1,1372,27
2,0,27,8000,0,429,36.3731,0.0968,11.4134,0.1117,29.498,17.3883,2,8000,8000,1,1083,27
2,0,27,8000,0,430,38.7662,0.1223,14.0104,0.1142,32.0892,17.478,3,8000,8000,1,1376,27
2,0,27,8000,0,431,35.5527,0.1076,10.0645,0.1183,28.5966,17.9452,2,8000,8000,1,1480,27
2,0,27,8000,0,432,38.303,0.1268,12.1322,0.1209,30.91,18.1099,2,8000,8000,1,1083,27
2,0,27,8000,0,433,38.5706,0.1047,12.2817,0.1138,30.7506,17.883,2,8000,8000,1,1057,27
2,0,27,8000,0,434,39.5915,0.1651,15.5291,0.1104,32.4264,16.2536,3,8000,8000,1,1310,27
2,0,27,8000,0,435,36.9698,0.1076,11.8776,0.1328,30.8181,17.7842,2,8000,8000,1,1204,27
2,0,27,8000,0,436,38.3676,0.1361,12.1337,0.1335,30.4891,17.6181,2,8000,8000,1,1011,27
2,0,27,8000,0,437,36.6082,0.1047,11.6062,0.1159,30.0724,17.7964,2,8000,8000,1,1137,27
2,0,27,8000,0,438,43.4923,0.1373,15.9842,0.1246,34.9284,18.315,3,8000,8000,1,1389,27
2,0,27,8000,0,439,38.9905,0.1757,11.4804,0.112,30.7701,18.6289,2,8000,8000,1,1425,27
2,0,27,8000,0,440,42.8632,0.1328,15.4271,0.1076,35.7001,19.6564,3,8000,8000,1,1611,27
2,0,27,8000,0,441,38.2805,0.0977,13.9978,0.1071,31.2107,16.6209,2,8000,8000,1,1471,27
2,0,27,8000,0,442,34.9247,0.0886,10.6576,0.126,28.4377,17.1356,2,8000,8000,1,1158,27
2,0,27,8000,0,443,41.6785,0.1833,16.446,0.1148,35.0405,17.9345,3,8000,8000,1,1348,27
2,0,27,8000,0,444,38.6085,0.1571,12.695,0.1286,31.0008,17.6486,2,8000,8000,1,1320,27
2,0,27,8000,0,445,35.7527,0.1032,10.5886,0.1121,28.7382,17.577,2,8000,8000,1,1143,27
2,0,27,8000,0,446,41.1638,0.1331,15.5056,0.1144,34.1699,18.0351,3,8000,8000,1,1425,27
2,0,27,8000,0,447,39.5091,0.0972,12.1314,0.1471,32.4907,19.5865,2,8000,8000,1,1300,27
2,0,27,8000,0,448,39.5723,0.0996,12.1399,0.1061,31.3239,18.6008,2,8000,8000,1,1125,27
2,0,27,8000,0,449,55.8811,0.1549,16.0275,0.1206,35.874,19.169,3,8000,8000,1,1200,27
2,0,27,8000,0,450,44.0031,0.1638,18.4669,0.1191,36.1264,16.9845,3,8000,8000,1,1566,27
2,0,27,8000,0,451,41.6785,0.1419,15.5197,0.1145,34.6076,18.4407,3,8000,8000,1,1428,27
2,0,27,8000,0,452,38.1272,0.1716,12.2217,0.12,31.055,18.1727,2,8000,8000,1,1126,27
2,0,27,8000,0,453,41.8998,0.1608,16.7592,0.107,34.8509,17.4661,3,8000,8000,1,1236,27
2,0,27,8000,0,454,37.3657,0.1189,12.0795,0.1077,30.7649,18.1152,2,8000,8000,1,1574,27
2,0,27,8000,0,455,41.3545,0.0817,13.9465,0.1065,33.7813,19.2866,2,8000,8000,1,1128,27
2,0,27,8000,0,456,37.7515,0.1246,14.0354,0.14,30.9592,16.2328,3,8000,8000,1,1446,27
2,0,27,8000,0,457,36.6223,0.1095,11.5376,0.1134,30.3759,18.2353,2,8000,8000,1,1392,27
2,0,27,8000,0,458,39.7354,0.1042,12.3881,0.1177,30.777,17.8006,2,8000,8000,1,1101,27
2,0,27,8000,0,459,41.5106,0.1249,15.9227,0.1048,34.9456,18.442,3,8000,8000,1,1520,27
2,0,27,8000,0,460,38.2061,0.0925,11.9591,0.108,31.0316,18.5033,2,8000,8000,1,1627,27
2,0,27,8000,0,461,39.8138,0.0993,13.4742,0.1865,31.9195,17.8144,2,8000,8000,1,1151,27
2,0,27,8000,0,462,44.1206,0.1309,17.6449,0.1115,36.3353,18.0463,3,8000,8000,1,1457,27
2,0,27,8000,0,463,38.6228,0.1096,12.4473,0.1246,31.7387,18.681,2,8000,8000,1,1313,27
2,0,27,8000,0,464,39.2437,0.13,15.4093,0.1131,32.2825,16.2789,3,8000,8000,1,1290,27
2,0,27,8000,0,465,35.713,0.1056,11.479,0.1121,29.3785,17.3155,2,8000,8000,1,1420,27
2,0,27,8000,0,466,38.2698,0.1237,13.6674,0.1113,30.4572,16.1931,2,8000,8000,1,1211,27
2,0,27,8000,0,467,41.4434,0.1511,17.3674,0.1295,35.3473,17.3252,3,8000,8000,1,1507,27
2,0,27,8000,0,468,36.6806,0.1072,11.9005,0.1164,29.374,16.8555,2,8000,8000,1,1148,27
2,0,27,8000,0,469,38.7666,0.0927,14.3761,0.1265,32.4531,17.3867,2,8000,8000,1,1063,27
2,0,27,8000,0,470,40.0035,0.1322,15.4939,0.1075,33.0714,16.9949,3,8000,8000,1,1291,27
2,0,27,8000,0,471,36.5054,0.1049,11.5862,0.113,29.7106,17.5417,2,8000,8000,1,1382,27
2,0,27,8000,0,472,37.6266,0.1161,12.4014,0.1122,30.8926,17.8978,2,8000,8000,1,1317,27
2,0,27,8000,0,473,35.4116,0.1163,9.8468,0.1154,28.3962,17.8544,2,8000,8000,1,1024,27
2,0,27,8000,0,474,40.3382,0.1328,14.9505,0.1121,32.1368,16.5988,3,8000,8000,1,1305,27
2,0,27,8000,0,475,36.5534,0.102,10.7814,0.2409,29.3644,17.7294,2,8000,8000,1,1159,27
2,0,27,8000,0,476,34.3253,0.1079,9.9504,0.1106,27.3945,16.8713,2,8000,8000,1,936,27
2,0,27,8000,0,477,35.7081,0.1089,10.7333,0.1142,28.7396,17.4232,2,8000,8000,1,1168,27
2,0,27,8000,0,478,37.3228,0.1048,12.93,0.1195,30.5851,17.0361,2,8000,8000,1,1070,27
2,0,27,8000,0,479,40.0768,0.1407,15.454,0.1048,33.4493,17.4097,3,8000,8000,1,1273,27
2,0,27,8000,0,480,34.6247,0.1146,10.4971,0.1131,27.9627,16.8651,2,8000,8000,1,1258,27
2,0,27,8000,0,481,36.5823,0.0937,11.6919,0.1052,29.5411,17.2918,2,8000,8000,1,1011,27
2,0,27,8000,0,482,35.9778,0.4227,10.712,0.1102,28.8575,17.0295,2,8000,8000,1,953,27
2,0,27,8000,0,483,35.2732,0.0901,10.9447,0.1283,28.4077,16.8683,2,8000,8000,1,944,27
2,0,27,8000,0,484,40.3395,0.1263,14.1149,0.1078,33.5005,18.7719,3,8000,8000,1,1247,27
2,0,27,8000,0,485,36.5422,0.0967,11.7453,0.1093,29.7608,17.4467,2,8000,8000,1,1591,27
2,0,27,8000,0,486,37.369,0.1088,11.1789,0.1199,28.7873,16.9312,2,8000,8000,1,934,27
2,0,27,8000,0,487,38.9424,0.1681,10.6045,0.1081,30.8883,19.4971,2,8000,8000,1,997,27
2,0,27,8000,0,488,40.1876,0.407,14.7523,0.1244,32.7496,17.0957,3,8000,8000,1,1296,27
2,0,27,8000,0,489,36.1136,0.1088,11.2173,0.1705,29.0382,17.1913,2,8000,8000,1,1382,27
2,0,27,8000,0,490,37.9418,0.0834,12.3862,0.1118,31.4057,18.4486,2,8000,8000,1,1147,27
2,0,27,8000,0,491,38.5678,0.1427,14.6486,0.1087,31.9343,16.5438,3,8000,8000,1,1430,27
2,0,27,8000,0,492,37.5707,0.1026,11.4109,0.1101,29.3904,17.405,2,8000,8000,1,1342,27
2,0,27,8000,0,493,39.0158,0.0962,13.8321,0.1098,31.9087,17.5196,2,8000,8000,1,1105,27
2,0,27,8000,0,494,40.2135,0.1444,15.9091,0.1116,33.4667,16.9409,3,8000,8000,1,1394,27
2,0,27,8000,0,495,36.9519,0.1009,11.6746,0.1223,30.2297,17.9031,2,8000,8000,1,1466,27
2,0,27,8000,0,496,36.1804,0.1519,11.5821,0.1081,28.9859,16.794,2,8000,8000,1,1111,27
2,0,27,8000,0,497,35.2247,0.0838,10.4637,0.1099,28.2311,17.2269,2,8000,8000,1,1143,27
2,0,27,8000,0,498,36.1799,0.1605,11.122,0.128,29.33,17.4235,2,8000,8000,1,1304,27
2,0,27,8000,0,499,45.1756,0.145,19.7089,0.1114,38.3578,17.9996,3,8000,8000,1,1467,27
2,0,27,8000,0,500,38.3437,0.1128,12.9877,0.1193,31.6102,18.0088,2,8000,8000,1,1708,27
2,0,27,8000,0,501,43.0416,0.1424,17.5395,0.1322,36.3934,18.1631,3,8000,8000,1,1481,27
2,0,27,8000,0,502,35.7792,0.095,11.0119,0.1097,28.5178,16.9382,2,8000,8000,1,1110,27
2,0,27,8000,0,503,35.7067,0.0969,11.12,0.1163,28.469,16.77,2,8000,8000,1,991,27
2,0,27,8000,0,504,34.9341,0.3732,9.9034,0.1197,27.9913,17.2179,2,8000,8000,1,1010,27
2,0,27,8000,0,505,44.9995,0.1751,19.8077,0.1186,38.1266,17.6254,3,8000,8000,1,1220,27
2,0,27,8000,0,506,36.4132,0.0889,11.8234,0.1248,29.4285,16.9962,2,8000,8000,1,1222,27
2,0,27,8000,0,507,38.7446,0.099,11.4734,0.1131,30.0136,17.9471,2,8000,8000,1,1100,27
2,0,27,8000,0,508,41.0381,0.1301,15.7819,0.1194,32.8285,16.4472,3,8000,8000,1,1376,27
2,0,27,8000,0,509,35.7421,0.097,11.2838,0.1065,28.9617,17.1004,2,8000,8000,1,1561,27
2,0,27,8000,0,510,35.3882,0.1532,11.4431,0.1174,28.9247,16.7511,2,8000,8000,1,975,27
2,0,27,8000,0,511,41.7179,0.2319,17.0661,0.1087,35.0462,17.2643,3,8000,8000,1,1241,27
2,0,27,8000,0,512,34.1557,0.1009,10.5687,0.1082,27.439,16.3027,2,8000,8000,1,1250,27
2,0,27,8000,0,513,36.8967,0.1265,11.7581,0.1207,30.1748,17.6947,2,8000,8000,1,1199,27
2,0,27,8000,0,514,36.6226,0.1078,11.4595,0.1094,28.8976,16.875,2,8000,8000,1,1089,27
2,0,27,8000,0,515,34.7552,0.0774,11.1465,0.1123,28.5325,16.7279,2,8000,8000,1,981,27
2,0,27,8000,0,516,42.249,0.15,17.7629,0.1717,35.8576,17.3731,3,8000,8000,1,1389,27
2,0,27,8000,0,517,35.2106,0.3739,10.0271,0.1113,28.1161,17.2363,2,8000,8000,1,1238,27
2,0,27,8000,0,518,35.7815,0.3815,10.6048,0.1078,28.5246,16.8268,2,8000,8000,1,928,27
2,0,27,8000,0,519,34.1053,0.1115,10.0506,0.1108,27.5464,16.9175,2,8000,8000,1,939,27
2,0,27,8000,0,520,39.077,0.1123,14.1162,0.1141,32.3954,17.638,2,8000,8000,1,1044,27
2,0,27,8000,0,521,39.5534,0.1315,15.2471,0.1136,32.9707,17.1164,3,8000,8000,1,1376,27
2,0,27,8000,0,522,38.3659,0.1328,12.7241,0.1258,31.3544,17.9643,2,8000,8000,1,1397,27
2,0,27,8000,0,523,34.5566,0.0883,10.791,0.1257,27.9376,16.5687,2,8000,8000,1,1077,27
2,0,27,8000,0,524,34.8897,0.1377,10.3419,0.1131,28.2178,17.2171,2,8000,8000,1,907,27
2,0,27,8000,0,525,42.1308,0.2099,17.8189,0.1113,35.4142,16.8728,3,8000,8000,1,1333,27
2,0,27,8000,0,526,36.4597,0.1047,11.152,0.112,29.7519,17.9999,2,8000,8000,1,1395,27
2,0,27,8000,0,527,36.0175,0.0934,11.6297,0.122,29.6011,17.2805,2,8000,8000,1,821,27
2,0,27,8000,0,528,35.0855,0.153,10.1564,0.1254,28.2052,17.4029,2,8000,8000,1,1017,27
2,0,27,8000,0,529,42.4791,0.148,18.1833,0.1052,35.4521,16.6669,3,8000,8000,1,1370,27
2,0,27,8000,0,530,34.244,0.0756,9.7172,0.123,27.3509,17.0674,2,8000,8000,1,1294,27
2,0,27,8000,0,531,39.4957,0.3251,9.764,0.2271,32.2301,21.4456,2,8000,8000,1,992,27
2,0,27,8000,0,532,47.3657,0.1747,18.0054,0.1099,36.1584,17.4898,3,8000,8000,1,1250,27
2,0,27,8000,0,533,37.1217,0.1454,12.6825,0.1216,30.1083,16.7752,2,8000,8000,1,1388,27
2,0,27,8000,0,534,42.5958,0.1377,17.2005,0.1147,35.8281,17.9937,3,8000,8000,1,1403,27
2,0,27,8000,0,535,35.7183,0.1307,11.4349,0.1659,29.1273,17.0407,2,8000,8000,1,1232,27
2,0,27,8000,0,536,35.41,0.1068,11.2088,0.1467,28.8761,16.9448,2,8000,8000,1,1073,27
2,0,27,8000,0,537,36.5487,0.0851,11.5288,0.1463,30.2182,17.9662,2,8000,8000,1,1049,27
2,0,27,8000,0,538,39.1311,0.1847,14.3508,0.1136,32.7525,17.7394,3,8000,8000,1,1190,27
2,0,27,8000,0,539,35.0328,0.085,10.149,0.1475,28.1545,17.3888,2,8000,8000,1,1292,27
2,0,27,8000,0,540,36.0553,0.0978,10.6125,0.1089,29.1665,17.9231,2,8000,8000,1,1060,27
2,0,27,8000,0,541,35.5898,0.1049,11.3693,0.1102,28.2009,16.2459,2,8000,8000,1,1038,27
2,0,27,8000,0,542,35.8062,0.1036,11.6682,0.1338,28.8317,16.5455,2,8000,8000,1,937,27
2,0,27,8000,0,543,41.9652,0.1363,16.3193,0.1044,35.102,18.123,3,8000,8000,1,1374,27
2,0,27,8000,0,544,35.0921,0.1007,10.3668,0.1096,28.1437,17.1911,2,8000,8000,1,1258,27
2,0,27,8000,0,545,36.7137,0.416,11.2373,0.1224,29.5614,17.4215,2,8000,8000,1,1163,27
2,0,27,8000,0,546,38.2537,0.1,12.7838,0.113,31.2049,17.8151,2,8000,8000,1,1045,27
2,0,27,8000,0,547,40.3655,0.1472,15.1073,0.1109,33.2493,17.5262,3,8000,8000,1,1387,27
2,0,27,8000,0,548,36.5898,0.0989,12.1557,0.1351,30.1295,17.3004,2,8000,8000,1,1261,27
2,0,27,8000,0,549,37.1404,0.0765,11.5766,0.115,29.9648,17.8202,2,8000,8000,1,1184,27
2,0,27,8000,0,550,35.7029,0.1135,11.5638,0.111,29.1598,16.9213,2,8000,8000,1,1026,27
3,1,27,8000,0,151,27.1203,0.0615,1.1058,0.11,20.4072,18.778,1,8000,8000,1,314,27
3,1,27,8000,0,152,29.6081,0.0905,0.8009,0.1098,21.9682,20.6652,2,8000,8000,1,173,27
3,1,27,8000,0,153,30.0958,0.6328,1.2685,0.1134,23.4187,21.0605,2,8000,8000,1,345,27
3,1,27,8000,0,154,28.4228,0.6042,1.1676,0.1103,21.751,19.5752,1,8000,8000,1,303,27
3,1,27,8000,0,155,31.1834,0.0588,0.7607,0.1083,24.1962,22.9448,2,8000,8000,1,186,27
3,1,27,8000,0,156,27.8063,0.0647,1.2173,0.1073,21.2123,19.5264,2,8000,8000,1,347,27
3,1,27,8000,0,157,27.8049,0.083,1.2043,0.1151,20.7889,19.1137,2,8000,8000,1,596,27
3,1,27,8000,0,158,28.0431,0.0469,1.5254,0.1159,20.7222,18.7368,1,8000,8000,1,1102,27
3,1,27,8000,0,159,29.5951,0.1243,1.4735,0.1115,22.4529,20.4364,2,8000,8000,1,718,27
3,1,27,8000,0,160,29.664,0.0746,1.4607,0.1114,23.0009,21.056,2,8000,8000,1,813,27
3,1,27,8000,0,161,28.7937,0.0552,1.7113,0.1147,21.8223,19.6492,2,8000,8000,1,937,27
3,1,27,8000,0,162,30.4124,0.056,2.1521,0.1172,23.5999,20.9435,1,8000,8000,1,1077,27
3,1,27,8000,0,163,30.4576,0.6326,1.9167,0.1278,23.8585,20.8614,2,8000,8000,1,1206,27
3,1,27,8000,0,164,29.6438,0.0618,2.1661,0.1169,22.717,20.0399,2,8000,8000,1,1145,27
3,1,27,8000,0,165,29.8872,0.0844,1.8936,0.1225,22.7628,20.3038,2,8000,8000,1,1330,27
3,1,27,8000,0,166,28.4652,0.0504,1.8321,0.1139,21.0657,18.7638,2,8000,8000,1,1014,27
3,1,27,8000,0,167,28.722,0.0421,2.422,0.1126,21.8066,18.9379,1,8000,8000,1,1324,27
3,1,27,8000,0,168,30.8192,0.4107,2.5355,0.1179,23.6791,20.2181,2,8000,8000,1,1650,27
3,1,27,8000,0,169,31.406,0.2714,2.3249,0.1045,24.3032,21.3142,2,8000,8000,1,1244,27
3,1,27,8000,0,170,30.2456,0.0593,1.9607,0.11,23.6473,21.2482,2,8000,8000,1,1180,27
3,1,27,8000,0,171,30.2685,0.0643,2.5453,0.1038,23.0103,19.9713,2,8000,8000,1,1847,27
3,1,27,8000,0,172,31.8446,0.0683,2.2437,0.1151,24.9976,22.2692,1,8000,8000,1,1075,27
3,1,27,8000,0,173,28.4326,0.055,1.5421,0.1253,21.5369,19.4722,2,8000,8000,1,802,27
3,1,27,8000,0,174,29.1384,0.0621,2.002,0.1248,22.4684,19.979,2,8000,8000,1,838,27
3,1,27,8000,0,175,29.5239,0.0573,1.9014,0.1461,22.4228,19.9644,2,8000,8000,1,801,27
3,1,27,8000,0,176,27.6717,0.0604,1.7326,0.1084,20.7273,18.5353,1,8000,8000,1,800,27
3,1,27,8000,0,177,28.4824,0.0718,1.5585,0.1127,20.9771,18.8832,2,8000,8000,1,830,27
3,1,27,8000,0,178,29.9605,0.4868,1.6353,0.1134,22.9648,20.4031,2,8000,8000,1,813,27
3,1,27,8000,0,179,32.4348,0.0708,1.6716,0.1239,23.7724,21.5774,2,8000,8000,1,770,27
3,1,27,8000,0,180,28.9027,0.0561,1.4089,0.116,22.0542,20.1961,2,8000,8000,1,598,27
3,1,27,8000,0,181,27.548,0.0737,1.2374,0.1238,20.8029,19.0586,1,8000,8000,1,589,27
3,1,27,8000,0,182,26.6234,0.0526,0.9924,0.1109,19.9258,18.4899,2,8000,8000,1,445,27
3,1,27,8000,0,183,29.1993,0.0733,1.5277,0.1161,21.9215,19.8262,2,8000,8000,1,510,27
3,1,27,8000,0,184,26.8706,0.0563,1.1435,0.1103,20.2218,18.6372,1,8000,8000,1,518,27
3,1,27,8000,0,185,28.6961,0.0702,1.2197,0.1001,22.0053,20.2929,2,8000,8000,1,390,27
3,1,27,8000,0,186,29.486,0.0653,1.2541,0.1077,22.7294,20.9884,2,8000,8000,1,444,27
3,1,27,8000,0,187,30.5899,0.1149,1.2273,0.1217,23.8825,22.041,1,8000,8000,1,515,27
3,1,27,8000,0,188,28.4175,0.0621,1.226,0.1228,21.1708,19.4301,2,8000,8000,1,407,27
3,1,27,8000,0,189,27.8626,0.0518,1.1199,0.1065,20.9941,19.3839,2,8000,8000,1,431,27
3,1,27,8000,0,190,29.9638,0.0589,1.4394,0.1121,22.9257,20.9279,2,8000,8000,1,499,27
3,1,27,8000,0,191,30.1765,0.061,1.2581,0.1198,21.8176,20.031,1,8000,8000,1,529,27
3,1,27,8000,0,192,27.6938,0.0375,1.1568,0.1143,20.4477,18.8079,2,8000,8000,1,514,27
3,1,27,8000,0,193,28.6239,0.0877,1.2071,0.111,21.9796,20.2379,2,8000,8000,1,463,27
3,1,27,8000,0,194,27.9746,0.0617,1.3009,0.1163,21.6573,19.8186,2,8000,8000,1,649,27
3,1,27,8000,0,195,30.0495,0.0949,1.2638,0.1262,22.6737,20.7829,1,8000,8000,1,711,27
3,1,27,8000,0,196,29.9036,0.0849,1.5797,0.1036,23.0653,20.9434,2,8000,8000,1,694,27
3,1,27,8000,0,197,28.767,0.0718,1.3045,0.1107,21.8315,19.9766,2,8000,8000,1,607,27
3,1,27,8000,0,198,28.9415,0.0492,1.3355,0.1126,22.16,20.2156,2,8000,8000,1,693,27
3,1,27,8000,0,199,29.195,0.0757,1.5675,0.1212,22.473,20.3794,1,8000,8000,1,827,27
3,1,27,8000,0,200,29.2429,0.0523,1.4238,0.121,22.2482,20.3138,2,8000,8000,1,728,27
3,1,27,8000,0,201,28.5172,0.1196,1.5753,0.1153,21.7456,19.6094,2,8000,8000,1,692,27
3,1,27,8000,0,202,29.0981,0.0771,1.4724,0.111,22.0452,20.0206,2,8000,8000,1,890,27
3,1,27,8000,0,203,31.5689,0.0715,1.7971,0.1127,23.9249,21.5627,1,8000,8000,1,1205,27
3,1,27,8000,0,204,27.9589,0.0508,1.6497,0.109,20.7113,18.5408,2,8000,8000,1,1238,27
3,1,27,8000,0,205,28.9859,0.0369,1.8267,0.1151,21.9886,19.6784,2,8000,8000,1,1014,27
3,1,27,8000,0,206,32.1806,0.0998,1.9585,0.1182,25.3886,22.8984,2,8000,8000,1,1261,27
3,1,27,8000,0,207,29.502,0.0487,2.2893,0.1101,22.4588,19.6391,2,8000,8000,1,1859,27
3,1,27,8000,0,208,29.4396,0.0559,2.448,0.1189,22.7028,19.7704,1,8000,8000,1,2066,27
3,1,27,8000,0,209,28.6288,0.0544,2.7279,0.1105,21.9859,18.7929,2,8000,8000,1,2188,27
3,1,27,8000,0,210,33.1563,0.5853,2.8295,0.1294,26.126,22.2135,2,8000,8000,1,1395,27
3,1,27,8000,0,211,33.1608,0.5664,2.71,0.1113,24.6847,20.9871,2,8000,8000,1,2280,27
3,1,27,8000,0,212,31.7108,0.0569,3.0297,0.1122,24.7515,21.2334,2,8000,8000,1,2474,27
3,1,27,8000,0,213,35.0975,0.1365,3.9182,0.1116,27.8774,23.3566,2,8000,8000,1,2466,27
3,1,27,8000,0,214,32.4342,0.0467,2.9123,0.116,25.2467,21.8487,2,8000,8000,1,2308,27
3,1,27,8000,0,215,32.9342,0.0896,2.9841,0.1188,25.8028,22.2994,2,8000,8000,1,2344,27
3,1,27,8000,0,216,33.3102,0.0477,4.0384,0.132,26.65,21.9421,2,8000,8000,1,2412,27
3,1,27,8000,0,217,32.2412,0.0696,3.1293,0.1061,24.7416,21.1445,2,8000,8000,1,2539,27
3,1,27,8000,0,218,32.1627,0.0762,3.0143,0.1165,24.8529,21.3421,2,8000,8000,1,2508,27
3,1,27,8000,0,219,30.8424,0.052,3.4844,0.1085,23.5152,19.5539,2,8000,8000,1,2685,27
3,1,27,8000,0,220,33.8613,0.0665,3.4193,0.1292,27.1009,23.1328,1,8000,8000,1,2232,27
3,1,27,8000,0,221,33.2464,0.1255,2.9404,0.1232,26.3697,22.8516,2,8000,8000,1,2172,27
3,1,27,8000,0,222,32.8807,0.0542,2.5885,0.1222,26.0782,23.0034,2,8000,8000,1,1368,27
3,1,27,8000,0,223,28.8107,0.0638,2.4982,0.1265,22.2551,19.152,2,8000,8000,1,1399,27
3,1,27,8000,0,224,31.7311,0.0609,2.368,0.1194,23.7663,20.8873,2,8000,8000,1,1522,27
3,1,27,8000,0,225,32.0287,0.0659,2.3614,0.1189,23.5953,20.7023,2,8000,8000,1,1358,27
3,1,27,8000,0,226,28.7121,0.0481,2.2133,0.1156,21.4432,18.7478,2,8000,8000,1,1387,27
3,1,27,8000,0,227,29.7864,0.062,2.159,0.1226,22.4832,19.7981,2,8000,8000,1,1102,27
3,1,27,8000,0,228,29.7809,0.0575,2.1473,0.1254,22.983,20.2342,2,8000,8000,1,1201,27
3,1,27,8000,0,229,32.673,0.0702,2.1001,0.1229,24.7793,22.1594,1,8000,8000,1,1213,27
3,1,27,8000,0,230,28.6937,0.07,1.7079,0.119,21.3639,19.0518,2,8000,8000,1,967,27
3,1,27,8000,0,231,30.927,0.081,2.0446,0.1214,23.9113,21.2213,2,8000,8000,1,832,27
3,1,27,8000,0,232,29.5629,0.0987,1.7045,0.1011,22.4302,20.1622,2,8000,8000,1,1104,27
3,1,27,8000,0,233,29.1912,0.0638,1.8777,0.1072,21.5969,19.2098,2,8000,8000,1,1261,27
3,1,27,8000,0,234,32.9481,0.113,2.3579,0.1129,26.1182,23.166,1,8000,8000,1,1353,27
3,1,27,8000,0,235,29.5746,0.0636,1.8092,0.1236,22.3831,20.0642,2,8000,8000,1,1149,27
3,1,27,8000,0,236,31.6293,0.5357,2.0236,0.1169,24.2056,21.2061,2,8000,8000,1,1102,27
3,1,27,8000,0,237,30.9539,0.0847,2.3277,0.1249,24.0567,21.1319,2,8000,8000,1,1537,27
3,1,27,8000,0,238,31.962,0.5466,2.3784,0.1184,24.7727,21.3248,2,8000,8000,1,1517,27
3,1,27,8000,0,239,29.9064,0.0587,2.3784,0.1229,22.5581,19.6754,2,8000,8000,1,1642,27
3,1,27,8000,0,240,29.2157,0.0865,2.3944,0.1258,22.0212,19.0613,2,8000,8000,1,1597,27
3,1,27,8000,0,241,29.8858,0.4786,2.5005,0.1151,22.9132,19.5002,1,8000,8000,1,1741,27
3,1,27,8000,0,242,31.3857,0.0985,2.3141,0.1102,24.1436,21.1916,2,8000,8000,1,1476,27
3,1,27,8000,0,243,31.9914,0.0926,2.1684,0.1194,25.1298,22.4199,2,8000,8000,1,1156,27
3,1,27,8000,0,244,30.3305,0.0578,2.3221,0.1257,23.2113,20.3752,2,8000,8000,1,1457,27
3,1,27,8000,0,245,29.9371,0.0758,2.13,0.1111,22.7854,20.0962,2,8000,8000,1,1361,27
3,1,27,8000,0,246,31.9149,0.1031,2.1355,0.1122,24.7479,22.0883,2,8000,8000,1,1320,27
3,1,27,8000,0,247,29.3802,0.0529,2.1504,0.1161,22.3928,19.7517,1,8000,8000,1,1284,27
3,1,27,8000,0,248,32.704,0.0761,2.0295,0.1249,25.5552,22.9912,2,8000,8000,1,1032,27
3,1,27,8000,0,249,28.9665,0.0531,2.1781,0.1013,21.6694,19.0311,2,8000,8000,1,1065,27
3,1,27,8000,0,250,27.5053,0.0876,2.0685,0.1168,20.7151,18.1193,2,8000,8000,1,1084,27
3,1,27,8000,0,251,28.1318,0.0688,1.7817,0.125,21.5831,19.2247,2,8000,8000,1,1054,27
3,1,27,8000,0,252,29.7509,0.0607,1.9856,0.1163,22.3925,19.9293,1,8000,8000,1,1061,27
3,1,27,8000,0,253,34.0906,0.0797,1.8989,0.1762,25.705,23.1661,2,8000,8000,1,754,27
3,1,27,8000,0,254,32.698,0.1199,2.5194,0.1227,24.8029,21.7143,2,8000,8000,1,852,27
3,1,27,8000,0,255,30.881,0.0646,1.8789,0.1269,23.8645,21.3946,2,8000,8000,1,947,27
3,1,27,8000,0,256,30.2624,0.0699,2.0536,0.2058,23.2103,20.4323,2,8000,8000,1,1062,27
3,1,27,8000,0,257,30.1809,0.0644,1.9544,0.133,23.1507,20.6514,2,8000,8000,1,1092,27
3,1,27,8000,0,258,30.7007,0.0697,1.9766,0.121,23.0645,20.5304,2,8000,8000,1,1023,27
3,1,27,8000,0,259,30.0254,0.0574,1.8334,0.1188,22.5616,20.2462,1,8000,8000,1,931,27
3,1,27,8000,0,260,27.9239,0.0612,1.5564,0.1046,20.5701,18.5153,2,8000,8000,1,834,27
3,1,27,8000,0,261,29.288,0.0438,2.5834,0.1178,22.0428,18.9233,2,8000,8000,1,808,27
3,1,27,8000,0,262,28.3771,0.0652,1.7691,0.1033,21.4956,19.2785,2,8000,8000,1,1027,27
3,1,27,8000,0,263,29.0462,0.0893,1.7484,0.1141,21.2547,18.99,1,8000,8000,1,910,27
3,1,27,8000,0,264,31.3319,0.0545,1.4898,0.1156,24.4351,22.3971,2,8000,8000,1,802,27
3,1,27,8000,0,265,34.1202,0.416,1.8839,0.1172,25.6005,22.8378,2,8000,8000,1,757,27
3,1,27,8000,0,266,31.2056,0.0804,1.7427,0.152,24.336,22.0395,2,8000,8000,1,947,27
3,1,27,8000,0,267,30.8191,0.0572,1.7834,0.126,23.5003,21.2105,2,8000,8000,1,924,27
3,1,27,8000,0,268,31.5804,0.0555,2.1379,0.1307,23.2304,20.5486,2,8000,8000,1,1035,27
3,1,27,8000,0,269,30.1566,0.0593,1.702,0.1108,23.2405,21.0572,2,8000,8000,1,1014,27
3,1,27,8000,0,270,27.8619,0.0593,1.7878,0.1279,21.2277,18.9327,1,8000,8000,1,1051,27
3,1,27,8000,0,271,29.7932,0.0497,1.8931,0.1246,22.7808,20.2888,2,8000,8000,1,827,27
3,1,27,8000,0,272,29.3263,0.0604,1.8861,0.1149,22.1834,19.7916,2,8000,8000,1,829,27
3,1,27,8000,0,273,28.9274,0.061,2.0923,0.1155,21.6905,19.106,2,8000,8000,1,1048,27
3,1,27,8000,0,274,29.2642,0.0659,1.9009,0.1162,22.1421,19.7603,1,8000,8000,1,1017,27
3,1,27,8000,0,275,31.3351,0.066,1.8409,0.1341,24.1911,21.7805,2,8000,8000,1,773,27
3,1,27,8000,0,276,32.0936,0.0753,1.8816,0.1278,25.0284,22.5711,2,8000,8000,1,831,27
3,1,27,8000,0,277,32.5631,0.0602,1.9023,0.1217,24.4735,22.039,2,8000,8000,1,983,27
3,1,27,8000,0,278,30.3999,0.0587,1.8974,0.1189,23.5381,21.1299,2,8000,8000,1,1051,27
3,1,27,8000,0,279,32.3536,0.0582,1.9789,0.1475,24.9469,22.3824,2,8000,8000,1,1018,27
3,1,27,8000,0,280,29.8212,0.0762,1.7022,0.1182,22.7874,20.5798,2,8000,8000,1,957,27
3,1,27,8000,0,281,30.4831,0.0646,1.88,0.1186,22.7412,20.35,1,8000,8000,1,1048,27
3,1,27,8000,0,282,29.3591,0.0638,1.8345,0.1022,22.2617,19.9184,2,8000,8000,1,801,27
3,1,27,8000,0,283,27.9751,0.053,1.6827,0.1178,20.9629,18.7834,2,8000,8000,1,833,27
3,1,27,8000,0,284,29.2186,0.0563,1.7168,0.1198,22.2578,20.0385,2,8000,8000,1,835,27
3,1,27,8000,0,285,28.0082,0.0963,1.8916,0.1335,21.211,18.6966,1,8000,8000,1,878,27
3,1,27,8000,0,286,29.4149,0.0534,1.5426,0.119,20.9206,18.8058,2,8000,8000,1,787,27
3,1,27,8000,0,287,30.2694,0.1007,1.6947,0.1112,22.5508,20.3569,2,8000,8000,1,757,27
3,1,27,8000,0,288,30.3695,0.0567,1.6421,0.1209,23.4019,21.2499,2,8000,8000,1,914,27
3,1,27,8000,0,289,28.774,0.0634,1.7004,0.1178,21.9928,19.8157,2,8000,8000,1,873,27
3,1,27,8000,0,290,29.0305,0.0517,1.8748,0.121,21.8486,19.4505,1,8000,8000,1,982,27
3,1,27,8000,0,291,30.1587,0.0579,1.4794,0.1142,23.0543,21.0592,2,8000,8000,1,765,27
3,1,27,8000,0,292,29.135,0.0417,1.7776,0.1161,21.3726,19.0511,2,8000,8000,1,748,27
3,1,27,8000,0,293,30.7827,0.047,1.9012,0.1415,23.7208,21.1853,2,8000,8000,1,784,27
3,1,27,8000,0,294,39.9251,0.0563,1.9388,0.1251,29.9066,27.3812,1,8000,8000,1,949,27
3,1,27,8000,0,295,31.2517,0.0566,1.5431,0.1413,23.4966,21.3343,3,8000,8000,1,728,27
3,1,27,8000,0,296,29.5988,0.0639,1.9122,0.1255,22.4765,20.0544,2,8000,8000,1,927,27
3,1,27,8000,0,297,29.7824,0.0623,1.8055,0.1212,21.856,19.4688,1,8000,8000,1,971,27
3,1,27,8000,0,298,29.7695,0.0623,1.3936,0.1138,21.7768,19.9212,2,8000,8000,1,716,27
3,1,27,8000,0,299,29.3835,0.0591,1.6418,0.1175,22.1126,19.9521,2,8000,8000,1,753,27
3,1,27,8000,0,300,30.9915,0.0767,1.8285,0.1114,23.9419,21.6115,2,8000,8000,1,898,27
3,1,27,8000,0,301,31.6732,0.0733,1.7293,0.1209,24.5753,22.3361,2,8000,8000,1,852,27
3,1,27,8000,0,302,28.8206,0.4411,1.6956,0.1204,21.7829,19.2329,2,8000,8000,1,952,27
3,1,27,8000,0,303,30.1893,0.0431,1.6602,0.12,23.1022,20.9374,1,8000,8000,1,875,27
3,1,27,8000,0,304,31.6354,0.053,1.4579,0.1169,23.9487,21.923,2,8000,8000,1,579,27
3,1,27,8000,0,305,29.0694,0.0577,1.5601,0.1202,22.1953,20.1449,2,8000,8000,1,755,27
3,1,27,8000,0,306,28.5605,0.0683,1.8174,0.1251,21.6353,19.3071,2,8000,8000,1,852,27
3,1,27,8000,0,307,28.2535,0.0608,1.6832,0.1174,21.3393,19.1215,1,8000,8000,1,899,27
3,1,27,8000,0,308,29.9145,0.0665,1.4534,0.1302,22.5709,20.5524,2,8000,8000,1,650,27
3,1,27,8000,0,309,30.0772,0.0681,1.5825,0.1199,22.6926,20.5909,2,8000,8000,1,750,27
3,1,27,8000,0,310,27.9777,0.0574,1.703,0.1112,20.7419,18.5345,2,8000,8000,1,877,27
3,1,27,8000,0,311,28.0191,0.0584,1.6587,0.1084,21.5327,19.4041,1,8000,8000,1,890,27
3,1,27,8000,0,312,31.8795,0.0623,1.5108,0.1274,25.1228,23.0563,2,8000,8000,1,736,27
3,1,27,8000,0,313,29.5747,0.0595,1.7589,0.1125,22.639,20.3953,2,8000,8000,1,754,27
3,1,27,8000,0,314,28.9107,0.0561,1.8245,0.1191,21.7951,19.4638,2,8000,8000,1,1152,27
3,1,27,8000,0,315,31.22,0.1361,1.9575,0.1271,23.8897,21.3455,2,8000,8000,1,965,27
3,1,27,8000,0,316,30.7156,0.047,2.0884,0.1242,23.7547,21.0395,1,8000,8000,1,959,27
3,1,27,8000,0,317,29.8518,0.0848,1.5279,0.1225,22.9514,20.8539,2,8000,8000,1,758,27
3,1,27,8000,0,318,29.3739,0.0619,1.697,0.1242,22.1534,19.9035,2,8000,8000,1,704,27
3,1,27,8000,0,319,30.0094,0.0662,1.6837,0.1295,21.2991,19.0134,2,8000,8000,1,1012,27
3,1,27,8000,0,320,34.7187,0.5029,2.1042,0.1313,27.0631,23.9538,2,8000,8000,1,1104,27
3,1,27,8000,0,321,31.3134,0.0682,2.0271,0.1132,23.3031,20.7681,2,8000,8000,1,1090,27
3,1,27,8000,0,322,30.8103,0.0478,1.8166,0.1663,22.1679,19.8099,2,8000,8000,1,969,27
3,1,27,8000,0,323,30.279,0.065,1.9763,0.1285,22.9794,20.4361,1,8000,8000,1,1021,27
3,1,27,8000,0,324,33.4305,0.062,1.7867,0.1357,25.3428,23.0083,2,8000,8000,1,808,27
3,1,27,8000,0,325,31.6798,0.1264,1.8207,0.1195,24.5912,22.1812,2,8000,8000,1,958,27
3,1,27,8000,0,326,30.2377,0.0629,2.0197,0.1064,22.9971,20.5058,2,8000,8000,1,1098,27
3,1,27,8000,0,327,30.9834,0.0576,2.3384,0.1277,23.9267,21.0441,2,8000,8000,1,1170,27
3,1,27,8000,0,328,29.5898,0.0722,2.0374,0.1307,22.2093,19.4744,2,8000,8000,1,1148,27
3,1,27,8000,0,329,30.032,0.0647,1.9801,0.1279,22.5655,20.1017,2,8000,8000,1,1171,27
3,1,27,8000,0,330,30.5556,0.0528,2.3151,0.1568,23.1424,20.2253,1,8000,8000,1,1196,27
3,1,27,8000,0,331,29.7842,0.0683,1.8147,0.1768,22.3772,19.9747,2,8000,8000,1,937,27
3,1,27,8000,0,332,27.8077,0.0858,1.7579,0.1075,20.9177,18.6618,2,8000,8000,1,876,27
3,1,27,8000,0,333,28.2462,0.1504,1.8891,0.1143,21.6575,19.1482,2,8000,8000,1,1125,27
3,1,27,8000,0,334,28.6522,0.0575,2.1845,0.1157,21.9928,19.2477,1,8000,8000,1,1059,27
3,1,27,8000,0,335,29.9819,0.0512,1.8439,0.1148,22.2997,19.9799,2,8000,8000,1,973,27
3,1,27,8000,0,336,31.7683,0.2409,2.3439,0.1193,24.8894,21.851,2,8000,8000,1,829,27
3,1,27,8000,0,337,30.0211,0.0633,1.9611,0.1416,23.0732,20.504,2,8000,8000,1,1193,27
3,1,27,8000,0,338,32.2776,0.0535,2.0574,0.1753,23.7026,20.8868,2,8000,8000,1,1181,27
3,1,27,8000,0,339,31.573,0.5214,2.0875,0.1205,24.6179,21.5594,2,8000,8000,1,1043,27
3,1,27,8000,0,340,29.0928,0.1006,2.0236,0.1223,22.2288,19.6441,1,8000,8000,1,1118,27
3,1,27,8000,0,341,27.6072,0.0525,1.575,0.108,20.2693,18.2079,2,8000,8000,1,903,27
3,1,27,8000,0,342,29.1659,0.0532,2.4926,0.1645,22.4695,19.166,2,8000,8000,1,1011,27
3,1,27,8000,0,343,30.7224,0.0589,2.0956,0.1238,22.6781,20.0757,2,8000,8000,1,1128,27
3,1,27,8000,0,344,28.125,0.0707,1.7937,0.1091,21.1103,18.8197,1,8000,8000,1,1142,27
3,1,27,8000,0,345,29.471,0.0789,1.9323,0.119,22.8232,20.2611,2,8000,8000,1,958,27
3,1,27,8000,0,346,30.9698,0.0737,2.4062,0.1075,23.0519,20.1805,2,8000,8000,1,846,27
3,1,27,8000,0,347,28.5153,0.0784,1.7726,0.1095,21.4911,19.2085,2,8000,8000,1,1056,27
3,1,27,8000,0,348,28.9903,0.095,1.7572,0.1316,21.9019,19.5396,1,8000,8000,1,1016,27
3,1,27,8000,0,349,29.8502,0.0567,1.6061,0.1192,22.0711,19.9976,2,8000,8000,1,810,27
3,1,27,8000,0,350,27.1783,0.0406,1.5656,0.1143,20.4652,18.3858,2,8000,8000,1,839,27
3,1,27,8000,0,351,28.6759,0.0878,1.9474,0.1174,21.9166,19.4221,2,8000,8000,1,1106,27
3,1,27,8000,0,352,31.2632,0.0599,2.0249,0.1259,22.7708,20.1974,1,8000,8000,1,1057,27
3,1,27,8000,0,353,29.5771,0.057,1.883,0.1241,21.9222,19.5313,2,8000,8000,1,909,27
3,1,27,8000,0,354,32.7087,0.526,2.0173,0.109,24.3273,21.317,2,8000,8000,1,846,27
3,1,27,8000,0,355,31.0558,0.0947,2.0978,0.1096,22.4237,19.8145,2,8000,8000,1,1145,27
3,1,27,8000,0,356,29.8292,0.0584,2.2069,0.1305,23.1447,20.3119,2,8000,8000,1,1039,27
3,1,27,8000,0,357,29.8604,0.0829,1.911,0.1153,22.8847,20.428,2,8000,8000,1,1015,27
3,1,27,8000,0,358,29.9907,0.0857,2.0137,0.1631,23.2975,20.6809,1,8000,8000,1,1121,27
3,1,27,8000,0,359,28.9001,0.0788,1.5696,0.1105,21.7634,19.6901,2,8000,8000,1,834,27
3,1,27,8000,0,360,28.3495,0.0681,1.6403,0.1176,20.8728,18.719,2,8000,8000,1,777,27
3,1,27,8000,0,361,31.849,0.0705,2.3644,0.1149,25.1507,22.2275,2,8000,8000,1,1005,27
3,1,27,8000,0,362,28.4003,0.045,1.7576,0.1151,21.4525,19.2331,2,8000,8000,1,941,27
3,1,27,8000,0,363,28.2996,0.0518,1.6856,0.121,21.4572,19.2506,1,8000,8000,1,955,27
3,1,27,8000,0,364,29.7734,0.0947,1.8683,0.1105,22.6262,20.1993,2,8000,8000,1,1026,27
3,1,27,8000,0,365,30.4154,0.0573,1.848,0.1078,22.2051,19.8938,2,8000,8000,1,830,27
3,1,27,8000,0,366,27.1344,0.0931,1.584,0.1006,20.3424,18.3032,2,8000,8000,1,1014,27
3,1,27,8000,0,367,29.3446,0.061,1.8649,0.11,22.0362,19.671,1,8000,8000,1,1008,27
3,1,27,8000,0,368,30.2571,0.0619,1.6458,0.1482,22.5376,20.3567,2,8000,8000,1,919,27
3,1,27,8000,0,369,28.0116,0.0427,1.6145,0.1073,20.7744,18.6799,2,8000,8000,1,857,27
3,1,27,8000,0,370,29.1772,0.1153,1.8183,0.1132,22.2991,19.8994,1,8000,8000,1,1120,27
3,1,27,8000,0,371,29.2088,0.0637,1.7249,0.1208,22.1786,19.9551,2,8000,8000,1,932,27
3,1,27,8000,0,372,33.1277,0.5144,1.7826,0.118,24.411,21.6869,2,8000,8000,1,900,27
3,1,27,8000,0,373,30.1363,0.1188,1.677,0.1063,23.4346,21.1932,2,8000,8000,1,1051,27
3,1,27,8000,0,374,28.6967,0.0574,2.2161,0.1053,21.8439,19.1604,2,8000,8000,1,1130,27
3,1,27,8000,0,375,28.7144,0.0511,1.6785,0.1099,21.705,19.5609,1,8000,8000,1,1013,27
3,1,27,8000,0,376,30.144,0.0635,1.6012,0.118,22.8975,20.7915,2,8000,8000,1,952,27
3,1,27,8000,0,377,28.3111,0.0527,1.7497,0.1092,20.7923,18.5965,2,8000,8000,1,823,27
3,1,27,8000,0,378,28.717,0.0493,1.8644,0.1188,21.582,19.246,2,8000,8000,1,1045,27
3,1,27,8000,0,379,28.8738,0.0533,1.7346,0.1142,21.0536,18.8133,1,8000,8000,1,1051,27
3,1,27,8000,0,380,28.6742,0.0654,1.856,0.1155,22.144,19.7959,2,8000,8000,1,933,27
3,1,27,8000,0,381,29.4472,0.0905,1.6963,0.1125,22.5411,20.2981,2,8000,8000,1,894,27
3,1,27,8000,0,382,29.3776,0.0721,1.6635,0.1276,22.4047,20.1787,2,8000,8000,1,1057,27
3,1,27,8000,0,383,32.7563,0.0488,2.1357,0.1286,26.0387,23.3159,1,8000,8000,1,1134,27
3,1,27,8000,0,384,28.7592,0.053,1.707,0.111,21.9615,19.7875,2,8000,8000,1,920,27
3,1,27,8000,0,385,27.5367,0.057,1.5442,0.1129,20.5849,18.5517,2,8000,8000,1,833,27
3,1,27,8000,0,386,30.0482,0.0589,1.6856,0.118,21.6699,19.4823,2,8000,8000,1,917,27
3,1,27,8000,0,387,30.1663,0.1139,1.9182,0.11,22.9523,20.4526,2,8000,8000,1,1129,27
3,1,27,8000,0,388,29.9211,0.0663,1.9476,0.1207,22.8119,20.3047,1,8000,8000,1,1104,27
3,1,27,8000,0,389,29.3492,0.0576,1.7866,0.1246,21.7058,19.3725,2,8000,8000,1,1066,27
3,1,27,8000,0,390,28.2944,0.0537,1.886,0.1126,21.4833,19.1179,2,8000,8000,1,835,27
3,1,27,8000,0,391,32.2031,0.0642,2.255,0.1348,25.3881,22.5359,2,8000,8000,1,1013,27
3,1,27,8000,0,392,30.0011,0.0837,1.7226,0.125,22.7184,20.4503,2,8000,8000,1,1015,27
3,1,27,8000,0,393,29.7282,0.0721,1.8848,0.1198,22.8812,20.4544,1,8000,8000,1,1091,27
3,1,27,8000,0,394,29.9271,0.0536,1.6163,0.1177,22.9203,20.8031,2,8000,8000,1,1000,27
3,1,27,8000,0,395,29.8897,0.0702,1.8601,0.1201,22.8112,20.399,2,8000,8000,1,863,27
3,1,27,8000,0,396,28.8168,0.0493,1.8863,0.1183,21.2896,18.9268,2,8000,8000,1,1043,27
3,1,27,8000,0,397,30.7923,0.1203,1.8599,0.1127,23.153,20.7326,1,8000,8000,1,1069,27
3,1,27,8000,0,398,30.4593,0.4997,1.6507,0.1081,23.7008,21.0796,2,8000,8000,1,1041,27
3,1,27,8000,0,399,28.6305,0.0589,1.8639,0.1062,21.5088,19.1474,2,8000,8000,1,842,27
3,1,27,8000,0,400,30.5845,0.4841,1.9844,0.1228,23.1922,20.3096,2,8000,8000,1,1174,27
3,1,27,8000,0,401,28.2417,0.0545,1.8608,0.1092,21.0692,18.6936,2,8000,8000,1,1227,27
3,1,27,8000,0,402,30.983,0.1491,2.0466,0.1084,23.3809,20.77,1,8000,8000,1,1222,27
3,1,27,8000,0,403,28.477,0.0581,1.8589,0.1087,21.7244,19.344,2,8000,8000,1,1162,27
3,1,27,8000,0,404,27.8895,0.0586,1.8702,0.1226,20.8958,18.5586,2,8000,8000,1,894,27
3,1,27,8000,0,405,30.0883,0.0537,1.902,0.1153,21.2104,18.7968,2,8000,8000,1,1009,27
3,1,27,8000,0,406,30.6265,0.4723,1.9779,0.1144,23.0056,20.1071,1,8000,8000,1,1315,27
3,1,27,8000,0,407,28.4988,0.0555,1.824,0.1144,21.2715,18.9637,2,8000,8000,1,1176,27
3,1,27,8000,0,408,28.2118,0.0445,1.9346,0.119,21.2822,18.8649,2,8000,8000,1,965,27
3,1,27,8000,0,409,32.1251,0.0905,1.9882,0.1091,23.3565,20.8496,2,8000,8000,1,1313,27
3,1,27,8000,0,410,29.1571,0.6083,2.114,0.1108,22.4019,19.2223,2,8000,8000,1,1144,27
3,1,27,8000,0,411,30.183,0.0688,1.8708,0.1156,23.1974,20.8218,1,8000,8000,1,1166,27
3,1,27,8000,0,412,27.8768,0.0989,1.7545,0.118,20.9415,18.597,2,8000,8000,1,904,27
3,1,27,8000,0,413,29.3867,0.4793,1.9762,0.1156,22.5618,19.6953,2,8000,8000,1,907,27
3,1,27,8000,0,414,30.5384,0.0638,1.9739,0.1263,22.6846,20.2255,2,8000,8000,1,1086,27
3,1,27,8000,0,415,28.1327,0.0672,1.8342,0.1059,21.1618,18.8475,1,8000,8000,1,1025,27
3,1,27,8000,0,416,27.5295,0.0448,1.6881,0.1118,20.1381,17.9423,2,8000,8000,1,965,27
3,1,27,8000,0,417,29.6431,0.0534,1.8334,0.1203,22.5948,20.1929,2,8000,8000,1,885,27
3,1,27,8000,0,418,31.5401,0.1216,1.9518,0.1114,23.8092,21.207,2,8000,8000,1,1111,27
3,1,27,8000,0,419,29.9968,0.0818,1.9883,0.1216,23.2639,20.733,1,8000,8000,1,1207,27
3,1,27,8000,0,420,30.2381,0.0547,1.6857,0.1071,23.4249,21.2598,2,8000,8000,1,945,27
3,1,27,8000,0,421,29.8773,0.5633,1.8924,0.1084,23.1732,20.3006,2,8000,8000,1,933,27
3,1,27,8000,0,422,27.5712,0.0583,1.8848,0.1139,20.4999,18.1418,2,8000,8000,1,1056,27
3,1,27,8000,0,423,29.7393,0.0507,1.9829,0.1167,21.5266,19.0208,2,8000,8000,1,1149,27
3,1,27,8000,0,424,28.7625,0.0569,2.1312,0.1297,21.7193,19.0244,1,8000,8000,1,1261,27
3,1,27,8000,0,425,29.4404,0.0545,1.7415,0.121,21.9292,19.6508,2,8000,8000,1,997,27
3,1,27,8000,0,426,30.2709,0.1181,1.8877,0.1076,23.2508,20.8686,2,8000,8000,1,945,27
3,1,27,8000,0,427,31.1408,0.5846,1.9705,0.1145,24.1987,21.1945,2,8000,8000,1,1091,27
3,1,27,8000,0,428,32.2531,0.3597,2.114,0.1208,25.3904,22.3213,1,8000,8000,1,1065,27
3,1,27,8000,0,429,31.0023,0.0538,1.6539,0.1109,23.8008,21.6531,2,8000,8000,1,979,27
3,1,27,8000,0,430,30.6135,0.0605,2.0231,0.1173,23.4887,20.9189,2,8000,8000,1,868,27
3,1,27,8000,0,431,29.6471,0.0466,1.8531,0.1187,21.0887,18.7473,2,8000,8000,1,992,27
3,1,27,8000,0,432,29.0579,0.0577,2.7556,0.1219,22.3117,18.6358,2,8000,8000,1,1083,27
3,1,27,8000,0,433,37.466,0.0722,2.0866,0.1261,25.3748,22.7194,2,8000,8000,1,976,27
3,1,27,8000,0,434,29.8527,0.0603,1.9159,0.1236,22.973,20.5428,2,8000,8000,1,940,27
3,1,27,8000,0,435,29.808,0.0548,1.7126,0.1223,22.391,20.1475,2,8000,8000,1,986,27
3,1,27,8000,0,436,29.7671,0.0457,1.7607,0.1199,22.317,19.9878,1,8000,8000,1,925,27
3,1,27,8000,0,437,26.9185,0.072,1.4624,0.1119,20.1172,18.1919,2,8000,8000,1,786,27
3,1,27,8000,0,438,26.9875,0.0736,1.5517,0.1143,20.3518,18.213,2,8000,8000,1,720,27
3,1,27,8000,0,439,30.1094,0.4928,1.6962,0.1101,22.9796,20.3051,1,8000,8000,1,851,27
3,1,27,8000,0,440,30.7692,0.0536,1.3808,0.1103,22.8236,20.9496,2,8000,8000,1,843,27
3,1,27,8000,0,441,28.1029,0.057,1.6597,0.1107,20.9517,18.733,2,8000,8000,1,782,27
3,1,27,8000,0,442,29.5768,0.0787,1.9272,0.1123,22.3923,19.9102,2,8000,8000,1,1008,27
3,1,27,8000,0,443,28.0542,0.1077,1.8024,0.1266,21.1731,18.6942,2,8000,8000,1,987,27
3,1,27,8000,0,444,29.8803,0.0498,1.9817,0.1139,21.6416,19.1919,1,8000,8000,1,1042,27
3,1,27,8000,0,445,28.0972,0.0472,1.8403,0.1086,20.7186,18.3712,2,8000,8000,1,790,27
3,1,27,8000,0,446,29.0791,0.0669,1.7455,0.1166,21.9507,19.6853,2,8000,8000,1,792,27
3,1,27,8000,0,447,30.7175,0.0921,2.0349,0.1089,23.825,21.2799,1,8000,8000,1,1033,27
3,1,27,8000,0,448,30.7971,0.082,1.3726,0.1054,23.4791,21.5791,2,8000,8000,1,864,27
3,1,27,8000,0,449,29.8851,0.0617,1.9408,0.1181,22.8747,20.3808,2,8000,8000,1,797,27
3,1,27,8000,0,450,30.2768,0.5465,1.835,0.1141,23.2827,20.4893,2,8000,8000,1,1066,27
3,1,27,8000,0,451,29.768,0.0967,2.0406,0.117,22.815,20.1136,2,8000,8000,1,1079,27
3,1,27,8000,0,452,30.2894,0.0527,1.8961,0.1164,22.7848,20.358,2,8000,8000,1,1112,27
3,1,27,8000,0,453,29.9234,0.0471,2.0421,0.1158,21.8046,19.1803,1,8000,8000,1,966,27
3,1,27,8000,0,454,28.0063,0.0532,1.545,0.1065,20.6239,18.6063,2,8000,8000,1,970,27
3,1,27,8000,0,455,28.9686,0.0647,1.7782,0.1164,22.2237,19.9392,2,8000,8000,1,762,27
3,1,27,8000,0,456,31.3304,0.0503,1.8417,0.113,22.6758,20.3552,2,8000,8000,1,1011,27
3,1,27,8000,0,457,30.6051,0.0718,1.8861,0.1096,23.012,20.6226,1,8000,8000,1,1088,27
3,1,27,8000,0,458,32.5206,0.5659,2.1406,0.1405,23.9066,20.2864,2,8000,8000,1,985,27
3,1,27,8000,0,459,30.5679,0.0607,1.692,0.1125,23.0298,20.8549,2,8000,8000,1,775,27
3,1,27,8000,0,460,30.1946,0.6075,1.727,0.1138,23.3833,20.606,2,8000,8000,1,1070,27
3,1,27,8000,0,461,29.9895,0.0564,2.0795,0.1187,23.1938,20.5953,2,8000,8000,1,1279,27
3,1,27,8000,0,462,30.3762,0.0671,2.0829,0.113,23.1131,20.5109,2,8000,8000,1,1317,27
3,1,27,8000,0,463,30.1752,0.0687,2.1018,0.1225,23.1147,20.4817,1,8000,8000,1,1157,27
3,1,27,8000,0,464,31.0043,0.0692,1.7567,0.1251,23.321,20.9952,2,8000,8000,1,974,27
3,1,27,8000,0,465,30.1736,0.0642,2.0926,0.1237,22.8641,20.2338,2,8000,8000,1,1033,27
3,1,27,8000,0,466,29.3806,0.0546,2.1115,0.1131,22.22,19.5812,2,8000,8000,1,1093,27
3,1,27,8000,0,467,29.2116,0.0527,1.7574,0.1169,22.6386,20.3793,2,8000,8000,1,993,27
3,1,27,8000,0,468,28.6989,0.0664,1.8811,0.1084,21.7578,19.3864,1,8000,8000,1,1262,27
3,1,27,8000,0,469,30.954,0.0923,1.8844,0.1106,24.4997,22.0625,2,8000,8000,1,898,27
3,1,27,8000,0,470,29.3312,0.0619,1.8341,0.1183,22.4356,20.0755,2,8000,8000,1,869,27
3,1,27,8000,0,471,29.0564,0.0521,1.7919,0.1092,20.8649,18.5901,2,8000,8000,1,978,27
3,1,27,8000,0,472,28.3874,0.0587,1.9038,0.1078,21.3419,18.9363,2,8000,8000,1,1150,27
3,1,27,8000,0,473,28.5551,0.0631,1.8255,0.1157,21.5449,19.2362,1,8000,8000,1,1194,27
3,1,27,8000,0,474,30.4937,0.5499,1.9991,0.1099,23.0811,20.0831,2,8000,8000,1,972,27
3,1,27,8000,0,475,28.4263,0.0678,1.8552,0.1142,21.4136,19.0388,2,8000,8000,1,883,27
3,1,27,8000,0,476,27.1695,0.0749,1.6336,0.1133,20.2207,18.0624,2,8000,8000,1,992,27
3,1,27,8000,0,477,32.1081,0.5555,2.0844,0.1142,24.9279,21.8413,1,8000,8000,1,1217,27
3,1,27,8000,0,478,30.5382,0.0601,1.741,0.1112,23.8156,21.5668,2,8000,8000,1,1005,27
3,1,27,8000,0,479,30.0579,0.1148,1.7627,0.1063,22.8383,20.187,2,8000,8000,1,813,27
3,1,27,8000,0,480,27.8189,0.0492,1.7608,0.1136,21.0634,18.8338,2,8000,8000,1,1147,27
3,1,27,8000,0,481,28.581,0.0571,1.9782,0.1285,21.8213,19.3203,1,8000,8000,1,1090,27
3,1,27,8000,0,482,30.1206,0.06,1.7053,0.1261,23.1188,20.8667,2,8000,8000,1,951,27
3,1,27,8000,0,483,29.5719,0.0602,1.8528,0.1152,22.3698,20.0228,2,8000,8000,1,927,27
3,1,27,8000,0,484,28.5536,0.0608,1.9207,0.117,21.6242,19.2106,2,8000,8000,1,1072,27
3,1,27,8000,0,485,32.7765,0.0567,2.6049,0.1371,25.0012,21.8331,1,8000,8000,1,1299,27
3,1,27,8000,0,486,30.43,0.2252,1.7914,0.1307,22.9954,20.4684,2,8000,8000,1,1017,27
3,1,27,8000,0,487,29.6003,0.0665,1.973,0.1179,22.5188,19.953,2,8000,8000,1,746,27
3,1,27,8000,0,488,31.9743,0.5281,1.983,0.1164,24.7095,21.8002,2,8000,8000,1,1099,27
3,1,27,8000,0,489,32.8809,0.0857,1.9893,0.1221,25.7634,23.098,2,8000,8000,1,1215,27
3,1,27,8000,0,490,30.075,0.0619,1.7961,0.1234,22.8819,20.5868,2,8000,8000,1,1174,27
3,1,27,8000,0,491,31.2886,0.0605,2.1235,0.1254,23.6074,20.9164,2,8000,8000,1,1015,27
3,1,27,8000,0,492,30.9347,0.0576,2.0945,0.1206,23.0112,20.3564,2,8000,8000,1,1109,27
3,1,27,8000,0,493,29.2817,0.0637,2.0746,0.1163,22.1167,19.5581,1,8000,8000,1,1156,27
3,1,27,8000,0,494,28.6465,0.0423,1.77,0.1232,21.5037,19.2293,2,8000,8000,1,1218,27
3,1,27,8000,0,495,34.5427,0.0582,3.4466,0.123,27.1364,23.1203,2,8000,8000,1,1218,27
3,1,27,8000,0,496,30.6694,0.0504,2.2704,0.1301,22.7106,19.811,2,8000,8000,1,1105,27
3,1,27,8000,0,497,30.1875,0.0691,2.0556,0.1391,22.4853,19.8879,2,8000,8000,1,1191,27
3,1,27,8000,0,498,27.6339,0.0489,2.0051,0.1147,20.7563,18.2737,2,8000,8000,1,1084,27
3,1,27,8000,0,499,28.6326,0.0622,1.9499,0.123,21.2822,18.8376,1,8000,8000,1,1115,27
3,1,27,8000,0,500,31.7645,0.0935,1.6654,0.143,24.2484,22.0562,2,8000,8000,1,924,27
3,1,27,8000,0,501,30.4143,0.5069,2.0057,0.1259,23.2101,20.2224,2,8000,8000,1,825,27
3,1,27,8000,0,502,31.6919,0.0586,2.0228,0.1219,24.4352,21.8293,2,8000,8000,1,1188,27
3,1,27,8000,0,503,31.9868,0.0611,1.9993,0.1257,25.0108,22.4558,2,8000,8000,1,1116,27
3,1,27,8000,0,504,30.9951,0.0625,2.181,0.1233,23.8878,21.1973,2,8000,8000,1,1212,27
3,1,27,8000,0,505,29.0924,0.0523,1.9694,0.1262,21.9219,19.4784,1,8000,8000,1,1117,27
3,1,27,8000,0,506,28.9341,0.0545,1.7651,0.1229,21.7718,19.5131,2,8000,8000,1,912,27
3,1,27,8000,0,507,29.5996,0.0651,1.9945,0.1156,22.0526,19.4495,2,8000,8000,1,919,27
3,1,27,8000,0,508,28.8699,0.0446,1.9747,0.1138,21.201,18.7629,2,8000,8000,1,1206,27
3,1,27,8000,0,509,29.4595,0.6081,2.0143,0.1219,22.6951,19.5838,1,8000,8000,1,1037,27
3,1,27,8000,0,510,31.7543,0.0714,1.9059,0.1239,24.5371,21.9726,2,8000,8000,1,906,27
3,1,27,8000,0,511,31.1705,0.5118,1.9818,0.1162,24.0023,21.0163,2,8000,8000,1,937,27
3,1,27,8000,0,512,30.52,0.0568,1.9137,0.1157,23.1416,20.6766,2,8000,8000,1,1010,27
3,1,27,8000,0,513,29.6352,0.4905,1.9803,0.1155,22.7978,19.8969,2,8000,8000,1,1025,27
3,1,27,8000,0,514,29.578,0.0405,2.0038,0.1247,22.706,20.128,2,8000,8000,1,1109,27
3,1,27,8000,0,515,30.5683,0.0543,2.055,0.1278,22.5746,19.9925,1,8000,8000,1,954,27
3,1,27,8000,0,516,30.2763,0.0563,1.6895,0.116,23.085,20.8966,2,8000,8000,1,844,27
3,1,27,8000,0,517,29.829,0.0516,1.7892,0.1234,22.3335,20.0277,2,8000,8000,1,859,27
3,1,27,8000,0,518,31.1284,0.0548,2.0444,0.1265,24.1677,21.5801,2,8000,8000,1,1042,27
3,1,27,8000,0,519,30.3369,0.0478,2.102,0.1226,21.9249,19.3014,2,8000,8000,1,1143,27
3,1,27,8000,0,520,31.5443,0.4977,2.0455,0.1317,24.7603,21.6726,1,8000,8000,1,1118,27
3,1,27,8000,0,521,31.8457,0.1016,1.8351,0.1243,24.1468,21.719,2,8000,8000,1,937,27
3,1,27,8000,0,522,30.1898,0.0664,2.0037,0.1261,23.1169,20.5272,2,8000,8000,1,869,27
3,1,27,8000,0,523,35.3487,0.0902,1.7974,0.1171,25.9058,23.5791,2,8000,8000,1,975,27
3,1,27,8000,0,524,31.5423,0.4234,1.859,0.1276,24.2693,21.5041,2,8000,8000,1,1022,27
3,1,27,8000,0,525,31.6197,0.0538,2.0289,0.1189,24.1971,21.5209,2,8000,8000,1,1082,27
3,1,27,8000,0,526,30.2645,0.0456,2.0166,0.1171,22.9235,20.4111,2,8000,8000,1,1055,27
3,1,27,8000,0,527,29.1831,0.0547,1.8519,0.1172,22.3899,19.9989,2,8000,8000,1,1069,27
3,1,27,8000,0,528,31.3967,0.0692,2.0549,0.1232,24.2139,21.6248,2,8000,8000,1,1081,27
3,1,27,8000,0,529,32.7982,0.0436,2.3771,0.1362,24.1566,21.2098,1,8000,8000,1,1067,27
3,1,27,8000,0,530,27.855,0.0495,1.645,0.109,20.4216,18.3094,2,8000,8000,1,1053,27
3,1,27,8000,0,531,28.3976,0.0637,1.9407,0.122,22.0696,19.5872,2,8000,8000,1,919,27
3,1,27,8000,0,532,29.7667,0.0513,1.735,0.1144,21.542,19.3462,2,8000,8000,1,1031,27
3,1,27,8000,0,533,30.3074,0.0568,2.2277,0.1252,22.8246,20.0743,2,8000,8000,1,1004,27
3,1,27,8000,0,534,29.9251,0.0635,1.946,0.1222,23.0014,20.3969,1,8000,8000,1,1078,27
3,1,27,8000,0,535,32.4975,0.4785,1.9132,0.1234,24.7099,21.8972,2,8000,8000,1,947,27
3,1,27,8000,0,536,32.8443,0.1163,2.1666,0.127,25.5867,22.7932,2,8000,8000,1,890,27
3,1,27,8000,0,537,31.4212,0.1484,2.2961,0.1233,24.1388,21.2064,2,8000,8000,1,1138,27
3,1,27,8000,0,538,28.6097,0.0634,1.9138,0.1056,21.2888,18.9273,2,8000,8000,1,1125,27
3,1,27,8000,0,539,27.8279,0.0622,1.9419,0.1138,21.1506,18.6606,2,8000,8000,1,1092,27
3,1,27,8000,0,540,29.8875,0.0485,2.046,0.1017,22.3469,19.804,1,8000,8000,1,1274,27
3,1,27,8000,0,541,28.4034,0.0453,1.7385,0.1186,21.0668,18.8808,2,8000,8000,1,1040,27
3,1,27,8000,0,542,31.0612,0.0509,1.7281,0.11,21.4873,19.3073,2,8000,8000,1,803,27
3,1,27,8000,0,543,29.9586,0.4866,1.7971,0.1122,21.9515,19.2467,2,8000,8000,1,986,27
3,1,27,8000,0,544,31.0513,0.0547,2.2183,0.1298,23.9196,21.1575,1,8000,8000,1,1127,27
3,1,27,8000,0,545,30.6214,0.0713,1.6095,0.1251,23.3135,21.0945,2,8000,8000,1,854,27
3,1,27,8000,0,546,32.1281,0.5649,1.9429,0.1241,24.4445,21.3694,2,8000,8000,1,884,27
3,1,27,8000,0,547,28.6861,0.4891,1.8945,0.1119,21.5039,18.6653,2,8000,8000,1,1073,27
3,1,27,8000,0,548,30.3236,0.0602,1.7873,0.1083,22.8605,20.5893,2,8000,8000,1,1117,27
3,1,27,8000,0,549,30.574,0.1215,1.9646,0.1218,23.7936,21.262,2,8000,8000,1,1147,27
3,1,27,8000,0,550,27.9326,0.0659,2.037,0.1061,20.9759,18.4126,2,8000,8000,1,1232,27
4,0,4,8000,1,151,35.4756,0.0296,9.8509,0.1143,27.3746,17.0082,2,8000,8000,1,1260,4
4,0,4,8000,1,152,37.6306,0.0311,13.6803,0.1128,31.0988,16.9382,3,8000,8000,1,1748,4
4,0,4,8000,1,153,36.3462,0.0211,10.3383,0.1102,29.2662,18.4102,2,8000,8000,1,1357,4
4,0,4,8000,1,154,38.2276,0.0283,10.5451,0.1211,28.4065,17.3353,2,8000,8000,1,1195,4
4,0,4,8000,1,155,36.9893,0.0379,11.7686,0.1388,30.4929,18.1718,2,8000,8000,1,1113,4
4,0,4,8000,1,156,40.0182,0.0319,13.6178,0.1174,32.7497,18.5311,3,8000,8000,1,1506,4
4,0,4,8000,1,157,37.0482,0.0208,11.2513,0.1081,29.9611,18.2234,2,8000,8000,1,1387,4
4,0,4,8000,1,158,35.319,0.0204,10.3581,0.1141,28.1788,17.3421,2,8000,8000,1,1336,4
4,0,4,8000,1,159,36.2867,0.0285,10.2389,0.1084,29.3012,18.5459,2,8000,8000,1,1222,4
4,0,4,8000,1,160,40.6009,0.0741,14.0952,0.1152,31.6819,17.0515,3,8000,8000,1,1832,4
4,0,4,8000,1,161,37.6907,0.0355,10.7036,0.1119,28.9305,17.7359,2,8000,8000,1,1546,4
4,0,4,8000,1,162,36.1004,0.0234,10.2075,0.1702,29.5525,18.7772,2,8000,8000,1,1473,4
4,0,4,8000,1,163,35.4805,0.0243,9.7206,0.1726,27.4494,17.1999,2,8000,8000,1,1489,4
4,0,4,8000,1,164,34.6738,0.0302,9.7554,0.1368,27.519,17.1967,2,8000,8000,1,1336,4
4,0,4,8000,1,165,43.2431,0.0429,18.0338,0.1093,36.4125,17.8717,3,8000,8000,1,1861,4
4,0,4,8000,1,166,35.4033,0.0202,10.2215,0.1183,28.0656,17.3478,2,8000,8000,1,1460,4
4,0,4,8000,1,167,34.8337,0.0213,10.5423,0.1086,27.7186,16.701,2,8000,8000,1,1356,4
4,0,4,8000,1,168,34.4812,0.0185,10.0988,0.1173,27.9666,17.3185,2,8000,8000,1,1364,4
4,0,4,8000,1,169,38.3997,0.0331,12.4496,0.1099,30.837,17.8769,2,8000,8000,1,1345,4
4,0,4,8000,1,170,39.2678,0.0315,14.4086,0.1081,32.5146,17.6081,3,8000,8000,1,1730,4
4,0,4,8000,1,171,35.8515,0.0242,10.6875,0.1156,29.1381,17.9064,2,8000,8000,1,1606,4
4,0,4,8000,1,172,35.6554,0.0245,11.3227,0.1218,28.9109,17.0946,2,8000,8000,1,1423,4
4,0,4,8000,1,173,35.429,0.0243,11.4739,0.1137,28.9132,16.9495,2,8000,8000,1,1525,4
4,0,4,8000,1,174,41.9521,0.0392,17.242,0.1109,35.3716,17.6063,3,8000,8000,1,1782,4
4,0,4,8000,1,175,36.3199,0.0261,11.7038,0.1222,29.649,17.4314,2,8000,8000,1,1972,4
4,0,4,8000,1,176,37.1168,0.1959,12.1325,0.1183,30.1166,17.3083,2,8000,8000,1,1684,4
4,0,4,8000,1,177,36.434,0.0397,10.7798,0.1279,29.0677,17.7356,2,8000,8000,1,1306,4
4,0,4,8000,1,178,41.086,0.0406,14.8483,0.1331,32.7683,17.2671,3,8000,8000,1,1668,4
4,0,4,8000,1,179,35.7084,0.031,10.8844,0.1308,28.6979,17.2525,2,8000,8000,1,1321,4
4,0,4,8000,1,180,40.3635,0.0201,11.7261,0.1621,32.1457,19.8022,2,8000,8000,1,1097,4
4,0,4,8000,1,181,42.9881,0.0434,15.4416,0.1182,34.5974,18.6249,3,8000,8000,1,1278,4
4,0,4,8000,1,182,38.4273,0.0266,11.7785,0.1289,31.5435,19.209,2,8000,8000,1,1324,4
4,0,4,8000,1,183,43.3371,0.0322,17.9681,0.1244,35.9702,17.4987,3,8000,8000,1,1530,4
4,0,4,8000,1,184,36.4625,0.0248,10.2836,0.1121,29.1999,18.4262,2,8000,8000,1,1332,4
4,0,4,8000,1,185,34.8547,0.0271,10.2537,0.132,28.0163,17.2714,2,8000,8000,1,1158,4
4,0,4,8000,1,186,37.6382,0.0243,12.2626,0.1132,30.9883,18.1946,2,8000,8000,1,942,4
4,0,4,8000,1,187,39.6094,0.0262,13.6975,0.1419,32.9617,18.6296,3,8000,8000,1,1365,4
4,0,4,8000,1,188,36.5866,0.0515,10.2088,0.108,29.9663,19.2143,2,8000,8000,1,1360,4
4,0,4,8000,1,189,34.9788,0.02,9.9326,0.1096,28.0474,17.6568,2,8000,8000,1,1033,4
4,0,4,8000,1,190,33.9132,0.0233,9.4729,0.109,26.9767,17.0246,2,8000,8000,1,1053,4
4,0,4,8000,1,191,34.9684,0.0226,10.0186,0.1243,28.1966,17.6261,2,8000,8000,1,1164,4
4,0,4,8000,1,192,37.1047,0.0361,9.9294,0.1142,30.2635,19.789,2,8000,8000,1,1217,4
4,0,4,8000,1,193,39.9075,0.3657,15.2909,0.1451,33.285,17.0963,3,8000,8000,1,1522,4
4,0,4,8000,1,194,35.1847,0.0269,10.8108,0.1073,28.6432,17.3358,2,8000,8000,1,1510,4
4,0,4,8000,1,195,39.01,0.0305,14.2473,0.1052,31.9485,17.1539,2,8000,8000,1,1306,4
4,0,4,8000,1,196,39.4829,0.0318,14.4234,0.1442,32.115,17.142,3,8000,8000,1,1618,4
4,0,4,8000,1,197,36.0709,0.02,10.6187,0.1094,28.1215,17.0386,2,8000,8000,1,1719,4
4,0,4,8000,1,198,38.1577,0.0324,12.9604,0.1314,30.7644,17.2038,2,8000,8000,1,1365,4
4,0,4,8000,1,199,35.9461,0.029,10.3477,0.1152,29.0999,18.2701,2,8000,8000,1,1131,4
4,0,4,8000,1,200,38.8322,0.0318,14.389,0.1075,32.343,17.4832,3,8000,8000,1,1863,4
4,0,4,8000,1,201,36.6028,0.0283,10.8772,0.1155,29.5355,18.1366,2,8000,8000,1,1607,4
4,0,4,8000,1,202,35.8248,0.0252,11.3502,0.1157,28.9639,17.1146,2,8000,8000,1,1395,4
4,0,4,8000,1,203,37.6503,0.0549,10.7606,0.111,29.0466,17.7693,2,8000,8000,1,1139,4
4,0,4,8000,1,204,38.4956,0.0258,12.5944,0.1227,30.64,17.5214,2,8000,8000,1,1168,4
4,0,4,8000,1,205,38.9796,0.0384,14.6231,0.1193,32.2673,17.1335,3,8000,8000,1,1669,4
4,0,4,8000,1,206,37.2205,0.0348,11.662,0.1068,29.8168,17.6491,2,8000,8000,1,1815,4
4,0,4,8000,1,207,42.9011,0.0436,12.5101,0.1671,35.7456,22.6388,2,8000,8000,1,1433,4
4,0,4,8000,1,208,47.9163,0.031,17.9599,0.1087,36.5438,18.1024,3,8000,8000,1,1706,4
4,0,4,8000,1,209,44.1837,0.0387,15.9029,0.1087,35.0357,18.6165,3,8000,8000,1,2458,4
4,0,4,8000,1,210,37.0629,0.0214,11.6294,0.1175,29.6967,17.4129,2,8000,8000,1,1855,4
4,0,4,8000,1,211,41.0285,0.0261,15.9861,0.1171,34.0402,17.5801,3,8000,8000,1,1890,4
4,0,4,8000,1,212,41.0565,0.0215,15.0238,0.1088,33.246,17.7224,2,8000,8000,1,1744,4
4,0,4,8000,1,213,42.5155,0.0292,15.8063,0.1187,35.0926,18.708,3,8000,8000,1,1775,4
4,0,4,8000,1,214,37.4936,0.0301,12.0886,0.1244,29.8595,17.2764,2,8000,8000,1,1857,4
4,0,4,8000,1,215,38.5884,0.0255,11.0679,0.1707,30.5584,18.9293,2,8000,8000,1,1437,4
4,0,4,8000,1,216,40.6054,0.0438,14.5121,0.1053,32.2461,17.2542,3,8000,8000,1,1668,4
4,0,4,8000,1,217,36.6105,0.1282,10.8328,0.1102,29.4012,17.9916,2,8000,8000,1,1685,4
4,0,4,8000,1,218,38.4486,0.604,12.1371,0.2621,30.0856,16.7285,2,8000,8000,1,1439,4
4,0,4,8000,1,219,39.935,0.0365,15.349,0.1065,33.3803,17.5351,3,8000,8000,1,1723,4
4,0,4,8000,1,220,35.5169,0.0263,10.2713,0.1667,27.9091,17.0947,2,8000,8000,1,1401,4
4,0,4,8000,1,221,36.6133,0.0319,10.1933,0.1641,29.5822,18.7551,2,8000,8000,1,1286,4
4,0,4,8000,1,222,35.4615,0.0241,9.5031,0.1122,28.0276,18.0503,2,8000,8000,1,1190,4
4,0,4,8000,1,223,38.7838,0.0334,13.7087,0.1113,31.5809,17.3821,3,8000,8000,1,1583,4
4,0,4,8000,1,224,38.0453,0.0376,12.8471,0.1078,31.159,17.802,2,8000,8000,1,1372,4
4,0,4,8000,1,225,34.7139,0.0307,9.5252,0.1257,27.5372,17.3599,2,8000,8000,1,1223,4
4,0,4,8000,1,226,36.2637,0.0257,9.5072,0.111,28.6522,18.6398,2,8000,8000,1,1195,4
4,0,4,8000,1,227,34.8273,0.02,10.4623,0.1128,27.7952,16.8533,2,8000,8000,1,1194,4
4,0,4,8000,1,228,33.8371,0.0255,9.343,0.1158,27.2819,17.4514,2,8000,8000,1,1103,4
4,0,4,8000,1,229,34.5857,0.0249,9.2134,0.1078,27.2518,17.5578,2,8000,8000,1,1044,4
4,0,4,8000,1,230,38.7781,0.0357,12.7696,0.1086,31.8339,18.5485,3,8000,8000,1,1394,4
4,0,4,8000,1,231,35.1145,0.0227,10.3829,0.1132,27.6438,16.7737,2,8000,8000,1,1448,4
4,0,4,8000,1,232,35.0972,0.0277,9.4794,0.1227,27.9228,17.9076,2,8000,8000,1,1231,4
4,0,4,8000,1,233,37.7591,0.0347,10.937,0.1184,30.2794,18.7497,2,8000,8000,1,1194,4
4,0,4,8000,1,234,36.1947,0.0233,9.6479,0.1061,27.3022,17.189,2,8000,8000,1,1193,4
4,0,4,8000,1,235,38.8481,0.0297,13.2353,0.1184,30.9503,17.2092,3,8000,8000,1,1341,4
4,0,4,8000,1,236,35.7644,0.0284,8.9376,0.1126,27.0362,17.6119,2,8000,8000,1,1202,4
4,0,4,8000,1,237,37.3618,0.1479,11.6692,0.1354,30.6814,18.3236,2,8000,8000,1,1109,4
4,0,4,8000,1,238,34.106,0.0233,9.6307,0.1204,27.4125,17.2566,2,8000,8000,1,1112,4
4,0,4,8000,1,239,35.3335,0.0257,9.0851,0.1147,28.4647,18.8418,2,8000,8000,1,1004,4
4,0,4,8000,1,240,37.9837,0.0243,10.9416,0.1192,28.8087,17.3382,2,8000,8000,1,972,4
4,0,4,8000,1,241,37.2398,0.0345,11.5729,0.1093,29.8578,17.7898,3,8000,8000,1,1220,4
4,0,4,8000,1,242,35.8837,0.0366,10.596,0.118,29.3825,17.8987,2,8000,8000,1,1024,4
4,0,4,8000,1,243,34.7502,0.0211,8.9819,0.1141,27.3182,17.8576,2,8000,8000,1,1031,4
4,0,4,8000,1,244,33.8752,0.6835,7.5704,0.111,26.1782,17.4224,2,8000,8000,1,847,4
4,0,4,8000,1,245,33.3354,0.0272,8.4711,0.1101,26.3826,17.3564,2,8000,8000,1,897,4
4,0,4,8000,1,246,35.3745,0.0234,8.326,0.134,28.1926,18.9759,2,8000,8000,1,946,4
4,0,4,8000,1,247,34.0746,0.0373,9.1524,0.1132,27.128,17.4051,2,8000,8000,1,815,4
4,0,4,8000,1,248,33.1092,0.0258,8.7315,0.1114,26.3206,17.1086,2,8000,8000,1,837,4
4,0,4,8000,1,249,35.7075,0.0266,9.5238,0.1301,28.4545,18.1019,2,8000,8000,1,946,4
4,0,4,8000,1,250,37.3629,0.0307,12.0815,0.1238,30.4973,17.8635,3,8000,8000,1,1112,4
4,0,4,8000,1,251,32.7537,0.0386,8.2792,0.113,25.5877,16.7934,2,8000,8000,1,1007,4
4,0,4,8000,1,252,33.5562,0.0299,8.7444,0.1069,26.9849,17.7209,2,8000,8000,1,888,4
4,0,4,8000,1,253,34.629,0.0257,8.5953,0.1187,26.1821,17.0572,2,8000,8000,1,871,4
4,0,4,8000,1,254,33.233,0.0252,8.8747,0.1282,26.3844,16.997,2,8000,8000,1,829,4
4,0,4,8000,1,255,32.7426,0.0222,8.0217,0.1108,25.4194,16.839,2,8000,8000,1,841,4
4,0,4,8000,1,256,34.7625,0.0413,9.895,0.1108,28.3712,17.9591,2,8000,8000,1,816,4
4,0,4,8000,1,257,34.3046,0.1367,7.9676,0.1185,25.7924,17.2197,2,8000,8000,1,819,4
4,0,4,8000,1,258,35.8104,0.0279,8.9837,0.1169,28.5012,18.997,2,8000,8000,1,941,4
4,0,4,8000,1,259,32.7355,0.0218,8.5728,0.1062,25.6583,16.6081,2,8000,8000,1,964,4
4,0,4,8000,1,260,32.8612,0.0228,8.3614,0.114,26.2904,17.4288,2,8000,8000,1,890,4
4,0,4,8000,1,261,34.1552,0.0349,8.0523,0.1077,27.1456,18.5765,2,8000,8000,1,774,4
4,0,4,8000,1,262,35.6099,0.026,9.3212,0.1151,28.4865,18.6188,2,8000,8000,1,857,4
4,0,4,8000,1,263,33.0308,0.0536,8.1915,0.1109,26.3015,17.5992,2,8000,8000,1,783,4
4,0,4,8000,1,264,34.2162,0.0253,8.9649,0.1159,27.2252,17.7152,2,8000,8000,1,877,4
4,0,4,8000,1,265,36.1675,0.0237,8.1676,0.1137,27.3857,18.6841,2,8000,8000,1,863,4
4,0,4,8000,1,266,34.7205,0.0194,8.2928,0.4451,26.9983,17.8867,2,8000,8000,1,919,4
4,0,4,8000,1,267,32.7542,0.0229,7.7964,0.1471,25.9842,17.594,2,8000,8000,1,822,4
4,0,4,8000,1,268,33.2724,0.0421,8.7461,0.1095,26.4869,17.2351,2,8000,8000,1,980,4
4,0,4,8000,1,269,33.4177,0.036,9.0005,0.1112,26.9428,17.3882,2,8000,8000,1,845,4
4,0,4,8000,1,270,35.133,0.026,9.0644,0.1134,26.7206,17.148,2,8000,8000,1,1117,4
4,0,4,8000,1,271,37.5722,0.0338,12.3167,0.1145,30.3634,17.5395,3,8000,8000,1,1289,4
4,0,4,8000,1,272,36.8646,0.1368,9.6234,0.1115,27.7653,17.5133,2,8000,8000,1,1141,4
4,0,4,8000,1,273,33.0712,0.0293,9.0236,0.1201,26.6164,17.0795,2,8000,8000,1,952,4
4,0,4,8000,1,274,33.388,0.0283,8.5629,0.1069,26.3437,17.297,2,8000,8000,1,893,4
4,0,4,8000,1,275,36.1595,0.0309,10.3966,0.1139,28.6144,17.6074,2,8000,8000,1,867,4
4,0,4,8000,1,276,34.3467,0.0263,8.4435,0.1203,26.7329,17.7777,2,8000,8000,1,928,4
4,0,4,8000,1,277,33.732,0.039,8.6654,0.1134,26.9475,17.7712,2,8000,8000,1,871,4
4,0,4,8000,1,278,35.1875,0.0214,8.8906,0.1145,27.5626,18.1522,2,8000,8000,1,973,4
4,0,4,8000,1,279,32.7476,0.0286,8.069,0.1139,25.7047,17.1417,2,8000,8000,1,909,4
4,0,4,8000,1,280,33.1558,0.0285,8.4071,0.109,26.0948,17.2031,2,8000,8000,1,872,4
4,0,4,8000,1,281,33.7865,0.0242,7.9936,0.1125,26.5768,18.0846,2,8000,8000,1,810,4
4,0,4,8000,1,282,35.9877,0.0269,8.8449,0.1133,27.6411,18.3054,2,8000,8000,1,911,4
4,0,4,8000,1,283,33.5327,0.0213,8.3427,0.1073,26.7873,17.9565,2,8000,8000,1,906,4
4,0,4,8000,1,284,38.9022,0.0343,13.1738,0.1153,31.9734,18.2806,3,8000,8000,1,1340,4
4,0,4,8000,1,285,35.7771,0.0298,9.7994,0.1191,28.3605,18.0113,2,8000,8000,1,1400,4
4,0,4,8000,1,286,34.4076,0.0197,9.3907,0.108,27.1391,17.2473,2,8000,8000,1,1020,4
4,0,4,8000,1,287,34.1068,0.03,9.1916,0.1194,27.5448,17.849,2,8000,8000,1,969,4
4,0,4,8000,1,288,34.9973,0.0276,10.673,0.1419,27.9883,16.7337,2,8000,8000,1,1076,4
4,0,4,8000,1,289,34.1783,0.0265,8.9464,0.1124,27.8029,18.3718,2,8000,8000,1,1130,4
4,0,4,8000,1,290,34.8087,0.0423,8.6848,0.1244,27.9526,18.697,2,8000,8000,1,988,4
4,0,4,8000,1,291,35.9871,0.024,9.2331,0.114,27.6326,17.9105,2,8000,8000,1,907,4
4,0,4,8000,1,292,38.3837,0.0311,12.2461,0.1113,31.2292,18.4903,3,8000,8000,1,1166,4
4,0,4,8000,1,293,35.7791,0.0274,10.1884,0.1771,28.9644,18.1643,2,8000,8000,1,1478,4
4,0,4,8000,1,294,36.6716,0.0292,9.5833,0.1288,29.12,18.8853,2,8000,8000,1,1044,4
4,0,4,8000,1,295,33.7181,0.0528,9.3305,0.1112,26.2746,16.448,2,8000,8000,1,1084,4
4,0,4,8000,1,296,33.6268,0.0222,9.3953,0.1173,26.5192,16.5619,2,8000,8000,1,1096,4
4,0,4,8000,1,297,37.7654,0.0273,9.8463,0.1604,30.4018,19.9018,2,8000,8000,1,1004,4
4,0,4,8000,1,298,35.9471,0.029,9.5472,0.1149,28.6776,18.6052,2,8000,8000,1,1100,4
4,0,4,8000,1,299,40.5297,0.0613,13.7706,0.1103,33.291,18.9992,3,8000,8000,1,1441,4
4,0,4,8000,1,300,35.9855,0.0264,10.2318,0.1098,28.8286,18.0987,2,8000,8000,1,1255,4
4,0,4,8000,1,301,38.3043,0.0219,11.9,0.1137,31.3747,18.8794,2,8000,8000,1,1376,4
4,0,4,8000,1,302,35.5096,0.0208,9.2563,0.1131,28.5111,18.764,2,8000,8000,1,1056,4
4,0,4,8000,1,303,41.963,0.0346,16.2421,0.1101,33.1558,16.4034,3,8000,8000,1,1400,4
4,0,4,8000,1,304,35.3293,0.0302,11.057,0.1158,28.6176,16.9176,2,8000,8000,1,1873,4
4,0,4,8000,1,305,35.1096,0.0263,10.7386,0.1124,28.1898,16.9738,2,8000,8000,1,1218,4
4,0,4,8000,1,306,36.0706,0.0293,9.9619,0.1108,28.9969,18.5227,2,8000,8000,1,1341,4
4,0,4,8000,1,307,39.0137,0.0341,14.2394,0.1191,32.1615,17.441,3,8000,8000,1,1677,4
4,0,4,8000,1,308,35.9758,0.0267,10.1707,0.1692,29.1805,18.4843,2,8000,8000,1,1881,4
4,0,4,8000,1,309,36.9442,0.0281,10.0442,0.109,29.3718,18.8216,2,8000,8000,1,1289,4
4,0,4,8000,1,310,37.6981,0.0231,13.4887,0.1069,30.6781,16.6848,2,8000,8000,1,1212,4
4,0,4,8000,1,311,37.9802,0.0394,12.4191,0.1172,30.7779,17.8467,3,8000,8000,1,1597,4
4,0,4,8000,1,312,38.2868,0.0239,10.7806,0.122,31.0733,19.7534,2,8000,8000,1,1390,4
4,0,4,8000,1,313,36.1478,0.1542,9.4424,0.1098,28.9425,18.876,2,8000,8000,1,1404,4
4,0,4,8000,1,314,37.0577,0.1416,10.8811,0.1112,29.8674,18.3897,2,8000,8000,1,1370,4
4,0,4,8000,1,315,39.6848,0.0261,12.9218,0.1237,32.1124,18.5987,2,8000,8000,1,1291,4
4,0,4,8000,1,316,38.0905,0.0373,12.7307,0.1036,29.9821,16.7672,3,8000,8000,1,1575,4
4,0,4,8000,1,317,36.0974,0.0283,10.5038,0.1166,29.5419,18.4912,2,8000,8000,1,1445,4
4,0,4,8000,1,318,35.9073,0.0197,9.7492,0.1191,28.7251,18.4361,2,8000,8000,1,1273,4
4,0,4,8000,1,319,35.4785,0.0226,10.0799,0.1331,28.44,17.7381,2,8000,8000,1,1485,4
4,0,4,8000,1,320,39.5221,0.0306,13.8084,0.1066,32.7268,18.4287,3,8000,8000,1,1675,4
4,0,4,8000,1,321,36.2934,0.022,9.6313,0.1137,29.4296,19.2927,2,8000,8000,1,1429,4
4,0,4,8000,1,322,34.2225,0.022,9.6158,0.1117,26.9027,16.7601,2,8000,8000,1,1133,4
4,0,4,8000,1,323,36.6907,0.0222,10.2394,0.1094,28.6093,17.8914,2,8000,8000,1,1156,4
4,0,4,8000,1,324,38.6031,0.0199,10.4119,0.1234,30.8279,19.8149,2,8000,8000,1,1227,4
4,0,4,8000,1,325,43.0308,0.0398,16.7715,0.1025,34.3034,17.0118,3,8000,8000,1,1458,4
4,0,4,8000,1,326,36.8986,0.0273,9.6997,0.1088,28.4447,18.2594,2,8000,8000,1,1472,4
4,0,4,8000,1,327,39.6544,0.0296,12.9083,0.1069,32.907,19.509,3,8000,8000,1,1464,4
4,0,4,8000,1,328,33.9104,0.0258,9.149,0.1083,26.4161,16.7133,2,8000,8000,1,1290,4
4,0,4,8000,1,329,34.5452,0.0225,9.1768,0.1249,27.139,17.4787,2,8000,8000,1,1127,4
4,0,4,8000,1,330,34.0165,0.0345,8.7414,0.1042,26.9399,17.6229,2,8000,8000,1,1012,4
4,0,4,8000,1,331,35.6295,0.0319,9.6653,0.1147,28.1554,17.9865,2,8000,8000,1,1208,4
4,0,4,8000,1,332,35.5112,0.0328,8.7825,0.1072,28.3158,19.0341,2,8000,8000,1,1057,4
4,0,4,8000,1,333,35.9743,0.0413,8.5645,0.1094,28.3352,19.2664,2,8000,8000,1,1004,4
4,0,4,8000,1,334,36.3599,0.034,8.7019,0.1142,28.9693,19.578,2,8000,8000,1,1109,4
4,0,4,8000,1,335,38.4521,0.0271,12.9173,0.1183,31.1957,17.7983,3,8000,8000,1,1389,4
4,0,4,8000,1,336,36.4177,0.0305,9.2843,0.1124,29.4819,19.6758,2,8000,8000,1,1229,4
4,0,4,8000,1,337,36.3492,0.0392,9.0053,0.1077,27.9289,18.4221,2,8000,8000,1,1100,4
4,0,4,8000,1,338,35.7257,0.0232,9.0581,0.1048,27.7676,18.2313,2,8000,8000,1,1137,4
4,0,4,8000,1,339,37.7425,0.0304,13.3063,0.1155,30.2172,16.4177,3,8000,8000,1,1408,4
4,0,4,8000,1,340,36.4423,0.0395,10.7021,0.1311,29.6332,17.9691,2,8000,8000,1,1274,4
4,0,4,8000,1,341,34.7897,0.0281,8.9977,0.1102,27.6886,18.208,2,8000,8000,1,1160,4
4,0,4,8000,1,342,43.2233,0.0355,14.4408,0.137,35.044,19.9899,2,8000,8000,1,1154,4
4,0,4,8000,1,343,41.7008,0.0359,15.9258,0.1456,34.7416,18.2674,3,8000,8000,1,1330,4
4,0,4,8000,1,344,36.4057,0.0215,9.8535,0.1196,28.7964,18.3304,2,8000,8000,1,1150,4
4,0,4,8000,1,345,37.4965,0.0247,10.1395,0.114,30.0986,19.4539,2,8000,8000,1,1234,4
4,0,4,8000,1,346,39.3153,0.0382,14.4345,0.1337,31.7688,16.7888,3,8000,8000,1,1514,4
4,0,4,8000,1,347,35.2141,0.024,9.6449,0.1108,28.4485,18.3119,2,8000,8000,1,1288,4
4,0,4,8000,1,348,38.4576,0.0187,9.6902,0.1153,30.3876,20.1937,2,8000,8000,1,1088,4
4,0,4,8000,1,349,38.101,0.0283,10.9718,0.1196,30.4374,18.6241,2,8000,8000,1,1156,4
4,0,4,8000,1,350,38.3194,0.0309,12.5254,0.1116,31.2868,18.2736,3,8000,8000,1,1464,4
4,0,4,8000,1,351,38.4631,0.0265,10.4006,0.1122,30.6811,19.7363,2,8000,8000,1,1704,4
4,0,4,8000,1,352,36.9344,0.0236,9.8196,0.1102,29.3193,19.0164,2,8000,8000,1,1242,4
4,0,4,8000,1,353,36.0839,0.027,9.362,0.1063,28.5978,18.7488,2,8000,8000,1,1171,4
4,0,4,8000,1,354,41.2827,0.0512,16.4704,0.109,34.1921,17.2033,3,8000,8000,1,1486,4
4,0,4,8000,1,355,34.5099,0.0282,9.8394,0.1648,27.2041,16.7839,2,8000,8000,1,1440,4
4,0,4,8000,1,356,34.8807,0.0248,9.7486,0.1127,28.0134,17.76,2,8000,8000,1,1262,4
4,0,4,8000,1,357,35.5054,0.0288,9.8388,0.1165,28.1527,17.8174,2,8000,8000,1,1131,4
4,0,4,8000,1,358,36.9699,0.0367,11.3984,0.1136,29.2894,17.3722,2,8000,8000,1,1155,4
4,0,4,8000,1,359,37.7883,0.04,12.9115,0.1165,30.7127,17.2901,3,8000,8000,1,1326,4
4,0,4,8000,1,360,36.393,0.0388,10.7429,0.1068,29.8761,18.6163,2,8000,8000,1,1328,4
4,0,4,8000,1,361,35.1624,0.0247,8.9024,0.112,27.6962,18.3032,2,8000,8000,1,1006,4
4,0,4,8000,1,362,36.2158,0.028,9.9023,0.1256,28.2367,17.8279,2,8000,8000,1,1328,4
4,0,4,8000,1,363,34.7013,0.0255,9.6974,0.1181,27.5098,17.3091,2,8000,8000,1,1156,4
4,0,4,8000,1,364,34.4681,0.0215,9.0052,0.1178,27.7592,18.2388,2,8000,8000,1,1170,4
4,0,4,8000,1,365,35.5025,0.0263,8.9694,0.1342,27.7711,18.1725,2,8000,8000,1,1029,4
4,0,4,8000,1,366,37.4819,0.1748,12.0094,0.1032,30.0931,17.4546,3,8000,8000,1,1256,4
4,0,4,8000,1,367,37.5682,0.0259,11.9595,0.1574,30.7041,18.1967,2,8000,8000,1,1341,4
4,0,4,8000,1,368,35.129,0.0322,9.3278,0.1167,27.8841,18.0478,2,8000,8000,1,1066,4
4,0,4,8000,1,369,36.5416,0.0335,9.311,0.1716,29.6431,19.7569,2,8000,8000,1,1161,4
4,0,4,8000,1,370,34.5226,0.0205,9.1548,0.1183,27.4613,17.8077,2,8000,8000,1,1197,4
4,0,4,8000,1,371,34.9756,0.0314,9.215,0.11,27.6354,17.9242,2,8000,8000,1,1103,4
4,0,4,8000,1,372,37.5005,0.0452,12.2978,0.1374,29.6421,16.7256,3,8000,8000,1,1331,4
4,0,4,8000,1,373,36.1892,0.0226,10.4429,0.1312,29.5622,18.5758,2,8000,8000,1,1292,4
4,0,4,8000,1,374,34.5463,0.0251,8.9527,0.1094,26.8097,17.3733,2,8000,8000,1,1051,4
4,0,4,8000,1,375,35.1534,0.022,8.3705,0.1094,27.807,18.9477,2,8000,8000,1,1073,4
4,0,4,8000,1,376,36.4613,0.0235,9.3552,0.1235,29.1642,19.2722,2,8000,8000,1,1131,4
4,0,4,8000,1,377,33.5465,0.0246,8.7027,0.1058,26.6397,17.4474,2,8000,8000,1,1051,4
4,0,4,8000,1,378,34.2753,0.0295,8.9035,0.1065,26.3318,16.9437,2,8000,8000,1,980,4
4,0,4,8000,1,379,33.7322,0.0271,8.91,0.1138,26.3295,16.9169,2,8000,8000,1,1129,4
4,0,4,8000,1,380,37.717,0.1825,11.1603,0.1073,29.583,17.7739,2,8000,8000,1,1248,4
4,0,4,8000,1,381,39.8704,0.0304,12.0388,0.1405,30.9873,18.4314,3,8000,8000,1,1444,4
4,0,4,8000,1,382,36.2868,0.0265,10.8459,0.1088,28.6558,17.305,2,8000,8000,1,1349,4
4,0,4,8000,1,383,36.5743,0.0194,9.2377,0.1088,27.9084,18.1825,2,8000,8000,1,1020,4
4,0,4,8000,1,384,36.9332,0.028,10.207,0.1079,29.6811,18.9655,2,8000,8000,1,1185,4
4,0,4,8000,1,385,38.8354,0.0294,12.7536,0.1084,31.5874,18.3429,3,8000,8000,1,1361,4
4,0,4,8000,1,386,38.2925,0.0273,11.8375,0.1155,31.4007,19.0136,2,8000,8000,1,1412,4
4,0,4,8000,1,387,34.151,0.0294,9.3362,0.1221,26.6491,16.7291,2,8000,8000,1,1209,4
4,0,4,8000,1,388,33.6353,0.0231,9.6156,0.1134,27.3126,17.2071,2,8000,8000,1,1137,4
4,0,4,8000,1,389,37.6762,0.0317,10.6625,0.1183,30.743,19.4763,2,8000,8000,1,1051,4
4,0,4,8000,1,390,39.3049,0.0295,12.8517,0.1962,31.9143,18.3923,3,8000,8000,1,1414,4
4,0,4,8000,1,391,38.2442,0.0267,9.913,0.1139,30.2661,19.837,2,8000,8000,1,1390,4
4,0,4,8000,1,392,35.0339,0.0251,9.4954,0.112,28.0738,18.0935,2,8000,8000,1,1139,4
4,0,4,8000,1,393,36.091,0.0353,9.2398,0.1097,28.6608,18.9072,2,8000,8000,1,958,4
4,0,4,8000,1,394,39.8491,0.5161,12.2896,0.109,32.4913,19.2312,3,8000,8000,1,1324,4
4,0,4,8000,1,395,38.6172,0.0244,10.9348,0.1259,30.6922,19.2642,2,8000,8000,1,1383,4
4,0,4,8000,1,396,34.0423,0.0344,8.9001,0.1197,26.8973,17.487,2,8000,8000,1,943,4
4,0,4,8000,1,397,32.9397,0.0282,9.2832,0.1107,26.6987,16.9233,2,8000,8000,1,1064,4
4,0,4,8000,1,398,39.4368,0.0882,11.5079,0.1105,30.071,17.9832,2,8000,8000,1,982,4
4,0,4,8000,1,399,40.4087,0.0372,11.8176,0.1109,31.8417,19.4928,3,8000,8000,1,1367,4
4,0,4,8000,1,400,35.254,0.0267,8.7595,0.1147,27.9542,18.6865,2,8000,8000,1,1190,4
4,0,4,8000,1,401,35.1667,0.0297,8.17,0.1172,27.9904,19.3107,2,8000,8000,1,953,4
4,0,4,8000,1,402,35.5445,0.0216,9.2541,0.1093,28.3278,18.6003,2,8000,8000,1,997,4
4,0,4,8000,1,403,34.7775,0.0248,10.0281,0.1061,27.4711,16.9419,2,8000,8000,1,1105,4
4,0,4,8000,1,404,37.4441,0.031,12.1713,0.1057,30.7146,18.0581,3,8000,8000,1,1365,4
4,0,4,8000,1,405,35.5377,0.0191,8.9353,0.1141,26.7433,17.3036,2,8000,8000,1,1214,4
4,0,4,8000,1,406,35.3881,0.022,8.9357,0.1174,26.6864,17.2564,2,8000,8000,1,1132,4
4,0,4,8000,1,407,37.186,0.0375,10.6443,0.111,29.0133,17.8769,2,8000,8000,1,978,4
4,0,4,8000,1,408,34.7491,0.0223,8.9327,0.114,26.9391,17.488,2,8000,8000,1,1094,4
4,0,4,8000,1,409,33.9844,0.0218,9.0949,0.1113,26.6954,17.1265,2,8000,8000,1,1147,4
4,0,4,8000,1,410,35.6462,0.0224,9.4964,0.1097,28.5231,18.5227,2,8000,8000,1,993,4
4,0,4,8000,1,411,38.4723,0.0323,12.1175,0.1231,29.8259,17.0736,3,8000,8000,1,1182,4
4,0,4,8000,1,412,34.1998,0.0225,9.6105,0.113,27.3419,17.2447,2,8000,8000,1,1303,4
4,0,4,8000,1,413,35.8948,0.0209,8.9243,0.1186,28.4595,19.0102,2,8000,8000,1,1113,4
4,0,4,8000,1,414,34.8871,0.0226,8.32,0.1186,26.9204,18.0727,2,8000,8000,1,1019,4
4,0,4,8000,1,415,34.99,0.0228,9.2951,0.1219,27.3583,17.451,2,8000,8000,1,1177,4
4,0,4,8000,1,416,35.8608,0.0233,8.6985,0.1543,28.4665,19.1617,2,8000,8000,1,897,4
4,0,4,8000,1,417,34.2675,0.0519,8.9009,0.108,27.3655,17.9295,2,8000,8000,1,933,4
4,0,4,8000,1,418,33.0907,0.0237,8.7117,0.1118,25.8639,16.6576,2,8000,8000,1,1006,4
4,0,4,8000,1,419,35.1837,0.0259,9.2935,0.1222,27.6928,17.8606,2,8000,8000,1,1028,4
4,0,4,8000,1,420,39.6734,0.0391,12.927,0.1332,32.647,19.0075,3,8000,8000,1,1214,4
4,0,4,8000,1,421,36.119,0.029,9.8406,0.1204,28.8212,18.4356,2,8000,8000,1,1406,4
4,0,4,8000,1,422,35.5756,0.0236,9.3177,0.1159,28.287,18.4484,2,8000,8000,1,1025,4
4,0,4,8000,1,423,36.5807,0.3456,10.9426,0.1626,29.3426,17.5082,2,8000,8000,1,953,4
4,0,4,8000,1,424,34.1943,0.028,8.7265,0.1181,26.6285,17.3942,2,8000,8000,1,1054,4
4,0,4,8000,1,425,33.5143,0.0185,8.3127,0.1195,26.1122,17.295,2,8000,8000,1,1064,4
4,0,4,8000,1,426,33.6084,0.0212,8.1855,0.1286,27.0736,18.3607,2,8000,8000,1,976,4
4,0,4,8000,1,427,38.9383,0.0335,12.6857,0.1153,31.1286,17.9172,3,8000,8000,1,1333,4
4,0,4,8000,1,428,33.9751,0.0281,8.7658,0.1194,26.9458,17.6677,2,8000,8000,1,1183,4
4,0,4,8000,1,429,35.3353,0.0334,8.8032,0.1189,28.3896,19.0406,2,8000,8000,1,963,4
4,0,4,8000,1,430,34.593,0.028,8.7351,0.171,27.0269,17.6712,2,8000,8000,1,1001,4
4,0,4,8000,1,431,34.2097,0.0317,8.916,0.1157,27.1531,17.7218,2,8000,8000,1,988,4
4,0,4,8000,1,432,36.0336,0.0393,10.2427,0.1537,29.0327,18.0887,2,8000,8000,1,903,4
4,0,4,8000,1,433,33.3824,0.0424,8.2929,0.1157,26.1324,17.3257,2,8000,8000,1,1039,4
4,0,4,8000,1,434,34.7051,0.0193,9.0947,0.1183,27.1496,17.5329,2,8000,8000,1,945,4
4,0,4,8000,1,435,37.2115,0.0341,8.7078,0.1403,29.3921,19.9764,2,8000,8000,1,977,4
4,0,4,8000,1,436,37.8613,0.0338,11.349,0.1186,29.1968,17.3437,3,8000,8000,1,1272,4
4,0,4,8000,1,437,35.3054,0.0299,9.0694,0.1269,27.8088,18.1574,2,8000,8000,1,992,4
4,0,4,8000,1,438,34.0829,0.0244,8.4028,0.1199,27.4497,18.4797,2,8000,8000,1,958,4
4,0,4,8000,1,439,37.4064,0.0258,9.0655,0.1201,27.684,18.1087,2,8000,8000,1,1011,4
4,0,4,8000,1,440,34.3536,0.0218,8.685,0.1168,27.1556,17.9597,2,8000,8000,1,1293,4
4,0,4,8000,1,441,33.8637,0.2093,8.2502,0.1154,26.216,17.2888,2,8000,8000,1,1045,4
4,0,4,8000,1,442,37.0344,0.286,8.8488,0.1524,28.2287,18.5126,2,8000,8000,1,1115,4
4,0,4,8000,1,443,37.6454,0.034,12.3835,0.1085,30.4794,17.5984,3,8000,8000,1,1474,4
4,0,4,8000,1,444,35.3601,0.0264,9.5968,0.1301,27.9477,17.7453,2,8000,8000,1,1463,4
4,0,4,8000,1,445,40.0572,0.0248,9.3917,0.1285,32.6448,22.677,2,8000,8000,1,1086,4
4,0,4,8000,1,446,34.9475,0.0225,8.7674,0.1229,27.5429,18.2655,2,8000,8000,1,1218,4
4,0,4,8000,1,447,36.067,0.0256,9.7801,0.1213,28.3548,18.0441,2,8000,8000,1,1321,4
4,0,4,8000,1,448,40.9379,0.1567,12.7539,0.1157,32.1633,18.7579,3,8000,8000,1,1400,4
4,0,4,8000,1,449,36.6491,0.0247,9.4876,0.1236,28.7874,18.7784,2,8000,8000,1,1459,4
4,0,4,8000,1,450,35.2311,0.0238,9.82,0.1283,28.31,17.9422,2,8000,8000,1,1054,4
4,0,4,8000,1,451,35.4502,0.0216,9.3915,0.1144,28.5739,18.6733,2,8000,8000,1,1143,4
4,0,4,8000,1,452,37.5018,0.0243,12.2987,0.1124,30.3896,17.5983,3,8000,8000,1,1426,4
4,0,4,8000,1,453,35.849,0.0183,9.431,0.1211,28.3936,18.4057,2,8000,8000,1,1351,4
4,0,4,8000,1,454,38.2201,0.0422,11.9176,0.118,31.1841,18.6682,2,8000,8000,1,1261,4
4,0,4,8000,1,455,37.2641,0.0233,10.449,0.1215,29.4844,18.5177,2,8000,8000,1,1341,4
4,0,4,8000,1,456,35.5111,0.0246,9.2547,0.1175,28.0727,18.3116,2,8000,8000,1,1041,4
4,0,4,8000,1,457,39.4772,0.0354,12.22,0.1241,31.8893,19.1234,3,8000,8000,1,1435,4
4,0,4,8000,1,458,36.1537,0.0188,9.5083,0.1283,28.2249,18.2087,2,8000,8000,1,1470,4
4,0,4,8000,1,459,35.6725,0.0479,9.5808,0.1187,27.9213,17.7903,2,8000,8000,1,1259,4
4,0,4,8000,1,460,34.6094,0.025,9.6221,0.1495,27.415,17.2707,2,8000,8000,1,955,4
4,0,4,8000,1,461,36.3123,0.0295,9.2548,0.1179,29.0923,19.1672,2,8000,8000,1,1217,4
4,0,4,8000,1,462,39.7007,0.1647,12.4895,0.1105,31.8158,18.6805,3,8000,8000,1,1289,4
4,0,4,8000,1,463,36.1062,0.0324,10.1795,0.113,28.4286,17.733,2,8000,8000,1,1039,4
4,0,4,8000,1,464,34.1082,0.0243,8.562,0.1223,26.5485,17.4655,2,8000,8000,1,1064,4
4,0,4,8000,1,465,34.2836,0.0259,9.489,0.1208,27.4564,17.4422,2,8000,8000,1,1133,4
4,0,4,8000,1,466,36.0712,0.0209,9.1469,0.1657,28.9224,19.1948,2,8000,8000,1,1100,4
4,0,4,8000,1,467,35.2353,0.0302,8.9482,0.1151,27.1613,17.7045,2,8000,8000,1,1152,4
4,0,4,8000,1,468,41.5351,0.0385,12.8516,0.1199,33.6469,20.178,2,8000,8000,1,1100,4
4,0,4,8000,1,469,43.1644,0.0466,14.8625,0.125,34.2225,18.8003,3,8000,8000,1,1262,4
4,0,4,8000,1,470,38.825,0.0337,12.5833,0.1152,31.8443,18.7499,3,8000,8000,1,1514,4
4,0,4,8000,1,471,35.4744,0.0333,9.0938,0.1285,27.7698,18.1464,2,8000,8000,1,1338,4
4,0,4,8000,1,472,36.6289,0.0297,9.8222,0.1778,28.8053,18.3941,2,8000,8000,1,1143,4
4,0,4,8000,1,473,37.5119,0.0271,9.7167,0.1171,28.3058,18.0094,2,8000,8000,1,951,4
4,0,4,8000,1,474,33.933,0.0285,8.8815,0.115,26.5951,17.2098,2,8000,8000,1,988,4
4,0,4,8000,1,475,35.6378,0.0252,9.567,0.1244,28.505,18.2549,2,8000,8000,1,1138,4
4,0,4,8000,1,476,37.8478,0.0434,12.4128,0.1179,30.7911,17.8363,3,8000,8000,1,1325,4
4,0,4,8000,1,477,35.7178,0.0252,8.9171,0.143,28.1467,18.6204,2,8000,8000,1,1189,4
4,0,4,8000,1,478,37.0155,0.0236,9.9465,0.112,28.3282,17.7806,2,8000,8000,1,1126,4
4,0,4,8000,1,479,35.0412,0.0239,9.4043,0.1131,27.6477,17.7534,2,8000,8000,1,1276,4
4,0,4,8000,1,480,34.3438,0.0274,8.6292,0.1174,27.0803,17.953,2,8000,8000,1,1127,4
4,0,4,8000,1,481,34.5728,0.0255,8.539,0.1094,27.0179,17.9788,2,8000,8000,1,1063,4
4,0,4,8000,1,482,40.5689,0.062,12.6491,0.1148,31.0849,17.8861,3,8000,8000,1,1326,4
4,0,4,8000,1,483,34.5388,0.0199,8.7671,0.1152,26.8108,17.555,2,8000,8000,1,1280,4
4,0,4,8000,1,484,35.7811,0.0282,9.248,0.1166,28.4484,18.6701,2,8000,8000,1,1205,4
4,0,4,8000,1,485,35.5037,0.0269,9.1798,0.1179,27.7365,18.0435,2,8000,8000,1,1379,4
4,0,4,8000,1,486,35.5993,0.0241,10.0023,0.1178,28.5615,18.0442,2,8000,8000,1,1105,4
4,0,4,8000,1,487,33.872,0.0193,8.8792,0.1183,26.7656,17.3894,2,8000,8000,1,1115,4
4,0,4,8000,1,488,33.168,0.0285,8.5764,0.1165,26.5597,17.4725,2,8000,8000,1,1051,4
4,0,4,8000,1,489,34.8386,0.0276,8.4729,0.1176,27.1319,18.1314,2,8000,8000,1,951,4
4,0,4,8000,1,490,39.4472,0.0391,12.9049,0.1181,32.2086,18.6743,3,8000,8000,1,1164,4
4,0,4,8000,1,491,37.0313,0.0273,11.9704,0.123,29.7057,17.2113,2,8000,8000,1,1473,4
4,0,4,8000,1,492,34.6747,0.0239,9.2954,0.124,27.2682,17.4415,2,8000,8000,1,1098,4
4,0,4,8000,1,493,37.7332,0.0268,9.5515,0.1215,28.9727,18.8875,2,8000,8000,1,982,4
4,0,4,8000,1,494,32.8877,0.0502,7.7276,0.1159,25.5446,17.2283,2,8000,8000,1,870,4
4,0,4,8000,1,495,33.8226,0.0252,7.8933,0.1152,26.203,17.7955,2,8000,8000,1,945,4
4,0,4,8000,1,496,34.5976,0.0201,8.9113,0.1355,26.4525,17.014,2,8000,8000,1,1066,4
4,0,4,8000,1,497,38.8942,0.0427,12.3899,0.1164,31.8664,18.9404,3,8000,8000,1,1390,4
4,0,4,8000,1,498,34.4964,0.0274,9.2059,0.1121,26.8927,17.1909,2,8000,8000,1,1196,4
4,0,4,8000,1,499,33.5947,0.0224,8.5156,0.1122,26.4928,17.4623,2,8000,8000,1,901,4
4,0,4,8000,1,500,36.7908,0.021,9.5245,0.1275,29.4836,19.367,2,8000,8000,1,1122,4
4,0,4,8000,1,501,33.9598,0.0376,8.7469,0.1225,26.9158,17.6371,2,8000,8000,1,905,4
4,0,4,8000,1,502,33.435,0.0251,8.4455,0.1129,26.5476,17.6143,2,8000,8000,1,1084,4
4,0,4,8000,1,503,34.3328,0.0703,8.8399,0.1185,27.3934,17.9986,2,8000,8000,1,1192,4
4,0,4,8000,1,504,45.1048,0.565,12.5333,0.147,33.2235,19.4675,2,8000,8000,1,1008,4
4,0,4,8000,1,505,38.4214,0.0336,12.3133,0.1282,31.0564,18.184,3,8000,8000,1,1236,4
4,0,4,8000,1,506,35.8804,0.0248,9.7602,0.1202,28.575,18.3063,2,8000,8000,1,1281,4
4,0,4,8000,1,507,37.5719,0.0269,9.5885,0.1983,28.4875,18.2547,2,8000,8000,1,1254,4
4,0,4,8000,1,508,37.5159,0.0298,11.9862,0.1216,30.2063,17.7164,3,8000,8000,1,1404,4
4,0,4,8000,1,509,37.3058,0.021,9.2313,0.1216,28.6007,18.8702,2,8000,8000,1,1357,4
4,0,4,8000,1,510,39.1262,0.0839,12.882,0.1214,30.9053,17.4491,2,8000,8000,1,1549,4
4,0,4,8000,1,511,38.9754,0.0336,13.6161,0.1179,31.9505,17.8205,3,8000,8000,1,1481,4
4,0,4,8000,1,512,37.2767,0.0291,9.8787,0.1186,29.8481,19.4561,2,8000,8000,1,1747,4
4,0,4,8000,1,513,35.4996,0.028,9.896,0.1173,28.6296,18.226,2,8000,8000,1,1142,4
4,0,4,8000,1,514,35.1643,0.027,9.6514,0.1183,28.0114,17.8428,2,8000,8000,1,1161,4
4,0,4,8000,1,515,35.466,0.0246,8.9611,0.1163,28.1048,18.6499,2,8000,8000,1,1221,4
4,0,4,8000,1,516,36.2742,0.0228,9.6329,0.1151,28.9548,18.8113,2,8000,8000,1,1094,4
4,0,4,8000,1,517,40.9221,0.0347,13.7499,0.1234,33.6362,19.3556,3,8000,8000,1,1383,4
4,0,4,8000,1,518,35.8229,0.0323,10.4396,0.1118,28.4989,17.5531,2,8000,8000,1,1502,4
4,0,4,8000,1,519,36.7019,0.0306,9.3001,0.121,27.6617,17.8489,2,8000,8000,1,1118,4
4,0,4,8000,1,520,35.2986,0.0228,9.8831,0.1186,27.8609,17.4739,2,8000,8000,1,1042,4
4,0,4,8000,1,521,41.0372,0.0341,13.2615,0.1127,33.0514,19.2817,3,8000,8000,1,1393,4
4,0,4,8000,1,522,35.0177,0.0257,9.3453,0.1132,27.973,18.1372,2,8000,8000,1,1203,4
4,0,4,8000,1,523,36.2394,0.0172,9.1161,0.1274,27.2705,17.3263,2,8000,8000,1,1024,4
4,0,4,8000,1,524,37.6598,0.0225,10.98,0.1369,30.9632,19.0547,2,8000,8000,1,1161,4
4,0,4,8000,1,525,38.9832,0.0375,12.5954,0.138,31.5682,18.4497,3,8000,8000,1,1446,4
4,0,4,8000,1,526,33.7996,0.0233,9.2615,0.1139,26.9767,17.2226,2,8000,8000,1,1441,4
4,0,4,8000,1,527,34.1979,0.0209,9.3318,0.1081,27.2824,17.4698,2,8000,8000,1,1291,4
4,0,4,8000,1,528,38.7673,0.0389,11.3398,0.1225,29.8703,17.8295,2,8000,8000,1,1074,4
4,0,4,8000,1,529,34.4979,0.0336,9.6116,0.1108,27.6374,17.5355,2,8000,8000,1,1237,4
4,0,4,8000,1,530,37.2107,0.0257,10.1553,0.1933,30.2686,19.486,2,8000,8000,1,1152,4
4,0,4,8000,1,531,37.58,0.0324,12.224,0.1124,30.2819,17.5616,3,8000,8000,1,1455,4
4,0,4,8000,1,532,36.4102,0.0272,10.5864,0.1192,28.6642,17.5621,2,8000,8000,1,1642,4
4,0,4,8000,1,533,35.8661,0.0254,10.6519,0.112,28.8421,17.7147,2,8000,8000,1,1156,4
4,0,4,8000,1,534,35.9614,0.0284,10.9028,0.1156,28.6674,17.2791,2,8000,8000,1,1088,4
4,0,4,8000,1,535,35.2148,0.0256,9.1283,0.1139,27.522,17.8897,2,8000,8000,1,1276,4
4,0,4,8000,1,536,34.3032,0.032,9.441,0.1177,27.1454,17.1673,2,8000,8000,1,1051,4
4,0,4,8000,1,537,42.5283,0.0504,16.2912,0.1308,34.8349,18.005,3,8000,8000,1,1521,4
4,0,4,8000,1,538,34.7386,0.0274,10.0218,0.1242,28.0987,17.5148,2,8000,8000,1,1467,4
4,0,4,8000,1,539,36.1689,0.0229,9.7484,0.1122,29.3131,18.9795,2,8000,8000,1,1083,4
4,0,4,8000,1,540,37.6258,0.0227,10.1303,0.119,29.0566,18.4142,2,8000,8000,1,1204,4
4,0,4,8000,1,541,38.8833,0.0343,13.3222,0.119,31.4354,17.606,3,8000,8000,1,1450,4
4,0,4,8000,1,542,33.6464,0.0218,8.9861,0.1279,26.6644,17.1252,2,8000,8000,1,1217,4
4,0,4,8000,1,543,36.756,0.023,9.4556,0.1091,29.6551,19.676,2,8000,8000,1,947,4
4,0,4,8000,1,544,35.3271,0.0243,9.207,0.1161,28.1238,18.4213,2,8000,8000,1,912,4
4,0,4,8000,1,545,38.3622,0.0224,11.6063,0.1245,30.884,18.7502,2,8000,8000,1,994,4
4,0,4,8000,1,546,37.6522,0.0361,11.9926,0.1107,29.7225,17.2085,3,8000,8000,1,1271,4
4,0,4,8000,1,547,35.0444,0.671,8.8744,0.1157,27.9019,17.8695,2,8000,8000,1,1423,4
4,0,4,8000,1,548,35.9656,0.0225,9.7144,0.1054,28.4487,18.2406,2,8000,8000,1,1065,4
4,0,4,8000,1,549,40.066,0.0236,9.6022,0.1149,31.42,21.2688,2,8000,8000,1,1091,4
4,0,4,8000,1,550,35.9625,0.0245,9.4945,0.13,28.1891,18.1779,2,8000,8000,1,1166,4
5,1,4,8000,1,151,30.6865,0.0147,2.3949,0.1332,22.7084,19.8284,2,8000,8000,1,1051,4
5,1,4,8000,1,152,32.2256,0.0149,2.3779,0.1258,24.2215,21.3748,2,8000,8000,1,1214,4
5,1,4,8000,1,153,30.4407,0.0152,2.1346,0.1281,22.2646,19.6196,2,8000,8000,1,929,4
5,1,4,8000,1,154,29.1435,0.0135,1.8601,0.1236,21.5762,19.2537,2,8000,8000,1,785,4
5,1,4,8000,1,155,30.2009,0.0134,1.9297,0.1249,22.5185,20.0883,2,8000,8000,1,779,4
5,1,4,8000,1,156,29.5142,0.0142,1.7593,0.1227,21.5807,19.3467,1,8000,8000,1,678,4
5,1,4,8000,1,157,29.1356,0.0113,1.4274,0.1224,21.1766,19.2815,2,8000,8000,1,555,4
5,1,4,8000,1,158,28.6148,0.016,1.5371,0.126,21.3139,19.2949,2,8000,8000,1,653,4
5,1,4,8000,1,159,29.8742,0.0164,2.1636,0.1302,22.39,19.6613,2,8000,8000,1,707,4
5,1,4,8000,1,160,30.2912,0.0168,1.6974,0.1191,21.5647,19.392,2,8000,8000,1,627,4
5,1,4,8000,1,161,29.0658,0.0182,1.4035,0.1236,20.994,19.1061,1,8000,8000,1,736,4
5,1,4,8000,1,162,28.6178,0.0154,1.3946,0.1148,21.0174,19.1403,2,8000,8000,1,631,4
5,1,4,8000,1,163,30.0761,0.0303,1.4852,0.1178,21.8644,19.8711,2,8000,8000,1,518,4
5,1,4,8000,1,164,28.2015,0.0173,1.4166,0.1148,20.5723,18.6988,2,8000,8000,1,687,4
5,1,4,8000,1,165,28.4561,0.0125,1.4705,0.1157,20.8602,18.927,1,8000,8000,1,710,4
5,1,4,8000,1,166,28.6561,0.014,1.2807,0.1368,20.9318,19.0794,2,8000,8000,1,562,4
5,1,4,8000,1,167,31.0254,0.0163,1.98,0.1288,22.2232,19.7362,2,8000,8000,1,604,4
5,1,4,8000,1,168,28.3138,0.0168,1.3948,0.1268,20.8373,18.9301,2,8000,8000,1,686,4
5,1,4,8000,1,169,28.8461,0.0135,1.5496,0.1285,20.7758,18.7582,1,8000,8000,1,732,4
5,1,4,8000,1,170,29.7688,0.0134,1.706,0.1234,21.5205,19.3226,2,8000,8000,1,700,4
5,1,4,8000,1,171,30.5279,0.0154,1.7813,0.1272,22.3739,20.1025,2,8000,8000,1,578,4
5,1,4,8000,1,172,29.4926,0.0155,1.7198,0.1293,21.2151,18.9934,2,8000,8000,1,855,4
5,1,4,8000,1,173,29.6487,0.0127,1.7718,0.1252,21.8,19.5138,1,8000,8000,1,827,4
5,1,4,8000,1,174,30.3234,0.0157,1.4955,0.1239,22.0873,20.1153,2,8000,8000,1,763,4
5,1,4,8000,1,175,29.1546,0.0135,1.521,0.1294,21.148,19.1413,2,8000,8000,1,597,4
5,1,4,8000,1,176,28.8142,0.0128,1.6159,0.1306,21.0852,18.9736,2,8000,8000,1,807,4
5,1,4,8000,1,177,29.3772,0.1057,1.7712,0.1206,21.9068,19.5621,1,8000,8000,1,844,4
5,1,4,8000,1,178,29.6375,0.0169,1.5602,0.1223,21.5304,19.4897,2,8000,8000,1,765,4
5,1,4,8000,1,179,28.0761,0.0197,1.5682,0.1251,20.8108,18.765,2,8000,8000,1,681,4
5,1,4,8000,1,180,28.0968,0.0161,1.7718,0.1232,20.9576,18.7201,2,8000,8000,1,955,4
5,1,4,8000,1,181,28.8092,0.0155,1.7026,0.1227,20.9767,18.8048,1,8000,8000,1,954,4
5,1,4,8000,1,182,29.7959,0.0135,1.625,0.122,22.0961,19.9772,2,8000,8000,1,840,4
5,1,4,8000,1,183,28.2714,0.0137,1.6018,0.1177,20.6885,18.6358,2,8000,8000,1,856,4
5,1,4,8000,1,184,28.4392,0.0139,1.9825,0.1185,20.9502,18.5009,2,8000,8000,1,1222,4
5,1,4,8000,1,185,28.3405,0.0216,1.7569,0.1183,21.1605,18.9337,1,8000,8000,1,1009,4
5,1,4,8000,1,186,29.9193,0.0187,1.8194,0.1223,22.4151,20.091,2,8000,8000,1,1203,4
5,1,4,8000,1,187,29.3136,0.0158,2.0907,0.1266,22.2417,19.6263,2,8000,8000,1,944,4
5,1,4,8000,1,188,29.5359,0.0149,2.1583,0.1261,21.6354,19.0155,2,8000,8000,1,1491,4
5,1,4,8000,1,189,29.5744,0.0126,2.6508,0.1203,22.2394,19.1252,1,8000,8000,1,1806,4
5,1,4,8000,1,190,31.4125,0.0149,2.7255,0.1173,23.6435,20.4297,2,8000,8000,1,2033,4
5,1,4,8000,1,191,29.4497,0.0162,2.6787,0.118,21.9437,18.8028,2,8000,8000,1,1718,4
5,1,4,8000,1,192,30.3705,0.0134,2.712,0.1183,22.2652,19.0859,2,8000,8000,1,1785,4
5,1,4,8000,1,193,30.0942,0.0153,2.9527,0.1245,22.5919,19.1397,2,8000,8000,1,2083,4
5,1,4,8000,1,194,30.3396,0.0185,2.8715,0.1199,22.7883,19.4616,1,8000,8000,1,1949,4
5,1,4,8000,1,195,29.0909,0.0173,2.5641,0.1206,22.045,19.0225,2,8000,8000,1,1829,4
5,1,4,8000,1,196,29.9498,0.0152,3.1025,0.1282,22.8819,19.2309,2,8000,8000,1,1451,4
5,1,4,8000,1,197,31.5675,0.0128,2.9531,0.1214,22.6564,19.217,2,8000,8000,1,2126,4
5,1,4,8000,1,198,29.9215,0.0237,2.9393,0.1187,22.7436,19.3166,2,8000,8000,1,2213,4
5,1,4,8000,1,199,30.6422,0.0147,3.2804,0.1189,22.9793,19.2565,1,8000,8000,1,2029,4
5,1,4,8000,1,200,29.2419,0.0149,2.7105,0.1218,22.0172,18.8446,2,8000,8000,1,2245,4
5,1,4,8000,1,201,30.6898,0.0179,2.8505,0.1167,22.8882,19.5365,2,8000,8000,1,1166,4
5,1,4,8000,1,202,29.5297,0.0135,2.4255,0.1178,21.7055,18.8165,2,8000,8000,1,1638,4
5,1,4,8000,1,203,29.789,0.0153,2.4361,0.1205,21.9344,19.017,2,8000,8000,1,1503,4
5,1,4,8000,1,204,29.9882,0.0165,2.8393,0.129,22.7074,19.2882,1,8000,8000,1,1488,4
5,1,4,8000,1,205,30.6486,0.0134,1.9148,0.1183,21.3563,18.9879,2,8000,8000,1,960,4
5,1,4,8000,1,206,29.1386,0.016,2.1385,0.1227,21.6167,18.9895,2,8000,8000,1,1043,4
5,1,4,8000,1,207,28.8205,0.015,2.0814,0.1214,21.7705,19.2261,2,8000,8000,1,1077,4
5,1,4,8000,1,208,30.3488,0.0134,1.8404,0.1304,21.4005,19.0864,2,8000,8000,1,1010,4
5,1,4,8000,1,209,29.7735,0.0176,1.9751,0.1224,22.5406,20.0628,1,8000,8000,1,1103,4
5,1,4,8000,1,210,28.0479,0.0214,1.7181,0.1221,21.0479,18.7844,2,8000,8000,1,831,4
5,1,4,8000,1,211,29.7294,0.0164,1.9215,0.1256,21.8684,19.4591,2,8000,8000,1,859,4
5,1,4,8000,1,212,29.1635,0.0132,1.7879,0.1202,21.4097,19.156,2,8000,8000,1,1102,4
5,1,4,8000,1,213,31.0836,0.0119,2.2052,0.1222,22.305,19.6363,1,8000,8000,1,1347,4
5,1,4,8000,1,214,29.0608,0.013,1.847,0.1229,21.0956,18.7848,2,8000,8000,1,1067,4
5,1,4,8000,1,215,29.6103,0.015,2.0548,0.1251,22.706,20.1455,2,8000,8000,1,890,4
5,1,4,8000,1,216,29.7368,0.0129,2.1316,0.1242,21.88,19.2605,2,8000,8000,1,1367,4
5,1,4,8000,1,217,30.3583,0.0132,2.1888,0.1163,21.592,18.9621,2,8000,8000,1,1403,4
5,1,4,8000,1,218,29.7013,0.014,2.6146,0.1163,22.3995,19.3231,1,8000,8000,1,1779,4
5,1,4,8000,1,219,29.3047,0.014,2.1351,0.1237,22.0218,19.4069,2,8000,8000,1,1317,4
5,1,4,8000,1,220,30.7401,0.0154,2.8173,0.2262,23.6846,19.8192,2,8000,8000,1,1043,4
5,1,4,8000,1,221,40.7949,0.02,2.6447,0.1397,25.5686,22.3951,2,8000,8000,1,1508,4
5,1,4,8000,1,222,31.3156,0.0164,2.6317,0.1309,23.4476,20.3,2,8000,8000,1,1436,4
5,1,4,8000,1,223,33.1363,0.0213,2.4431,0.1323,24.3252,21.3387,2,8000,8000,1,1311,4
5,1,4,8000,1,224,31.8902,0.0136,2.1757,0.1318,22.313,19.654,2,8000,8000,1,1172,4
5,1,4,8000,1,225,30.0781,0.0173,2.222,0.1277,22.2158,19.4974,2,8000,8000,1,1239,4
5,1,4,8000,1,226,30.5617,0.0145,2.6084,0.1284,22.9261,19.8021,2,8000,8000,1,1257,4
5,1,4,8000,1,227,30.1321,0.0175,2.077,0.1248,22.0347,19.4815,2,8000,8000,1,1116,4
5,1,4,8000,1,228,29.5714,0.0136,1.9938,0.1334,22.016,19.5442,1,8000,8000,1,1078,4
5,1,4,8000,1,229,29.1447,0.014,1.741,0.1248,21.3979,19.1686,2,8000,8000,1,956,4
5,1,4,8000,1,230,31.8004,0.0919,2.3285,0.1288,23.9114,20.9865,2,8000,8000,1,874,4
5,1,4,8000,1,231,30.4279,0.0158,1.8764,0.1261,21.867,19.4758,2,8000,8000,1,935,4
5,1,4,8000,1,232,29.843,0.0148,1.9952,0.1246,21.8628,19.3868,2,8000,8000,1,953,4
5,1,4,8000,1,233,28.8223,0.0132,1.8434,0.1214,21.1742,18.8641,1,8000,8000,1,1057,4
5,1,4,8000,1,234,29.8603,0.0143,1.7932,0.1249,22.3296,20.0227,2,8000,8000,1,892,4
5,1,4,8000,1,235,28.7371,0.0138,1.957,0.1152,21.1664,18.7684,2,8000,8000,1,825,4
5,1,4,8000,1,236,30.0265,0.0159,1.681,0.1204,22.3413,20.1929,2,8000,8000,1,895,4
5,1,4,8000,1,237,28.3517,0.0188,1.8981,0.1206,21.3058,18.9272,1,8000,8000,1,1018,4
5,1,4,8000,1,238,30.5753,0.0216,1.9373,0.1302,22.619,20.159,2,8000,8000,1,836,4
5,1,4,8000,1,239,29.4652,0.0173,1.5407,0.1231,20.9791,18.9493,2,8000,8000,1,739,4
5,1,4,8000,1,240,30.01,0.0153,1.8434,0.1155,21.3638,19.0682,2,8000,8000,1,1023,4
5,1,4,8000,1,241,30.318,0.0168,2.0043,0.1256,22.444,19.9304,2,8000,8000,1,1001,4
5,1,4,8000,1,242,28.9564,0.0209,1.8881,0.1155,21.3033,18.9462,1,8000,8000,1,1182,4
5,1,4,8000,1,243,29.0734,0.0132,1.9816,0.1343,21.726,19.2061,2,8000,8000,1,1064,4
5,1,4,8000,1,244,29.1562,0.0134,1.8737,0.1235,21.5391,19.1786,2,8000,8000,1,882,4
5,1,4,8000,1,245,29.7347,0.0166,2.295,0.1178,22.3611,19.586,2,8000,8000,1,1035,4
5,1,4,8000,1,246,30.6373,0.0176,2.0433,0.1237,22.9429,20.405,1,8000,8000,1,1099,4
5,1,4,8000,1,247,28.8784,0.0155,1.7882,0.1199,21.3204,19.0586,2,8000,8000,1,954,4
5,1,4,8000,1,248,28.1624,0.0189,1.8162,0.1166,21.0472,18.777,2,8000,8000,1,797,4
5,1,4,8000,1,249,29.5453,0.0151,1.9299,0.127,22.1355,19.7029,2,8000,8000,1,1048,4
5,1,4,8000,1,250,29.2749,0.0153,2.0092,0.1192,21.4848,19.0119,1,8000,8000,1,1055,4
5,1,4,8000,1,251,28.6328,0.0177,1.6675,0.1188,21.1268,19.0056,2,8000,8000,1,887,4
5,1,4,8000,1,252,28.9917,0.03,2.1195,0.1161,21.5001,18.9077,2,8000,8000,1,763,4
5,1,4,8000,1,253,31.2104,0.0183,2.0366,0.1251,23.9038,21.374,2,8000,8000,1,1013,4
5,1,4,8000,1,254,29.9393,0.016,2.0068,0.124,22.5219,20.0219,2,8000,8000,1,1001,4
5,1,4,8000,1,255,28.3287,0.0182,1.8128,0.119,21.0449,18.7757,1,8000,8000,1,936,4
5,1,4,8000,1,256,28.8562,0.0149,1.5493,0.1172,20.9468,18.9174,2,8000,8000,1,830,4
5,1,4,8000,1,257,29.7024,0.0191,1.8669,0.1266,21.9172,19.537,2,8000,8000,1,810,4
5,1,4,8000,1,258,29.3276,0.0156,1.9574,0.118,21.5345,19.1071,2,8000,8000,1,1022,4
5,1,4,8000,1,259,30.0104,0.0139,2.4247,0.1242,22.9118,19.9508,1,8000,8000,1,1137,4
5,1,4,8000,1,260,35.4833,0.0251,1.7735,0.1363,25.2424,22.9193,2,8000,8000,1,772,4
5,1,4,8000,1,261,30.6706,0.0222,1.8597,0.1322,23.031,20.6478,2,8000,8000,1,731,4
5,1,4,8000,1,262,32.5648,0.0178,2.1887,0.1451,22.9323,20.2067,2,8000,8000,1,1051,4
5,1,4,8000,1,263,31.3285,0.0206,2.4092,0.1301,22.9396,19.9995,2,8000,8000,1,993,4
5,1,4,8000,1,264,32.8163,0.0172,2.52,0.1228,24.7759,21.7242,2,8000,8000,1,1006,4
5,1,4,8000,1,265,29.7909,0.0169,1.8759,0.1239,21.5733,19.2156,2,8000,8000,1,939,4
5,1,4,8000,1,266,29.8825,0.0147,1.8662,0.1215,21.7576,19.4121,2,8000,8000,1,1050,4
5,1,4,8000,1,267,29.8615,0.0145,2.4884,0.1222,21.9085,18.9282,1,8000,8000,1,1019,4
5,1,4,8000,1,268,31.1172,0.0187,1.7999,0.1187,21.6241,19.3391,2,8000,8000,1,887,4
5,1,4,8000,1,269,28.6435,0.0174,1.9475,0.129,21.2953,18.8733,2,8000,8000,1,767,4
5,1,4,8000,1,270,29.1357,0.0154,1.9175,0.1262,21.2175,18.8245,2,8000,8000,1,909,4
5,1,4,8000,1,271,30.2009,0.0153,2.2421,0.1288,22.6767,19.896,2,8000,8000,1,867,4
5,1,4,8000,1,272,29.0639,0.0128,1.7276,0.1249,21.5431,19.3215,1,8000,8000,1,874,4
5,1,4,8000,1,273,30.4536,0.016,1.4731,0.1284,21.15,19.1745,2,8000,8000,1,565,4
5,1,4,8000,1,274,28.7275,0.0151,1.5335,0.1244,21.144,19.1357,2,8000,8000,1,678,4
5,1,4,8000,1,275,28.7409,0.019,1.7396,0.1248,21.332,19.0663,2,8000,8000,1,804,4
5,1,4,8000,1,276,30.4644,0.0138,1.7571,0.1236,22.4655,20.1862,1,8000,8000,1,795,4
5,1,4,8000,1,277,30.4219,0.0146,1.625,0.1341,22.3546,20.2132,2,8000,8000,1,627,4
5,1,4,8000,1,278,29.8164,0.0167,1.5802,0.1277,21.9545,19.87,2,8000,8000,1,689,4
5,1,4,8000,1,279,30.6274,0.0177,1.8665,0.1333,22.9014,20.4921,2,8000,8000,1,860,4
5,1,4,8000,1,280,29.3852,0.015,1.6868,0.1259,21.7434,19.5809,2,8000,8000,1,956,4
5,1,4,8000,1,281,28.7103,0.0167,1.6904,0.1258,21.3897,19.22,1,8000,8000,1,742,4
5,1,4,8000,1,282,29.2858,0.025,1.4345,0.1258,21.9022,19.9462,2,8000,8000,1,686,4
5,1,4,8000,1,283,31.2476,0.0133,1.927,0.1305,22.9681,20.5172,2,8000,8000,1,722,4
5,1,4,8000,1,284,29.0361,0.0148,1.5446,0.1141,21.1816,19.1617,2,8000,8000,1,787,4
5,1,4,8000,1,285,29.9238,0.0116,1.6272,0.1187,21.2535,19.0515,2,8000,8000,1,842,4
5,1,4,8000,1,286,28.5975,0.0189,1.728,0.1117,21.0115,18.7969,1,8000,8000,1,905,4
5,1,4,8000,1,287,30.2585,0.0117,1.5577,0.1158,22.1961,20.1887,2,8000,8000,1,775,4
5,1,4,8000,1,288,28.6565,0.0133,1.6361,0.1171,20.4611,18.3652,2,8000,8000,1,651,4
5,1,4,8000,1,289,28.0157,0.0129,1.6643,0.1144,20.3699,18.2764,2,8000,8000,1,985,4
5,1,4,8000,1,290,31.2801,0.0132,2.0526,0.1177,22.2228,19.6719,1,8000,8000,1,914,4
5,1,4,8000,1,291,27.4598,0.0398,1.292,0.1169,20.0958,18.3211,2,8000,8000,1,742,4
5,1,4,8000,1,292,28.7312,0.0166,1.7675,0.124,21.3689,19.1759,2,8000,8000,1,758,4
5,1,4,8000,1,293,28.0002,0.1103,1.7437,0.1129,20.8482,18.5789,2,8000,8000,1,933,4
5,1,4,8000,1,294,29.3001,0.0146,1.8681,0.1361,21.8095,19.369,1,8000,8000,1,1023,4
5,1,4,8000,1,295,29.0237,0.0162,1.6908,0.1422,20.6611,18.4894,2,8000,8000,1,866,4
5,1,4,8000,1,296,27.5807,0.0141,1.7747,0.1152,20.2374,17.9466,2,8000,8000,1,766,4
5,1,4,8000,1,297,28.0225,0.0167,1.622,0.1193,20.7693,18.6595,1,8000,8000,1,919,4
5,1,4,8000,1,298,30.1781,0.0119,2.1636,0.1201,22.7077,19.9038,2,8000,8000,1,753,4
5,1,4,8000,1,299,29.6987,0.015,1.6313,0.1157,21.4078,19.2855,2,8000,8000,1,755,4
5,1,4,8000,1,300,27.9135,0.0152,1.7214,0.1099,20.1455,17.9706,2,8000,8000,1,940,4
5,1,4,8000,1,301,28.1187,0.0202,1.5041,0.1194,20.8958,18.795,1,8000,8000,1,937,4
5,1,4,8000,1,302,28.3042,0.017,1.6088,0.1221,20.4409,18.3327,2,8000,8000,1,782,4
5,1,4,8000,1,303,29.0117,0.0264,1.7142,0.1139,21.0133,18.8612,2,8000,8000,1,739,4
5,1,4,8000,1,304,27.6975,0.0116,1.6762,0.1424,20.3226,18.1707,1,8000,8000,1,1044,4
5,1,4,8000,1,305,27.747,0.0154,1.8375,0.1101,20.5749,18.3249,2,8000,8000,1,1056,4
5,1,4,8000,1,306,27.7661,0.0138,2.0336,0.1192,20.6096,18.0729,2,8000,8000,1,781,4
5,1,4,8000,1,307,30.6981,0.0194,1.6302,0.1168,20.9962,18.9038,2,8000,8000,1,1003,4
5,1,4,8000,1,308,28.3344,0.0171,2.0364,0.1145,20.8223,18.3,1,8000,8000,1,1014,4
5,1,4,8000,1,309,28.2096,0.0152,1.6558,0.1246,20.5982,18.4514,2,8000,8000,1,934,4
5,1,4,8000,1,310,28.9615,0.0131,2.4188,0.1186,21.6527,18.7359,2,8000,8000,1,893,4
5,1,4,8000,1,311,29.096,0.0154,1.9032,0.1187,21.6412,19.2682,1,8000,8000,1,976,4
5,1,4,8000,1,312,29.2157,0.0178,1.8122,0.117,21.8069,19.5218,2,8000,8000,1,966,4
5,1,4,8000,1,313,29.3958,0.0135,2.3076,0.1201,21.2939,18.5094,2,8000,8000,1,877,4
5,1,4,8000,1,314,30.5555,0.0165,2.0192,0.1206,22.3735,19.8666,2,8000,8000,1,974,4
5,1,4,8000,1,315,28.2275,0.0147,1.8821,0.1149,20.6743,18.3661,2,8000,8000,1,1202,4
5,1,4,8000,1,316,29.2287,0.0188,1.9818,0.1091,21.4711,19.0558,1,8000,8000,1,1070,4
5,1,4,8000,1,317,28.0612,0.0129,1.6726,0.1194,20.602,18.4487,2,8000,8000,1,937,4
5,1,4,8000,1,318,29.6182,0.0199,2.1418,0.121,22.316,19.5791,2,8000,8000,1,921,4
5,1,4,8000,1,319,27.9124,0.0123,1.8131,0.1177,20.5436,18.3056,1,8000,8000,1,1208,4
5,1,4,8000,1,320,27.9034,0.0163,1.899,0.1147,20.4813,18.1401,2,8000,8000,1,915,4
5,1,4,8000,1,321,29.0934,0.0172,2.0527,0.1323,21.6236,19.0637,2,8000,8000,1,857,4
5,1,4,8000,1,322,30.7487,0.0152,2.1097,0.1193,22.6244,20.0236,2,8000,8000,1,1103,4
5,1,4,8000,1,323,28.9282,0.0284,2.0515,0.1205,20.8168,18.3388,1,8000,8000,1,1023,4
5,1,4,8000,1,324,28.9203,0.0165,1.8073,0.1354,21.3925,19.1025,2,8000,8000,1,906,4
5,1,4,8000,1,325,28.8656,0.0139,1.8199,0.1367,21.3887,19.0544,2,8000,8000,1,793,4
5,1,4,8000,1,326,30.7165,0.019,2.137,0.113,23.0202,20.3967,2,8000,8000,1,1015,4
5,1,4,8000,1,327,28.5208,0.0117,2.1183,0.1207,20.947,18.3809,1,8000,8000,1,1117,4
5,1,4,8000,1,328,30.1993,0.0182,1.7518,0.1158,20.9968,18.7085,2,8000,8000,1,1030,4
5,1,4,8000,1,329,29.2276,0.0199,1.918,0.1184,21.8097,19.4197,2,8000,8000,1,882,4
5,1,4,8000,1,330,29.8522,0.0173,1.8651,0.1176,21.6186,19.2243,2,8000,8000,1,995,4
5,1,4,8000,1,331,29.1439,0.0166,1.7528,0.1214,21.5105,19.3309,1,8000,8000,1,976,4
5,1,4,8000,1,332,29.2247,0.0157,1.9489,0.1187,21.085,18.6095,2,8000,8000,1,1048,4
5,1,4,8000,1,333,29.9727,0.0189,1.9168,0.118,21.3608,18.8833,2,8000,8000,1,885,4
5,1,4,8000,1,334,28.0351,0.0139,1.8727,0.1202,20.7597,18.4485,2,8000,8000,1,1141,4
5,1,4,8000,1,335,29.5183,0.0333,2.0372,0.1264,22.108,19.5899,1,8000,8000,1,1110,4
5,1,4,8000,1,336,28.8934,0.0752,1.9638,0.1222,21.8468,19.3959,2,8000,8000,1,1052,4
5,1,4,8000,1,337,29.4195,0.0206,2.0675,0.121,22.2741,19.7046,2,8000,8000,1,823,4
5,1,4,8000,1,338,30.511,0.0117,1.94,0.1139,21.9588,19.5743,2,8000,8000,1,1094,4
5,1,4,8000,1,339,28.9848,0.0147,1.9396,0.1205,21.8396,19.4606,2,8000,8000,1,926,4
5,1,4,8000,1,340,27.8659,0.0188,1.8774,0.1136,20.4881,18.1396,1,8000,8000,1,1066,4
5,1,4,8000,1,341,31.2607,0.018,1.6637,0.1204,22.3952,20.2499,2,8000,8000,1,954,4
5,1,4,8000,1,342,29.3172,0.0181,2.1286,0.136,21.7248,19.0754,2,8000,8000,1,941,4
5,1,4,8000,1,343,30.9432,0.0125,2.2213,0.1241,22.0617,19.3843,2,8000,8000,1,1142,4
5,1,4,8000,1,344,30.9445,0.0815,1.9941,0.1181,23.1774,20.6503,1,8000,8000,1,1078,4
5,1,4,8000,1,345,29.1037,0.0127,1.8131,0.1291,21.8439,19.5058,2,8000,8000,1,919,4
5,1,4,8000,1,346,31.1705,0.0106,2.044,0.1232,22.7016,20.1724,2,8000,8000,1,859,4
5,1,4,8000,1,347,29.4245,0.0157,1.9124,0.114,22.0176,19.6394,2,8000,8000,1,1121,4
5,1,4,8000,1,348,29.1045,0.0162,2.6277,0.1211,21.9132,18.8014,2,8000,8000,1,1033,4
5,1,4,8000,1,349,29.4677,0.0177,2.3317,0.1084,21.5291,18.7625,1,8000,8000,1,1111,4
5,1,4,8000,1,350,28.5463,0.0168,1.8624,0.1177,21.4766,19.1118,2,8000,8000,1,977,4
5,1,4,8000,1,351,29.9593,0.013,2.0365,0.1181,22.058,19.5451,2,8000,8000,1,914,4
5,1,4,8000,1,352,30.6034,0.0172,1.983,0.123,22.8945,20.3923,2,8000,8000,1,1215,4
5,1,4,8000,1,353,29.0831,0.0137,1.9946,0.1218,21.4669,19.0204,2,8000,8000,1,969,4
5,1,4,8000,1,354,29.0174,0.0126,2.1085,0.1208,21.7086,19.1606,1,8000,8000,1,1050,4
5,1,4,8000,1,355,28.9709,0.0139,1.5773,0.1236,21.5552,19.4745,2,8000,8000,1,836,4
5,1,4,8000,1,356,30.6467,0.0159,2.3899,0.1304,23.5171,20.5476,2,8000,8000,1,909,4
5,1,4,8000,1,357,31.5119,0.0198,2.0887,0.1214,22.8897,20.2759,2,8000,8000,1,880,4
5,1,4,8000,1,358,29.4893,0.0122,1.5312,0.1144,21.0725,19.0888,2,8000,8000,1,936,4
5,1,4,8000,1,359,29.5494,0.0154,2.1691,0.1205,22.3271,19.6743,1,8000,8000,1,1110,4
5,1,4,8000,1,360,31.3487,0.0147,2.1565,0.1252,22.1552,19.4688,2,8000,8000,1,975,4
5,1,4,8000,1,361,27.3821,0.0146,1.7656,0.1146,19.8175,17.6163,2,8000,8000,1,842,4
5,1,4,8000,1,362,29.0079,0.0154,2.1402,0.2172,22.1014,19.3018,2,8000,8000,1,1099,4
5,1,4,8000,1,363,31.1066,0.0221,2.0627,0.1056,20.9863,18.4924,1,8000,8000,1,995,4
5,1,4,8000,1,364,27.8457,0.0134,1.7129,0.1157,20.5749,18.4101,2,8000,8000,1,966,4
5,1,4,8000,1,365,28.9688,0.0179,2.1748,0.1175,21.5311,18.8667,2,8000,8000,1,947,4
5,1,4,8000,1,366,29.0384,0.0113,2.1147,0.1203,21.4785,18.852,2,8000,8000,1,1110,4
5,1,4,8000,1,367,28.6807,0.015,1.7752,0.1099,21.0461,18.8289,1,8000,8000,1,1024,4
5,1,4,8000,1,368,29.1329,0.0188,1.6834,0.1062,21.1144,18.9996,2,8000,8000,1,929,4
5,1,4,8000,1,369,29.0467,0.0133,1.7772,0.1192,19.8039,17.5146,2,8000,8000,1,881,4
5,1,4,8000,1,370,27.7632,0.0213,2.0044,0.1118,20.5934,18.1508,2,8000,8000,1,1230,4
5,1,4,8000,1,371,29.335,0.0148,1.8986,0.111,21.4275,19.0961,1,8000,8000,1,1127,4
5,1,4,8000,1,372,27.9012,0.013,1.7198,0.1152,20.7259,18.5573,2,8000,8000,1,963,4
5,1,4,8000,1,373,30.3768,0.0263,2.0592,0.1213,23.6176,21.0764,2,8000,8000,1,941,4
5,1,4,8000,1,374,29.4714,0.0131,1.9716,0.1213,21.6239,19.1732,1,8000,8000,1,1102,4
5,1,4,8000,1,375,28.8997,0.0137,1.7838,0.1137,21.4911,19.2434,2,8000,8000,1,1048,4
5,1,4,8000,1,376,31.0408,0.0176,2.2655,0.1156,23.7356,20.9743,2,8000,8000,1,987,4
5,1,4,8000,1,377,28.2134,0.0169,2.1294,0.1439,20.9244,18.2178,2,8000,8000,1,1120,4
5,1,4,8000,1,378,28.7661,0.0222,1.9989,0.1161,20.9792,18.4995,2,8000,8000,1,1329,4
5,1,4,8000,1,379,31.0464,0.0139,2.3373,0.11,22.8277,20.0252,1,8000,8000,1,1407,4
5,1,4,8000,1,380,31.0778,0.0144,2.3946,0.125,23.1591,20.2749,2,8000,8000,1,991,4
5,1,4,8000,1,381,31.2635,0.0165,2.0884,0.1213,23.1784,20.5971,2,8000,8000,1,931,4
5,1,4,8000,1,382,30.4852,0.0161,2.2965,0.1166,22.5549,19.7865,2,8000,8000,1,1231,4
5,1,4,8000,1,383,28.6192,0.0142,1.955,0.1138,21.0024,18.5995,2,8000,8000,1,1165,4
5,1,4,8000,1,384,30.1229,0.0148,2.3373,0.125,22.4496,19.6102,1,8000,8000,1,1125,4
5,1,4,8000,1,385,28.8924,0.0139,1.8391,0.1145,21.3831,19.0683,2,8000,8000,1,1009,4
5,1,4,8000,1,386,28.7918,0.0181,1.949,0.1203,21.3886,18.9828,2,8000,8000,1,832,4
5,1,4,8000,1,387,28.5619,0.0165,1.7606,0.1172,21.317,19.1284,2,8000,8000,1,1056,4
5,1,4,8000,1,388,29.0709,0.0247,2.2787,0.1139,21.5078,18.7864,1,8000,8000,1,1097,4
5,1,4,8000,1,389,28.6906,0.011,1.7317,0.1164,21.172,18.9865,2,8000,8000,1,837,4
5,1,4,8000,1,390,30.8571,1.0034,2.021,0.1205,23.692,20.1976,2,8000,8000,1,927,4
5,1,4,8000,1,391,32.1102,0.0183,2.0659,0.1196,21.9303,19.3796,2,8000,8000,1,1078,4
5,1,4,8000,1,392,30.6557,0.0188,2.0635,0.1117,21.4127,18.8448,2,8000,8000,1,1229,4
5,1,4,8000,1,393,28.8454,0.0125,2.0762,0.1214,21.7382,19.1973,1,8000,8000,1,1045,4
5,1,4,8000,1,394,30.2375,0.0152,1.9296,0.1239,22.8556,20.4044,2,8000,8000,1,973,4
5,1,4,8000,1,395,30.2852,0.0166,2.1403,0.1196,21.7701,19.1599,2,8000,8000,1,843,4
5,1,4,8000,1,396,28.6157,0.0137,2.0056,0.1071,20.9065,18.4698,2,8000,8000,1,1107,4
5,1,4,8000,1,397,28.4803,0.0205,2.3101,0.1198,21.4104,18.5852,2,8000,8000,1,1182,4
5,1,4,8000,1,398,30.4854,0.0152,2.1182,0.1205,21.776,19.199,1,8000,8000,1,1176,4
5,1,4,8000,1,399,29.0947,0.0157,2.1126,0.1281,22.113,19.4382,2,8000,8000,1,1195,4
5,1,4,8000,1,400,29.4411,0.0181,2.0541,0.1225,21.8558,19.3202,2,8000,8000,1,906,4
5,1,4,8000,1,401,31.3872,0.0143,1.9908,0.1265,23.332,20.8632,2,8000,8000,1,1099,4
5,1,4,8000,1,402,29.2294,0.0127,2.0726,0.1123,21.4842,18.9883,1,8000,8000,1,1034,4
5,1,4,8000,1,403,28.6441,0.013,1.8546,0.1211,19.9906,17.6514,2,8000,8000,1,888,4
5,1,4,8000,1,404,27.3322,0.0178,1.8034,0.1105,20.4252,18.1845,2,8000,8000,1,818,4
5,1,4,8000,1,405,29.0649,0.4986,2.1405,0.1299,22.264,19.132,2,8000,8000,1,1159,4
5,1,4,8000,1,406,30.9124,0.013,1.989,0.1233,22.0518,19.5918,1,8000,8000,1,1116,4
5,1,4,8000,1,407,29.1056,0.0162,1.5364,0.1212,21.9686,19.9648,2,8000,8000,1,840,4
5,1,4,8000,1,408,31.1278,0.0125,3.0277,0.1354,23.5206,19.9322,2,8000,8000,1,799,4
5,1,4,8000,1,409,29.997,0.0148,1.9633,0.123,22.1667,19.7246,2,8000,8000,1,1019,4
5,1,4,8000,1,410,29.6926,0.0134,1.8987,0.1212,21.6526,19.2779,2,8000,8000,1,1068,4
5,1,4,8000,1,411,29.2827,0.0157,1.8792,0.1259,21.844,19.3894,1,8000,8000,1,991,4
5,1,4,8000,1,412,30.6307,0.0136,1.828,0.1223,21.5516,19.2181,2,8000,8000,1,915,4
5,1,4,8000,1,413,31.6967,0.0127,2.0026,0.1305,23.9768,21.4582,2,8000,8000,1,928,4
5,1,4,8000,1,414,29.8468,0.0126,1.8773,0.12,22.3824,19.984,2,8000,8000,1,1087,4
5,1,4,8000,1,415,29.7677,0.0249,1.9844,0.1104,21.5399,19.1054,2,8000,8000,1,1027,4
5,1,4,8000,1,416,32.2241,0.0112,2.3823,0.1283,24.6987,21.814,1,8000,8000,1,1107,4
5,1,4,8000,1,417,29.2523,0.0126,1.5379,0.1191,21.7868,19.7884,2,8000,8000,1,984,4
5,1,4,8000,1,418,29.4114,0.016,2.1269,0.1336,22.4643,19.8052,2,8000,8000,1,916,4
5,1,4,8000,1,419,30.4782,0.0119,1.996,0.1164,22.6779,20.2441,2,8000,8000,1,1074,4
5,1,4,8000,1,420,30.8983,0.0115,2.1214,0.1199,21.9868,19.3409,2,8000,8000,1,1172,4
5,1,4,8000,1,421,30.7617,0.011,2.0752,0.1267,22.4334,19.8756,2,8000,8000,1,1157,4
5,1,4,8000,1,422,29.089,0.0207,2.1582,0.1118,21.7773,19.1538,1,8000,8000,1,1329,4
5,1,4,8000,1,423,29.5056,0.0209,2.0277,0.1134,22.3719,19.8476,2,8000,8000,1,1005,4
5,1,4,8000,1,424,39.5355,0.0157,2.4649,0.1755,32.0795,29.0061,2,8000,8000,1,806,4
5,1,4,8000,1,425,32.8002,0.0151,1.8805,0.1239,23.0896,20.695,2,8000,8000,1,1026,4
5,1,4,8000,1,426,31.1959,0.0178,2.2487,0.1281,22.717,19.9594,2,8000,8000,1,1216,4
5,1,4,8000,1,427,32.1027,0.0127,2.0168,0.1259,23.2109,20.7019,2,8000,8000,1,960,4
5,1,4,8000,1,428,29.2975,0.0119,2.0973,0.1189,21.5171,18.9863,2,8000,8000,1,1163,4
5,1,4,8000,1,429,29.8392,0.0141,1.9298,0.1232,21.7032,19.2947,2,8000,8000,1,1089,4
5,1,4,8000,1,430,29.1398,0.015,1.9546,0.1223,21.6303,19.2406,2,8000,8000,1,1132,4
5,1,4,8000,1,431,30.8596,0.0372,2.48,0.1119,23.5429,20.5526,1,8000,8000,1,1107,4
5,1,4,8000,1,432,29.7908,0.0136,1.6685,0.1218,21.4946,19.3735,2,8000,8000,1,931,4
5,1,4,8000,1,433,30.1358,0.0147,1.9132,0.1315,22.6249,20.2183,2,8000,8000,1,855,4
5,1,4,8000,1,434,32.5654,0.0161,3.6478,0.1108,24.8901,20.7423,2,8000,8000,1,1047,4
5,1,4,8000,1,435,29.7102,0.0141,1.9899,0.1194,21.3925,18.9671,2,8000,8000,1,967,4
5,1,4,8000,1,436,28.7205,0.0162,1.924,0.1138,21.19,18.831,2,8000,8000,1,1206,4
5,1,4,8000,1,437,29.1071,0.0205,2.2449,0.1164,21.7027,18.906,1,8000,8000,1,1348,4
5,1,4,8000,1,438,29.932,0.0161,1.782,0.1446,21.6452,19.3805,2,8000,8000,1,1006,4
5,1,4,8000,1,439,28.4538,0.0194,1.9612,0.1146,21.1453,18.6711,2,8000,8000,1,820,4
5,1,4,8000,1,440,29.1253,0.0191,1.8948,0.1224,21.754,19.3456,2,8000,8000,1,1085,4
5,1,4,8000,1,441,29.9503,0.0127,2.0303,0.1257,22.1966,19.6459,1,8000,8000,1,1098,4
5,1,4,8000,1,442,29.9577,0.0239,2.3482,0.1715,22.3913,19.1743,2,8000,8000,1,882,4
5,1,4,8000,1,443,31.1977,0.0152,1.9033,0.1235,22.1995,19.8612,2,8000,8000,1,793,4
5,1,4,8000,1,444,29.2635,0.015,1.8766,0.1185,22.0394,19.7039,2,8000,8000,1,1071,4
5,1,4,8000,1,445,29.6087,0.0117,2.6787,0.1199,21.6563,18.4611,2,8000,8000,1,1115,4
5,1,4,8000,1,446,31.9837,0.0151,2.2025,0.119,22.0751,19.3153,1,8000,8000,1,1160,4
5,1,4,8000,1,447,32.6152,0.015,1.8775,0.1146,25.0593,22.6586,2,8000,8000,1,977,4
5,1,4,8000,1,448,28.8964,0.0187,1.9443,0.1184,21.4233,19.0372,2,8000,8000,1,906,4
5,1,4,8000,1,449,29.4298,0.0119,2.5654,0.116,21.7949,18.6906,2,8000,8000,1,1146,4
5,1,4,8000,1,450,30.1459,0.0176,2.0985,0.1127,22.5182,19.458,2,8000,8000,1,1127,4
5,1,4,8000,1,451,29.2223,0.0135,1.924,0.1174,21.7726,19.3808,1,8000,8000,1,1183,4
5,1,4,8000,1,452,28.212,0.0146,1.8163,0.1259,20.8169,18.558,2,8000,8000,1,917,4
5,1,4,8000,1,453,29.47,0.0124,2.0881,0.1243,22.3569,19.7579,2,8000,8000,1,864,4
5,1,4,8000,1,454,29.8001,0.0123,1.7709,0.1158,21.1537,18.9133,2,8000,8000,1,1018,4
5,1,4,8000,1,455,29.8201,0.0123,2.0516,0.1137,21.9661,19.4546,1,8000,8000,1,1065,4
5,1,4,8000,1,456,29.6571,0.0152,2.1658,0.1149,22.3232,19.6727,2,8000,8000,1,942,4
5,1,4,8000,1,457,31.6852,0.0142,2.2458,0.1192,22.3071,19.5633,2,8000,8000,1,830,4
5,1,4,8000,1,458,31.6594,0.0122,2.0064,0.1146,22.4305,19.9684,2,8000,8000,1,1132,4
5,1,4,8000,1,459,28.6463,0.0142,2.0182,0.1191,21.1822,18.7116,2,8000,8000,1,1116,4
5,1,4,8000,1,460,29.0203,0.0135,2.3582,0.1136,21.3853,18.5837,2,8000,8000,1,1156,4
5,1,4,8000,1,461,30.3917,0.0149,2.3822,0.1202,22.4675,19.5941,1,8000,8000,1,1200,4
5,1,4,8000,1,462,28.4484,0.0149,2.0905,0.1142,20.7877,18.1879,2,8000,8000,1,961,4
5,1,4,8000,1,463,28.9459,0.0144,2.0217,0.1119,20.3533,17.8761,2,8000,8000,1,910,4
5,1,4,8000,1,464,29.8652,0.0149,2.2501,0.1305,22.5498,19.7791,2,8000,8000,1,1081,4
5,1,4,8000,1,465,29.3111,0.0226,2.011,0.115,21.1753,18.6974,1,8000,8000,1,1024,4
5,1,4,8000,1,466,30.3834,0.013,1.6439,0.115,21.2798,19.1863,2,8000,8000,1,797,4
5,1,4,8000,1,467,28.2158,0.0131,2.0294,0.115,21.1663,18.68,2,8000,8000,1,930,4
5,1,4,8000,1,468,31.0968,0.0146,2.0747,0.127,23.6525,21.0698,2,8000,8000,1,1087,4
5,1,4,8000,1,469,30.1543,0.0156,2.149,0.1302,22.0511,19.4252,1,8000,8000,1,1134,4
5,1,4,8000,1,470,28.936,0.0145,1.7957,0.1214,21.4328,19.1734,2,8000,8000,1,936,4
5,1,4,8000,1,471,29.6006,0.0141,1.7877,0.1305,21.7725,19.4973,2,8000,8000,1,873,4
5,1,4,8000,1,472,30.3271,0.0126,2.1754,0.1249,22.9409,20.2551,2,8000,8000,1,1068,4
5,1,4,8000,1,473,30.1093,0.0141,2.1262,0.1293,22.1757,19.5815,2,8000,8000,1,1118,4
5,1,4,8000,1,474,30.462,0.0161,2.0616,0.1246,22.2906,19.7352,1,8000,8000,1,1091,4
5,1,4,8000,1,475,31.1721,0.0128,1.8623,0.1254,23.1164,20.7379,2,8000,8000,1,972,4
5,1,4,8000,1,476,29.9147,0.0142,1.9486,0.1261,21.9478,19.5327,2,8000,8000,1,793,4
5,1,4,8000,1,477,30.6505,0.0151,1.8612,0.1255,22.6489,20.3089,2,8000,8000,1,1024,4
5,1,4,8000,1,478,30.4623,0.0153,1.8833,0.1282,22.9043,20.5467,2,8000,8000,1,1070,4
5,1,4,8000,1,479,31.6618,0.0147,2.3998,0.1235,23.4624,20.5596,2,8000,8000,1,1160,4
5,1,4,8000,1,480,32.9126,0.0194,2.1367,0.1254,23.8884,21.2556,2,8000,8000,1,1057,4
5,1,4,8000,1,481,31.0991,0.0162,2.1173,0.13,22.9032,20.2395,1,8000,8000,1,1028,4
5,1,4,8000,1,482,31.3149,0.015,1.7444,0.1301,22.9624,20.7002,2,8000,8000,1,961,4
5,1,4,8000,1,483,32.0108,0.0192,2.1344,0.1277,23.9691,21.3424,2,8000,8000,1,952,4
5,1,4,8000,1,484,31.5852,0.0145,2.1281,0.1319,22.973,20.3601,2,8000,8000,1,1076,4
5,1,4,8000,1,485,30.2421,0.0217,1.7942,0.1319,22.4454,20.1744,2,8000,8000,1,1037,4
5,1,4,8000,1,486,31.4711,0.0195,2.1945,0.1316,23.9244,21.1898,2,8000,8000,1,1045,4
5,1,4,8000,1,487,33.2341,0.0154,2.1808,0.1301,23.7805,21.1065,2,8000,8000,1,1017,4
5,1,4,8000,1,488,30.8582,0.0179,2.2572,0.1364,23.1493,20.3516,2,8000,8000,1,1040,4
5,1,4,8000,1,489,31.61,0.0153,2.1786,0.1361,23.6484,20.9176,2,8000,8000,1,1035,4
5,1,4,8000,1,490,30.7933,0.0148,2.1152,0.1357,22.7453,20.148,1,8000,8000,1,1144,4
5,1,4,8000,1,491,30.8903,0.0188,1.7427,0.128,22.7326,20.5073,2,8000,8000,1,898,4
5,1,4,8000,1,492,30.4405,0.0154,1.957,0.1243,22.5642,20.1357,2,8000,8000,1,908,4
5,1,4,8000,1,493,31.6189,0.0198,2.296,0.1399,24.1479,21.3067,2,8000,8000,1,1070,4
5,1,4,8000,1,494,30.3869,0.0148,2.2059,0.124,22.9146,20.2482,2,8000,8000,1,1133,4
5,1,4,8000,1,495,30.989,0.0179,2.0371,0.1252,23.0652,20.5504,2,8000,8000,1,1125,4
5,1,4,8000,1,496,31.3462,0.0194,2.147,0.1266,22.9119,20.2888,2,8000,8000,1,1076,4
5,1,4,8000,1,497,31.92,0.0125,2.2821,0.1355,24.0096,21.2072,1,8000,8000,1,1147,4
5,1,4,8000,1,498,30.7557,0.0232,1.7671,0.1259,22.602,20.3521,2,8000,8000,1,888,4
5,1,4,8000,1,499,30.6074,0.2935,2.1299,0.1267,23.2986,20.4182,2,8000,8000,1,871,4
5,1,4,8000,1,500,30.8605,0.0161,2.4073,0.1484,23.2595,20.2058,2,8000,8000,1,1125,4
5,1,4,8000,1,501,31.7979,0.0201,2.3022,0.1343,23.0537,20.259,2,8000,8000,1,1188,4
5,1,4,8000,1,502,31.1638,0.0145,2.2622,0.1322,23.266,20.461,2,8000,8000,1,1207,4
5,1,4,8000,1,503,30.5904,0.0183,2.2161,0.1266,22.7263,20.0623,2,8000,8000,1,1165,4
5,1,4,8000,1,504,31.046,0.0152,2.157,0.1291,22.7471,20.1121,2,8000,8000,1,1079,4
5,1,4,8000,1,505,31.968,0.0167,2.1639,0.1253,23.8293,21.1176,1,8000,8000,1,999,4
5,1,4,8000,1,506,30.1339,0.0151,1.7781,0.1222,22.4331,20.2026,2,8000,8000,1,814,4
5,1,4,8000,1,507,30.132,0.0202,1.9796,0.1283,22.3734,19.8676,2,8000,8000,1,806,4
5,1,4,8000,1,508,30.9493,0.0151,2.1087,0.1277,22.3518,19.778,2,8000,8000,1,1033,4
5,1,4,8000,1,509,29.4704,0.0135,2.0311,0.156,21.8037,19.2754,2,8000,8000,1,1083,4
5,1,4,8000,1,510,29.1582,0.0136,1.885,0.1191,21.7004,19.3083,2,8000,8000,1,1053,4
5,1,4,8000,1,511,33.22,0.0155,2.3176,0.1272,25.4188,22.5846,1,8000,8000,1,1166,4
5,1,4,8000,1,512,29.7575,0.018,1.7467,0.1233,21.5098,19.2985,2,8000,8000,1,1003,4
5,1,4,8000,1,513,30.1478,0.0155,2.0161,0.1216,21.2808,18.8,2,8000,8000,1,931,4
5,1,4,8000,1,514,29.1778,0.0127,1.9852,0.1163,21.2805,18.8553,2,8000,8000,1,1059,4
5,1,4,8000,1,515,30.2269,0.0144,2.9747,0.1298,22.7347,19.0884,2,8000,8000,1,1029,4
5,1,4,8000,1,516,30.921,0.051,1.9425,0.1184,21.9095,19.3849,1,8000,8000,1,963,4
5,1,4,8000,1,517,30.2938,0.0175,1.6858,0.1163,20.9967,18.8496,2,8000,8000,1,970,4
5,1,4,8000,1,518,28.4263,0.0129,1.9377,0.1238,21.1296,18.6459,2,8000,8000,1,825,4
5,1,4,8000,1,519,29.8939,0.0122,2.021,0.1147,20.7922,18.3389,2,8000,8000,1,1080,4
5,1,4,8000,1,520,29.1961,0.0238,2.0525,0.1202,21.6492,19.0969,2,8000,8000,1,1022,4
5,1,4,8000,1,521,29.0889,0.0249,1.8955,0.1176,21.4785,19.1192,1,8000,8000,1,1050,4
5,1,4,8000,1,522,28.925,0.0204,1.7523,0.1222,21.7136,19.352,2,8000,8000,1,873,4
5,1,4,8000,1,523,30.4654,0.0145,2.1043,0.1244,22.6322,20.0338,2,8000,8000,1,848,4
5,1,4,8000,1,524,29.4458,0.0134,2.0263,0.1166,20.995,18.5394,2,8000,8000,1,1083,4
5,1,4,8000,1,525,29.4434,0.0182,1.9773,0.1139,22.0775,19.6806,1,8000,8000,1,1062,4
5,1,4,8000,1,526,28.786,0.0165,1.6922,0.121,21.2704,19.1173,2,8000,8000,1,979,4
5,1,4,8000,1,527,31,0.0197,2.0991,0.1139,22.1343,19.548,2,8000,8000,1,825,4
5,1,4,8000,1,528,29.8474,0.0193,2.3628,0.1169,21.9679,19.1348,2,8000,8000,1,1158,4
5,1,4,8000,1,529,30.1033,0.0149,2.0119,0.1212,22.0824,19.4803,2,8000,8000,1,1090,4
5,1,4,8000,1,530,29.5676,0.0124,2.0869,0.1177,20.8465,18.2985,1,8000,8000,1,1068,4
5,1,4,8000,1,531,30.6101,0.0135,2.0161,0.1292,22.5503,19.9729,2,8000,8000,1,921,4
5,1,4,8000,1,532,29.4805,0.0155,1.6984,0.1134,21.4361,19.2862,2,8000,8000,1,914,4
5,1,4,8000,1,533,28.9995,0.0148,1.9766,0.1205,21.0795,18.6049,2,8000,8000,1,1000,4
5,1,4,8000,1,534,29.938,0.0205,2.8581,0.1353,22.7125,18.9889,2,8000,8000,1,1085,4
5,1,4,8000,1,535,30.7617,0.0265,2.0357,0.1118,21.7603,19.2104,1,8000,8000,1,1098,4
5,1,4,8000,1,536,28.2758,0.0154,1.5652,0.1215,20.6657,18.6401,2,8000,8000,1,949,4
5,1,4,8000,1,537,27.9828,0.0129,1.868,0.1123,20.7376,18.4395,2,8000,8000,1,897,4
5,1,4,8000,1,538,30.385,0.0124,2.332,0.1221,22.5415,19.7154,2,8000,8000,1,1007,4
5,1,4,8000,1,539,28.3946,0.0158,1.7521,0.122,20.4576,18.1626,1,8000,8000,1,1085,4
5,1,4,8000,1,540,28.4392,0.0162,1.7789,0.1131,21.2463,19.0281,2,8000,8000,1,872,4
5,1,4,8000,1,541,29.1371,0.0126,2.0601,0.1173,21.6108,19.1095,2,8000,8000,1,812,4
5,1,4,8000,1,542,30.2189,0.0122,1.8886,0.1312,23.0363,20.6158,2,8000,8000,1,997,4
5,1,4,8000,1,543,28.6665,0.0118,1.8062,0.1115,20.7625,18.517,1,8000,8000,1,1021,4
5,1,4,8000,1,544,27.8963,0.0175,1.5629,0.1202,20.6258,18.602,2,8000,8000,1,752,4
5,1,4,8000,1,545,29.9756,0.0198,2.1732,0.1493,22.7694,20.057,2,8000,8000,1,1009,4
5,1,4,8000,1,546,31.0027,0.0135,2.1694,0.1159,21.8883,19.2759,2,8000,8000,1,1086,4
5,1,4,8000,1,547,29.3916,0.0172,2.0235,0.1256,21.7294,19.2375,1,8000,8000,1,1012,4
5,1,4,8000,1,548,28.951,0.0117,1.6751,0.1213,20.9533,18.7409,2,8000,8000,1,910,4
5,1,4,8000,1,549,30.4051,0.0129,2.1072,0.1465,22.5279,19.9238,2,8000,8000,1,836,4
5,1,4,8000,1,550,29.5644,0.018,2.0064,0.1182,21.978,19.4878,2,8000,8000,1,1035,4
6,0,27,8000,1,151,56.1713,0.2292,27.5653,0.1312,48.4304,20.0979,4,8000,8000,1,1526,27
6,0,27,8000,1,152,51.0104,0.1703,20.9926,0.2349,41.9484,20.1681,3,8000,8000,1,1466,27
6,0,27,8000,1,153,50.4587,0.1645,21.247,0.1287,41.732,19.7345,3,8000,8000,1,1226,27
6,0,27,8000,1,154,51.9389,0.1502,23.4959,0.1399,43.6845,19.5063,3,8000,8000,1,1323,27
6,0,27,8000,1,155,47.161,0.1379,18.9847,0.1664,39.2447,19.5658,3,8000,8000,1,1282,27
6,0,27,8000,1,156,50.5055,0.1828,20.1793,0.1227,41.4374,20.5551,3,8000,8000,1,1148,27
6,0,27,8000,1,157,47.3884,0.1422,18.4104,0.1246,38.6276,19.5235,3,8000,8000,1,1220,27
6,0,27,8000,1,158,50.256,0.2414,19.5194,0.1396,41.6938,21.324,3,8000,8000,1,1117,27
6,0,27,8000,1,159,47.2886,0.1542,18.316,0.1439,38.6565,19.5845,3,8000,8000,1,1265,27
6,0,27,8000,1,160,47.4014,0.1801,18.6815,0.1272,38.9184,19.5272,3,8000,8000,1,1339,27
6,0,27,8000,1,161,47.0866,0.4578,17.3791,0.1348,38.8625,20.4474,3,8000,8000,1,1282,27
6,0,27,8000,1,162,48.4434,0.1581,18.7216,0.131,39.2877,19.8644,3,8000,8000,1,1117,27
6,0,27,8000,1,163,45.4073,0.1106,14.5507,0.1319,36.8348,21.5951,2,8000,8000,1,988,27
6,0,27,8000,1,164,50.602,0.1571,20.2559,0.1702,41.6737,20.6552,3,8000,8000,1,1079,27
6,0,27,8000,1,165,53.0062,0.1742,22.2721,0.1568,44.0706,21.0426,3,8000,8000,1,1322,27
6,0,27,8000,1,166,48.3788,0.1632,18.8833,0.1325,40.4017,20.8034,3,8000,8000,1,1298,27
6,0,27,8000,1,167,49.6717,0.1435,19.5768,0.1241,40.5918,20.3402,3,8000,8000,1,1250,27
6,0,27,8000,1,168,50.9793,0.1934,20.9966,0.1316,41.7695,20.0415,3,8000,8000,1,1212,27
6,0,27,8000,1,169,47.7556,0.1596,19.0218,0.1673,39.5321,19.7108,3,8000,8000,1,1219,27
6,0,27,8000,1,170,50.2273,0.1923,21.7669,0.1344,42.2035,19.6996,3,8000,8000,1,1294,27
6,0,27,8000,1,171,49.352,0.1474,21.0395,0.1304,41.2603,19.545,3,8000,8000,1,1601,27
6,0,27,8000,1,172,45.9249,0.1296,17.8405,0.1299,38.0642,19.5615,3,8000,8000,1,1184,27
6,0,27,8000,1,173,47.9939,0.1539,18.2655,0.1229,38.0683,19.1332,3,8000,8000,1,1202,27
6,0,27,8000,1,174,49.087,0.148,20.2867,0.1187,40.4762,19.5396,3,8000,8000,1,1453,27
6,0,27,8000,1,175,49.9841,0.1736,21.3642,0.1275,41.6437,19.5874,3,8000,8000,1,1431,27
6,0,27,8000,1,176,48.4533,0.1687,19.8643,0.1247,40.2534,19.7042,3,8000,8000,1,1539,27
6,0,27,8000,1,177,51.5634,0.1439,22.9359,0.1397,43.1215,19.4822,3,8000,8000,1,1531,27
6,0,27,8000,1,178,49.8079,0.1753,21.5549,0.132,41.9112,19.6428,3,8000,8000,1,1507,27
6,0,27,8000,1,179,51.0983,0.1488,21.18,0.1452,42.1942,20.2998,3,8000,8000,1,1497,27
6,0,27,8000,1,180,50.1915,0.1858,21.6262,0.1277,41.5437,19.2032,3,8000,8000,1,1370,27
6,0,27,8000,1,181,51.1302,0.1352,21.5516,0.1325,42.6616,20.4428,3,8000,8000,1,1569,27
6,0,27,8000,1,182,46.8124,0.1447,18.8155,0.1261,39.0848,19.58,3,8000,8000,1,1630,27
6,0,27,8000,1,183,47.6992,0.1293,19.5716,0.1375,39.9212,19.6751,3,8000,8000,1,1667,27
6,0,27,8000,1,184,50.8942,0.1649,22.3329,0.134,42.5282,19.4814,3,8000,8000,1,1572,27
6,0,27,8000,1,185,52.4562,0.1959,22.6119,0.1308,43.6472,20.2395,3,8000,8000,1,1706,27
6,0,27,8000,1,186,53.456,0.2025,24.0524,0.1323,45.1725,20.2978,3,8000,8000,1,1712,27
6,0,27,8000,1,187,54.3564,0.1587,24.2919,0.1281,45.5852,20.5825,3,8000,8000,1,1661,27
6,0,27,8000,1,188,51.4676,0.197,21.1885,0.1328,41.9299,20.0037,3,8000,8000,1,1612,27
6,0,27,8000,1,189,51.9897,0.1524,22.7367,0.1331,43.041,19.5701,3,8000,8000,1,1536,27
6,0,27,8000,1,190,52.8546,0.1842,23.1331,0.1443,44.3652,20.4889,3,8000,8000,1,1390,27
6,0,27,8000,1,191,55.3905,0.2223,26.3245,0.1276,46.8234,19.7491,4,8000,8000,1,1726,27
6,0,27,8000,1,192,52.1417,0.1617,23.0075,0.1323,43.4737,19.7049,3,8000,8000,1,2016,27
6,0,27,8000,1,193,48.9012,0.2286,19.548,0.119,40.6422,20.3256,3,8000,8000,1,1619,27
6,0,27,8000,1,194,48.4288,0.1547,19.3032,0.1186,40.405,20.4389,3,8000,8000,1,1692,27
6,0,27,8000,1,195,50.9387,0.1484,21.8203,0.1276,42.2225,19.6602,3,8000,8000,1,1709,27
6,0,27,8000,1,196,47.0804,0.1503,18.0968,0.1385,38.6748,19.9026,3,8000,8000,1,1575,27
6,0,27,8000,1,197,50.9387,0.1433,21.6331,0.1285,42.1693,19.8274,3,8000,8000,1,1836,27
6,0,27,8000,1,198,49.822,0.1645,20.779,0.1673,41.4116,19.8541,3,8000,8000,1,1674,27
6,0,27,8000,1,199,52.5075,0.157,23.349,0.1433,43.8403,19.7311,3,8000,8000,1,1868,27
6,0,27,8000,1,200,51.4515,0.1559,22.551,0.1276,43.3719,20.1177,3,8000,8000,1,1603,27
6,0,27,8000,1,201,52.311,0.1764,22.5856,0.1272,43.8169,20.5145,3,8000,8000,1,1631,27
6,0,27,8000,1,202,48.8931,0.1317,20.258,0.1341,40.8211,19.9018,3,8000,8000,1,1787,27
6,0,27,8000,1,203,53.8499,0.1877,23.0295,0.1637,45.0157,20.9516,3,8000,8000,1,1823,27
6,0,27,8000,1,204,48.6384,0.1685,20.0833,0.1318,40.8658,20.0811,3,8000,8000,1,1581,27
6,0,27,8000,1,205,52.3961,0.1588,22.4742,0.1491,44.0364,20.7804,3,8000,8000,1,1715,27
6,0,27,8000,1,206,49.5089,0.1858,20.8303,0.1461,41.5252,19.9601,3,8000,8000,1,1947,27
6,0,27,8000,1,207,48.2473,0.1538,19.8055,0.1427,40.5245,19.9952,3,8000,8000,1,1798,27
6,0,27,8000,1,208,51.099,0.2845,21.6277,0.1254,41.9629,19.5518,3,8000,8000,1,1703,27
6,0,27,8000,1,209,48.7713,0.2938,20.6711,0.1441,40.3228,18.8179,3,8000,8000,1,1599,27
6,0,27,8000,1,210,49.797,0.1839,20.7118,0.1274,40.8846,19.4597,3,8000,8000,1,1579,27
6,0,27,8000,1,211,48.0185,0.1541,19.9364,0.1228,40.1212,19.5271,3,8000,8000,1,1737,27
6,0,27,8000,1,212,47.1577,0.1681,18.9087,0.2014,39.1993,19.5295,3,8000,8000,1,1562,27
6,0,27,8000,1,213,50.7237,0.1655,20.2633,0.1293,41.101,20.1314,3,8000,8000,1,1726,27
6,0,27,8000,1,214,47.2174,0.1432,18.1989,0.1264,38.8443,19.9572,3,8000,8000,1,1553,27
6,0,27,8000,1,215,52.2123,0.153,23.7083,0.1326,44.2325,19.8389,3,8000,8000,1,1537,27
6,0,27,8000,1,216,48.0929,0.1619,19.7784,0.116,39.6264,19.1971,3,8000,8000,1,1833,27
6,0,27,8000,1,217,48.3971,0.1745,19.5924,0.1276,39.6094,19.3134,3,8000,8000,1,1672,27
6,0,27,8000,1,218,48.5047,0.1751,20.8027,0.1285,40.7119,19.2166,3,8000,8000,1,1463,27
6,0,27,8000,1,219,48.9147,0.155,20.1966,0.1944,40.9424,19.9966,3,8000,8000,1,1790,27
6,0,27,8000,1,220,52.2162,0.178,23.2847,0.1312,43.4629,19.4153,3,8000,8000,1,1700,27
6,0,27,8000,1,221,50.9307,0.1432,21.4562,0.1367,42.0769,19.9323,3,8000,8000,1,1829,27
6,0,27,8000,1,222,51.0614,0.1747,22.2103,0.1879,42.1419,19.1841,3,8000,8000,1,1689,27
6,0,27,8000,1,223,51.552,0.168,21.7931,0.1247,43.5486,21.0613,3,8000,8000,1,1600,27
6,0,27,8000,1,224,48.8491,0.1484,20.1426,0.1257,40.5291,19.7178,3,8000,8000,1,1482,27
6,0,27,8000,1,225,52.1435,0.1696,22.6199,0.1297,44.0582,20.6607,3,8000,8000,1,1830,27
6,0,27,8000,1,226,53.1638,0.2175,23.0482,0.1334,44.3353,20.5101,3,8000,8000,1,1870,27
6,0,27,8000,1,227,48.6927,0.1602,19.7421,0.131,40.2444,19.806,3,8000,8000,1,1400,27
6,0,27,8000,1,228,51.4928,0.1504,23.022,0.1257,43.351,19.6421,3,8000,8000,1,1568,27
6,0,27,8000,1,229,49.0527,0.132,20.4884,0.2052,40.9631,19.7518,3,8000,8000,1,1606,27
6,0,27,8000,1,230,52.0026,0.1822,20.4068,0.1196,41.8304,20.728,3,8000,8000,1,1517,27
6,0,27,8000,1,231,48.9618,0.147,20.0576,0.1265,40.3471,19.6258,3,8000,8000,1,1706,27
6,0,27,8000,1,232,50.9415,0.1403,21.0692,0.1281,42.7346,20.9949,3,8000,8000,1,1610,27
6,0,27,8000,1,233,54.1818,0.1625,24.4213,0.1442,45.4748,20.264,3,8000,8000,1,1849,27
6,0,27,8000,1,234,54.6,0.2254,25.9018,0.1314,46.3297,19.6792,4,8000,8000,1,1760,27
6,0,27,8000,1,235,53.4292,0.1517,25.0669,0.134,45.2084,19.3881,3,8000,8000,1,2266,27
6,0,27,8000,1,236,48.9299,0.1331,20.5075,0.1271,40.7188,19.5495,3,8000,8000,1,2076,27
6,0,27,8000,1,237,51.3076,0.2391,22.1533,0.1215,42.4316,19.5431,3,8000,8000,1,1731,27
6,0,27,8000,1,238,48.3373,0.1667,20.4816,0.1239,40.293,19.1313,3,8000,8000,1,1666,27
6,0,27,8000,1,239,51.5517,0.1683,23.2931,0.1252,42.7985,18.8289,3,8000,8000,1,1774,27
6,0,27,8000,1,240,48.6504,0.1586,19.9429,0.1475,39.8554,19.2283,3,8000,8000,1,1810,27
6,0,27,8000,1,241,50.5265,0.1304,21.4317,0.1515,42.2887,20.1013,3,8000,8000,1,1803,27
6,0,27,8000,1,242,48.1353,0.1723,20.5514,0.1229,40.5443,19.2744,3,8000,8000,1,1577,27
6,0,27,8000,1,243,53.702,0.1514,24.0143,0.1337,44.7744,20.0552,3,8000,8000,1,1652,27
6,0,27,8000,1,244,49.0979,0.1534,21.1455,0.1321,41.0896,19.209,3,8000,8000,1,1985,27
6,0,27,8000,1,245,49.0323,0.1635,19.9428,0.1399,40.7109,20.0055,3,8000,8000,1,1791,27
6,0,27,8000,1,246,54.0052,0.2188,24.7764,0.1361,44.9245,19.3962,3,8000,8000,1,1814,27
6,0,27,8000,1,247,46.9579,0.1596,19.5397,0.1269,39.1104,18.8996,3,8000,8000,1,1648,27
6,0,27,8000,1,248,50.8305,0.1582,22.9534,0.1287,42.8439,19.2139,3,8000,8000,1,1528,27
6,0,27,8000,1,249,47.2086,0.1524,18.4551,0.1254,38.8739,19.683,3,8000,8000,1,1814,27
6,0,27,8000,1,250,51.7212,0.1367,22.6334,0.129,42.4741,19.1352,3,8000,8000,1,1762,27
6,0,27,8000,1,251,49.2944,0.1672,21.3142,0.1336,41.2673,19.1664,3,8000,8000,1,1775,27
6,0,27,8000,1,252,47.446,0.1617,20.0473,0.1171,39.4208,18.7341,3,8000,8000,1,1809,27
6,0,27,8000,1,253,46.8209,0.1357,19.0387,0.1332,38.928,19.1032,3,8000,8000,1,1747,27
6,0,27,8000,1,254,45.7223,0.1329,18.2782,0.1205,38.1288,19.0496,3,8000,8000,1,1888,27
6,0,27,8000,1,255,42.5314,0.0971,14.9265,0.1273,34.3964,18.8098,2,8000,8000,1,1592,27
6,0,27,8000,1,256,47.4011,0.1229,20.2415,0.1222,39.6654,18.8056,3,8000,8000,1,1394,27
6,0,27,8000,1,257,46.7535,0.165,19.0195,0.1193,38.4707,18.7735,3,8000,8000,1,1770,27
6,0,27,8000,1,258,47.0542,0.1457,18.6825,0.1159,38.2721,18.9698,3,8000,8000,1,1481,27
6,0,27,8000,1,259,40.634,0.0936,13.4658,0.117,33.084,19.0373,2,8000,8000,1,1233,27
6,0,27,8000,1,260,48.0189,0.1606,20.5737,0.1254,40.0142,18.7506,3,8000,8000,1,1229,27
6,0,27,8000,1,261,49.512,0.1485,20.7812,0.1316,40.9057,19.4615,3,8000,8000,1,1720,27
6,0,27,8000,1,262,49.1434,0.1476,21.7796,0.1169,41.2291,18.8198,3,8000,8000,1,1708,27
6,0,27,8000,1,263,47.0633,0.1733,19.4016,0.1235,39.0967,19.006,3,8000,8000,1,1627,27
6,0,27,8000,1,264,43.1935,0.1058,14.3606,0.121,34.8596,19.856,2,8000,8000,1,1236,27
6,0,27,8000,1,265,46.5533,0.1514,18.7547,0.1251,38.5516,19.1504,3,8000,8000,1,1303,27
6,0,27,8000,1,266,46.8774,0.1543,18.4195,0.1178,38.2693,19.2107,3,8000,8000,1,1434,27
6,0,27,8000,1,267,51.8697,0.1731,23.5739,0.1285,44.0085,19.7237,3,8000,8000,1,1593,27
6,0,27,8000,1,268,48.9367,0.1528,20.5471,0.1279,40.9722,19.756,3,8000,8000,1,1607,27
6,0,27,8000,1,269,46.1255,0.13,17.1106,0.202,37.9881,20.1461,3,8000,8000,1,1501,27
6,0,27,8000,1,270,40.6375,0.1012,12.1845,0.1253,32.1655,19.3621,2,8000,8000,1,1390,27
6,0,27,8000,1,271,46.895,0.1395,19.4231,0.1171,38.6412,18.5207,3,8000,8000,1,1413,27
6,0,27,8000,1,272,50.2775,0.156,21.9544,0.1937,41.4571,18.7849,3,8000,8000,1,1561,27
6,0,27,8000,1,273,44.426,0.1585,17.2827,0.1733,35.9494,17.9835,3,8000,8000,1,1657,27
6,0,27,8000,1,274,37.478,0.085,11.3514,0.1209,29.7213,17.7994,2,8000,8000,1,1353,27
6,0,27,8000,1,275,44.5246,0.1472,18.5379,0.1164,36.7936,17.6357,3,8000,8000,1,1221,27
6,0,27,8000,1,276,38.3077,0.0993,12.0651,0.1175,30.5591,17.9155,2,8000,8000,1,1467,27
6,0,27,8000,1,277,49.6561,0.1542,20.9806,0.1155,40.1759,18.5685,3,8000,8000,1,1338,27
6,0,27,8000,1,278,43.2234,0.1076,15.9871,0.1087,35.0622,18.513,3,8000,8000,1,1500,27
6,0,27,8000,1,279,40.7035,0.1178,12.3147,0.1176,32.6363,19.6828,2,8000,8000,1,1503,27
6,0,27,8000,1,280,44.015,0.5146,16.5971,0.1141,36.0136,18.4331,3,8000,8000,1,1560,27
6,0,27,8000,1,281,38.7881,0.134,12.0374,0.1086,31.063,18.4316,2,8000,8000,1,1431,27
6,0,27,8000,1,282,47.9332,0.1744,18.7529,0.1078,40.1505,20.7543,3,8000,8000,1,1335,27
6,0,27,8000,1,283,38.7636,0.1251,11.5565,0.1103,30.5208,18.3783,2,8000,8000,1,1251,27
6,0,27,8000,1,284,45.0772,0.395,16.4173,0.1134,36.6086,19.3195,3,8000,8000,1,1543,27
6,0,27,8000,1,285,45.0336,0.1397,16.8297,0.1176,35.6877,18.1674,3,8000,8000,1,1489,27
6,0,27,8000,1,286,57.3935,0.1508,18.4808,0.1126,37.6894,18.5793,3,8000,8000,1,1655,27
6,0,27,8000,1,287,47.5825,0.1445,19.1915,0.1196,38.6592,18.8509,3,8000,8000,1,1639,27
6,0,27,8000,1,288,44.2197,0.1249,17.0426,0.1155,36.4338,18.7821,3,8000,8000,1,1792,27
6,0,27,8000,1,289,42.4021,0.1115,14.5836,0.1228,34.6452,19.4546,2,8000,8000,1,1454,27
6,0,27,8000,1,290,43.5636,0.1305,17.358,0.1142,35.5965,17.6148,3,8000,8000,1,1461,27
6,0,27,8000,1,291,48.0378,0.1149,18.853,0.1229,39.3471,19.788,2,8000,8000,1,1257,27
6,0,27,8000,1,292,52.384,0.1412,22.7157,0.118,42.478,19.1532,3,8000,8000,1,1552,27
6,0,27,8000,1,293,49.2011,0.1863,20.9224,0.1253,40.4345,18.8096,3,8000,8000,1,1642,27
6,0,27,8000,1,294,46.2178,0.1492,17.1807,0.1217,37.4124,19.5476,3,8000,8000,1,1840,27
6,0,27,8000,1,295,45.1332,0.1097,16.8478,0.1211,36.285,18.8464,3,8000,8000,1,1746,27
6,0,27,8000,1,296,45.8441,0.1325,17.9307,0.1207,37.7476,19.0639,3,8000,8000,1,1487,27
6,0,27,8000,1,297,45.1243,0.1464,18.4011,0.1811,37.3535,18.258,3,8000,8000,1,1538,27
6,0,27,8000,1,298,39.5612,0.0909,12.902,0.146,31.7842,18.2534,2,8000,8000,1,1653,27
6,0,27,8000,1,299,45.7084,0.1392,17.9746,0.1372,37.0782,18.4777,3,8000,8000,1,1289,27
6,0,27,8000,1,300,38.592,0.0901,12.348,0.1191,30.4709,17.5526,2,8000,8000,1,1547,27
6,0,27,8000,1,301,44.4756,0.1251,17.3929,0.1097,35.8639,17.8936,3,8000,8000,1,1498,27
6,0,27,8000,1,302,41.7431,0.0995,14.3938,0.1834,32.908,17.8773,2,8000,8000,1,1303,27
6,0,27,8000,1,303,42.217,0.1433,16.2166,0.112,34.5076,17.6762,3,8000,8000,1,1293,27
6,0,27,8000,1,304,39.4325,0.1238,12.1814,0.1091,31.7498,18.9615,2,8000,8000,1,1537,27
6,0,27,8000,1,305,44.6152,0.1691,18.0874,0.1743,36.6721,17.9038,3,8000,8000,1,1640,27
6,0,27,8000,1,306,39.9309,0.1079,13.0763,0.1419,31.4897,17.7403,2,8000,8000,1,1350,27
6,0,27,8000,1,307,45.4368,0.1474,17.2768,0.112,37.0584,19.1629,3,8000,8000,1,1522,27
6,0,27,8000,1,308,44.5889,0.1926,17.8094,0.114,36.9371,18.4584,3,8000,8000,1,1674,27
6,0,27,8000,1,309,40.0967,0.3314,11.3647,0.1264,31.9532,19.7207,2,8000,8000,1,1210,27
6,0,27,8000,1,310,44.4505,0.4634,16.9386,0.1229,36.0528,18.1641,3,8000,8000,1,1466,27
6,0,27,8000,1,311,37.7255,0.1045,11.2646,0.1218,29.6927,17.8156,2,8000,8000,1,1207,27
6,0,27,8000,1,312,46.5204,0.1594,18.9628,0.1265,38.875,19.1876,3,8000,8000,1,1445,27
6,0,27,8000,1,313,38.9753,0.0908,11.694,0.1178,30.9708,18.7045,2,8000,8000,1,1226,27
6,0,27,8000,1,314,43.3753,0.1288,15.1601,0.1194,33.9148,18.1516,3,8000,8000,1,1252,27
6,0,27,8000,1,315,39.8649,0.1109,12.771,0.1203,32.4387,19.0542,2,8000,8000,1,1267,27
6,0,27,8000,1,316,44.1799,0.1256,16.1788,0.1106,36.2214,19.3362,3,8000,8000,1,1350,27
6,0,27,8000,1,317,38.3282,0.1624,12.0645,0.1104,30.5988,17.9158,2,8000,8000,1,1371,27
6,0,27,8000,1,318,45.3425,0.12,17.9825,0.1097,36.6863,18.1202,3,8000,8000,1,1379,27
6,0,27,8000,1,319,38.8362,0.104,12.3433,0.1283,30.5154,17.5729,2,8000,8000,1,1229,27
6,0,27,8000,1,320,42.272,0.1513,16.3067,0.1153,34.7168,17.778,3,8000,8000,1,1358,27
6,0,27,8000,1,321,41.4133,0.095,12.7337,0.1195,31.2062,17.8348,2,8000,8000,1,1418,27
6,0,27,8000,1,322,42.1863,0.1795,16.928,0.1155,35.0068,17.4176,3,8000,8000,1,1533,27
6,0,27,8000,1,323,41.128,0.0923,14.9895,0.1237,33.1708,17.5143,2,8000,8000,1,1362,27
6,0,27,8000,1,324,41.8737,0.133,16.2988,0.1123,34.2946,17.4004,3,8000,8000,1,1417,27
6,0,27,8000,1,325,40.5229,0.4306,11.6099,0.1173,32.2464,19.5976,2,8000,8000,1,1380,27
6,0,27,8000,1,326,43.801,0.1861,15.7697,0.1272,34.2423,17.7327,3,8000,8000,1,1322,27
6,0,27,8000,1,327,39.1801,0.1369,12.5017,0.1174,30.8305,17.6779,2,8000,8000,1,1311,27
6,0,27,8000,1,328,44.2131,0.1455,16.1166,0.1135,36.3363,19.5727,3,8000,8000,1,1311,27
6,0,27,8000,1,329,38.3603,0.3784,12.1559,0.1231,30.4883,17.437,2,8000,8000,1,1230,27
6,0,27,8000,1,330,41.4388,0.1455,15.6872,0.1102,34.0311,17.7617,3,8000,8000,1,1275,27
6,0,27,8000,1,331,41.3973,0.1222,15.3308,0.1065,33.8747,17.9426,2,8000,8000,1,1341,27
6,0,27,8000,1,332,44.593,0.4135,16.9515,0.1635,36.4013,18.4179,3,8000,8000,1,1441,27
6,0,27,8000,1,333,39.7539,0.136,13.5377,0.1093,31.6521,17.5147,2,8000,8000,1,1687,27
6,0,27,8000,1,334,47.222,0.1847,19.9089,0.1128,39.16,18.5324,3,8000,8000,1,1417,27
6,0,27,8000,1,335,38.1217,0.111,11.6145,0.114,30.7215,18.5164,2,8000,8000,1,1393,27
6,0,27,8000,1,336,43.8839,0.1213,15.919,0.119,35.7751,19.0751,3,8000,8000,1,1288,27
6,0,27,8000,1,337,40.601,0.4351,12.8463,0.116,31.8515,18.0849,2,8000,8000,1,1379,27
6,0,27,8000,1,338,44.8996,0.1524,17.4972,0.1164,36.6431,18.4946,3,8000,8000,1,1315,27
6,0,27,8000,1,339,40.4018,0.1076,12.5965,0.1154,32.4126,19.2278,2,8000,8000,1,1519,27
6,0,27,8000,1,340,43.4255,0.1189,15.6511,0.1092,34.945,18.7067,3,8000,8000,1,1316,27
6,0,27,8000,1,341,38.4654,0.1184,11.438,0.2421,30.7333,18.3133,2,8000,8000,1,1140,27
6,0,27,8000,1,342,43.9399,0.1339,17.7944,0.1649,36.4853,18.0216,3,8000,8000,1,1225,27
6,0,27,8000,1,343,38.7348,0.0951,12.3405,0.1752,30.7139,17.7579,2,8000,8000,1,1166,27
6,0,27,8000,1,344,44.28,0.1263,15.7189,0.168,35.7496,19.2691,3,8000,8000,1,1483,27
6,0,27,8000,1,345,40.4155,0.0967,14.2916,0.1165,32.5799,17.713,2,8000,8000,1,1678,27
6,0,27,8000,1,346,43.1154,0.1573,16.7237,0.1366,35.2176,17.8044,3,8000,8000,1,1388,27
6,0,27,8000,1,347,39.6931,0.3665,12.2535,0.1284,32.0331,18.8058,2,8000,8000,1,1326,27
6,0,27,8000,1,348,44.1252,0.1282,17.6773,0.1174,36.0035,17.7405,3,8000,8000,1,1419,27
6,0,27,8000,1,349,39.1701,0.0819,12.7364,0.1246,31.2805,17.9667,2,8000,8000,1,1404,27
6,0,27,8000,1,350,47.2461,0.125,20.7475,0.1265,39.3326,17.9655,3,8000,8000,1,1443,27
6,0,27,8000,1,351,43.6834,0.1112,16.9516,0.1058,35.033,17.5225,3,8000,8000,1,1703,27
6,0,27,8000,1,352,38.5212,0.0931,11.8078,0.1345,30.4913,18.045,2,8000,8000,1,1292,27
6,0,27,8000,1,353,46.3235,0.1324,19.6316,0.1252,38.3763,18.0308,3,8000,8000,1,1458,27
6,0,27,8000,1,354,39.1624,0.0975,12.2192,0.128,30.893,18.0146,2,8000,8000,1,1324,27
6,0,27,8000,1,355,43.747,0.1532,17.0844,0.1231,36.3162,18.4738,3,8000,8000,1,1345,27
6,0,27,8000,1,356,39.6697,0.1212,12.0969,0.115,31.5191,18.7785,2,8000,8000,1,1195,27
6,0,27,8000,1,357,42.3288,0.1565,15.8737,0.1075,34.1941,17.7322,3,8000,8000,1,1407,27
6,0,27,8000,1,358,41.972,0.1386,15.3794,0.1267,34.3333,18.2471,2,8000,8000,1,1347,27
6,0,27,8000,1,359,42.5399,0.1329,16.4617,0.1148,35.1015,17.9563,3,8000,8000,1,1320,27
6,0,27,8000,1,360,40.1242,0.1139,13.6957,0.1183,32.0889,17.7821,2,8000,8000,1,1502,27
6,0,27,8000,1,361,46.6285,0.1742,19.8948,0.125,38.4636,17.9058,3,8000,8000,1,1274,27
6,0,27,8000,1,362,44.4135,0.1804,17.7801,0.1156,36.4936,18.0582,3,8000,8000,1,1428,27
6,0,27,8000,1,363,39.177,0.1237,12.1868,0.1186,31.7737,18.9633,2,8000,8000,1,1327,27
6,0,27,8000,1,364,50.1237,0.2017,23.0884,0.1089,41.4825,17.7333,3,8000,8000,1,1419,27
6,0,27,8000,1,365,44.2906,0.1682,16.837,0.1133,36.814,19.3265,3,8000,8000,1,1590,27
6,0,27,8000,1,366,40.9551,0.4243,13.1067,0.1181,32.4775,18.4736,2,8000,8000,1,1282,27
6,0,27,8000,1,367,44.0193,0.1492,18.1197,0.1863,36.3504,17.5413,3,8000,8000,1,1337,27
6,0,27,8000,1,368,41.7781,0.0928,12.8555,0.1621,32.7256,19.0737,2,8000,8000,1,1251,27
6,0,27,8000,1,369,42.5972,0.1375,16.6747,0.1485,34.7134,17.4014,3,8000,8000,1,1175,27
6,0,27,8000,1,370,39.3495,0.1008,12.1711,0.1358,30.2704,17.4469,2,8000,8000,1,1438,27
6,0,27,8000,1,371,46.9865,0.1489,20.576,0.116,38.4442,17.1809,3,8000,8000,1,1484,27
6,0,27,8000,1,372,45.6138,0.1442,19.5823,0.1101,37.8992,17.7139,3,8000,8000,1,1969,27
6,0,27,8000,1,373,39.6071,0.0801,12.7063,0.1536,31.1832,17.8641,2,8000,8000,1,1399,27
6,0,27,8000,1,374,46.7716,0.1261,18.4145,0.155,37.2957,18.258,3,8000,8000,1,1487,27
6,0,27,8000,1,375,37.4387,0.0943,11.963,0.1641,29.8282,17.2498,2,8000,8000,1,1289,27
6,0,27,8000,1,376,43.8531,0.5018,15.9737,0.12,35.3836,18.3979,3,8000,8000,1,1382,27
6,0,27,8000,1,377,38.917,0.0775,13.1295,0.1413,30.9289,17.1734,2,8000,8000,1,1417,27
6,0,27,8000,1,378,43.1579,0.1665,15.7734,0.1154,35.576,19.1447,3,8000,8000,1,1376,27
6,0,27,8000,1,379,37.2534,0.0743,11.387,0.1134,29.1535,17.2223,2,8000,8000,1,1409,27
6,0,27,8000,1,380,45.4719,0.4658,18.3963,0.1124,36.8857,17.5388,3,8000,8000,1,1480,27
6,0,27,8000,1,381,40.2955,0.1006,13.0687,0.1286,32.3696,18.5549,2,8000,8000,1,1399,27
6,0,27,8000,1,382,43.4876,0.4289,16.301,0.1152,34.7621,17.5657,3,8000,8000,1,1335,27
6,0,27,8000,1,383,41.7509,0.1147,14.476,0.1319,33.861,18.7579,2,8000,8000,1,1365,27
6,0,27,8000,1,384,46.2379,0.3806,18.0256,0.1811,38.0446,19.0594,3,8000,8000,1,1351,27
6,0,27,8000,1,385,46.5877,0.1799,19.3312,0.1236,38.4587,18.4372,3,8000,8000,1,1541,27
6,0,27,8000,1,386,39.7255,0.1128,11.9441,0.133,31.534,18.871,2,8000,8000,1,1230,27
6,0,27,8000,1,387,58.3867,0.1812,29.792,0.1285,50.6499,20.1122,3,8000,8000,1,1412,27
6,0,27,8000,1,388,48.6872,0.148,19.8285,0.1217,40.0962,19.6296,3,8000,8000,1,1641,27
6,0,27,8000,1,389,49.7493,0.1648,19.8395,0.1407,39.3519,18.8306,3,8000,8000,1,1562,27
6,0,27,8000,1,390,45.8225,0.3666,18.3582,0.1199,37.9558,18.7334,3,8000,8000,1,1619,27
6,0,27,8000,1,391,47.9685,0.2494,20.7498,0.1199,40.2158,18.6962,3,8000,8000,1,1857,27
6,0,27,8000,1,392,43.3944,0.4679,15.8976,0.1139,35.4741,18.6297,3,8000,8000,1,1655,27
6,0,27,8000,1,393,37.0087,0.1178,10.932,0.1227,29.5367,17.9885,2,8000,8000,1,1017,27
6,0,27,8000,1,394,45.5298,0.1532,19.3458,0.1166,37.8941,17.9008,3,8000,8000,1,1223,27
6,0,27,8000,1,395,39.0493,0.0834,11.9443,0.1479,30.6403,18.1072,2,8000,8000,1,1130,27
6,0,27,8000,1,396,43.9315,0.1231,16.6957,0.1424,36.3889,18.7036,3,8000,8000,1,1221,27
6,0,27,8000,1,397,39.1302,0.0883,12.8247,0.1216,31.6641,18.2416,2,8000,8000,1,1516,27
6,0,27,8000,1,398,41.656,0.1296,15.474,0.1166,33.7645,17.6918,3,8000,8000,1,1399,27
6,0,27,8000,1,399,39.6883,0.1291,12.6368,0.1117,31.3248,18.0572,2,8000,8000,1,1437,27
6,0,27,8000,1,400,45.1488,0.1386,17.9771,0.1827,35.9828,17.346,3,8000,8000,1,1368,27
6,0,27,8000,1,401,37.4121,0.075,10.5268,0.1134,28.8679,17.7835,2,8000,8000,1,1125,27
6,0,27,8000,1,402,39.7889,0.087,12.1704,0.1243,31.2939,18.4501,2,8000,8000,1,1041,27
6,0,27,8000,1,403,42.1021,0.1344,16.2328,0.113,34.43,17.5895,3,8000,8000,1,1374,27
6,0,27,8000,1,404,38.8117,0.1073,11.4279,0.1173,31.1911,19.1358,2,8000,8000,1,1150,27
6,0,27,8000,1,405,42.5819,0.1511,15.844,0.1219,34.4129,17.923,3,8000,8000,1,1307,27
6,0,27,8000,1,406,40.1535,0.0923,11.9284,0.1253,31.0727,18.5477,2,8000,8000,1,1517,27
6,0,27,8000,1,407,42.6828,0.1575,16.9072,0.1162,35.0969,17.5765,3,8000,8000,1,1681,27
6,0,27,8000,1,408,40.4788,0.0967,12.7834,0.1206,31.9253,18.5601,2,8000,8000,1,1279,27
6,0,27,8000,1,409,43.5254,0.1831,17.3806,0.1187,35.6239,17.5763,3,8000,8000,1,1649,27
6,0,27,8000,1,410,42.9068,0.1583,13.6451,0.1183,33.2795,18.9296,2,8000,8000,1,1431,27
6,0,27,8000,1,411,43.5488,0.4086,17.1373,0.1085,35.8982,17.9086,3,8000,8000,1,1368,27
6,0,27,8000,1,412,40.3484,0.0867,13.5056,0.1143,32.8044,18.7011,2,8000,8000,1,1541,27
6,0,27,8000,1,413,47.129,0.1727,21.1389,0.1204,39.4674,17.6616,3,8000,8000,1,1533,27
6,0,27,8000,1,414,44.5759,0.1276,17.9449,0.1159,36.6168,18.0777,3,8000,8000,1,1931,27
6,0,27,8000,1,415,45.2576,0.1082,15.8713,0.1327,36.1506,19.3272,2,8000,8000,1,1446,27
6,0,27,8000,1,416,47.7512,0.1419,19.6486,0.1153,39.6211,19.3499,3,8000,8000,1,1558,27
6,0,27,8000,1,417,48.6751,0.4481,21.2645,0.1379,40.4822,18.2079,3,8000,8000,1,1985,27
6,0,27,8000,1,418,44.7095,0.1332,16.9499,0.109,35.8666,18.3366,3,8000,8000,1,1844,27
6,0,27,8000,1,419,44.5738,0.1282,17.9098,0.1108,36.9172,18.39,3,8000,8000,1,1916,27
6,0,27,8000,1,420,39.0777,0.1024,11.7796,0.1146,31.0895,18.7125,2,8000,8000,1,1452,27
6,0,27,8000,1,421,45.0481,0.1435,18.6263,0.1772,37.0542,17.7577,3,8000,8000,1,1626,27
6,0,27,8000,1,422,41.6652,0.0986,13.0121,0.1178,33.4928,19.8496,2,8000,8000,1,1357,27
6,0,27,8000,1,423,45.7748,0.1457,19.1749,0.1094,37.8726,18.082,3,8000,8000,1,1543,27
6,0,27,8000,1,424,43.389,0.1263,16.5502,0.1045,35.3257,18.2046,3,8000,8000,1,1575,27
6,0,27,8000,1,425,47.6875,0.084,10.7195,0.109,30.7076,19.4281,2,8000,8000,1,1299,27
6,0,27,8000,1,426,43.5849,0.1688,15.6424,0.1075,34.5704,18.3074,3,8000,8000,1,1201,27
6,0,27,8000,1,427,48.16,0.1746,19.4048,0.1515,39.9632,19.7638,3,8000,8000,1,1678,27
6,0,27,8000,1,428,44.2391,0.1651,16.956,0.1046,36.1147,18.5415,3,8000,8000,1,1562,27
6,0,27,8000,1,429,41.2757,0.1212,13.7363,0.123,32.6009,18.2068,2,8000,8000,1,1443,27
6,0,27,8000,1,430,47.8941,0.3341,21.1711,0.1547,40.7329,18.6817,3,8000,8000,1,1340,27
6,0,27,8000,1,431,46.109,0.1298,18.7643,0.1157,38.1037,18.7153,3,8000,8000,1,1562,27
6,0,27,8000,1,432,39.8979,0.1058,12.9544,0.1414,31.9361,18.3641,2,8000,8000,1,1512,27
6,0,27,8000,1,433,49.0308,0.1308,21.3204,0.1157,40.53,18.5867,3,8000,8000,1,1606,27
6,0,27,8000,1,434,43.9618,0.1213,16.8469,0.111,36.0233,18.5682,3,8000,8000,1,1643,27
6,0,27,8000,1,435,42.9228,0.1212,14.7575,0.1526,33.7887,18.3591,2,8000,8000,1,1351,27
6,0,27,8000,1,436,45.433,0.1097,19.0487,0.1123,36.7009,17.0708,3,8000,8000,1,1532,27
6,0,27,8000,1,437,45.7573,0.1316,18.9817,0.1123,38.0866,18.5029,3,8000,8000,1,1669,27
6,0,27,8000,1,438,42.5247,0.0814,15.127,0.1128,34.5232,18.7273,2,8000,8000,1,1213,27
6,0,27,8000,1,439,45.2988,0.118,18.7138,0.1027,37.2244,17.9235,3,8000,8000,1,1302,27
6,0,27,8000,1,440,47.2535,0.1224,20.7797,0.1229,39.1569,17.6966,3,8000,8000,1,1432,27
6,0,27,8000,1,441,37.8024,0.145,11.9998,0.1074,29.7045,17.094,2,8000,8000,1,1197,27
6,0,27,8000,1,442,45.2427,0.1388,17.5636,0.1703,37.1264,18.8636,3,8000,8000,1,1189,27
6,0,27,8000,1,443,39.6801,0.0817,11.0584,0.1137,30.3596,18.7351,2,8000,8000,1,1080,27
6,0,27,8000,1,444,43.7515,0.1236,16.2204,0.1105,35.502,18.6928,3,8000,8000,1,1361,27
6,0,27,8000,1,445,41.4837,0.0804,11.6929,0.1243,33.5319,21.2425,2,8000,8000,1,1403,27
6,0,27,8000,1,446,41.3186,0.1423,15.7778,0.1199,33.2955,16.9008,3,8000,8000,1,1244,27
6,0,27,8000,1,447,38.6731,0.1049,12.5428,0.1111,31.199,18.0665,2,8000,8000,1,1209,27
6,0,27,8000,1,448,46.5572,0.4539,19.3029,0.1261,38.5606,18.2625,3,8000,8000,1,1266,27
6,0,27,8000,1,449,37.6792,0.1338,11.8048,0.1163,30.4768,18.0414,2,8000,8000,1,1218,27
6,0,27,8000,1,450,44.3667,0.1691,17.8129,0.1177,36.4544,18.001,3,8000,8000,1,1297,27
6,0,27,8000,1,451,40.2328,0.0962,11.8052,0.1144,32.256,19.8624,2,8000,8000,1,1225,27
6,0,27,8000,1,452,45.2952,0.1226,18.7789,0.1836,37.5206,18.0708,3,8000,8000,1,1403,27
6,0,27,8000,1,453,44.1012,0.4309,16.5555,0.1303,36.0743,18.4348,3,8000,8000,1,1623,27
6,0,27,8000,1,454,38.6824,0.0891,11.8183,0.1125,30.3731,18.0011,2,8000,8000,1,1176,27
6,0,27,8000,1,455,44.8412,0.135,15.8712,0.1101,36.7095,20.2106,3,8000,8000,1,1322,27
6,0,27,8000,1,456,43.4799,0.0768,15.6525,0.11,35.4479,19.2447,2,8000,8000,1,1537,27
6,0,27,8000,1,457,43.4804,0.2083,16.6035,0.1152,36.1549,18.8435,3,8000,8000,1,1218,27
6,0,27,8000,1,458,39.8053,0.0944,12.9787,0.1208,32.4607,18.8981,2,8000,8000,1,1366,27
6,0,27,8000,1,459,45.9762,0.1404,18.4443,0.1072,37.2056,18.1697,3,8000,8000,1,1594,27
6,0,27,8000,1,460,46.6999,0.2053,18.1173,0.1175,38.708,19.8942,3,8000,8000,1,1866,27
6,0,27,8000,1,461,42.5086,0.0983,15.1324,0.1327,34.4754,18.7393,2,8000,8000,1,1575,27
6,0,27,8000,1,462,45.1273,0.1241,17.9466,0.113,36.3544,17.8057,3,8000,8000,1,1419,27
6,0,27,8000,1,463,43.5554,0.1219,16.3667,0.1198,36.0709,19.0489,3,8000,8000,1,1736,27
6,0,27,8000,1,464,42.674,0.094,15.8401,0.1257,34.979,18.4929,2,8000,8000,1,1317,27
6,0,27,8000,1,465,52.5572,0.1433,19.1593,0.2236,44.2531,24.0012,3,8000,8000,1,1571,27
6,0,27,8000,1,466,52.2281,0.1766,23.1596,0.1398,42.1857,18.3368,3,8000,8000,1,1640,27
6,0,27,8000,1,467,46.2007,0.123,18.5129,0.1163,37.7337,18.6218,3,8000,8000,1,1617,27
6,0,27,8000,1,468,50.464,0.1557,23.4528,0.1262,42.8189,18.6965,3,8000,8000,1,1687,27
6,0,27,8000,1,469,46.1251,0.1339,18.9333,0.123,38.1415,18.5711,3,8000,8000,1,1890,27
6,0,27,8000,1,470,46.1794,0.1351,18.6659,0.1439,37.9835,18.6177,3,8000,8000,1,1931,27
6,0,27,8000,1,471,43.7613,0.1127,16.2908,0.1247,35.5526,18.6268,2,8000,8000,1,1407,27
6,0,27,8000,1,472,46.8733,0.1303,19.1484,0.2308,37.8621,17.9853,3,8000,8000,1,1409,27
6,0,27,8000,1,473,47.2315,0.1832,20.0753,0.1647,38.8253,18.0447,3,8000,8000,1,1585,27
6,0,27,8000,1,474,45.5044,0.1629,17.0782,0.1534,36.511,18.7516,3,8000,8000,1,1697,27
6,0,27,8000,1,475,38.1514,0.0948,12.1034,0.1188,30.3855,17.7236,2,8000,8000,1,1298,27
6,0,27,8000,1,476,48.881,0.145,20.2019,0.1233,39.2115,18.3026,3,8000,8000,1,1396,27
6,0,27,8000,1,477,48.1681,0.1385,20.3592,0.1154,40.1184,19.0929,3,8000,8000,1,2072,27
6,0,27,8000,1,478,48.3258,0.1391,19.0978,0.1294,39.1486,19.3433,3,8000,8000,1,1976,27
6,0,27,8000,1,479,43.0415,0.1862,16.7342,0.1235,35.7218,18.2999,2,8000,8000,1,1399,27
6,0,27,8000,1,480,44.6099,0.1395,16.9273,0.1344,36.9501,19.3015,3,8000,8000,1,1311,27
6,0,27,8000,1,481,44.4837,0.1533,17.3044,0.1181,35.9895,18.0549,3,8000,8000,1,1698,27
6,0,27,8000,1,482,38.5871,0.0833,11.3774,0.1294,30.3788,18.3587,2,8000,8000,1,1434,27
6,0,27,8000,1,483,45.0732,0.1498,17.4296,0.1123,37.7074,19.6403,3,8000,8000,1,1237,27
6,0,27,8000,1,484,39.5346,0.1087,12.405,0.1187,31.2711,18.2764,2,8000,8000,1,1332,27
6,0,27,8000,1,485,46.6394,0.2045,18.1749,0.136,39.2544,20.2873,3,8000,8000,1,1345,27
6,0,27,8000,1,486,43.7242,0.1206,16.6146,0.1103,35.3253,18.1391,3,8000,8000,1,1551,27
6,0,27,8000,1,487,38.2992,0.4597,10.2042,0.11,29.8747,18.7556,2,8000,8000,1,1136,27
6,0,27,8000,1,488,44.5361,0.4271,15.3155,0.1142,35.7185,19.4603,3,8000,8000,1,1296,27
6,0,27,8000,1,489,40.4379,0.3796,11.7166,0.1185,30.7868,18.2069,2,8000,8000,1,1229,27
6,0,27,8000,1,490,45.6795,0.1926,17.9395,0.1155,37.8814,19.2789,3,8000,8000,1,1348,27
6,0,27,8000,1,491,39.7818,0.1334,11.9722,0.1265,32.2345,19.3229,2,8000,8000,1,1135,27
6,0,27,8000,1,492,44.8592,0.182,16.8202,0.1142,36.1581,18.6683,3,8000,8000,1,1221,27
6,0,27,8000,1,493,39.2325,0.0672,11.5804,0.1073,30.7551,18.5322,2,8000,8000,1,1233,27
6,0,27,8000,1,494,43.3214,0.1258,16.463,0.118,35.6649,18.5595,3,8000,8000,1,1368,27
6,0,27,8000,1,495,40.4631,0.0792,12.7013,0.1351,31.8584,18.5477,2,8000,8000,1,1482,27
6,0,27,8000,1,496,44.6459,0.1398,15.9041,0.121,36.6772,20.0219,3,8000,8000,1,1406,27
6,0,27,8000,1,497,40.7853,0.0981,12.691,0.1097,32.7558,19.4537,2,8000,8000,1,1291,27
6,0,27,8000,1,498,43.1196,0.1414,15.7637,0.1224,35.0231,18.6368,3,8000,8000,1,1130,27
6,0,27,8000,1,499,48.9693,0.1577,22.2746,0.1117,41.0176,18.1122,3,8000,8000,1,1592,27
6,0,27,8000,1,500,39.3262,0.0893,11.7914,0.1162,31.0139,18.6645,2,8000,8000,1,1106,27
6,0,27,8000,1,501,45.7475,0.1577,16.8059,0.1152,37.6928,20.2159,3,8000,8000,1,1173,27
6,0,27,8000,1,502,45.0173,0.1269,16.1813,0.1104,35.6583,18.893,3,8000,8000,1,1564,27
6,0,27,8000,1,503,40.4478,0.0978,12.9717,0.1745,32.453,18.8423,2,8000,8000,1,1462,27
6,0,27,8000,1,504,46.0949,0.1407,17.676,0.1358,38.3679,19.7119,3,8000,8000,1,1287,27
6,0,27,8000,1,505,38.761,0.0832,11.9898,0.134,30.8616,18.1981,2,8000,8000,1,1139,27
6,0,27,8000,1,506,47.7455,0.1303,18.6767,0.118,39.5601,20.2596,3,8000,8000,1,1307,27
6,0,27,8000,1,507,45.6825,0.2096,17.0684,0.1286,37.0213,19.2521,3,8000,8000,1,1431,27
6,0,27,8000,1,508,40.819,0.09,12.4537,0.1147,32.3591,19.2646,2,8000,8000,1,1363,27
6,0,27,8000,1,509,48.3013,0.1612,19.243,0.1195,40.1829,20.2726,3,8000,8000,1,1415,27
6,0,27,8000,1,510,45.9977,0.1541,17.869,0.1172,37.2921,18.801,3,8000,8000,1,1664,27
6,0,27,8000,1,511,40.57,0.0998,11.9339,0.1189,32.7012,20.1441,2,8000,8000,1,1287,27
6,0,27,8000,1,512,44.4402,0.1895,16.3773,0.1139,35.8499,18.8271,3,8000,8000,1,1264,27
6,0,27,8000,1,513,44.7436,0.1197,16.7297,0.1117,36.0894,18.7601,3,8000,8000,1,1668,27
6,0,27,8000,1,514,41.1591,0.0903,12.6833,0.1185,33.0354,19.748,2,8000,8000,1,1402,27
6,0,27,8000,1,515,42.7442,0.4536,15.7168,0.1176,35.0941,18.4535,3,8000,8000,1,1366,27
6,0,27,8000,1,516,38.3763,0.0876,11.6262,0.115,30.6365,18.4562,2,8000,8000,1,1242,27
6,0,27,8000,1,517,45.7974,0.1455,18.5146,0.108,38.1962,19.058,3,8000,8000,1,1354,27
6,0,27,8000,1,518,39.9909,0.1026,13.0255,0.1109,32.6763,19.0817,2,8000,8000,1,1382,27
6,0,27,8000,1,519,47.4262,0.1167,18.0495,0.1072,39.2632,20.5981,3,8000,8000,1,1483,27
6,0,27,8000,1,520,45.0172,0.1352,17.3438,0.1764,36.5572,18.5153,3,8000,8000,1,1658,27
6,0,27,8000,1,521,38.7447,0.0677,11.5194,0.1155,30.9334,18.8577,2,8000,8000,1,1397,27
6,0,27,8000,1,522,48.5294,0.1669,18.4934,0.1758,38.0861,18.8868,3,8000,8000,1,1502,27
6,0,27,8000,1,523,49.985,0.1212,21.3588,0.1403,41.9941,19.9387,3,8000,8000,1,1714,27
6,0,27,8000,1,524,46.3104,0.1312,18.6485,0.1211,38.2192,18.8719,3,8000,8000,1,1680,27
6,0,27,8000,1,525,41.5636,0.0892,14.0318,0.1278,32.5028,17.88,2,8000,8000,1,1664,27
6,0,27,8000,1,526,46.5456,0.1248,19.1047,0.1738,38.1294,18.3856,3,8000,8000,1,1663,27
6,0,27,8000,1,527,50.0092,0.1813,20.9694,0.1162,39.8868,18.2025,3,8000,8000,1,1958,27
6,0,27,8000,1,528,44.3852,0.133,17.2946,0.1189,36.1242,18.1825,3,8000,8000,1,1812,27
6,0,27,8000,1,529,40.3488,0.0859,13.2949,0.1328,32.3155,18.3841,2,8000,8000,1,1477,27
6,0,27,8000,1,530,46.4073,0.1564,19.4984,0.1092,37.6199,17.5075,3,8000,8000,1,1360,27
6,0,27,8000,1,531,37.1273,0.1026,11.5954,0.1249,29.4938,17.3033,2,8000,8000,1,1513,27
6,0,27,8000,1,532,45.7007,0.4089,18.2475,0.121,37.7447,18.5822,3,8000,8000,1,1309,27
6,0,27,8000,1,533,39.3975,0.1018,13.2296,0.1122,31.3995,17.5964,2,8000,8000,1,1384,27
6,0,27,8000,1,534,48.0819,0.1419,20.2188,0.1393,39.8054,18.8365,3,8000,8000,1,1274,27
6,0,27,8000,1,535,43.5013,0.1315,16.9651,0.1203,35.7896,18.2246,3,8000,8000,1,1752,27
6,0,27,8000,1,536,39.2738,0.1,12.8696,0.1706,31.361,17.8484,2,8000,8000,1,1335,27
6,0,27,8000,1,537,47.0423,0.1331,19.2662,0.1298,38.8564,18.8661,3,8000,8000,1,1418,27
6,0,27,8000,1,538,38.6224,0.0993,12.7246,0.1797,31.1013,17.7445,2,8000,8000,1,1534,27
6,0,27,8000,1,539,44.2026,0.1427,17.5049,0.1191,36.7908,18.6513,3,8000,8000,1,1466,27
6,0,27,8000,1,540,40.4595,0.3818,12.7644,0.1193,31.6449,17.995,2,8000,8000,1,1184,27
6,0,27,8000,1,541,43.9058,0.1933,17.6102,0.1128,35.9852,17.695,3,8000,8000,1,1481,27
6,0,27,8000,1,542,41.3293,0.0813,13.2091,0.1931,33.4249,19.4892,2,8000,8000,1,1645,27
6,0,27,8000,1,543,43.5558,0.1357,16.6669,0.1371,35.1779,17.8768,3,8000,8000,1,1280,27
6,0,27,8000,1,544,43.6409,0.1472,17.3341,0.1103,35.5032,17.5573,3,8000,8000,1,1486,27
6,0,27,8000,1,545,39.5432,0.0825,12.1675,0.132,31.6534,18.8106,2,8000,8000,1,1266,27
6,0,27,8000,1,546,43.6814,0.1298,16.6117,0.2085,35.3938,17.9537,3,8000,8000,1,1403,27
6,0,27,8000,1,547,39.9763,0.0887,12.0984,0.1286,31.8158,19.0087,2,8000,8000,1,1400,27
6,0,27,8000,1,548,48.7836,0.1599,21.2674,0.1138,39.4717,17.5427,3,8000,8000,1,1382,27
6,0,27,8000,1,549,43.0848,0.1224,16.4316,0.1141,34.7882,17.7502,3,8000,8000,1,1309,27
6,0,27,8000,1,550,39.9179,0.2303,12.9216,0.1331,31.9771,18.2334,2,8000,8000,1,1352,27
7,1,27,8000,1,151,32.6437,0.0524,3.2503,0.1144,24.4888,20.7585,2,8000,8000,1,2190,27
7,1,27,8000,1,152,33.8702,0.127,3.5974,0.1118,25.5934,21.4633,2,8000,8000,1,2507,27
7,1,27,8000,1,153,31.6048,0.0496,2.4773,0.1062,23.9525,21.0068,2,8000,8000,1,1382,27
7,1,27,8000,1,154,32.2474,0.0651,2.7451,0.1199,24.6723,21.4357,2,8000,8000,1,1533,27
7,1,27,8000,1,155,32.6247,0.0509,3.2469,0.1128,25.2661,21.4835,2,8000,8000,1,1981,27
7,1,27,8000,1,156,32.913,0.0612,2.5092,0.1104,24.143,21.1493,2,8000,8000,1,1103,27
7,1,27,8000,1,157,30.5219,0.0755,2.1466,0.1065,23.1786,20.5439,2,8000,8000,1,887,27
7,1,27,8000,1,158,33.9111,0.0519,3.1047,0.1274,26.5866,22.9449,2,8000,8000,1,672,27
7,1,27,8000,1,159,30.384,0.042,1.7197,0.1082,23.0814,20.8861,2,8000,8000,1,522,27
7,1,27,8000,1,160,30.5331,0.0458,1.7583,0.1064,22.9175,20.6823,2,8000,8000,1,509,27
7,1,27,8000,1,161,29.8971,0.0532,1.7297,0.1337,22.586,20.247,2,8000,8000,1,434,27
7,1,27,8000,1,162,36.4447,0.0751,2.487,0.1451,25.8916,22.7624,1,8000,8000,1,431,27
7,1,27,8000,1,163,29.7478,0.0476,1.0395,0.1165,21.7484,20.1726,3,8000,8000,1,292,27
7,1,27,8000,1,164,29.4458,0.0627,1.5792,0.1112,22.0288,19.9606,1,8000,8000,1,592,27
7,1,27,8000,1,165,30.3869,0.0721,1.1231,0.1147,22.8192,21.1216,2,8000,8000,1,359,27
7,1,27,8000,1,166,31.1246,0.0647,1.5032,0.106,22.9735,21.0191,2,8000,8000,1,517,27
7,1,27,8000,1,167,31.4688,0.0674,1.8655,0.1082,24.2668,21.9039,2,8000,8000,1,643,27
7,1,27,8000,1,168,31.4446,0.0975,1.7332,0.1115,23.6989,21.4251,2,8000,8000,1,1033,27
7,1,27,8000,1,169,29.756,0.07,1.5998,0.1152,21.6701,19.561,2,8000,8000,1,838,27
7,1,27,8000,1,170,30.9414,0.062,2.0023,0.1099,23.4618,20.9471,1,8000,8000,1,783,27
7,1,27,8000,1,171,29.605,0.0563,1.6313,0.1201,22.2032,20.081,2,8000,8000,1,529,27
7,1,27,8000,1,172,30.5735,0.0667,2.1006,0.1208,23.4544,20.7946,2,8000,8000,1,551,27
7,1,27,8000,1,173,31.6783,0.0524,1.6051,0.1338,23.9567,21.7973,2,8000,8000,1,588,27
7,1,27,8000,1,174,28.1782,0.0517,1.2441,0.1011,20.5768,18.8063,2,8000,8000,1,581,27
7,1,27,8000,1,175,30.2124,0.0682,1.5654,0.1078,22.117,19.9945,1,8000,8000,1,629,27
7,1,27,8000,1,176,30.1721,0.093,1.1188,0.1186,22.2463,20.6044,2,8000,8000,1,449,27
7,1,27,8000,1,177,33.1043,0.0543,1.5046,0.1159,24.5392,22.5387,2,8000,8000,1,458,27
7,1,27,8000,1,178,30.5022,0.0766,1.2115,0.117,22.9677,21.2515,2,8000,8000,1,529,27
7,1,27,8000,1,179,30.6614,0.0697,1.2889,0.1147,21.1952,19.4506,2,8000,8000,1,557,27
7,1,27,8000,1,180,29.1604,0.0578,1.2898,0.1082,21.1344,19.3477,2,8000,8000,1,652,27
7,1,27,8000,1,181,29.1473,0.0454,1.123,0.1059,21.7472,20.1546,1,8000,8000,1,535,27
7,1,27,8000,1,182,29.3118,0.0329,1.4353,0.1139,21.5611,19.6538,2,8000,8000,1,601,27
7,1,27,8000,1,183,31.0276,0.0837,1.3034,0.1156,21.9134,20.0373,2,8000,8000,1,535,27
7,1,27,8000,1,184,30.9364,0.0501,1.584,0.1085,22.5996,20.5174,2,8000,8000,1,676,27
7,1,27,8000,1,185,30.986,0.0439,1.4462,0.1167,22.174,20.2347,2,8000,8000,1,657,27
7,1,27,8000,1,186,30.1536,0.0545,1.5765,0.1147,22.3481,20.2369,2,8000,8000,1,819,27
7,1,27,8000,1,187,31.1354,0.0466,1.7027,0.1192,23.3408,21.1334,1,8000,8000,1,877,27
7,1,27,8000,1,188,32.7132,0.0944,2.2169,0.1416,24.8571,21.8893,2,8000,8000,1,953,27
7,1,27,8000,1,189,33.4211,0.1644,1.458,0.1241,24.1023,22.0068,2,8000,8000,1,714,27
7,1,27,8000,1,190,31.3656,0.0555,1.7127,0.107,23.422,21.2505,2,8000,8000,1,1073,27
7,1,27,8000,1,191,34.0508,0.0454,2.7547,0.1506,25.9,22.2151,2,8000,8000,1,1433,27
7,1,27,8000,1,192,34.9095,0.0652,2.6002,0.1265,26.2085,23.1013,2,8000,8000,1,1741,27
7,1,27,8000,1,193,33.617,0.0566,3.2749,0.1315,25.579,21.6992,2,8000,8000,1,2016,27
7,1,27,8000,1,194,36.055,0.0559,2.8464,0.1058,25.9054,22.5666,2,8000,8000,1,2108,27
7,1,27,8000,1,195,35.327,0.0643,3.7952,0.1169,28.3951,24.0988,2,8000,8000,1,2673,27
7,1,27,8000,1,196,34.6157,0.0573,3.877,0.1101,26.8317,22.4732,3,8000,8000,1,2912,27
7,1,27,8000,1,197,34.0105,0.0765,4.0305,0.1161,26.4994,21.9491,2,8000,8000,1,2549,27
7,1,27,8000,1,198,48.1482,0.1025,10.4071,0.1345,40.9732,29.9307,2,8000,8000,1,5161,27
7,1,27,8000,1,199,37.362,0.0719,4.514,0.1169,28.3,23.2145,3,8000,8000,1,3202,27
7,1,27,8000,1,200,40.3583,0.0399,5.112,0.1346,32.3114,26.6421,2,8000,8000,1,2833,27
7,1,27,8000,1,201,33.784,0.0648,4.4613,0.1279,25.9153,20.9249,2,8000,8000,1,3872,27
7,1,27,8000,1,202,32.572,0.0427,3.5607,0.1082,25.1722,21.1476,2,8000,8000,1,2062,27
7,1,27,8000,1,203,33.3677,0.0561,3.0945,0.1117,26.3972,22.7452,2,8000,8000,1,1757,27
7,1,27,8000,1,204,33.128,0.0472,3.4299,0.1299,25.6621,21.4397,2,8000,8000,1,1649,27
7,1,27,8000,1,205,34.2501,0.059,2.6986,0.1226,26.0092,22.7847,2,8000,8000,1,1368,27
7,1,27,8000,1,206,29.564,0.0786,2.038,0.111,21.7774,19.2429,2,8000,8000,1,1113,27
7,1,27,8000,1,207,30.7009,0.0491,1.8639,0.1214,23.3028,20.929,2,8000,8000,1,960,27
7,1,27,8000,1,208,33.1055,0.052,2.228,0.1291,24.9774,22.2233,2,8000,8000,1,1175,27
7,1,27,8000,1,209,31.0206,0.0515,1.8595,0.1163,23.1775,20.778,2,8000,8000,1,941,27
7,1,27,8000,1,210,31.3628,0.0568,1.8603,0.1248,23.3886,20.9388,2,8000,8000,1,1028,27
7,1,27,8000,1,211,33.5426,0.067,2.0457,0.1318,24.2156,21.5744,2,8000,8000,1,889,27
7,1,27,8000,1,212,30.1112,0.0499,1.7869,0.1167,22.738,20.428,2,8000,8000,1,873,27
7,1,27,8000,1,213,33.0612,0.0707,1.8034,0.1244,25.0018,22.6561,1,8000,8000,1,874,27
7,1,27,8000,1,214,29.999,0.0886,1.5338,0.1276,22.4469,20.3667,2,8000,8000,1,636,27
7,1,27,8000,1,215,31.1354,0.0704,1.4465,0.1464,21.4,19.3118,2,8000,8000,1,644,27
7,1,27,8000,1,216,32.6395,0.107,1.7832,0.1316,24.5687,22.186,2,8000,8000,1,847,27
7,1,27,8000,1,217,31.6698,0.0635,1.8417,0.1306,23.8862,21.4764,2,8000,8000,1,932,27
7,1,27,8000,1,218,33.1695,0.114,1.7819,0.1196,24.2994,21.9618,2,8000,8000,1,1058,27
7,1,27,8000,1,219,31.0352,0.0953,2.216,0.1203,23.4348,20.6659,2,8000,8000,1,1417,27
7,1,27,8000,1,220,33.3159,0.0888,2.0323,0.1166,25.4969,22.899,2,8000,8000,1,1211,27
7,1,27,8000,1,221,31.4227,0.0525,2.6007,0.1229,23.936,20.789,2,8000,8000,1,1548,27
7,1,27,8000,1,222,32.4575,0.0503,2.399,0.1239,23.479,20.5639,2,8000,8000,1,1442,27
7,1,27,8000,1,223,33.948,0.519,3.9762,0.132,26.336,21.114,2,8000,8000,1,1561,27
7,1,27,8000,1,224,32.6991,0.0388,2.7837,0.1172,24.0926,20.7775,2,8000,8000,1,1610,27
7,1,27,8000,1,225,35.0034,0.0613,3.0043,0.117,27.5791,24.0338,2,8000,8000,1,1822,27
7,1,27,8000,1,226,31.9891,0.083,2.8033,0.124,24.1721,20.8183,2,8000,8000,1,1637,27
7,1,27,8000,1,227,31.4565,0.0691,2.7085,0.1186,24.0979,20.864,2,8000,8000,1,1597,27
7,1,27,8000,1,228,35.4218,0.0749,2.5698,0.137,26.7288,23.5755,1,8000,8000,1,1524,27
7,1,27,8000,1,229,32.2186,0.0538,2.4462,0.1191,24.3562,21.2849,3,8000,8000,1,1352,27
7,1,27,8000,1,230,31.7659,0.0633,2.917,0.1233,24.1964,20.7203,2,8000,8000,1,1242,27
7,1,27,8000,1,231,32.7391,0.5241,2.6792,0.1195,24.7294,21.0803,1,8000,8000,1,1817,27
7,1,27,8000,1,232,35.286,0.0978,2.1356,0.1066,27.4995,24.759,2,8000,8000,1,1327,27
7,1,27,8000,1,233,31.184,0.5402,2.5147,0.1114,23.692,20.184,3,8000,8000,1,1047,27
7,1,27,8000,1,234,30.4881,0.4803,2.3571,0.1148,22.6919,19.4162,1,8000,8000,1,1342,27
7,1,27,8000,1,235,33.3383,0.0405,2.0971,0.11,25.5106,22.9432,2,8000,8000,1,1483,27
7,1,27,8000,1,236,34.0159,0.0473,2.2898,0.133,25.3584,22.4062,2,8000,8000,1,1098,27
7,1,27,8000,1,237,32.5635,0.126,2.1458,0.1119,25.0071,22.3166,2,8000,8000,1,1296,27
7,1,27,8000,1,238,30.2369,0.0531,2.1372,0.1166,23.0537,20.4412,2,8000,8000,1,1330,27
7,1,27,8000,1,239,33.0201,0.056,2.7744,0.1207,25.4356,22.1125,2,8000,8000,1,1444,27
7,1,27,8000,1,240,31.4499,0.0559,2.4224,0.1157,23.9922,21.0376,2,8000,8000,1,1301,27
7,1,27,8000,1,241,30.4354,0.0644,2.4289,0.1067,22.5253,19.5968,2,8000,8000,1,1423,27
7,1,27,8000,1,242,32.0871,0.5784,2.65,0.1306,24.8732,21.1613,2,8000,8000,1,1401,27
7,1,27,8000,1,243,33.7557,0.0668,2.5889,0.1226,24.6149,21.4638,2,8000,8000,1,1250,27
7,1,27,8000,1,244,31.3793,0.5835,2.222,0.1107,23.6834,20.4532,2,8000,8000,1,1259,27
7,1,27,8000,1,245,33.0102,0.0954,2.3275,0.1065,25.7611,22.8826,2,8000,8000,1,1197,27
7,1,27,8000,1,246,31.1004,0.5904,2.312,0.1131,23.8312,20.4676,2,8000,8000,1,1286,27
7,1,27,8000,1,247,30.8519,0.06,2.2598,0.1264,23.4922,20.707,1,8000,8000,1,1180,27
7,1,27,8000,1,248,30.9668,0.0439,1.9064,0.1131,22.2703,19.8074,2,8000,8000,1,959,27
7,1,27,8000,1,249,29.5759,0.0514,2.1469,0.1206,22.6606,19.9922,2,8000,8000,1,1000,27
7,1,27,8000,1,250,31.8435,0.0516,2.0676,0.1185,23.3224,20.7555,2,8000,8000,1,1106,27
7,1,27,8000,1,251,30.4593,0.0622,2.0365,0.1187,23.0489,20.506,2,8000,8000,1,1084,27
7,1,27,8000,1,252,34.0892,0.0815,2.9084,0.1448,26.3114,22.4303,2,8000,8000,1,1083,27
7,1,27,8000,1,253,33.8694,0.073,2.1215,0.1177,25.935,23.275,2,8000,8000,1,1004,27
7,1,27,8000,1,254,33.1474,0.0484,2.3381,0.1256,25.518,22.5407,2,8000,8000,1,983,27
7,1,27,8000,1,255,34.5034,0.0795,3.0565,0.1312,26.9951,23.3342,2,8000,8000,1,1113,27
7,1,27,8000,1,256,31.472,0.0481,2.0029,0.1545,23.5572,21.01,2,8000,8000,1,1014,27
7,1,27,8000,1,257,33.6729,0.0773,2.3249,0.1138,26.3715,23.5179,2,8000,8000,1,1003,27
7,1,27,8000,1,258,31.3474,0.0499,2.2552,0.1213,23.5737,20.8345,2,8000,8000,1,967,27
7,1,27,8000,1,259,32.647,0.2253,2.3875,0.1255,25.0294,21.7877,2,8000,8000,1,968,27
7,1,27,8000,1,260,33.5795,0.0894,2.2129,0.1133,23.9417,21.203,2,8000,8000,1,959,27
7,1,27,8000,1,261,30.1937,0.0544,1.9435,0.1175,22.662,20.2169,2,8000,8000,1,858,27
7,1,27,8000,1,262,30.4148,0.0537,1.5897,0.1127,23.0764,20.9922,1,8000,8000,1,853,27
7,1,27,8000,1,263,30.9084,0.0541,1.8835,0.1214,23.1696,20.7509,2,8000,8000,1,944,27
7,1,27,8000,1,264,31.7382,0.5034,1.6177,0.1146,23.4489,20.8788,2,8000,8000,1,750,27
7,1,27,8000,1,265,32.5381,0.0669,1.8245,0.1177,24.9668,22.5991,2,8000,8000,1,880,27
7,1,27,8000,1,266,32.6517,0.0653,2.4692,0.1296,25.0928,22.0152,2,8000,8000,1,819,27
7,1,27,8000,1,267,33.1815,0.0534,1.6023,0.1578,25.1328,22.9809,2,8000,8000,1,842,27
7,1,27,8000,1,268,32.532,0.056,1.8718,0.1238,24.7085,22.2745,2,8000,8000,1,761,27
7,1,27,8000,1,269,34.0201,0.0407,2.0796,0.1281,24.7529,22.1862,2,8000,8000,1,919,27
7,1,27,8000,1,270,36.274,0.0621,2.1659,0.1191,27.1793,24.5059,2,8000,8000,1,896,27
7,1,27,8000,1,271,30.9715,0.0609,2.6673,0.1163,23.3851,20.2201,2,8000,8000,1,934,27
7,1,27,8000,1,272,32.0389,0.0648,2.082,0.1301,24.7283,21.8387,2,8000,8000,1,769,27
7,1,27,8000,1,273,32.7242,0.0555,1.8233,0.1205,22.9576,20.615,2,8000,8000,1,775,27
7,1,27,8000,1,274,29.9162,0.1195,1.8179,0.1092,22.4976,20.1104,2,8000,8000,1,973,27
7,1,27,8000,1,275,31.2161,0.0656,1.7295,0.1085,23.171,20.9507,2,8000,8000,1,786,27
7,1,27,8000,1,276,29.4734,0.0493,1.761,0.1213,22.5283,20.2652,1,8000,8000,1,755,27
7,1,27,8000,1,277,31.7995,0.0561,1.6001,0.1233,24.0097,21.8721,2,8000,8000,1,619,27
7,1,27,8000,1,278,29.3823,0.0565,1.7144,0.1585,21.6708,19.3544,2,8000,8000,1,663,27
7,1,27,8000,1,279,29.8402,0.0689,1.6542,0.1132,22.8094,20.6183,2,8000,8000,1,817,27
7,1,27,8000,1,280,32.2713,0.062,1.8977,0.1222,24.4684,21.907,2,8000,8000,1,788,27
7,1,27,8000,1,281,31.7303,0.0468,1.676,0.1178,22.7333,20.5807,2,8000,8000,1,743,27
7,1,27,8000,1,282,30.5296,0.0565,1.7505,0.1207,23.046,20.6872,1,8000,8000,1,769,27
7,1,27,8000,1,283,31.5566,0.0586,1.4372,0.1377,22.914,20.8202,2,8000,8000,1,594,27
7,1,27,8000,1,284,34.2476,0.068,2.0731,0.1484,26.3849,23.678,2,8000,8000,1,743,27
7,1,27,8000,1,285,32.8555,0.084,1.8169,0.1207,23.3508,20.9462,2,8000,8000,1,856,27
7,1,27,8000,1,286,34.1646,0.0613,1.8869,0.1124,24.4237,22.0557,2,8000,8000,1,976,27
7,1,27,8000,1,287,33.2185,0.0389,1.8503,0.1222,24.9139,22.4204,2,8000,8000,1,863,27
7,1,27,8000,1,288,31.4254,0.0528,1.9144,0.1172,23.3451,20.9407,2,8000,8000,1,891,27
7,1,27,8000,1,289,30.5469,0.0532,1.6267,0.1221,22.808,20.6852,2,8000,8000,1,898,27
7,1,27,8000,1,290,32.1176,0.0575,2.0278,0.1259,23.9257,21.3548,2,8000,8000,1,908,27
7,1,27,8000,1,291,34.5326,0.1609,2.1912,0.127,25.6731,22.756,2,8000,8000,1,927,27
7,1,27,8000,1,292,30.7879,0.0537,1.6337,0.1264,23.1221,20.9785,2,8000,8000,1,920,27
7,1,27,8000,1,293,32.6521,0.082,2.0448,0.1229,24.001,21.4475,2,8000,8000,1,987,27
7,1,27,8000,1,294,32.7789,0.1076,2.168,0.1254,25.2452,22.368,2,8000,8000,1,1084,27
7,1,27,8000,1,295,34.7739,0.0903,1.9047,0.1273,25.1783,22.7032,2,8000,8000,1,1001,27
7,1,27,8000,1,296,31.9669,0.4672,2.1884,0.1191,23.6019,20.4992,2,8000,8000,1,1281,27
7,1,27,8000,1,297,33.7376,0.0689,2.4322,0.1649,26.1459,22.9717,2,8000,8000,1,982,27
7,1,27,8000,1,298,32.7815,0.0633,2.0989,0.1046,23.4195,20.8265,2,8000,8000,1,1097,27
7,1,27,8000,1,299,31.1191,0.1072,1.894,0.1197,23.9434,21.4481,2,8000,8000,1,985,27
7,1,27,8000,1,300,31.0559,0.0464,1.8937,0.1192,23.6002,21.1731,2,8000,8000,1,901,27
7,1,27,8000,1,301,32.7601,0.0465,2.3187,0.1173,25.3273,22.4874,1,8000,8000,1,1216,27
7,1,27,8000,1,302,30.4307,0.0563,1.5799,0.1451,23.2329,21.1348,2,8000,8000,1,789,27
7,1,27,8000,1,303,32.6682,0.0722,1.8628,0.1068,25.3809,23.0253,2,8000,8000,1,829,27
7,1,27,8000,1,304,30.3268,0.0791,1.9729,0.121,23.1368,20.6241,2,8000,8000,1,1030,27
7,1,27,8000,1,305,32.2211,0.072,2.0602,0.1124,24.6144,22.0278,2,8000,8000,1,1018,27
7,1,27,8000,1,306,31.8671,0.0541,1.8139,0.1237,23.2452,20.9019,2,8000,8000,1,969,27
7,1,27,8000,1,307,30.0326,0.0506,2.1635,0.1065,22.2375,19.6022,2,8000,8000,1,1116,27
7,1,27,8000,1,308,31.5301,0.0636,2.148,0.116,23.9024,21.2345,2,8000,8000,1,1142,27
7,1,27,8000,1,309,29.6488,0.0788,1.7914,0.1127,21.6024,19.3024,2,8000,8000,1,991,27
7,1,27,8000,1,310,30.0072,0.0452,1.8104,0.1081,22.2766,19.9851,1,8000,8000,1,951,27
7,1,27,8000,1,311,29.2977,0.0612,1.7346,0.1086,22.0115,19.801,2,8000,8000,1,893,27
7,1,27,8000,1,312,31.6469,0.1199,1.8189,0.1298,24.0941,21.5728,2,8000,8000,1,807,27
7,1,27,8000,1,313,32.6829,0.0652,1.626,0.1107,23.2714,21.1055,2,8000,8000,1,847,27
7,1,27,8000,1,314,30.7974,0.0545,1.9031,0.1053,23.6212,21.2611,2,8000,8000,1,965,27
7,1,27,8000,1,315,30.2001,0.093,1.7179,0.1149,23.0754,20.8008,2,8000,8000,1,1000,27
7,1,27,8000,1,316,29.6798,0.0825,1.9453,0.1192,22.0568,19.5943,1,8000,8000,1,1084,27
7,1,27,8000,1,317,29.9982,0.0616,1.9089,0.1196,22.8577,20.4256,2,8000,8000,1,836,27
7,1,27,8000,1,318,28.6194,0.0533,1.7405,0.109,21.3027,19.0037,2,8000,8000,1,808,27
7,1,27,8000,1,319,29.7631,0.0786,1.9776,0.1199,22.1228,19.642,2,8000,8000,1,979,27
7,1,27,8000,1,320,33.3783,0.0603,2.2292,0.1182,25.7903,22.9234,2,8000,8000,1,916,27
7,1,27,8000,1,321,30.9273,0.0859,1.8263,0.1194,23.4767,21.0505,2,8000,8000,1,896,27
7,1,27,8000,1,322,29.8005,0.0754,1.7686,0.1125,22.0866,19.795,1,8000,8000,1,982,27
7,1,27,8000,1,323,30.4072,0.0568,2.0788,0.1192,23.3809,20.7365,2,8000,8000,1,876,27
7,1,27,8000,1,324,30.436,0.0942,1.7471,0.1089,22.6092,20.2826,2,8000,8000,1,788,27
7,1,27,8000,1,325,32.5748,0.0806,2.1897,0.1098,24.7826,22.0694,2,8000,8000,1,974,27
7,1,27,8000,1,326,32.2453,0.0593,2.142,0.1149,24.6618,22.0035,2,8000,8000,1,1070,27
7,1,27,8000,1,327,31.0829,0.0698,2.0438,0.108,23.6367,21.0792,2,8000,8000,1,985,27
7,1,27,8000,1,328,32.049,0.0971,1.9,0.1208,25.2899,22.8285,2,8000,8000,1,997,27
7,1,27,8000,1,329,32.8071,0.0536,1.9242,0.1218,24.3493,21.8919,2,8000,8000,1,1077,27
7,1,27,8000,1,330,32.5046,0.0492,2.2763,0.1114,24.849,22.0589,1,8000,8000,1,1134,27
7,1,27,8000,1,331,33.3592,0.0648,1.7428,0.1167,24.7266,22.4838,2,8000,8000,1,854,27
7,1,27,8000,1,332,30.153,0.0714,1.8091,0.1116,23.487,21.1788,2,8000,8000,1,918,27
7,1,27,8000,1,333,30.9498,0.0706,1.954,0.1557,24.02,21.3435,2,8000,8000,1,969,27
7,1,27,8000,1,334,33.2905,0.1277,1.8998,0.108,24.6362,22.1763,2,8000,8000,1,967,27
7,1,27,8000,1,335,29.4271,0.0561,1.8961,0.1142,22.3227,19.9499,2,8000,8000,1,1072,27
7,1,27,8000,1,336,30.7964,0.05,1.6925,0.1117,22.0136,19.7668,2,8000,8000,1,980,27
7,1,27,8000,1,337,32.4978,0.0579,3.0889,0.1302,24.9413,20.9939,2,8000,8000,1,1169,27
7,1,27,8000,1,338,31.4392,0.0539,2.2743,0.1188,23.4269,20.6215,2,8000,8000,1,1178,27
7,1,27,8000,1,339,32.6196,0.0603,1.9307,0.1057,24.281,21.8792,2,8000,8000,1,1265,27
7,1,27,8000,1,340,31.0592,0.0489,2.2594,0.1145,23.8467,21.0774,1,8000,8000,1,1308,27
7,1,27,8000,1,341,30.5293,0.0467,1.8245,0.1094,23.0496,20.7542,2,8000,8000,1,958,27
7,1,27,8000,1,342,30.9731,0.0459,2.1016,0.1165,23.8703,21.264,2,8000,8000,1,849,27
7,1,27,8000,1,343,30.0849,0.0637,1.9604,0.1124,22.511,20.0562,2,8000,8000,1,1115,27
7,1,27,8000,1,344,32.0013,0.06,2.0097,0.1073,24.6724,22.1713,2,8000,8000,1,1163,27
7,1,27,8000,1,345,31.2021,0.0632,2.1112,0.1169,23.3749,20.7464,2,8000,8000,1,1098,27
7,1,27,8000,1,346,29.9847,0.0645,2.3076,0.105,22.5625,19.7707,2,8000,8000,1,1226,27
7,1,27,8000,1,347,29.7987,0.0564,2.1311,0.112,22.4082,19.8017,1,8000,8000,1,1085,27
7,1,27,8000,1,348,31.5794,0.5169,1.9087,0.1086,23.8516,20.9755,2,8000,8000,1,949,27
7,1,27,8000,1,349,33.8488,0.1266,2.1232,0.1161,25.1971,22.5048,2,8000,8000,1,881,27
7,1,27,8000,1,350,31.0802,0.2853,2.1759,0.1092,23.7052,20.669,2,8000,8000,1,1163,27
7,1,27,8000,1,351,33.3534,0.0539,3.6273,0.1266,26.2369,22.028,2,8000,8000,1,1136,27
7,1,27,8000,1,352,32.1613,0.1688,1.9227,0.1127,23.8153,21.3066,2,8000,8000,1,1167,27
7,1,27,8000,1,353,30.9842,0.0509,1.8857,0.1094,23.0296,20.6788,2,8000,8000,1,1183,27
7,1,27,8000,1,354,30.5498,0.049,2.074,0.1093,22.6355,20.1224,2,8000,8000,1,1146,27
7,1,27,8000,1,355,32.4907,0.0601,2.4958,0.1205,25.0465,22.0224,2,8000,8000,1,1291,27
7,1,27,8000,1,356,30.5161,0.0538,2.3062,0.1143,22.8791,20.1068,2,8000,8000,1,1266,27
7,1,27,8000,1,357,30.5375,0.0449,2.5796,0.1063,23.2076,20.1629,1,8000,8000,1,1303,27
7,1,27,8000,1,358,32.0618,0.0473,2.6365,0.1136,24.6515,21.5031,2,8000,8000,1,1256,27
7,1,27,8000,1,359,32.6316,0.0449,2.4104,0.1221,24.1087,21.1647,2,8000,8000,1,1136,27
7,1,27,8000,1,360,30.3617,0.5771,2.5174,0.1125,23.2238,19.6108,2,8000,8000,1,1210,27
7,1,27,8000,1,361,31.4433,0.0468,2.3101,0.111,21.8668,19.0452,2,8000,8000,1,1213,27
7,1,27,8000,1,362,32.1671,0.0535,2.3438,0.1125,24.3932,21.5395,2,8000,8000,1,1045,27
7,1,27,8000,1,363,30.3324,0.0495,1.9469,0.1196,22.577,20.165,2,8000,8000,1,1062,27
7,1,27,8000,1,364,30.3092,0.0462,2.2677,0.1027,22.52,19.7365,2,8000,8000,1,1259,27
7,1,27,8000,1,365,30.4201,0.0526,2.0943,0.1066,22.2058,19.5747,1,8000,8000,1,1297,27
7,1,27,8000,1,366,31.8892,0.0589,1.8537,0.1142,23.6287,21.2684,2,8000,8000,1,928,27
7,1,27,8000,1,367,30.0849,0.0393,2.1479,0.1115,22.7396,20.1144,2,8000,8000,1,960,27
7,1,27,8000,1,368,31.0838,0.0762,1.9069,0.1127,23.5358,21.1302,2,8000,8000,1,1177,27
7,1,27,8000,1,369,31.3303,0.5138,2.3069,0.1144,23.4756,20.1027,2,8000,8000,1,1181,27
7,1,27,8000,1,370,35.4718,0.034,2.3737,0.1182,25.7483,22.7764,2,8000,8000,1,1192,27
7,1,27,8000,1,371,33.4173,0.0757,1.9315,0.1061,25.6773,23.208,2,8000,8000,1,1197,27
7,1,27,8000,1,372,33.0194,0.1081,2.178,0.1136,25.5712,22.8589,2,8000,8000,1,1205,27
7,1,27,8000,1,373,32.6484,0.0672,2.3689,0.1079,24.4745,21.5895,2,8000,8000,1,1221,27
7,1,27,8000,1,374,32.209,0.0539,2.5108,0.1389,24.5754,21.5047,2,8000,8000,1,1233,27
7,1,27,8000,1,375,33.0143,0.0613,2.3835,0.1128,25.2073,22.3281,2,8000,8000,1,1341,27
7,1,27,8000,1,376,33.4592,0.0434,2.3878,0.1124,25.5641,22.6973,2,8000,8000,1,1195,27
7,1,27,8000,1,377,33.7814,0.0678,2.3245,0.1057,25.3118,22.4996,2,8000,8000,1,1183,27
7,1,27,8000,1,378,32.5781,0.0629,2.2293,0.1324,24.0178,21.2344,2,8000,8000,1,1188,27
7,1,27,8000,1,379,33.137,0.0538,2.0937,0.1333,24.9095,22.1711,2,8000,8000,1,1240,27
7,1,27,8000,1,380,33.6808,0.0595,2.5718,0.1314,25.3462,22.2238,2,8000,8000,1,1361,27
7,1,27,8000,1,381,35.0751,0.0566,2.3998,0.1215,25.4554,22.5606,2,8000,8000,1,1217,27
7,1,27,8000,1,382,33.3226,0.0617,2.3995,0.1253,25.2587,22.2699,2,8000,8000,1,1270,27
7,1,27,8000,1,383,34.4803,0.0387,2.2641,0.1135,26.2198,23.474,2,8000,8000,1,1134,27
7,1,27,8000,1,384,30.9594,0.0606,2.264,0.1034,23.1575,20.4309,2,8000,8000,1,1244,27
7,1,27,8000,1,385,31.6667,0.0445,2.2939,0.1136,24.0208,21.2468,2,8000,8000,1,1291,27
7,1,27,8000,1,386,33.7367,0.0468,3.3624,0.1252,25.6495,21.7022,2,8000,8000,1,1234,27
7,1,27,8000,1,387,30.4202,0.0615,2.1261,0.1068,22.2413,19.6231,2,8000,8000,1,1142,27
7,1,27,8000,1,388,31.3942,0.0528,2.0384,0.1089,23.5279,21.0272,1,8000,8000,1,1264,27
7,1,27,8000,1,389,30.7767,0.0527,2.106,0.1197,22.6987,20.119,2,8000,8000,1,1125,27
7,1,27,8000,1,390,32.6526,0.0654,2.3249,0.1173,23.3624,20.5116,2,8000,8000,1,926,27
7,1,27,8000,1,391,28.9886,0.0488,1.9145,0.1141,21.3004,18.8677,2,8000,8000,1,1052,27
7,1,27,8000,1,392,30.6204,0.0549,2.0637,0.1115,23.0569,20.4823,2,8000,8000,1,1113,27
7,1,27,8000,1,393,35.675,0.0725,2.3866,0.1279,27.8542,24.7708,2,8000,8000,1,1025,27
7,1,27,8000,1,394,30.6651,0.0653,2.1799,0.1299,22.1702,19.4356,2,8000,8000,1,1105,27
7,1,27,8000,1,395,31.6122,0.0563,2.2701,0.1614,22.4008,19.5949,2,8000,8000,1,1172,27
7,1,27,8000,1,396,32.1656,0.0674,2.641,0.1181,24.5415,21.3221,2,8000,8000,1,1099,27
7,1,27,8000,1,397,32.1458,0.0654,1.9688,0.1171,23.6388,21.1495,2,8000,8000,1,1109,27
7,1,27,8000,1,398,30.1339,0.0424,2.0081,0.1232,22.267,19.6642,1,8000,8000,1,999,27
7,1,27,8000,1,399,29.7445,0.054,1.6698,0.1187,21.7316,19.5643,2,8000,8000,1,857,27
7,1,27,8000,1,400,31.2881,0.0489,2.0503,0.1199,22.1863,19.6239,2,8000,8000,1,800,27
7,1,27,8000,1,401,33.0755,0.0774,2.0121,0.1116,24.6641,22.131,2,8000,8000,1,1110,27
7,1,27,8000,1,402,31.3323,0.1042,2.034,0.1104,24.1889,21.6126,2,8000,8000,1,1068,27
7,1,27,8000,1,403,30.4343,0.4817,1.8334,0.1135,23.0424,20.2789,2,8000,8000,1,934,27
7,1,27,8000,1,404,33.8909,0.1303,2.0326,0.1131,24.8024,22.2203,2,8000,8000,1,1006,27
7,1,27,8000,1,405,31.5896,0.0622,2.0172,0.1154,24.2196,21.6767,2,8000,8000,1,1035,27
7,1,27,8000,1,406,30.8185,0.0508,1.8174,0.1102,23.4211,21.1309,2,8000,8000,1,955,27
7,1,27,8000,1,407,31.0812,0.0799,1.7108,0.1053,23.822,21.5785,1,8000,8000,1,952,27
7,1,27,8000,1,408,31.0228,0.0643,1.8309,0.1136,23.3051,20.8608,2,8000,8000,1,856,27
7,1,27,8000,1,409,32.733,0.5918,1.5048,0.1141,24.5617,22.0298,2,8000,8000,1,703,27
7,1,27,8000,1,410,29.9957,0.0541,1.9815,0.1103,22.2039,19.7549,2,8000,8000,1,934,27
7,1,27,8000,1,411,30.8373,0.0567,2.2057,0.1148,23.3207,20.6014,2,8000,8000,1,1001,27
7,1,27,8000,1,412,31.0961,0.0621,1.6243,0.1053,21.7311,19.5964,2,8000,8000,1,1053,27
7,1,27,8000,1,413,30.5032,0.0553,1.912,0.118,23.2546,20.764,2,8000,8000,1,955,27
7,1,27,8000,1,414,29.8652,0.0577,2.2505,0.1395,22.6008,19.7348,1,8000,8000,1,952,27
7,1,27,8000,1,415,30.1621,0.0558,1.293,0.1209,21.1772,19.4044,2,8000,8000,1,719,27
7,1,27,8000,1,416,30.4525,0.061,2.2786,0.2107,23.0032,19.8699,2,8000,8000,1,755,27
7,1,27,8000,1,417,38.6871,0.0926,1.7741,0.1269,27.293,24.9394,2,8000,8000,1,823,27
7,1,27,8000,1,418,31.2756,0.0686,1.8933,0.1117,23.8443,21.4187,2,8000,8000,1,882,27
7,1,27,8000,1,419,32.2429,0.0511,2.0597,0.1277,23.0403,20.4316,2,8000,8000,1,945,27
7,1,27,8000,1,420,32.465,0.1178,1.5136,0.109,24.6532,22.6027,2,8000,8000,1,981,27
7,1,27,8000,1,421,31.2044,0.0528,2.7159,0.1263,24.2791,21.0137,2,8000,8000,1,926,27
7,1,27,8000,1,422,30.6031,0.0572,1.76,0.1177,22.4973,20.1096,2,8000,8000,1,993,27
7,1,27,8000,1,423,31.6584,0.0669,1.9932,0.1013,23.9151,21.4438,2,8000,8000,1,1080,27
7,1,27,8000,1,424,31.314,0.0814,1.8496,0.109,23.6199,21.2692,2,8000,8000,1,1050,27
7,1,27,8000,1,425,31.3784,0.0944,1.8108,0.1113,23.7736,21.3955,1,8000,8000,1,1039,27
7,1,27,8000,1,426,33.8813,0.0775,2.0391,0.117,25.5322,22.9549,2,8000,8000,1,1070,27
7,1,27,8000,1,427,32.4594,0.0548,1.9864,0.1216,24.2674,21.7854,2,8000,8000,1,822,27
7,1,27,8000,1,428,31.3441,0.0615,1.9717,0.1186,23.0492,20.5425,2,8000,8000,1,968,27
7,1,27,8000,1,429,34.7574,0.086,2.201,0.1293,25.6169,22.8129,2,8000,8000,1,1086,27
7,1,27,8000,1,430,30.6948,0.053,2.3064,0.2283,22.386,19.2645,2,8000,8000,1,1056,27
7,1,27,8000,1,431,40.6593,0.0797,2.3916,0.1186,29.1266,26.1585,2,8000,8000,1,966,27
7,1,27,8000,1,432,34.4238,0.0781,1.842,0.1345,26.3411,23.9306,3,8000,8000,1,890,27
7,1,27,8000,1,433,34.546,0.4576,2.3258,0.1275,25.5733,22.2999,2,8000,8000,1,1193,27
7,1,27,8000,1,434,33.8892,0.0936,2.2603,0.1278,26.1255,23.2801,2,8000,8000,1,1439,27
7,1,27,8000,1,435,34.823,0.0661,2.3937,0.118,26.5804,23.5664,2,8000,8000,1,1231,27
7,1,27,8000,1,436,39.6088,0.0921,2.1138,0.1178,30.5749,27.8669,2,8000,8000,1,1075,27
7,1,27,8000,1,437,33.7854,0.0545,2.2586,0.1255,25.4343,22.6094,2,8000,8000,1,1049,27
7,1,27,8000,1,438,36.9989,0.0537,2.6681,0.1496,27.4278,24.1891,2,8000,8000,1,1132,27
7,1,27,8000,1,439,32.7453,0.0532,2.3633,0.1209,25.4366,22.5457,2,8000,8000,1,1044,27
7,1,27,8000,1,440,31.7535,0.532,2.0588,0.1158,23.7062,20.676,2,8000,8000,1,914,27
7,1,27,8000,1,441,29.6682,0.0544,1.8852,0.1122,21.8532,19.4529,2,8000,8000,1,1091,27
7,1,27,8000,1,442,31.8005,0.0508,2.2049,0.1419,23.0928,20.304,2,8000,8000,1,1065,27
7,1,27,8000,1,443,33.6388,0.0826,2.3105,0.121,26.1001,23.2367,2,8000,8000,1,1077,27
7,1,27,8000,1,444,31.485,0.0529,1.9092,0.1207,23.2047,20.7439,2,8000,8000,1,1141,27
7,1,27,8000,1,445,32.2822,0.5161,2.341,0.1248,24.3616,20.9289,2,8000,8000,1,1122,27
7,1,27,8000,1,446,34.3516,0.1016,2.2421,0.1245,26.3534,23.5521,2,8000,8000,1,1039,27
7,1,27,8000,1,447,33.2827,0.1035,2.1863,0.1212,25.2831,22.5717,2,8000,8000,1,1141,27
7,1,27,8000,1,448,32.9416,0.0607,2.6503,0.1015,25.1191,21.5559,2,8000,8000,1,1072,27
7,1,27,8000,1,449,34.2599,0.0927,2.398,0.1196,25.9023,22.931,2,8000,8000,1,1013,27
7,1,27,8000,1,450,33.0575,0.0506,2.085,0.1211,24.3443,21.7277,2,8000,8000,1,1153,27
7,1,27,8000,1,451,32.4138,0.0527,2.2768,0.1074,24.0819,21.2972,2,8000,8000,1,1194,27
7,1,27,8000,1,452,34.4117,0.5983,2.6708,0.1219,25.6958,21.9388,2,8000,8000,1,1119,27
7,1,27,8000,1,453,31.4263,0.0537,2.3101,0.1223,23.4113,20.6064,2,8000,8000,1,1150,27
7,1,27,8000,1,454,31.3128,0.0571,2.4999,0.1331,23.621,20.5989,2,8000,8000,1,1158,27
7,1,27,8000,1,455,32.6019,0.0613,2.6275,0.1378,25.2667,21.9679,2,8000,8000,1,1184,27
7,1,27,8000,1,456,33.4894,0.069,2.2615,0.1267,23.6877,20.891,2,8000,8000,1,1204,27
7,1,27,8000,1,457,31.6106,0.0469,2.4116,0.1175,23.6088,20.6888,2,8000,8000,1,1212,27
7,1,27,8000,1,458,31.905,0.0503,2.1134,0.1228,23.7471,21.0976,2,8000,8000,1,1140,27
7,1,27,8000,1,459,33.5706,0.0555,2.511,0.1146,25.6145,22.6236,1,8000,8000,1,1477,27
7,1,27,8000,1,460,33.4807,0.0619,2.5195,0.1213,25.714,22.6583,2,8000,8000,1,1445,27
7,1,27,8000,1,461,33.9383,0.0607,2.3389,0.1299,26.0782,23.2083,2,8000,8000,1,1000,27
7,1,27,8000,1,462,32.4258,0.0471,2.0956,0.1122,24.1691,21.5673,3,8000,8000,1,1208,27
7,1,27,8000,1,463,33.0749,0.062,2.8093,0.1264,24.8078,21.4921,1,8000,8000,1,1394,27
7,1,27,8000,1,464,33.2819,0.0564,2.8025,0.1092,25.2606,21.929,2,8000,8000,1,1783,27
7,1,27,8000,1,465,33.5067,0.0618,2.816,0.1588,24.1733,20.637,2,8000,8000,1,1055,27
7,1,27,8000,1,466,33.9164,0.0492,2.3415,0.1778,24.528,21.6125,3,8000,8000,1,1279,27
7,1,27,8000,1,467,35.2362,0.0851,3.0237,0.124,27.2099,23.6521,1,8000,8000,1,1728,27
7,1,27,8000,1,468,34.116,0.0503,2.9019,0.1228,26.3998,22.9528,3,8000,8000,1,1587,27
7,1,27,8000,1,469,33.5332,0.0518,2.6422,0.1212,25.8847,22.7682,2,8000,8000,1,1149,27
7,1,27,8000,1,470,34.3073,0.0611,2.7566,0.1327,26.6971,23.3768,2,8000,8000,1,1553,27
7,1,27,8000,1,471,34.4409,0.1171,2.3736,0.1148,26.708,23.7515,2,8000,8000,1,1255,27
7,1,27,8000,1,472,32.9397,0.0845,2.0544,0.1142,24.8172,22.1719,2,8000,8000,1,1207,27
7,1,27,8000,1,473,33.2284,0.1259,2.383,0.103,24.8259,21.8405,2,8000,8000,1,1322,27
7,1,27,8000,1,474,32.8363,0.0702,2.1315,0.1129,25.422,22.7941,2,8000,8000,1,1273,27
7,1,27,8000,1,475,34.4407,0.0943,2.4573,0.1165,26.5675,23.5394,2,8000,8000,1,1224,27
7,1,27,8000,1,476,33.9048,0.0489,2.3881,0.12,25.1103,22.2335,2,8000,8000,1,1221,27
7,1,27,8000,1,477,31.6279,0.0777,2.4701,0.1242,24.141,21.1468,2,8000,8000,1,1302,27
7,1,27,8000,1,478,31.4836,0.0576,2.3197,0.1239,23.6589,20.8362,2,8000,8000,1,1199,27
7,1,27,8000,1,479,32.643,0.0867,2.6316,0.1292,24.5516,21.343,2,8000,8000,1,1359,27
7,1,27,8000,1,480,34.2809,0.0583,2.2888,0.1199,24.7975,21.997,2,8000,8000,1,1212,27
7,1,27,8000,1,481,31.1861,0.0656,2.0477,0.1181,23.8859,21.3132,2,8000,8000,1,1217,27
7,1,27,8000,1,482,33.4327,0.0512,2.424,0.1314,25.2853,22.2161,2,8000,8000,1,1215,27
7,1,27,8000,1,483,35.3629,0.0618,2.4906,0.1218,25.7851,22.6848,2,8000,8000,1,1318,27
7,1,27,8000,1,484,31.6907,0.062,2.3011,0.122,24.0819,21.2297,2,8000,8000,1,1041,27
7,1,27,8000,1,485,31.7619,0.0595,2.1096,0.1631,23.7153,21.0439,2,8000,8000,1,1015,27
7,1,27,8000,1,486,32.273,0.0564,2.0995,0.1057,22.6554,20.0941,1,8000,8000,1,1085,27
7,1,27,8000,1,487,30.3515,0.0639,1.7568,0.1413,23.1385,20.8102,2,8000,8000,1,891,27
7,1,27,8000,1,488,30.8547,0.546,1.8901,0.1049,22.3648,19.4869,2,8000,8000,1,892,27
7,1,27,8000,1,489,32.7298,0.0873,2.3719,0.1141,24.9559,21.9285,2,8000,8000,1,1010,27
7,1,27,8000,1,490,31.5761,0.0637,2.093,0.1177,22.0066,19.3951,2,8000,8000,1,1010,27
7,1,27,8000,1,491,31.2976,0.0706,2.0405,0.1257,23.8038,21.2303,2,8000,8000,1,1135,27
7,1,27,8000,1,492,30.5019,0.0557,2.1519,0.1204,22.2142,19.4477,2,8000,8000,1,1077,27
7,1,27,8000,1,493,31.0908,0.058,2.2672,0.1166,22.9806,20.2147,2,8000,8000,1,992,27
7,1,27,8000,1,494,32.6103,0.0904,1.8452,0.1179,24.4084,22.0409,1,8000,8000,1,1093,27
7,1,27,8000,1,495,31.9585,0.0497,1.7036,0.1073,23.8519,21.6827,2,8000,8000,1,897,27
7,1,27,8000,1,496,30.3061,0.0588,2.0045,0.1187,23.293,20.774,2,8000,8000,1,738,27
7,1,27,8000,1,497,31.033,0.194,1.8553,0.1087,23.4248,20.9179,2,8000,8000,1,1010,27
7,1,27,8000,1,498,29.7303,0.0646,2.0601,0.1295,22.5752,19.9297,2,8000,8000,1,1071,27
7,1,27,8000,1,499,32.4449,0.0654,2.1595,0.1263,24.7083,21.9305,2,8000,8000,1,1050,27
7,1,27,8000,1,500,31.1071,0.5446,1.9333,0.1111,23.3829,20.444,2,8000,8000,1,1039,27
7,1,27,8000,1,501,31.572,0.109,1.9339,0.1152,24.3748,21.9089,2,8000,8000,1,1017,27
7,1,27,8000,1,502,31.6455,0.0681,2.0327,0.1145,24.2156,21.6871,2,8000,8000,1,1005,27
7,1,27,8000,1,503,33.32,0.0819,2.4012,0.1139,25.946,22.9985,1,8000,8000,1,1039,27
7,1,27,8000,1,504,34.5347,0.5013,1.5465,0.1256,25.0164,22.5094,2,8000,8000,1,869,27
7,1,27,8000,1,505,33.3117,0.0387,2.2207,0.1195,24.9966,22.2534,2,8000,8000,1,889,27
7,1,27,8000,1,506,31.0097,0.0408,1.9149,0.1196,22.9494,20.5242,3,8000,8000,1,957,27
7,1,27,8000,1,507,31.3894,0.0493,1.9979,0.1186,23.6398,21.065,1,8000,8000,1,1247,27
7,1,27,8000,1,508,32.9256,0.1158,2.0892,0.1263,25.2015,22.5349,2,8000,8000,1,1028,27
7,1,27,8000,1,509,32.7784,0.0542,2.0723,0.1255,24.6858,22.0643,2,8000,8000,1,704,27
7,1,27,8000,1,510,30.2337,0.0576,1.6842,0.1106,22.5989,20.4026,2,8000,8000,1,850,27
7,1,27,8000,1,511,30.576,0.0537,2.0124,0.1311,22.548,20.0485,2,8000,8000,1,954,27
7,1,27,8000,1,512,32.4369,0.0521,2.1374,0.128,24.0488,21.3788,2,8000,8000,1,993,27
7,1,27,8000,1,513,30.878,0.0542,1.6353,0.1261,22.5457,20.3723,2,8000,8000,1,887,27
7,1,27,8000,1,514,31.686,0.0426,2.1032,0.112,22.9029,20.3116,2,8000,8000,1,886,27
7,1,27,8000,1,515,30.957,0.0693,2.0324,0.1146,22.9472,20.3963,2,8000,8000,1,970,27
7,1,27,8000,1,516,30.7777,0.0628,1.5073,0.1047,21.9948,19.9383,1,8000,8000,1,882,27
7,1,27,8000,1,517,31.6756,0.0613,1.8501,0.1203,23.8348,21.4338,2,8000,8000,1,789,27
7,1,27,8000,1,518,38.8159,0.0584,1.6107,0.1202,22.7163,20.5891,3,8000,8000,1,781,27
7,1,27,8000,1,519,34.2974,0.1141,2.1543,0.1243,26.5208,23.6822,1,8000,8000,1,1021,27
7,1,27,8000,1,520,34.9832,0.5231,2.6114,0.1256,26.6812,22.9296,3,8000,8000,1,929,27
7,1,27,8000,1,521,31.4933,0.0464,2.0963,0.1261,23.0934,20.4731,2,8000,8000,1,1025,27
7,1,27,8000,1,522,32.881,0.0565,2.0663,0.1179,24.6534,22.0293,2,8000,8000,1,1075,27
7,1,27,8000,1,523,32.0074,0.09,2.1727,0.129,24.0061,21.2279,1,8000,8000,1,1120,27
7,1,27,8000,1,524,34.1735,0.101,1.8845,0.1254,25.7868,23.3583,2,8000,8000,1,911,27
7,1,27,8000,1,525,32.6743,0.088,1.8687,0.1253,24.89,22.4442,2,8000,8000,1,834,27
7,1,27,8000,1,526,30.1015,0.0549,1.9825,0.1278,22.6694,20.1711,2,8000,8000,1,947,27
7,1,27,8000,1,527,33.2105,0.0597,2.1469,0.1484,24.7789,21.9776,2,8000,8000,1,1156,27
7,1,27,8000,1,528,34.5565,0.0585,2.0043,0.1175,24.1533,21.5387,2,8000,8000,1,1098,27
7,1,27,8000,1,529,31.7186,0.0501,2.2969,0.1271,24.0436,21.1827,2,8000,8000,1,1166,27
7,1,27,8000,1,530,34.0732,0.1071,2.5568,0.1225,26.0027,22.8861,2,8000,8000,1,1283,27
7,1,27,8000,1,531,31.6315,0.0652,2.2278,0.124,23.9001,21.139,2,8000,8000,1,1395,27
7,1,27,8000,1,532,33.6804,0.0587,2.2597,0.1262,25.1217,22.3478,2,8000,8000,1,1148,27
7,1,27,8000,1,533,31.2167,0.0589,2.1833,0.1138,23.1355,20.4427,2,8000,8000,1,1147,27
7,1,27,8000,1,534,31.3763,0.0526,2.5451,0.1196,24.0138,20.9324,2,8000,8000,1,1130,27
7,1,27,8000,1,535,34.6956,0.0632,2.5326,0.1182,25.5962,22.536,2,8000,8000,1,1300,27
7,1,27,8000,1,536,33.1344,0.0612,1.9034,0.1296,24.4071,21.9201,2,8000,8000,1,1056,27
7,1,27,8000,1,537,31.7207,0.0551,2.1868,0.1185,23.7426,21.0499,2,8000,8000,1,1205,27
7,1,27,8000,1,538,31.8378,0.0429,2.1414,0.1333,24.0469,21.3274,2,8000,8000,1,1190,27
7,1,27,8000,1,539,30.2765,0.0485,2.0112,0.1026,21.3309,18.8439,2,8000,8000,1,1150,27
7,1,27,8000,1,540,31.0824,0.0475,2.2689,0.1184,23.7079,20.8005,2,8000,8000,1,1217,27
7,1,27,8000,1,541,31.9671,0.0663,2.6587,0.1174,24.4826,21.2802,1,8000,8000,1,1050,27
7,1,27,8000,1,542,33.626,0.1134,1.5609,0.1148,24.2293,22.1361,2,8000,8000,1,900,27
7,1,27,8000,1,543,32.8092,0.1037,2.2171,0.1185,24.8787,22.1084,2,8000,8000,1,818,27
7,1,27,8000,1,544,32.1311,0.0998,2.3663,0.1565,24.1288,21.0337,2,8000,8000,1,1161,27
7,1,27,8000,1,545,33.3074,0.1289,2.0925,0.1179,24.5998,21.9129,2,8000,8000,1,962,27
7,1,27,8000,1,546,31.8389,0.3117,2.1938,0.1176,24.625,21.6611,2,8000,8000,1,942,27
7,1,27,8000,1,547,32.6564,0.0917,2.7549,0.1122,25.5725,22.2852,2,8000,8000,1,1009,27
7,1,27,8000,1,548,30.3796,0.0575,1.9707,0.1124,23.0471,20.5935,2,8000,8000,1,1236,27
7,1,27,8000,1,549,33.5934,0.5246,1.9421,0.1085,26.2798,23.3736,2,8000,8000,1,1118,27
7,1,27,8000,1,550,30.152,0.052,2.1695,0.1134,22.5797,19.9013,2,8000,8000,1,1142,27
8,0,4,8000,2,151,47.3991,0.0303,19.35,0.1231,39.6529,19.7559,3,8000,8000,1,2600,4
8,0,4,8000,2,152,50.5437,0.0343,22.4939,0.1185,42.1097,19.0692,3,8000,8000,1,1779,4
8,0,4,8000,2,153,46.8723,0.0361,18.4194,0.11,38.6768,19.7615,3,8000,8000,1,1696,4
8,0,4,8000,2,154,39.2874,0.0247,11.7586,0.2504,31.7576,19.3271,2,8000,8000,1,1241,4
8,0,4,8000,2,155,43.0022,0.032,15.8617,0.1119,34.5015,18.1,3,8000,8000,1,1291,4
8,0,4,8000,2,156,40.0815,0.0294,11.3416,0.1177,30.4381,18.5252,2,8000,8000,1,1221,4
8,0,4,8000,2,157,42.9431,0.0341,14.4591,0.103,34.8033,19.8431,3,8000,8000,1,1145,4
8,0,4,8000,2,158,37.5912,0.0203,10.3098,0.1028,28.6637,17.8843,2,8000,8000,1,939,4
8,0,4,8000,2,159,41.9117,0.0309,14.6245,0.1225,33.7713,18.6248,3,8000,8000,1,946,4
8,0,4,8000,2,160,40.3326,0.0241,13.1495,0.1146,32.6238,18.9498,2,8000,8000,1,1033,4
8,0,4,8000,2,161,38.9837,0.0332,13.7064,0.1211,31.7859,17.5685,3,8000,8000,1,949,4
8,0,4,8000,2,162,38.1419,0.0248,11.3958,0.105,30.628,18.7424,2,8000,8000,1,917,4
8,0,4,8000,2,163,40.469,0.0262,10.2673,0.1224,32.3487,21.4914,2,8000,8000,1,763,4
8,0,4,8000,2,164,43.5587,0.0333,15.506,0.2285,35.3288,19.1886,3,8000,8000,1,1021,4
8,0,4,8000,2,165,36.0392,0.0275,10.2596,0.1232,28.2691,17.4348,2,8000,8000,1,868,4
8,0,4,8000,2,166,41.1746,0.0321,12.5419,0.1183,33.6114,20.5228,2,8000,8000,1,785,4
8,0,4,8000,2,167,40.9371,0.0365,14.1632,0.1494,32.9753,18.2136,3,8000,8000,1,1139,4
8,0,4,8000,2,168,39.0937,0.025,10.9214,0.1313,31.3708,19.8626,2,8000,8000,1,1163,4
8,0,4,8000,2,169,42.44,0.0367,15.7509,0.1178,34.3933,18.1175,3,8000,8000,1,1299,4
8,0,4,8000,2,170,38.016,0.033,10.1758,0.1137,30.1826,19.4903,2,8000,8000,1,1018,4
8,0,4,8000,2,171,44.4967,0.0309,13.7144,0.1171,35.0443,20.7585,3,8000,8000,1,1412,4
8,0,4,8000,2,172,40.3526,0.0409,11.747,0.1167,32.3089,20.0388,2,8000,8000,1,1212,4
8,0,4,8000,2,173,46.0958,0.0383,14.5922,0.1191,35.2126,20.0901,3,8000,8000,1,1588,4
8,0,4,8000,2,174,42.3921,0.0257,12.8247,0.1154,33.8641,20.5229,2,8000,8000,1,1309,4
8,0,4,8000,2,175,41.8802,0.0326,15.8498,0.1206,34.3045,17.9418,3,8000,8000,1,1571,4
8,0,4,8000,2,176,39.186,0.0275,12.1237,0.1091,31.9665,19.3511,2,8000,8000,1,1407,4
8,0,4,8000,2,177,45.5207,0.1915,16.4416,0.1237,36.6012,19.382,3,8000,8000,1,1530,4
8,0,4,8000,2,178,46.0363,0.0343,17.2781,0.1133,37.713,19.9019,3,8000,8000,1,2397,4
8,0,4,8000,2,179,42.5136,0.0254,12.9294,0.1198,34.0247,20.5003,2,8000,8000,1,1961,4
8,0,4,8000,2,180,44.5836,0.0466,17.2708,0.1095,35.9032,18.0996,3,8000,8000,1,1801,4
8,0,4,8000,2,181,41.0607,0.0223,12.2073,0.1281,33.4039,20.6354,2,8000,8000,1,1967,4
8,0,4,8000,2,182,45.568,0.0326,16.612,0.1161,37.8909,20.7692,3,8000,8000,1,1915,4
8,0,4,8000,2,183,46.0849,0.0483,18.956,0.1102,37.2881,17.8179,3,8000,8000,1,2722,4
8,0,4,8000,2,184,43.5591,0.0211,14.908,0.1106,35.5934,20.1388,2,8000,8000,1,2504,4
8,0,4,8000,2,185,46.6336,0.0351,18.5609,0.119,38.6084,19.4631,3,8000,8000,1,2347,4
8,0,4,8000,2,186,48.7807,0.0349,20.2414,0.1232,40.0393,19.2808,3,8000,8000,1,3179,4
8,0,4,8000,2,187,54.0018,0.0374,24.5847,0.117,45.0109,19.884,3,8000,8000,1,3961,4
8,0,4,8000,2,188,46.4691,0.0405,19.0503,0.1127,38.9497,19.3918,3,8000,8000,1,2724,4
8,0,4,8000,2,189,51.1998,0.0322,21.7113,0.1128,43.27,20.9505,3,8000,8000,1,3228,4
8,0,4,8000,2,190,50.3467,0.0324,20.554,0.1128,41.0652,20.0198,3,8000,8000,1,3085,4
8,0,4,8000,2,191,51.4073,0.0514,24.5411,0.1182,43.0262,17.9123,3,8000,8000,1,3138,4
8,0,4,8000,2,192,47.3253,0.0342,20.1048,0.1588,38.9438,18.2763,3,8000,8000,1,3012,4
8,0,4,8000,2,193,45.7962,0.0513,18.709,0.118,38.0952,18.8316,3,8000,8000,1,3029,4
8,0,4,8000,2,194,47.8485,0.0499,18.8525,0.1322,39.3926,19.9516,3,8000,8000,1,2870,4
8,0,4,8000,2,195,44.7879,0.0253,15.3148,0.1343,35.5484,19.7343,2,8000,8000,1,2351,4
8,0,4,8000,2,196,49.6877,0.0328,19.4855,0.1241,39.5261,19.4978,3,8000,8000,1,2173,4
8,0,4,8000,2,197,49.509,0.0458,21.3304,0.1126,41.4162,19.5693,3,8000,8000,1,2273,4
8,0,4,8000,2,198,51.1224,0.0378,22.4468,0.1143,42.737,19.7535,3,8000,8000,1,2156,4
8,0,4,8000,2,199,45.1936,0.0274,18.0612,0.1095,35.7348,17.1926,3,8000,8000,1,2036,4
8,0,4,8000,2,200,47.5678,0.0332,18.4979,0.1172,38.9924,19.9278,3,8000,8000,1,1894,4
8,0,4,8000,2,201,48.7199,0.0339,20.3017,0.1083,40.1671,19.3289,3,8000,8000,1,1909,4
8,0,4,8000,2,202,44.843,0.0502,16.2678,0.1108,36.21,19.4226,3,8000,8000,1,1613,4
8,0,4,8000,2,203,43.4676,0.0368,14.9882,0.1095,34.9118,19.2934,2,8000,8000,1,1258,4
8,0,4,8000,2,204,42.8568,0.0286,15.2186,0.1163,33.7288,17.9932,3,8000,8000,1,1481,4
8,0,4,8000,2,205,44.8388,0.0389,17.3678,0.1102,36.8484,18.9823,3,8000,8000,1,1464,4
8,0,4,8000,2,206,37.7263,0.0196,11.0746,0.1169,30.0414,18.4663,2,8000,8000,1,1085,4
8,0,4,8000,2,207,37.3104,0.0198,9.4448,0.1106,29.5463,19.6125,2,8000,8000,1,888,4
8,0,4,8000,2,208,44.264,0.0364,15.4118,0.1209,36.7097,20.7368,3,8000,8000,1,1194,4
8,0,4,8000,2,209,40.5096,0.0282,11.0148,0.115,30.9899,19.3996,2,8000,8000,1,968,4
8,0,4,8000,2,210,42.8911,0.0375,14.5666,0.179,34.7843,19.6282,3,8000,8000,1,1103,4
8,0,4,8000,2,211,40.0402,0.0215,9.6676,0.1081,29.754,19.5953,2,8000,8000,1,922,4
8,0,4,8000,2,212,42.1419,0.0282,14.5915,0.1114,34.1587,19.0609,3,8000,8000,1,1084,4
8,0,4,8000,2,213,36.0261,0.0271,9.8403,0.105,28.2937,17.956,2,8000,8000,1,910,4
8,0,4,8000,2,214,40.74,0.025,9.3461,0.1228,29.6942,19.669,2,8000,8000,1,735,4
8,0,4,8000,2,215,42.4213,0.0293,13.6291,0.103,34.2851,20.0941,3,8000,8000,1,1061,4
8,0,4,8000,2,216,40.2375,0.0198,11.5751,0.138,32.3196,19.671,2,8000,8000,1,877,4
8,0,4,8000,2,217,41.1679,0.03,13.015,0.1203,32.5672,19.0494,3,8000,8000,1,1108,4
8,0,4,8000,2,218,39.5564,0.0261,9.2467,0.1098,28.8282,19.0929,2,8000,8000,1,875,4
8,0,4,8000,2,219,43.8742,0.0386,15.2699,0.1129,34.4487,18.6628,3,8000,8000,1,1072,4
8,0,4,8000,2,220,37.6353,0.021,9.4068,0.1098,29.0255,19.0398,2,8000,8000,1,787,4
8,0,4,8000,2,221,39.7263,0.0282,13.1841,0.1142,32.0939,18.4142,3,8000,8000,1,977,4
8,0,4,8000,2,222,40.6058,0.0223,12.4555,0.1226,33.0456,19.9975,2,8000,8000,1,971,4
8,0,4,8000,2,223,38.6563,0.0203,9.4589,0.1176,29.7463,19.799,2,8000,8000,1,805,4
8,0,4,8000,2,224,40.6214,0.0406,12.3427,0.1056,32.5852,19.7278,3,8000,8000,1,986,4
8,0,4,8000,2,225,39.0849,0.0224,9.1111,0.1146,28.9421,19.3396,2,8000,8000,1,860,4
8,0,4,8000,2,226,41.254,0.0383,13.1764,0.1077,33.6118,19.8576,3,8000,8000,1,1030,4
8,0,4,8000,2,227,38.2582,0.0384,9.3814,0.1162,29.4752,19.5703,2,8000,8000,1,869,4
8,0,4,8000,2,228,39.3493,0.0387,11.8134,0.1114,31.4176,19.0772,2,8000,8000,1,897,4
8,0,4,8000,2,229,40.9417,0.0394,12.5212,0.1143,32.5973,19.54,3,8000,8000,1,1040,4
8,0,4,8000,2,230,38.5985,0.0233,9.1774,0.1144,30.1495,20.2582,2,8000,8000,1,893,4
8,0,4,8000,2,231,37.6879,0.0215,8.6265,0.1131,28.2016,19.0861,2,8000,8000,1,727,4
8,0,4,8000,2,232,39.0023,0.0286,12.1189,0.1239,31.3185,18.6802,3,8000,8000,1,978,4
8,0,4,8000,2,233,40.6757,0.0327,9.5665,0.1211,30.272,20.1748,2,8000,8000,1,879,4
8,0,4,8000,2,234,36.685,0.0315,8.916,0.1112,28.2239,18.7144,2,8000,8000,1,843,4
8,0,4,8000,2,235,40.1432,0.0318,12.0654,0.1122,31.5307,18.9557,3,8000,8000,1,1032,4
8,0,4,8000,2,236,38.8999,0.0238,10.3529,0.1367,30.8652,19.9627,2,8000,8000,1,1124,4
8,0,4,8000,2,237,36.9137,0.0244,8.9965,0.119,28.057,18.5301,2,8000,8000,1,845,4
8,0,4,8000,2,238,41.0516,0.0293,12.3779,0.1359,31.9558,19.0658,3,8000,8000,1,1089,4
8,0,4,8000,2,239,38.0038,0.029,10.8954,0.1031,28.5163,17.1096,2,8000,8000,1,991,4
8,0,4,8000,2,240,37.7412,0.0276,9.5033,0.1083,29.8262,19.8347,2,8000,8000,1,860,4
8,0,4,8000,2,241,50.1092,0.0329,14.8843,0.1231,40.1357,24.6774,3,8000,8000,1,1077,4
8,0,4,8000,2,242,44.9732,0.0363,14.0562,0.1259,33.5591,18.9755,3,8000,8000,1,1495,4
8,0,4,8000,2,243,40.8973,0.0231,10.1473,0.1214,30.6051,19.9301,2,8000,8000,1,1205,4
8,0,4,8000,2,244,42.4127,0.0325,14.5692,0.1168,33.9752,18.8137,3,8000,8000,1,1261,4
8,0,4,8000,2,245,36.8379,0.0233,10.6614,0.1099,29.2428,18.0818,2,8000,8000,1,1304,4
8,0,4,8000,2,246,41.287,0.0351,12.7474,0.1151,33.0441,19.7704,3,8000,8000,1,1140,4
8,0,4,8000,2,247,40.582,0.0382,11.2031,0.1173,31.2105,19.4885,2,8000,8000,1,1241,4
8,0,4,8000,2,248,35.3967,0.0202,9.8068,0.1189,27.3047,17.0108,2,8000,8000,1,900,4
8,0,4,8000,2,249,40.8738,0.0322,14.2101,0.1045,32.3414,17.6484,3,8000,8000,1,1404,4
8,0,4,8000,2,250,38.4034,0.0277,10.8276,0.1194,31.0703,19.6367,2,8000,8000,1,1065,4
8,0,4,8000,2,251,36.4558,0.6928,9.2192,0.1151,28.9409,18.5486,2,8000,8000,1,1015,4
8,0,4,8000,2,252,40.4786,0.0346,12.5327,0.1132,32.4903,19.3479,3,8000,8000,1,1208,4
8,0,4,8000,2,253,39.1927,0.0216,10.2616,0.1169,29.6277,18.8723,2,8000,8000,1,1274,4
8,0,4,8000,2,254,37.9783,0.0262,10.1843,0.1074,29.9004,19.2232,2,8000,8000,1,937,4
8,0,4,8000,2,255,41.2971,0.034,13.1867,0.1263,33.1805,19.4284,3,8000,8000,1,1250,4
8,0,4,8000,2,256,41.2039,0.0333,12.3557,0.1105,32.3086,19.4528,2,8000,8000,1,1373,4
8,0,4,8000,2,257,42.3346,0.028,13.99,0.1122,33.1053,18.6206,3,8000,8000,1,1465,4
8,0,4,8000,2,258,43.2663,0.0204,11.2195,0.1132,33.608,21.8904,2,8000,8000,1,1557,4
8,0,4,8000,2,259,42.0107,0.0331,14.7661,0.11,33.2914,18.0326,3,8000,8000,1,1429,4
8,0,4,8000,2,260,40.0618,0.1614,12.8461,0.1107,32.0107,18.4425,2,8000,8000,1,1769,4
8,0,4,8000,2,261,43.7834,0.0335,14.9471,0.1135,34.278,18.7656,3,8000,8000,1,1351,4
8,0,4,8000,2,262,38.8188,0.0215,11.5121,0.1056,29.3746,17.3774,2,8000,8000,1,1557,4
8,0,4,8000,2,263,41.442,0.0362,14.2568,0.113,33.5606,18.7798,3,8000,8000,1,1564,4
8,0,4,8000,2,264,41.5699,0.0235,11.2329,0.114,30.4682,18.7465,2,8000,8000,1,1575,4
8,0,4,8000,2,265,42.5565,0.0371,15.0969,0.115,34.3812,18.7764,3,8000,8000,1,1533,4
8,0,4,8000,2,266,41.689,0.2468,11.9329,0.1184,33.6817,20.9611,2,8000,8000,1,1579,4
8,0,4,8000,2,267,43.0782,0.0395,14.7032,0.1186,35.1872,19.8468,3,8000,8000,1,1529,4
8,0,4,8000,2,268,39.4056,0.0218,11.3746,0.1116,31.431,19.5706,2,8000,8000,1,1540,4
8,0,4,8000,2,269,45.0295,0.0387,14.0984,0.1039,35.8171,21.2138,3,8000,8000,1,1574,4
8,0,4,8000,2,270,38.788,0.029,11.6205,0.1098,30.7562,18.593,2,8000,8000,1,1590,4
8,0,4,8000,2,271,44.0405,0.0292,14.1173,0.1058,35.7346,21.1063,3,8000,8000,1,1511,4
8,0,4,8000,2,272,37.6227,0.0259,10.0203,0.116,29.5184,18.9857,2,8000,8000,1,1230,4
8,0,4,8000,2,273,38.3516,0.0245,9.8533,0.1113,29.2618,18.9084,2,8000,8000,1,1155,4
8,0,4,8000,2,274,42.493,0.0254,14.4668,0.1072,34.5233,19.5124,3,8000,8000,1,1599,4
8,0,4,8000,2,275,43.2774,0.0272,15.0467,0.126,35.2727,19.5919,2,8000,8000,1,1634,4
8,0,4,8000,2,276,42.4588,0.0273,14.8818,0.108,34.0604,18.6864,3,8000,8000,1,1484,4
8,0,4,8000,2,277,39.8981,0.0217,10.1077,0.1106,31.7557,20.9178,2,8000,8000,1,1553,4
8,0,4,8000,2,278,42.7795,0.0247,14.8911,0.1092,34.6921,19.3213,3,8000,8000,1,1642,4
8,0,4,8000,2,279,41.7491,0.0324,10.5204,0.1172,32.3742,21.2781,2,8000,8000,1,1536,4
8,0,4,8000,2,280,43.1934,0.0501,15.3151,0.1125,35.0333,19.1953,3,8000,8000,1,1627,4
8,0,4,8000,2,281,42.8727,0.0523,14.5018,0.1187,34.2665,19.1879,3,8000,8000,1,1766,4
8,0,4,8000,2,282,39.1365,0.0241,11.2809,0.183,30.6274,18.7637,2,8000,8000,1,1406,4
8,0,4,8000,2,283,43.1615,0.1294,14.4618,0.1116,34.3068,19.2296,2,8000,8000,1,1704,4
8,0,4,8000,2,284,43.7262,0.0434,16.6894,0.1147,35.2028,17.9901,3,8000,8000,1,1628,4
8,0,4,8000,2,285,44.76,0.2251,14.9581,0.1202,36.4934,20.7469,3,8000,8000,1,1956,4
8,0,4,8000,2,286,37.006,0.0203,10.4719,0.1184,28.62,17.6479,2,8000,8000,1,1533,4
8,0,4,8000,2,287,42.3017,0.0295,15.1514,0.109,34.3896,18.7301,3,8000,8000,1,1476,4
8,0,4,8000,2,288,38.9393,0.0245,10.763,0.1331,28.8805,17.5415,2,8000,8000,1,1396,4
8,0,4,8000,2,289,38.0213,0.0247,10.8731,0.1218,29.8202,18.2733,2,8000,8000,1,1176,4
8,0,4,8000,2,290,43.3843,0.0369,13.4477,0.1092,33.2186,19.2585,3,8000,8000,1,1377,4
8,0,4,8000,2,291,40.2004,0.0218,11.032,0.1158,31.9304,20.2682,2,8000,8000,1,1489,4
8,0,4,8000,2,292,41.2851,0.0829,14.261,0.1108,32.6895,17.8779,3,8000,8000,1,1411,4
8,0,4,8000,2,293,38.5763,0.6749,9.7355,0.1148,30.4768,19.5739,2,8000,8000,1,1137,4
8,0,4,8000,2,294,39.5442,0.0335,13.7115,0.1152,31.6798,17.4689,3,8000,8000,1,1257,4
8,0,4,8000,2,295,39.2942,0.0216,10.1401,0.1088,28.7766,18.1461,2,8000,8000,1,1523,4
8,0,4,8000,2,296,38.0262,0.6418,9.8159,0.1045,29.6417,18.7074,2,8000,8000,1,1145,4
8,0,4,8000,2,297,44.5016,0.05,18.7212,0.1182,37.0401,17.7569,3,8000,8000,1,1556,4
8,0,4,8000,2,298,37.1916,0.0216,10.513,0.1462,29.2458,18.06,2,8000,8000,1,1430,4
8,0,4,8000,2,299,37.6138,0.0199,9.7999,0.1139,29.7271,19.4046,2,8000,8000,1,1205,4
8,0,4,8000,2,300,42.7226,0.0317,15.8653,0.1199,35.1464,18.7109,3,8000,8000,1,1453,4
8,0,4,8000,2,301,38.378,0.0317,10.8489,0.1145,29.9183,18.5399,2,8000,8000,1,1323,4
8,0,4,8000,2,302,41.0133,0.0328,14.8476,0.1087,33.2819,17.9183,3,8000,8000,1,1501,4
8,0,4,8000,2,303,36.7223,0.0233,10.5454,0.1195,29.0575,17.9896,2,8000,8000,1,1214,4
8,0,4,8000,2,304,35.2673,0.0291,9.0286,0.1196,27.6328,18.0259,2,8000,8000,1,1110,4
8,0,4,8000,2,305,39.847,0.0242,12.5475,0.1089,31.7247,18.6597,2,8000,8000,1,1213,4
8,0,4,8000,2,306,40.4934,0.0282,14.1815,0.1175,32.933,18.2197,3,8000,8000,1,1495,4
8,0,4,8000,2,307,39.5372,0.0237,10.1716,0.1131,30.7156,20.0166,2,8000,8000,1,1193,4
8,0,4,8000,2,308,41.9607,0.0316,14.566,0.1087,32.6267,17.5245,3,8000,8000,1,1451,4
8,0,4,8000,2,309,39.1353,0.0195,11.4307,0.1041,30.6818,18.7472,2,8000,8000,1,1312,4
8,0,4,8000,2,310,37.3152,0.0214,10.5025,0.1058,29.5903,18.5991,2,8000,8000,1,1175,4
8,0,4,8000,2,311,46.5036,0.0345,17.0624,0.1063,36.8423,19.2753,3,8000,8000,1,1617,4
8,0,4,8000,2,312,37.145,0.0278,10.9851,0.1047,29.0631,17.5619,2,8000,8000,1,1366,4
8,0,4,8000,2,313,43.4392,0.0532,17.0017,0.1199,35.3243,17.7577,3,8000,8000,1,1388,4
8,0,4,8000,2,314,38.7384,0.026,11.0289,0.1079,30.401,18.7107,2,8000,8000,1,1150,4
8,0,4,8000,2,315,41.1435,0.0356,13.5984,0.1115,32.4318,18.3239,3,8000,8000,1,1302,4
8,0,4,8000,2,316,42.3819,0.0217,12.8274,0.1054,33.3839,20.0292,2,8000,8000,1,1424,4
8,0,4,8000,2,317,41.0345,0.045,13.6363,0.1098,31.8256,17.6688,3,8000,8000,1,1484,4
8,0,4,8000,2,318,38.5573,0.0199,10.8889,0.1063,29.5032,18.1386,2,8000,8000,1,1428,4
8,0,4,8000,2,319,39.4652,0.0353,11.436,0.1694,29.8104,17.8071,2,8000,8000,1,1225,4
8,0,4,8000,2,320,39.5668,0.1661,13.7845,0.1064,32.1159,17.7125,3,8000,8000,1,1412,4
8,0,4,8000,2,321,39.8818,0.2515,11.1322,0.1141,30.8867,19.0134,2,8000,8000,1,1667,4
8,0,4,8000,2,322,42.0844,0.0263,13.5103,0.1232,32.2348,18.1632,3,8000,8000,1,1406,4
8,0,4,8000,2,323,35.9091,0.0206,9.6882,0.1693,28.5148,18.264,2,8000,8000,1,1261,4
8,0,4,8000,2,324,37.4266,0.0216,9.3781,0.1116,27.751,17.8954,2,8000,8000,1,1109,4
8,0,4,8000,2,325,39.7021,0.0237,9.9866,0.1115,28.8352,18.3497,2,8000,8000,1,1117,4
8,0,4,8000,2,326,43.3153,0.0298,12.649,0.1097,35.9506,22.7974,3,8000,8000,1,1239,4
8,0,4,8000,2,327,45.0223,0.0245,9.4596,0.1134,36.5639,26.5531,2,8000,8000,1,1172,4
8,0,4,8000,2,328,47.9586,0.0385,16.2233,0.1176,36.5363,19.7717,3,8000,8000,1,1203,4
8,0,4,8000,2,329,40.8048,0.0332,13.8849,0.1226,33.4729,19.0516,3,8000,8000,1,1713,4
8,0,4,8000,2,330,36.8671,0.026,9.8401,0.1006,28.5257,18.1991,2,8000,8000,1,1292,4
8,0,4,8000,2,331,40.9049,0.0295,13.2104,0.1235,31.8063,18.0817,3,8000,8000,1,1264,4
8,0,4,8000,2,332,39.5467,0.0193,10.5265,0.1181,30.3179,19.2206,2,8000,8000,1,1374,4
8,0,4,8000,2,333,37.0124,0.0268,10.0648,0.1088,28.5674,18.0046,2,8000,8000,1,977,4
8,0,4,8000,2,334,42.245,0.0445,14.5027,0.1211,33.6772,18.6,3,8000,8000,1,1306,4
8,0,4,8000,2,335,39.8297,0.0278,10.6844,0.1105,31.5859,20.3728,2,8000,8000,1,1211,4
8,0,4,8000,2,336,39.6313,0.0367,12.6265,0.1033,31.5727,18.3934,3,8000,8000,1,1227,4
8,0,4,8000,2,337,37.9114,0.0231,9.9926,0.1085,27.929,17.4529,2,8000,8000,1,1293,4
8,0,4,8000,2,338,36.5261,0.0247,9.7343,0.1967,29.3448,19.0001,2,8000,8000,1,1089,4
8,0,4,8000,2,339,38.1489,0.0256,9.4768,0.1056,28.6414,18.6805,2,8000,8000,1,900,4
8,0,4,8000,2,340,42.4178,0.0471,14.1577,0.1071,33.0859,18.3705,3,8000,8000,1,1153,4
8,0,4,8000,2,341,38.3655,0.0223,9.9532,0.1086,30.3958,19.9448,2,8000,8000,1,1118,4
8,0,4,8000,2,342,42.8644,0.0371,14.0034,0.1093,32.4524,17.9486,3,8000,8000,1,1274,4
8,0,4,8000,2,343,38.4643,0.0223,10.5382,0.5103,29.6884,18.2403,2,8000,8000,1,1656,4
8,0,4,8000,2,344,39.4375,0.0425,11.3773,0.1063,29.6599,17.7776,2,8000,8000,1,1198,4
8,0,4,8000,2,345,41.2943,0.4656,13.2098,0.1106,32.7104,18.4725,3,8000,8000,1,1540,4
8,0,4,8000,2,346,37.72,0.0201,10.1961,0.1091,29.955,19.2733,2,8000,8000,1,1192,4
8,0,4,8000,2,347,43.0402,0.0604,14.6285,0.1167,32.6887,17.5111,3,8000,8000,1,1317,4
8,0,4,8000,2,348,37.0813,0.0241,9.6367,0.1055,27.8034,17.6901,2,8000,8000,1,1186,4
8,0,4,8000,2,349,37.6111,0.0279,9.0957,0.1126,29.5758,19.939,2,8000,8000,1,864,4
8,0,4,8000,2,350,38.9335,0.04,13.3576,0.1211,31.4051,17.5209,3,8000,8000,1,1366,4
8,0,4,8000,2,351,37.246,0.0292,10.3895,0.1083,29.0767,18.1787,2,8000,8000,1,1145,4
8,0,4,8000,2,352,36.0485,0.0255,9.4947,0.1137,28.8152,18.8101,2,8000,8000,1,877,4
8,0,4,8000,2,353,40.3666,0.0381,12.4395,0.1151,30.8379,17.8763,2,8000,8000,1,975,4
8,0,4,8000,2,354,39.8591,0.0332,13.0598,0.1146,31.4783,17.9068,3,8000,8000,1,1161,4
8,0,4,8000,2,355,40.7243,0.0249,10.0048,0.114,31.4086,20.8652,2,8000,8000,1,1380,4
8,0,4,8000,2,356,40.7293,0.027,13.9014,0.1077,32.4526,18.0591,3,8000,8000,1,1334,4
8,0,4,8000,2,357,38.2845,0.4996,9.8241,0.1167,29.7919,18.9789,2,8000,8000,1,1427,4
8,0,4,8000,2,358,40.9546,0.1546,13.2166,0.118,33.0843,19.1714,2,8000,8000,1,971,4
8,0,4,8000,2,359,41.4651,0.0336,13.3215,0.117,31.8809,18.0377,3,8000,8000,1,1312,4
8,0,4,8000,2,360,38.2403,0.1534,9.8963,0.1722,28.7552,18.1712,2,8000,8000,1,1239,4
8,0,4,8000,2,361,44.8835,0.0598,16.5094,0.1207,35.9628,18.8816,3,8000,8000,1,1397,4
8,0,4,8000,2,362,38.3242,0.0257,9.3198,0.1253,29.6118,19.7808,2,8000,8000,1,1125,4
8,0,4,8000,2,363,38.8456,0.0319,13.6566,0.1132,31.5417,17.3791,3,8000,8000,1,1195,4
8,0,4,8000,2,364,38.9521,0.0327,12.4278,0.1072,30.558,17.6424,2,8000,8000,1,1153,4
8,0,4,8000,2,365,36.9606,0.0195,9.1784,0.11,27.6254,17.9417,2,8000,8000,1,1060,4
8,0,4,8000,2,366,36.4904,0.025,9.4839,0.1191,28.5137,18.488,2,8000,8000,1,907,4
8,0,4,8000,2,367,44.2358,0.0422,16.442,0.1077,36.4326,19.4542,3,8000,8000,1,1189,4
8,0,4,8000,2,368,37.7309,0.0534,11.0397,0.1137,29.669,18.083,2,8000,8000,1,1559,4
8,0,4,8000,2,369,42.0307,0.0326,14.1836,0.1025,34.2912,19.6122,3,8000,8000,1,1329,4
8,0,4,8000,2,370,36.354,0.0314,11.0362,0.1129,29.2694,17.7321,2,8000,8000,1,1389,4
8,0,4,8000,2,371,37.2549,0.0499,10.0958,0.1087,29.9518,19.352,2,8000,8000,1,984,4
8,0,4,8000,2,372,41.4106,0.031,13.1831,0.1196,33.1806,19.4007,3,8000,8000,1,1355,4
8,0,4,8000,2,373,38.3079,0.0306,10.4599,0.1136,28.7732,17.8313,2,8000,8000,1,1511,4
8,0,4,8000,2,374,36.1682,0.0192,9.6157,0.2028,28.616,18.1216,2,8000,8000,1,1020,4
8,0,4,8000,2,375,38.7915,0.5958,8.8253,0.1143,30.6592,20.7107,2,8000,8000,1,1024,4
8,0,4,8000,2,376,40.8292,0.0338,14.1233,0.1204,32.3056,17.6628,3,8000,8000,1,1423,4
8,0,4,8000,2,377,37.2202,0.0746,10.5792,0.1169,29.7025,18.576,2,8000,8000,1,1530,4
8,0,4,8000,2,378,40.552,0.031,12.8483,0.1193,31.8904,18.4904,2,8000,8000,1,1031,4
8,0,4,8000,2,379,40.346,0.0282,14.2461,0.121,33.0468,18.2866,3,8000,8000,1,1358,4
8,0,4,8000,2,380,38.5803,0.0228,10.8678,0.1107,30.0236,18.6501,2,8000,8000,1,1484,4
8,0,4,8000,2,381,43.0264,0.0353,14.375,0.1097,34.9584,20.0256,3,8000,8000,1,1424,4
8,0,4,8000,2,382,37.5721,0.0989,11.5863,0.1107,30.2295,18.0706,2,8000,8000,1,1213,4
8,0,4,8000,2,383,38.7607,0.0209,11.7587,0.1162,31.1225,18.8388,2,8000,8000,1,1042,4
8,0,4,8000,2,384,43.2688,0.0344,14.3638,0.1114,33.2044,18.3322,3,8000,8000,1,1507,4
8,0,4,8000,2,385,37.0038,0.0293,10.05,0.111,28.7178,18.1365,2,8000,8000,1,1142,4
8,0,4,8000,2,386,44.2994,0.1924,16.9501,0.1097,36.4211,18.787,3,8000,8000,1,1302,4
8,0,4,8000,2,387,37.7861,0.0187,11.3189,0.1875,29.8946,18.0066,2,8000,8000,1,1364,4
8,0,4,8000,2,388,40.1564,0.0326,14.6889,0.1107,32.6722,17.3931,3,8000,8000,1,1368,4
8,0,4,8000,2,389,36.2987,0.0269,10.2135,0.1375,28.9561,18.1903,2,8000,8000,1,1048,4
8,0,4,8000,2,390,38.3688,0.0228,10.3474,0.1202,29.1711,18.2624,2,8000,8000,1,982,4
8,0,4,8000,2,391,36.2243,0.0384,9.4183,0.1056,27.9934,18.079,2,8000,8000,1,940,4
8,0,4,8000,2,392,43.4761,0.1642,13.2872,0.1053,35.225,21.3024,3,8000,8000,1,1336,4
8,0,4,8000,2,393,39.1937,0.028,10.1531,0.1085,30.4487,19.7908,2,8000,8000,1,1293,4
8,0,4,8000,2,394,39.5261,0.0277,13.6788,0.1146,32.0495,17.8674,3,8000,8000,1,1191,4
8,0,4,8000,2,395,39.7922,0.0254,10.2316,0.1095,32.2249,21.4832,2,8000,8000,1,1310,4
8,0,4,8000,2,396,38.1309,0.0264,10.8003,0.1135,30.2196,18.8899,2,8000,8000,1,1079,4
8,0,4,8000,2,397,41.2348,0.0364,13.0295,0.1173,32.0495,18.4588,3,8000,8000,1,1400,4
8,0,4,8000,2,398,40.5218,0.0277,14.223,0.1118,32.7577,18.0277,2,8000,8000,1,1655,4
8,0,4,8000,2,399,41.0419,0.0262,13.5166,0.1027,32.1323,18.1378,3,8000,8000,1,1483,4
8,0,4,8000,2,400,37.4936,0.0196,11.1246,0.114,29.2639,17.6553,2,8000,8000,1,1444,4
8,0,4,8000,2,401,39.1934,0.0285,10.9709,0.1243,31.5234,19.947,2,8000,8000,1,1114,4
8,0,4,8000,2,402,39.9276,0.0367,13.7637,0.1117,32.3641,18.095,3,8000,8000,1,1386,4
8,0,4,8000,2,403,37.5026,0.0236,10.6667,0.1098,29.5002,18.3321,2,8000,8000,1,1181,4
8,0,4,8000,2,404,39.2255,0.0261,12.1209,0.1042,31.1702,18.5507,2,8000,8000,1,1055,4
8,0,4,8000,2,405,42.9968,0.0317,15.0333,0.1246,33.8322,18.2771,3,8000,8000,1,1552,4
8,0,4,8000,2,406,41.5446,0.0466,14.1875,0.1114,33.6513,18.8091,2,8000,8000,1,1409,4
8,0,4,8000,2,407,41.7338,0.0293,15.1267,0.1843,33.9628,18.2717,3,8000,8000,1,1669,4
8,0,4,8000,2,408,39.3915,0.0512,11.5316,0.1022,30.7923,18.7339,2,8000,8000,1,1605,4
8,0,4,8000,2,409,46.5755,0.0367,15.6379,0.2611,36.5037,20.1941,3,8000,8000,1,1485,4
8,0,4,8000,2,410,38.3949,0.0736,10.9865,0.1195,30.5843,19.0366,2,8000,8000,1,1567,4
8,0,4,8000,2,411,45.8343,0.0368,15.0467,0.1115,36.6495,20.9521,3,8000,8000,1,1602,4
8,0,4,8000,2,412,39.7535,0.0209,9.9464,0.1238,29.2653,18.7419,2,8000,8000,1,1312,4
8,0,4,8000,2,413,41.5712,0.033,14.6806,0.1108,33.7036,18.5199,3,8000,8000,1,1341,4
8,0,4,8000,2,414,41.4108,0.0668,10.2262,0.1058,31.5951,20.7456,2,8000,8000,1,1336,4
8,0,4,8000,2,415,41.6216,0.0495,14.2784,0.1188,33.6209,18.7953,3,8000,8000,1,1447,4
8,0,4,8000,2,416,38.469,0.028,11.5605,0.1198,30.0063,17.9101,2,8000,8000,1,1346,4
8,0,4,8000,2,417,43.2365,0.0446,16.5307,0.1395,35.3708,18.1337,3,8000,8000,1,1419,4
8,0,4,8000,2,418,41.1008,0.031,11.8184,0.1282,33.3282,20.9057,2,8000,8000,1,1365,4
8,0,4,8000,2,419,43.0966,0.0372,15.1442,0.1958,35.5867,19.8356,3,8000,8000,1,1353,4
8,0,4,8000,2,420,38.0766,0.0205,10.0286,0.1159,29.4595,18.927,2,8000,8000,1,1304,4
8,0,4,8000,2,421,37.7531,0.0269,10.0921,0.1136,29.7217,19.1481,2,8000,8000,1,1100,4
8,0,4,8000,2,422,43.2749,0.0356,13.8787,0.1078,33.3953,19.0035,3,8000,8000,1,1306,4
8,0,4,8000,2,423,40.346,0.0367,12.3277,0.1366,32.2866,19.1371,2,8000,8000,1,1304,4
8,0,4,8000,2,424,39.5633,0.0283,13.0222,0.1104,31.1163,17.5928,3,8000,8000,1,1365,4
8,0,4,8000,2,425,40.7927,0.0193,10.229,0.2541,31.6775,20.8057,2,8000,8000,1,1545,4
8,0,4,8000,2,426,42.9756,0.0283,14.2009,0.1217,33.5667,18.8269,3,8000,8000,1,1575,4
8,0,4,8000,2,427,38.0878,0.023,10.4656,0.1182,30.1049,19.058,2,8000,8000,1,1162,4
8,0,4,8000,2,428,40.6388,0.0214,11.7985,0.1148,32.379,20.0461,2,8000,8000,1,1212,4
8,0,4,8000,2,429,40.856,0.0326,13.7329,0.112,32.8203,18.5871,3,8000,8000,1,1425,4
8,0,4,8000,2,430,39.5098,0.0213,10.5358,0.1819,30.7073,19.5982,2,8000,8000,1,1348,4
8,0,4,8000,2,431,45.6689,0.0321,16.79,0.1138,37.3785,20.0347,3,8000,8000,1,1500,4
8,0,4,8000,2,432,41.1153,0.0253,11.9766,0.1175,32.4046,19.9075,2,8000,8000,1,1521,4
8,0,4,8000,2,433,44.253,0.0375,17.977,0.1066,36.3298,17.8135,3,8000,8000,1,1340,4
8,0,4,8000,2,434,41.9406,0.0396,15.1692,0.1198,34.3762,18.6355,3,8000,8000,1,1583,4
8,0,4,8000,2,435,45.3273,0.0343,16.0808,0.1607,37.143,20.3116,2,8000,8000,1,1903,4
8,0,4,8000,2,436,45.9551,0.0314,15.9663,0.1552,37.1654,20.6004,3,8000,8000,1,1492,4
8,0,4,8000,2,437,42.4487,0.0283,14.3754,0.116,34.0258,19.1651,3,8000,8000,1,1569,4
8,0,4,8000,2,438,38.8535,0.0226,10.4607,0.216,30.6406,19.5888,2,8000,8000,1,1478,4
8,0,4,8000,2,439,41.9833,0.0319,12.6042,0.1192,31.8137,18.6676,2,8000,8000,1,1228,4
8,0,4,8000,2,440,42.6202,0.0298,13.4161,0.1135,33.5345,19.6003,3,8000,8000,1,1386,4
8,0,4,8000,2,441,46.469,0.0273,17.5931,0.1244,38.2986,20.1215,3,8000,8000,1,1833,4
8,0,4,8000,2,442,39.0693,0.0327,10.3083,0.1246,30.4929,19.5368,2,8000,8000,1,1460,4
8,0,4,8000,2,443,41.8282,0.033,15.5931,0.1139,34.0753,17.863,3,8000,8000,1,1487,4
8,0,4,8000,2,444,40.7463,0.0275,11.6507,0.1733,30.4529,18.2412,2,8000,8000,1,1387,4
8,0,4,8000,2,445,40.997,0.0231,13.4831,0.1137,33.0196,19.0435,3,8000,8000,1,1464,4
8,0,4,8000,2,446,37.433,0.0197,10.6527,0.1108,29.4001,18.2576,2,8000,8000,1,1394,4
8,0,4,8000,2,447,38.8115,0.0263,10.1178,0.1161,31.6428,21.013,2,8000,8000,1,1116,4
8,0,4,8000,2,448,42.1614,0.0453,13.5515,0.1131,33.6872,19.626,3,8000,8000,1,1360,4
8,0,4,8000,2,449,40.1456,0.0571,10.507,0.1235,32.1164,20.9652,2,8000,8000,1,1325,4
8,0,4,8000,2,450,40.9864,0.0404,13.9908,0.1202,31.7358,17.2219,3,8000,8000,1,1412,4
8,0,4,8000,2,451,37.4751,0.0291,10.4957,0.1774,29.2286,18.1781,2,8000,8000,1,1474,4
8,0,4,8000,2,452,37.5982,0.0273,10.4419,0.1125,30.1646,19.227,2,8000,8000,1,1044,4
8,0,4,8000,2,453,44.2248,0.0572,16.1813,0.1126,35.597,18.8844,3,8000,8000,1,1367,4
8,0,4,8000,2,454,37.5009,0.0338,9.7569,0.1581,28.6141,18.274,2,8000,8000,1,1216,4
8,0,4,8000,2,455,40.2037,0.0195,10.7888,0.1178,31.7894,20.3952,2,8000,8000,1,1147,4
8,0,4,8000,2,456,41.9529,0.031,12.8494,0.1202,33.7723,20.3784,3,8000,8000,1,1242,4
8,0,4,8000,2,457,39.8136,0.0328,10.4752,0.1131,31.7451,20.7582,2,8000,8000,1,1292,4
8,0,4,8000,2,458,47.2006,0.0432,19.071,0.1264,38.9825,19.3511,3,8000,8000,1,1320,4
8,0,4,8000,2,459,42.5429,0.0299,13.7498,0.1206,33.6673,19.4205,3,8000,8000,1,1693,4
8,0,4,8000,2,460,38.4677,0.0227,11.251,0.1087,30.2819,18.5413,2,8000,8000,1,1533,4
8,0,4,8000,2,461,38.4855,0.0225,10.9316,0.1131,30.5169,19.0896,2,8000,8000,1,1271,4
8,0,4,8000,2,462,41.4461,0.0293,13.6014,0.1108,31.7934,17.6966,3,8000,8000,1,1283,4
8,0,4,8000,2,463,39.7481,0.0262,11.1632,0.1069,31.7807,20.0931,2,8000,8000,1,1431,4
8,0,4,8000,2,464,40.9131,0.0285,13.9128,0.1098,32.6196,18.1967,3,8000,8000,1,1447,4
8,0,4,8000,2,465,39.4494,0.0378,10.4238,0.1056,30.8068,19.8251,2,8000,8000,1,1234,4
8,0,4,8000,2,466,46.9154,0.1368,16.9617,0.1178,37.3474,19.7634,3,8000,8000,1,1254,4
8,0,4,8000,2,467,39.6405,0.022,10.8032,0.1147,31.2601,19.9485,2,8000,8000,1,1353,4
8,0,4,8000,2,468,43.0435,0.0283,15.0056,0.1199,34.6346,19.121,3,8000,8000,1,1385,4
8,0,4,8000,2,469,41.5052,0.0244,14.891,0.1293,33.2711,17.8526,2,8000,8000,1,1290,4
8,0,4,8000,2,470,42.3428,0.0367,14.8444,0.1154,34.112,18.6782,3,8000,8000,1,1461,4
8,0,4,8000,2,471,39.3413,0.024,10.7602,0.1381,31.1786,19.8537,2,8000,8000,1,1409,4
8,0,4,8000,2,472,40.5132,0.0271,13.6638,0.1096,32.497,18.3614,3,8000,8000,1,1326,4
8,0,4,8000,2,473,38.2604,0.0179,10.3188,0.105,29.3518,18.5492,2,8000,8000,1,1229,4
8,0,4,8000,2,474,36.1857,0.0298,10.719,0.105,28.6655,17.4655,2,8000,8000,1,1045,4
8,0,4,8000,2,475,43.7639,0.0497,14.6392,0.1088,33.9902,18.8446,3,8000,8000,1,1340,4
8,0,4,8000,2,476,39.6502,0.0265,9.6577,0.1157,29.7454,19.5819,2,8000,8000,1,1243,4
8,0,4,8000,2,477,45.1894,0.0582,17.2053,0.1193,36.7565,18.9135,3,8000,8000,1,1208,4
8,0,4,8000,2,478,39.1349,0.0216,10.6305,0.1903,30.2028,18.9327,2,8000,8000,1,1383,4
8,0,4,8000,2,479,41.8753,0.0282,13.883,0.1163,33.9317,19.4879,3,8000,8000,1,1384,4
8,0,4,8000,2,480,41.1697,0.0234,10.9717,0.1107,30.9423,19.4822,2,8000,8000,1,1392,4
8,0,4,8000,2,481,45.184,0.0491,14.0384,0.1235,34.6153,19.9253,3,8000,8000,1,1303,4
8,0,4,8000,2,482,38.834,0.0248,9.8653,0.1177,30.0325,19.6462,2,8000,8000,1,1282,4
8,0,4,8000,2,483,45.9631,0.0358,15.4169,0.1447,35.7872,19.8003,3,8000,8000,1,1488,4
8,0,4,8000,2,484,39.9876,0.0254,11.0507,0.1161,31.9142,20.3123,2,8000,8000,1,1228,4
8,0,4,8000,2,485,44.1003,0.0311,14.6082,0.1211,36.0851,20.9213,3,8000,8000,1,1426,4
8,0,4,8000,2,486,40.153,0.0305,10.4852,0.1286,31.9456,20.9171,2,8000,8000,1,1276,4
8,0,4,8000,2,487,43.2564,0.045,14.436,0.1691,34.411,19.3437,3,8000,8000,1,1434,4
8,0,4,8000,2,488,41.8802,0.0219,10.5805,0.1121,32.1936,21.0744,2,8000,8000,1,1262,4
8,0,4,8000,2,489,44.8991,0.0302,13.5357,0.1097,34.4007,20.3582,3,8000,8000,1,1257,4
8,0,4,8000,2,490,44.6814,0.0313,14.1389,0.1212,34.7277,20.055,3,8000,8000,1,1584,4
8,0,4,8000,2,491,42.1722,0.0313,11.8342,0.1267,33.908,21.4201,2,8000,8000,1,1376,4
8,0,4,8000,2,492,45.0014,0.0304,14.6426,0.1185,35.3497,20.1441,3,8000,8000,1,1196,4
8,0,4,8000,2,493,42.0386,0.0302,14.598,0.1149,34.1424,19.0387,3,8000,8000,1,1718,4
8,0,4,8000,2,494,40.5283,0.0497,10.7739,0.112,31.9701,20.5842,2,8000,8000,1,1345,4
8,0,4,8000,2,495,41.3435,0.0319,13.0414,0.1125,33.2566,19.7014,3,8000,8000,1,1324,4
8,0,4,8000,2,496,41.1078,0.0373,11.5244,0.1095,31.6248,19.5167,2,8000,8000,1,1243,4
8,0,4,8000,2,497,37.4154,0.0325,9.1862,0.1106,29.245,19.5431,2,8000,8000,1,1022,4
8,0,4,8000,2,498,46.884,0.06,17.3977,0.1101,37.5996,19.6479,3,8000,8000,1,1293,4
8,0,4,8000,2,499,42.3212,0.025,14.4237,0.1103,33.918,19.0136,3,8000,8000,1,1563,4
8,0,4,8000,2,500,38.6543,0.0232,10.3225,0.1283,29.9642,19.131,2,8000,8000,1,1200,4
8,0,4,8000,2,501,40.9071,0.0311,9.9937,0.1203,29.7767,19.1171,2,8000,8000,1,1021,4
8,0,4,8000,2,502,41.7602,0.0317,13.4845,0.1239,33.6388,19.5677,3,8000,8000,1,1340,4
8,0,4,8000,2,503,38.3706,0.0215,11.1169,0.1351,30.6321,18.9368,2,8000,8000,1,1447,4
8,0,4,8000,2,504,44.11,0.0498,14.0829,0.1169,33.3546,18.7369,3,8000,8000,1,1414,4
8,0,4,8000,2,505,39.4971,0.0264,11.8317,0.111,31.4792,19.122,2,8000,8000,1,1201,4
8,0,4,8000,2,506,45.6935,0.0381,15.946,0.1704,37.7612,21.2075,3,8000,8000,1,1227,4
8,0,4,8000,2,507,39.1964,0.0223,11.0608,0.1307,31.2223,19.6441,2,8000,8000,1,1575,4
8,0,4,8000,2,508,43.6674,0.0307,16.0588,0.1101,35.0183,18.4647,3,8000,8000,1,1728,4
8,0,4,8000,2,509,40.5178,0.0202,11.0909,0.1154,31.9779,20.3048,2,8000,8000,1,1328,4
8,0,4,8000,2,510,41.5116,0.0287,14.1268,0.107,33.0605,18.4508,3,8000,8000,1,1398,4
8,0,4,8000,2,511,38.6614,0.0191,10.9368,0.1062,30.5772,19.1686,2,8000,8000,1,1590,4
8,0,4,8000,2,512,40.4495,0.0363,13.8075,0.1157,32.8578,18.4807,3,8000,8000,1,1438,4
8,0,4,8000,2,513,39.8093,0.0184,11.5475,0.2154,31.0921,18.9361,2,8000,8000,1,1417,4
8,0,4,8000,2,514,39.2079,0.0224,10.0655,0.1204,30.8022,20.1822,2,8000,8000,1,1046,4
8,0,4,8000,2,515,42.4975,0.0309,14.5721,0.1115,34.5643,19.4876,3,8000,8000,1,1529,4
8,0,4,8000,2,516,37.749,0.025,10.8278,0.12,29.8677,18.5525,2,8000,8000,1,1438,4
8,0,4,8000,2,517,45.8772,0.0446,14.8667,0.1127,36.8292,21.4275,3,8000,8000,1,1324,4
8,0,4,8000,2,518,39.6655,0.0223,10.3883,0.1192,31.8206,20.8594,2,8000,8000,1,1337,4
8,0,4,8000,2,519,42.8942,0.0258,15.0916,0.1094,34.38,18.8043,3,8000,8000,1,1584,4
8,0,4,8000,2,520,40.723,0.0518,12.2003,0.1233,32.9841,20.0444,2,8000,8000,1,1387,4
8,0,4,8000,2,521,41.7936,0.0502,14.1841,0.1242,33.7883,19.0433,3,8000,8000,1,1448,4
8,0,4,8000,2,522,39.8013,0.0289,10.2623,0.1099,30.6226,19.8519,2,8000,8000,1,1467,4
8,0,4,8000,2,523,46.9191,0.0345,14.2157,0.1198,37.9867,23.2024,3,8000,8000,1,1299,4
8,0,4,8000,2,524,38.4416,0.0203,10.7555,0.1079,30.3763,19.0615,2,8000,8000,1,1244,4
8,0,4,8000,2,525,41.8784,0.0364,13.4928,0.1091,33.8482,19.8446,3,8000,8000,1,1155,4
8,0,4,8000,2,526,37.8415,0.0225,10.8213,0.1096,29.9325,18.5715,2,8000,8000,1,1463,4
8,0,4,8000,2,527,40.2318,0.0242,13.2184,0.128,32.1735,18.3957,3,8000,8000,1,1323,4
8,0,4,8000,2,528,39.9025,0.0392,14.0476,0.1137,32.5442,17.975,2,8000,8000,1,1191,4
8,0,4,8000,2,529,46.3648,0.2475,10.4811,0.1182,38.3853,27.0801,2,8000,8000,1,1175,4
8,0,4,8000,2,530,46.1114,0.0318,15.717,0.1143,35.7075,19.46,3,8000,8000,1,1591,4
8,0,4,8000,2,531,43.7107,0.031,16.6995,0.113,35.1885,17.9733,3,8000,8000,1,1695,4
8,0,4,8000,2,532,37.9135,0.026,10.7955,0.1163,29.7264,18.4141,2,8000,8000,1,1329,4
8,0,4,8000,2,533,41.2318,0.0313,14.3032,0.1172,33.8095,18.9664,3,8000,8000,1,1430,4
8,0,4,8000,2,534,40.1583,0.0211,11.5678,0.1488,30.3458,18.1875,2,8000,8000,1,1707,4
8,0,4,8000,2,535,41.1317,0.0339,14.4133,0.1116,32.9498,18.0308,3,8000,8000,1,1302,4
8,0,4,8000,2,536,37.5489,0.0265,11.0789,0.1062,29.7281,18.1482,2,8000,8000,1,1456,4
8,0,4,8000,2,537,52.706,0.0488,19.783,0.1099,38.9078,18.6012,3,8000,8000,1,1608,4
8,0,4,8000,2,538,47.0047,0.0307,17.3896,0.112,38.1142,20.2181,3,8000,8000,1,1897,4
8,0,4,8000,2,539,38.8617,0.5882,10.1248,0.1158,29.8249,18.5492,2,8000,8000,1,1571,4
8,0,4,8000,2,540,44.3062,0.0414,15.292,0.1035,35.5864,19.7914,3,8000,8000,1,1586,4
8,0,4,8000,2,541,42.6989,0.045,11.0755,0.1405,33.9479,22.238,2,8000,8000,1,1462,4
8,0,4,8000,2,542,47.7193,0.037,16.6324,0.1171,38.4486,21.2453,3,8000,8000,1,1289,4
8,0,4,8000,2,543,51.3003,0.0352,15.1411,0.1162,42.1421,26.4574,3,8000,8000,1,1785,4
8,0,4,8000,2,544,50.0312,0.0422,17.0881,0.1258,40.0114,22.3336,3,8000,8000,1,1845,4
8,0,4,8000,2,545,47.7499,0.0382,14.8623,0.1169,35.4032,20.0268,3,8000,8000,1,1517,4
8,0,4,8000,2,546,45.8199,0.0479,15.5688,0.1114,35.099,18.9913,3,8000,8000,1,1437,4
8,0,4,8000,2,547,40.1518,0.0353,11.2661,0.1121,31.9291,20.146,2,8000,8000,1,1340,4
8,0,4,8000,2,548,43.8575,0.0341,14.7027,0.1207,35.3506,20.0935,3,8000,8000,1,1288,4
8,0,4,8000,2,549,47.8666,0.0454,17.2992,0.1234,38.8004,20.9309,3,8000,8000,1,1548,4
8,0,4,8000,2,550,42.9197,0.0261,11.195,0.1597,33.8029,21.975,2,8000,8000,1,1266,4
9,1,4,8000,2,151,33.5182,0.0135,1.5508,0.1322,24.484,22.4,2,8000,8000,1,359,4
9,1,4,8000,2,152,31.3649,0.0167,1.3274,0.1291,22.648,20.8032,2,8000,8000,1,329,4
9,1,4,8000,2,153,31.9977,0.0194,1.2112,0.1316,23.012,21.2723,2,8000,8000,1,334,4
9,1,4,8000,2,154,33.3472,0.019,1.283,0.1282,23.8633,22.073,2,8000,8000,1,327,4
9,1,4,8000,2,155,31.4676,0.02,1.0137,0.1243,22.1693,20.6467,2,8000,8000,1,329,4
9,1,4,8000,2,156,33.8325,0.0158,1.0872,0.14,24.5279,22.6855,2,8000,8000,1,291,4
9,1,4,8000,2,157,32.4691,0.0163,1.4312,0.1215,23.1391,21.2059,2,8000,8000,1,337,4
9,1,4,8000,2,158,34.4587,0.017,1.0534,0.1283,25.7648,24.1853,2,8000,8000,1,348,4
9,1,4,8000,2,159,31.241,0.0162,1.0213,0.1175,21.9475,20.4438,2,8000,8000,1,417,4
9,1,4,8000,2,160,31.4071,0.0168,1.3398,0.1233,22.2862,20.4489,2,8000,8000,1,541,4
9,1,4,8000,2,161,33.4538,0.0201,1.8191,0.1207,24.528,22.1109,1,8000,8000,1,551,4
9,1,4,8000,2,162,29.9941,0.018,1.1972,0.1221,21.7736,20.0714,2,8000,8000,1,647,4
9,1,4,8000,2,163,32.8665,0.0158,1.4067,0.1217,23.7244,21.7992,2,8000,8000,1,449,4
9,1,4,8000,2,164,35.0987,0.0171,1.6269,0.1264,23.1122,20.9931,2,8000,8000,1,777,4
9,1,4,8000,2,165,33.3042,0.0163,1.879,0.1257,24.3471,21.9225,2,8000,8000,1,798,4
9,1,4,8000,2,166,33.1482,0.0181,1.8481,0.1292,23.4011,21.0652,2,8000,8000,1,921,4
9,1,4,8000,2,167,32.2542,0.0182,1.6334,0.1279,22.6535,20.5115,2,8000,8000,1,873,4
9,1,4,8000,2,168,33.7831,0.0187,2.327,0.1173,24.6691,21.8433,2,8000,8000,1,1049,4
9,1,4,8000,2,169,33.0513,0.0165,2.3985,0.1226,23.8949,21.0096,2,8000,8000,1,1253,4
9,1,4,8000,2,170,32.8243,0.0147,2.2726,0.124,23.912,21.1277,2,8000,8000,1,1337,4
9,1,4,8000,2,171,35.1868,0.0226,3.0108,0.1266,24.9475,21.4114,2,8000,8000,1,1605,4
9,1,4,8000,2,172,33.7024,0.0143,2.8067,0.1338,25.1959,21.8837,2,8000,8000,1,1794,4
9,1,4,8000,2,173,34.1257,0.0195,3.499,0.1378,25.2011,21.032,2,8000,8000,1,2148,4
9,1,4,8000,2,174,36.0344,0.0167,3.68,0.1228,25.5408,21.3946,2,8000,8000,1,2482,4
9,1,4,8000,2,175,35.7099,0.0161,4.0618,0.1228,26.7557,22.209,3,8000,8000,1,2464,4
9,1,4,8000,2,176,35.218,0.0154,4.6261,0.1191,26.0168,20.9024,2,8000,8000,1,2596,4
9,1,4,8000,2,177,37.0319,0.0154,5.4288,0.1345,28.4723,22.5084,2,8000,8000,1,3664,4
9,1,4,8000,2,178,35.591,0.0166,5.0116,0.1271,26.4312,20.9251,2,8000,8000,1,2907,4
9,1,4,8000,2,179,36.6053,0.0203,4.7421,0.1327,27.1495,21.8989,2,8000,8000,1,2569,4
9,1,4,8000,2,180,37.8445,0.0177,4.8378,0.1289,28.7946,23.4436,2,8000,8000,1,2873,4
9,1,4,8000,2,181,35.0303,0.0176,4.3199,0.1237,25.9103,21.0885,3,8000,8000,1,2647,4
9,1,4,8000,2,182,35.2987,0.0225,4.5155,0.124,25.9395,20.9306,2,8000,8000,1,2641,4
9,1,4,8000,2,183,38.8311,0.0146,7.6325,0.134,29.7653,21.1872,2,8000,8000,1,4114,4
9,1,4,8000,2,184,36.7601,0.0143,4.8173,0.1369,26.7879,21.4644,2,8000,8000,1,2751,4
9,1,4,8000,2,185,36.635,0.0242,4.6993,0.1326,26.9743,21.7475,2,8000,8000,1,2717,4
9,1,4,8000,2,186,37.6742,0.0151,4.8154,0.1485,27.8856,22.465,3,8000,8000,1,2221,4
9,1,4,8000,2,187,38.5581,0.0181,4.5281,0.1381,27.9086,22.8345,2,8000,8000,1,2386,4
9,1,4,8000,2,188,36.462,0.0192,4.2412,0.1346,26.6489,21.8855,2,8000,8000,1,2395,4
9,1,4,8000,2,189,38.3218,0.0258,3.5515,0.1337,28.1772,24.0946,2,8000,8000,1,1649,4
9,1,4,8000,2,190,33.8035,0.0165,3.0226,0.1275,25.0725,21.5411,3,8000,8000,1,1612,4
9,1,4,8000,2,191,35.6392,0.015,3.7185,0.1283,26.3967,22.1649,2,8000,8000,1,1698,4
9,1,4,8000,2,192,35.0725,0.0153,3.134,0.1346,25.0646,21.3525,2,8000,8000,1,1778,4
9,1,4,8000,2,193,35.8752,0.0152,2.9182,0.134,25.2485,21.8251,2,8000,8000,1,1283,4
9,1,4,8000,2,194,35.0674,0.018,2.672,0.1292,26.1155,22.922,2,8000,8000,1,1190,4
9,1,4,8000,2,195,34.0001,0.0163,2.3881,0.1291,25.252,22.3322,2,8000,8000,1,1229,4
9,1,4,8000,2,196,33.2946,0.0201,2.5269,0.1268,24.2247,21.1718,2,8000,8000,1,1152,4
9,1,4,8000,2,197,32.3915,0.0176,2.4067,0.1316,23.5755,20.6683,2,8000,8000,1,1186,4
9,1,4,8000,2,198,32.0313,0.0165,2.2897,0.126,23.1029,20.3366,2,8000,8000,1,1172,4
9,1,4,8000,2,199,33.8461,0.0139,2.5696,0.1266,24.6681,21.5886,2,8000,8000,1,1296,4
9,1,4,8000,2,200,32.4803,0.0182,2.537,0.1183,23.0526,20.0292,2,8000,8000,1,1415,4
9,1,4,8000,2,201,33.7958,0.0143,2.9988,0.1322,24.2196,20.7334,2,8000,8000,1,1376,4
9,1,4,8000,2,202,35.0139,0.0143,2.7093,0.1209,25.9838,22.7779,2,8000,8000,1,1220,4
9,1,4,8000,2,203,34.8662,0.021,2.2214,0.1379,25.0427,22.3159,2,8000,8000,1,1211,4
9,1,4,8000,2,204,31.9535,0.0133,2.2921,0.1284,23.3564,20.5553,2,8000,8000,1,1228,4
9,1,4,8000,2,205,33.6208,0.0154,2.4562,0.128,24.3372,21.3726,2,8000,8000,1,1191,4
9,1,4,8000,2,206,32.6257,0.0209,2.366,0.128,23.7288,20.8655,2,8000,8000,1,1162,4
9,1,4,8000,2,207,32.8495,0.0172,2.376,0.1253,24.0566,21.1854,2,8000,8000,1,1124,4
9,1,4,8000,2,208,31.823,0.0166,2.1482,0.1257,23.0496,20.4258,2,8000,8000,1,1134,4
9,1,4,8000,2,209,33.6435,0.0151,2.3434,0.1273,23.9791,21.1275,2,8000,8000,1,1074,4
9,1,4,8000,2,210,32.839,0.017,2.1754,0.1194,23.0773,20.3797,2,8000,8000,1,1111,4
9,1,4,8000,2,211,32.4231,0.0151,2.5304,0.1247,23.5903,20.5554,2,8000,8000,1,1115,4
9,1,4,8000,2,212,35.3025,0.0173,2.4439,0.1555,26.1842,23.1236,2,8000,8000,1,1285,4
9,1,4,8000,2,213,34.6097,0.0163,2.6311,0.1296,24.9498,21.8145,2,8000,8000,1,1243,4
9,1,4,8000,2,214,34.2375,0.0215,2.3685,0.1254,24.9131,22.0263,2,8000,8000,1,1069,4
9,1,4,8000,2,215,34.4529,0.0166,2.4641,0.1298,24.9874,22.003,2,8000,8000,1,1123,4
9,1,4,8000,2,216,37.486,0.0166,2.6628,0.1332,27.0883,23.8896,2,8000,8000,1,1001,4
9,1,4,8000,2,217,34.3499,0.0144,1.9771,0.1302,24.8846,22.3869,3,8000,8000,1,1025,4
9,1,4,8000,2,218,34.5477,0.0169,2.6229,0.128,25.0893,21.9594,2,8000,8000,1,1129,4
9,1,4,8000,2,219,36.6049,0.0158,2.3739,0.1328,27.2048,24.3082,2,8000,8000,1,1082,4
9,1,4,8000,2,220,33.952,0.017,2.3421,0.1305,24.6684,21.7343,2,8000,8000,1,906,4
9,1,4,8000,2,221,33.3773,0.0163,1.7779,0.1414,24.4663,22.0857,2,8000,8000,1,787,4
9,1,4,8000,2,222,35.4931,0.0171,2.1847,0.1267,24.9669,22.2868,2,8000,8000,1,893,4
9,1,4,8000,2,223,33.3062,0.0175,1.8673,0.1248,24.3323,21.9573,2,8000,8000,1,807,4
9,1,4,8000,2,224,33.1083,0.0151,1.8542,0.1258,23.3694,20.9759,2,8000,8000,1,808,4
9,1,4,8000,2,225,35.4639,0.0156,2.2637,0.1305,25.5636,22.7826,2,8000,8000,1,872,4
9,1,4,8000,2,226,32.9819,0.0174,1.9224,0.1308,23.8285,21.4018,2,8000,8000,1,851,4
9,1,4,8000,2,227,32.4246,0.016,1.8242,0.1305,23.4482,21.134,2,8000,8000,1,893,4
9,1,4,8000,2,228,32.3998,0.0163,2.4422,0.1358,23.8112,20.8223,2,8000,8000,1,1100,4
9,1,4,8000,2,229,33.5316,0.02,2.1212,0.125,23.8217,21.1659,2,8000,8000,1,1024,4
9,1,4,8000,2,230,33.5424,0.0152,2.0434,0.1269,24.0421,21.4932,2,8000,8000,1,1091,4
9,1,4,8000,2,231,32.8087,0.0133,2.428,0.1222,23.8316,20.905,2,8000,8000,1,1254,4
9,1,4,8000,2,232,32.3428,0.0166,2.4852,0.1211,23.589,20.615,2,8000,8000,1,1250,4
9,1,4,8000,2,233,39.1151,0.0263,3.0641,0.1719,29.3772,25.4674,2,8000,8000,1,1280,4
9,1,4,8000,2,234,40.8492,0.0228,2.9245,0.1317,29.5667,26.0813,2,8000,8000,1,1414,4
9,1,4,8000,2,235,54.4408,0.0277,3.5788,0.1535,40.273,36.0826,3,8000,8000,1,1189,4
9,1,4,8000,2,236,43.76,0.0217,3.918,0.158,31.8292,27.2697,3,8000,8000,1,1382,4
9,1,4,8000,2,237,45.1481,0.0195,4.822,0.1648,34.186,28.5984,3,8000,8000,1,1752,4
9,1,4,8000,2,238,56.7055,0.0194,6.801,0.2038,42.3755,34.3095,2,8000,8000,1,1810,4
9,1,4,8000,2,239,61.9111,0.0235,3.9022,0.1834,44.1132,39.4967,4,8000,8000,1,1474,4
9,1,4,8000,2,240,48.4198,0.0236,4.2075,0.1781,36.6343,31.7556,4,8000,8000,1,1358,4
9,1,4,8000,2,241,47.6197,0.0216,5.3585,0.1611,35.4993,29.4512,2,8000,8000,1,1836,4
9,1,4,8000,2,242,43.26,0.021,3.1718,0.1593,31.3904,27.6192,3,8000,8000,1,1430,4
9,1,4,8000,2,243,39.5748,0.0225,2.85,0.1526,28.311,24.8823,3,8000,8000,1,1182,4
9,1,4,8000,2,244,38.5894,0.0178,3.0332,0.1521,28.6138,24.9949,2,8000,8000,1,1283,4
9,1,4,8000,2,245,36.6768,0.0179,2.8185,0.1639,27.1845,23.7693,3,8000,8000,1,1231,4
9,1,4,8000,2,246,38.7042,0.0162,3.3454,0.1553,28.7057,24.7291,2,8000,8000,1,1083,4
9,1,4,8000,2,247,39.4803,0.0155,2.9079,0.1548,28.2035,24.7293,2,8000,8000,1,1063,4
9,1,4,8000,2,248,38.3161,0.0174,2.4868,0.1488,28.0753,24.9979,2,8000,8000,1,976,4
9,1,4,8000,2,249,38.6935,0.014,2.5496,0.1982,28.6134,25.4417,3,8000,8000,1,904,4
9,1,4,8000,2,250,39.8343,0.0161,2.9494,0.1446,28.0482,24.5124,2,8000,8000,1,956,4
9,1,4,8000,2,251,41.269,0.0168,2.4109,0.1511,29.4906,26.5004,3,8000,8000,1,937,4
9,1,4,8000,2,252,44.9507,0.0187,3.0664,0.1689,31.4828,27.8177,2,8000,8000,1,961,4
9,1,4,8000,2,253,37.5762,0.0168,2.5783,0.1393,27.1894,24.0556,3,8000,8000,1,1170,4
9,1,4,8000,2,254,36.0701,0.0175,2.8439,0.1447,26.3066,22.8522,2,8000,8000,1,1069,4
9,1,4,8000,2,255,36.32,0.0153,2.5638,0.1384,26.5324,23.4085,2,8000,8000,1,1054,4
9,1,4,8000,2,256,35.9995,0.0147,2.3944,0.1275,26.368,23.4258,2,8000,8000,1,1042,4
9,1,4,8000,2,257,36.7542,0.0177,3.502,0.1422,27.4402,23.3802,2,8000,8000,1,914,4
9,1,4,8000,2,258,35.5278,0.0147,2.3746,0.1418,25.6731,22.7688,3,8000,8000,1,998,4
9,1,4,8000,2,259,36.5971,0.0155,2.8071,0.1456,26.7446,23.3455,2,8000,8000,1,1119,4
9,1,4,8000,2,260,38.7667,0.0159,3.2892,0.2127,28.4552,24.1655,2,8000,8000,1,1074,4
9,1,4,8000,2,261,41.4502,0.019,3.1657,0.1423,28.6869,24.9257,2,8000,8000,1,900,4
9,1,4,8000,2,262,39.4492,0.022,2.4976,0.1378,28.5243,25.4787,3,8000,8000,1,1036,4
9,1,4,8000,2,263,35.6358,0.0159,2.7305,0.1543,26.0589,22.616,2,8000,8000,1,962,4
9,1,4,8000,2,264,37.424,0.017,2.2506,0.1377,26.8244,24.0342,2,8000,8000,1,1197,4
9,1,4,8000,2,265,34.1993,0.0124,2.4135,0.1299,24.6787,21.7665,2,8000,8000,1,1066,4
9,1,4,8000,2,266,34.1094,0.013,3.0532,0.1262,24.79,21.2497,2,8000,8000,1,1141,4
9,1,4,8000,2,267,32.671,0.0164,1.9346,0.1352,23.8971,21.448,3,8000,8000,1,1050,4
9,1,4,8000,2,268,35.6003,0.0339,3.0787,0.1268,26.2049,22.5902,2,8000,8000,1,1368,4
9,1,4,8000,2,269,34.7682,0.0309,2.8935,0.1285,25.6524,22.2265,2,8000,8000,1,1371,4
9,1,4,8000,2,270,33.8559,0.016,2.8072,0.1266,24.7414,21.4365,2,8000,8000,1,1098,4
9,1,4,8000,2,271,35.2776,0.0138,2.7532,0.1229,26.1733,22.8982,2,8000,8000,1,1019,4
9,1,4,8000,2,272,33.8106,0.017,2.1712,0.1269,25.2518,22.5468,2,8000,8000,1,952,4
9,1,4,8000,2,273,32.7732,0.0142,1.9665,0.1239,23.7303,21.2569,2,8000,8000,1,871,4
9,1,4,8000,2,274,32.2864,0.0154,2.5419,0.1268,23.9281,20.8253,2,8000,8000,1,1119,4
9,1,4,8000,2,275,33.254,0.0153,2.2268,0.1192,23.4112,20.6944,2,8000,8000,1,1040,4
9,1,4,8000,2,276,31.5316,0.0182,1.8402,0.1189,22.9494,20.6095,2,8000,8000,1,1024,4
9,1,4,8000,2,277,31.8664,0.0123,2.327,0.1196,22.8836,20.0653,2,8000,8000,1,1207,4
9,1,4,8000,2,278,32.5678,0.0127,2.408,0.1199,24.0147,21.1156,2,8000,8000,1,1152,4
9,1,4,8000,2,279,31.0381,0.0115,2.2167,0.1199,22.668,19.9811,2,8000,8000,1,1088,4
9,1,4,8000,2,280,32.2258,0.0116,2.2825,0.1246,23.5552,20.7855,1,8000,8000,1,1038,4
9,1,4,8000,2,281,34.0336,0.014,1.8693,0.1273,24.705,22.3113,2,8000,8000,1,992,4
9,1,4,8000,2,282,33.9823,0.0133,2.6926,0.1272,25.0907,21.884,2,8000,8000,1,879,4
9,1,4,8000,2,283,33.458,0.0148,2.7926,0.1285,24.2579,20.9748,2,8000,8000,1,1176,4
9,1,4,8000,2,284,32.7902,0.019,2.3157,0.1297,24.322,21.493,2,8000,8000,1,1187,4
9,1,4,8000,2,285,33.6257,0.0172,2.1291,0.1175,23.8213,21.1999,2,8000,8000,1,1036,4
9,1,4,8000,2,286,33.3868,0.0128,2.2864,0.1267,23.7004,20.9127,2,8000,8000,1,1036,4
9,1,4,8000,2,287,34.2089,0.0162,2.2846,0.1244,25.2003,22.398,2,8000,8000,1,954,4
9,1,4,8000,2,288,35.8286,0.0144,1.9261,0.1471,24.5096,21.8585,2,8000,8000,1,991,4
9,1,4,8000,2,289,36.1494,0.0172,3.0428,0.1335,26.1929,22.5938,3,8000,8000,1,1189,4
9,1,4,8000,2,290,35.8859,0.026,3.1207,0.1321,26.2999,22.6325,2,8000,8000,1,1267,4
9,1,4,8000,2,291,35.1296,0.0162,2.7154,0.1248,25.5102,22.2772,2,8000,8000,1,1440,4
9,1,4,8000,2,292,33.8279,0.0171,2.8273,0.1347,25.2338,21.8472,2,8000,8000,1,1234,4
9,1,4,8000,2,293,38.14,0.024,2.7679,0.1572,28.8079,25.0191,2,8000,8000,1,1237,4
9,1,4,8000,2,294,36.5496,0.0144,3.3195,0.1377,25.9379,22.0783,2,8000,8000,1,1119,4
9,1,4,8000,2,295,34.7821,0.0172,2.6389,0.1314,24.5941,21.4583,3,8000,8000,1,1174,4
9,1,4,8000,2,296,33.8137,0.0157,2.5576,0.1326,24.8375,21.7691,2,8000,8000,1,1250,4
9,1,4,8000,2,297,35.1162,0.0139,3.9599,0.1258,26.6446,22.1653,2,8000,8000,1,1245,4
9,1,4,8000,2,298,32.7399,0.0148,2.3652,0.1224,23.6988,20.8738,2,8000,8000,1,1195,4
9,1,4,8000,2,299,32.3201,0.015,2.156,0.128,23.4574,20.8008,2,8000,8000,1,1125,4
9,1,4,8000,2,300,31.4905,0.0135,2.1404,0.1202,22.2981,19.6944,2,8000,8000,1,973,4
9,1,4,8000,2,301,33.3294,0.013,2.1933,0.121,24.9632,22.2662,2,8000,8000,1,994,4
9,1,4,8000,2,302,33.1951,0.0169,2.4375,0.1256,24.376,21.4322,2,8000,8000,1,1026,4
9,1,4,8000,2,303,31.5726,0.0213,1.8669,0.1274,23.0209,20.6635,2,8000,8000,1,1104,4
9,1,4,8000,2,304,33.5088,0.016,2.8027,0.1199,24.5754,21.2475,2,8000,8000,1,1089,4
9,1,4,8000,2,305,33.1955,0.0159,2.2783,0.1266,24.3214,21.5344,2,8000,8000,1,967,4
9,1,4,8000,2,306,32.3289,0.0214,2.2464,0.1277,23.8924,21.1387,1,8000,8000,1,958,4
9,1,4,8000,2,307,30.4445,0.0175,1.573,0.1182,22.2166,20.178,2,8000,8000,1,834,4
9,1,4,8000,2,308,31.2333,0.0131,2.7291,0.1213,23.2806,19.9114,2,8000,8000,1,861,4
9,1,4,8000,2,309,34.991,0.016,2.0961,0.1291,24.1176,21.5089,2,8000,8000,1,960,4
9,1,4,8000,2,310,32.6371,0.0168,2.0416,0.1287,24.086,21.5302,2,8000,8000,1,1050,4
9,1,4,8000,2,311,32.4748,0.011,2.2891,0.119,23.0686,20.3135,2,8000,8000,1,1046,4
9,1,4,8000,2,312,33.3636,0.0132,2.4261,0.1314,24.6984,21.7347,2,8000,8000,1,1040,4
9,1,4,8000,2,313,31.6342,0.0126,1.9249,0.1259,22.925,20.4886,2,8000,8000,1,1094,4
9,1,4,8000,2,314,32.0872,0.014,2.1074,0.121,22.7406,20.1728,2,8000,8000,1,973,4
9,1,4,8000,2,315,31.5334,0.0142,2.392,0.12,23.2542,20.3749,2,8000,8000,1,1058,4
9,1,4,8000,2,316,30.9944,0.0176,2.1007,0.1389,22.4909,19.8977,2,8000,8000,1,1170,4
9,1,4,8000,2,317,32.5804,0.0123,2.2799,0.1181,22.8895,20.1404,2,8000,8000,1,1062,4
9,1,4,8000,2,318,32.9315,0.0177,2.1837,0.12,24.2824,21.6144,2,8000,8000,1,1110,4
9,1,4,8000,2,319,34.0246,0.024,2.3646,0.1234,23.8737,20.8248,2,8000,8000,1,1091,4
9,1,4,8000,2,320,31.3441,0.0149,2.0594,0.1196,22.6608,20.136,2,8000,8000,1,1082,4
9,1,4,8000,2,321,33.5517,0.0154,2.5952,0.2236,24.0102,20.5626,2,8000,8000,1,1333,4
9,1,4,8000,2,322,34.2303,0.0141,2.4958,0.118,23.6633,20.7017,2,8000,8000,1,1397,4
9,1,4,8000,2,323,31.5749,0.0134,2.6063,0.1222,23.3757,20.2662,2,8000,8000,1,1247,4
9,1,4,8000,2,324,32.2375,0.0132,2.4679,0.1259,23.3943,20.4687,2,8000,8000,1,1311,4
9,1,4,8000,2,325,32.5083,0.0174,2.3948,0.1203,23.8797,20.9932,1,8000,8000,1,1237,4
9,1,4,8000,2,326,33.2637,0.0142,2.0265,0.1244,23.0661,20.5578,2,8000,8000,1,1129,4
9,1,4,8000,2,327,32.691,0.013,2.4119,0.1209,23.9423,21.0299,2,8000,8000,1,953,4
9,1,4,8000,2,328,33.4234,0.016,2.5721,0.1218,25.1241,22.0185,2,8000,8000,1,1302,4
9,1,4,8000,2,329,32.2662,0.0161,2.5395,0.1175,23.5712,20.5467,2,8000,8000,1,1166,4
9,1,4,8000,2,330,32.4912,0.0162,2.576,0.1244,23.7591,20.6822,2,8000,8000,1,1197,4
9,1,4,8000,2,331,33.2542,0.016,2.5528,0.1882,24.6486,21.4016,2,8000,8000,1,1160,4
9,1,4,8000,2,332,35.0503,0.0155,2.3331,0.1288,24.8806,22.025,2,8000,8000,1,1226,4
9,1,4,8000,2,333,34.4493,0.0159,2.5818,0.1304,25.0767,21.9682,2,8000,8000,1,1148,4
9,1,4,8000,2,334,34.6935,0.0146,2.6674,0.1424,25.3101,22.1157,2,8000,8000,1,1246,4
9,1,4,8000,2,335,36.2713,0.0134,2.8884,0.2495,26.4853,22.9426,3,8000,8000,1,1207,4
9,1,4,8000,2,336,34.9032,0.0183,2.9096,0.1303,25.6292,22.1845,2,8000,8000,1,1396,4
9,1,4,8000,2,337,34.4665,0.0188,3.1691,0.1284,25.3102,21.6452,2,8000,8000,1,1761,4
9,1,4,8000,2,338,33.7939,0.0178,2.8585,0.1235,25.6544,22.2971,2,8000,8000,1,1514,4
9,1,4,8000,2,339,33.3701,0.0136,2.7007,0.1243,24.8976,21.6813,2,8000,8000,1,1201,4
9,1,4,8000,2,340,33.0889,0.0154,2.6125,0.1401,24.2483,21.1235,2,8000,8000,1,1197,4
9,1,4,8000,2,341,32.1577,0.0148,2.4719,0.1213,23.5425,20.5823,2,8000,8000,1,1364,4
9,1,4,8000,2,342,33.9356,0.0166,2.7835,0.1374,25.3083,21.9238,2,8000,8000,1,1277,4
9,1,4,8000,2,343,32.8228,0.0161,2.9978,0.1311,24.4743,20.9812,2,8000,8000,1,1213,4
9,1,4,8000,2,344,34.2045,0.0167,3.0458,0.1221,25.8755,22.3285,2,8000,8000,1,1205,4
9,1,4,8000,2,345,34.4363,0.0199,2.9744,0.1381,26.4519,22.7952,2,8000,8000,1,1287,4
9,1,4,8000,2,346,33.0699,0.0135,2.4884,0.1291,23.655,20.6716,2,8000,8000,1,1152,4
9,1,4,8000,2,347,32.801,0.0136,2.6845,0.1236,24.0718,20.8684,2,8000,8000,1,1177,4
9,1,4,8000,2,348,34.0063,0.0178,2.4449,0.1222,24.8974,21.9568,2,8000,8000,1,1113,4
9,1,4,8000,2,349,32.2236,0.0145,2.1195,0.1183,22.8816,20.2724,2,8000,8000,1,1010,4
9,1,4,8000,2,350,32.6414,0.0137,2.2838,0.1201,24.113,21.3391,2,8000,8000,1,1088,4
9,1,4,8000,2,351,33.2506,0.0182,2.6944,0.1362,24.2755,21.0613,2,8000,8000,1,1116,4
9,1,4,8000,2,352,33.3431,0.0151,2.4629,0.1301,24.9993,22.0192,2,8000,8000,1,1113,4
9,1,4,8000,2,353,31.78,0.0149,2.233,0.122,23.322,20.6227,2,8000,8000,1,958,4
9,1,4,8000,2,354,31.0763,0.0156,1.8863,0.1239,22.8951,20.496,2,8000,8000,1,997,4
9,1,4,8000,2,355,36.1692,0.0166,2.2315,0.118,27.0646,24.3461,2,8000,8000,1,1021,4
9,1,4,8000,2,356,31.5514,0.0157,2.2637,0.1191,23.0175,20.2601,2,8000,8000,1,1029,4
9,1,4,8000,2,357,31.1847,0.0154,1.9916,0.1179,22.7006,20.2393,2,8000,8000,1,1051,4
9,1,4,8000,2,358,31.0505,0.0132,2.1372,0.1183,22.7969,20.1654,1,8000,8000,1,1023,4
9,1,4,8000,2,359,34.2372,0.0158,2.3173,0.1224,24.9754,22.1399,2,8000,8000,1,1013,4
9,1,4,8000,2,360,32.5291,0.0189,2.3538,0.2443,23.7789,20.7772,2,8000,8000,1,875,4
9,1,4,8000,2,361,32.2321,0.0177,1.8806,0.1222,23.7605,21.3341,2,8000,8000,1,948,4
9,1,4,8000,2,362,36.342,0.0218,2.9159,0.1319,26.9591,23.5078,2,8000,8000,1,902,4
9,1,4,8000,2,363,43.8318,0.0159,4.2855,0.1606,33.5868,28.6591,2,8000,8000,1,934,4
9,1,4,8000,2,364,41.911,0.018,2.1846,0.1591,28.4585,25.6138,3,8000,8000,1,872,4
9,1,4,8000,2,365,40.3016,0.0175,3.4048,0.1444,28.994,25.007,3,8000,8000,1,1109,4
9,1,4,8000,2,366,37.5911,0.0178,3.1845,0.1423,27.4826,23.7529,2,8000,8000,1,1309,4
9,1,4,8000,2,367,37.0316,0.0162,2.8666,0.1352,27.16,23.7603,2,8000,8000,1,1266,4
9,1,4,8000,2,368,35.0908,0.0197,2.7138,0.1379,26.6001,23.332,3,8000,8000,1,1073,4
9,1,4,8000,2,369,35.5362,0.0254,2.5485,0.1387,25.8811,22.7789,2,8000,8000,1,1010,4
9,1,4,8000,2,370,34.0537,0.0195,2.4312,0.1309,25.0478,22.0893,2,8000,8000,1,1212,4
9,1,4,8000,2,371,34.4821,0.0151,2.2826,0.1303,25.2341,22.3742,2,8000,8000,1,913,4
9,1,4,8000,2,372,32.5303,0.0188,2.0965,0.1292,23.8275,21.2163,2,8000,8000,1,929,4
9,1,4,8000,2,373,33.0641,0.0173,2.1709,0.13,24.2321,21.5405,2,8000,8000,1,954,4
9,1,4,8000,2,374,36.4176,0.0152,2.5027,0.1249,27.3768,24.3583,2,8000,8000,1,1016,4
9,1,4,8000,2,375,34.607,0.0193,2.3696,0.1364,25.601,22.6189,2,8000,8000,1,989,4
9,1,4,8000,2,376,34.8524,0.0171,2.3497,0.1277,24.6281,21.6793,2,8000,8000,1,1165,4
9,1,4,8000,2,377,33.0207,0.0172,2.4652,0.1277,24.3484,21.347,2,8000,8000,1,1064,4
9,1,4,8000,2,378,34.1213,0.0223,2.355,0.1328,25.0305,22.143,2,8000,8000,1,961,4
9,1,4,8000,2,379,34.2368,0.017,2.1576,0.1248,25.8096,23.1241,2,8000,8000,1,979,4
9,1,4,8000,2,380,33.1539,0.0144,2.5061,0.1257,24.3884,21.3516,2,8000,8000,1,1074,4
9,1,4,8000,2,381,32.5743,0.019,2.3145,0.1243,23.9398,21.1131,2,8000,8000,1,1005,4
9,1,4,8000,2,382,32.5177,0.0141,2.0851,0.1443,24.1069,21.4598,2,8000,8000,1,990,4
9,1,4,8000,2,383,32.4397,0.0179,1.9546,0.1243,23.4268,20.9944,2,8000,8000,1,935,4
9,1,4,8000,2,384,31.4633,0.0186,2.2838,0.1251,23.4879,20.7049,2,8000,8000,1,1054,4
9,1,4,8000,2,385,36.9604,0.0255,2.3897,0.1322,26.6476,23.6721,2,8000,8000,1,1033,4
9,1,4,8000,2,386,37.3576,0.022,2.6095,0.15,27.0949,23.8846,2,8000,8000,1,1073,4
9,1,4,8000,2,387,38.3114,0.0195,2.5408,0.1412,27.4812,24.3799,2,8000,8000,1,957,4
9,1,4,8000,2,388,35.8216,0.0172,2.19,0.1409,25.9556,23.2449,3,8000,8000,1,1034,4
9,1,4,8000,2,389,34.759,0.0187,2.5834,0.1356,25.4513,22.3474,2,8000,8000,1,1095,4
9,1,4,8000,2,390,33.8185,0.0162,2.6002,0.1315,24.9028,21.7737,2,8000,8000,1,1245,4
9,1,4,8000,2,391,36.59,0.016,2.8007,0.1409,26.6779,23.342,2,8000,8000,1,1107,4
9,1,4,8000,2,392,34.0216,0.0188,2.1475,0.1261,24.777,22.122,2,8000,8000,1,946,4
9,1,4,8000,2,393,34.0852,0.0171,2.2265,0.1259,24.3897,21.6516,2,8000,8000,1,1264,4
9,1,4,8000,2,394,36.5183,0.0271,2.5307,0.149,25.788,22.675,2,8000,8000,1,1056,4
9,1,4,8000,2,395,33.8693,0.0152,2.732,0.1238,24.4802,21.2024,2,8000,8000,1,1010,4
9,1,4,8000,2,396,34.2403,0.0154,2.3221,0.1266,25.6605,22.6788,3,8000,8000,1,1028,4
9,1,4,8000,2,397,34.6674,0.0131,2.5371,0.1241,23.7896,20.7474,2,8000,8000,1,1253,4
9,1,4,8000,2,398,32.4887,0.0166,2.4389,0.1316,23.6738,20.7441,2,8000,8000,1,1314,4
9,1,4,8000,2,399,32.4555,0.0141,2.4945,0.1283,23.8321,20.8326,2,8000,8000,1,1174,4
9,1,4,8000,2,400,32.1838,0.0214,2.1128,0.1221,23.4061,20.7975,2,8000,8000,1,1056,4
9,1,4,8000,2,401,33.2492,0.0148,1.9686,0.1214,22.842,20.3978,1,8000,8000,1,1052,4
9,1,4,8000,2,402,31.8433,0.0131,2.2379,0.1256,23.6097,20.8649,2,8000,8000,1,902,4
9,1,4,8000,2,403,33.5913,0.0159,2.3676,0.132,24.8659,21.9605,2,8000,8000,1,809,4
9,1,4,8000,2,404,33.5966,0.021,2.3412,0.1234,23.5997,20.7599,2,8000,8000,1,1000,4
9,1,4,8000,2,405,33.7728,0.0136,2.1921,0.1202,24.384,21.6691,2,8000,8000,1,1026,4
9,1,4,8000,2,406,33.8593,0.0268,2.1767,0.125,24.1234,21.4322,2,8000,8000,1,1029,4
9,1,4,8000,2,407,38.3057,0.0228,3.3279,0.1367,28.1243,24.2473,2,8000,8000,1,1081,4
9,1,4,8000,2,408,34.9816,0.0174,2.3018,0.1343,24.7106,21.8625,3,8000,8000,1,994,4
9,1,4,8000,2,409,39.1916,0.0154,2.5178,0.1349,29.7646,26.6719,2,8000,8000,1,1185,4
9,1,4,8000,2,410,37.0542,0.0164,3.142,0.1301,26.6223,22.9148,2,8000,8000,1,1357,4
9,1,4,8000,2,411,37.7834,0.0189,2.7139,0.1423,27.2837,24.0279,2,8000,8000,1,1204,4
9,1,4,8000,2,412,34.631,0.0183,2.4302,0.1308,25.55,22.5911,3,8000,8000,1,1104,4
9,1,4,8000,2,413,36.1797,0.0154,2.8537,0.1343,26.2054,22.8056,2,8000,8000,1,1290,4
9,1,4,8000,2,414,34.9093,0.0168,2.4233,0.1373,25.287,22.3233,2,8000,8000,1,1330,4
9,1,4,8000,2,415,36.8629,0.0247,3.1046,0.1313,27.1834,23.5361,2,8000,8000,1,1394,4
9,1,4,8000,2,416,36.9966,0.0183,2.8732,0.1368,26.4618,23.0378,2,8000,8000,1,1132,4
9,1,4,8000,2,417,37.8246,0.0207,2.8346,0.1348,27.3131,23.9255,3,8000,8000,1,1206,4
9,1,4,8000,2,418,35.918,0.0197,2.7904,0.1298,25.5608,22.2181,2,8000,8000,1,1141,4
9,1,4,8000,2,419,35.1117,0.0173,2.904,0.1358,26.1428,22.7036,2,8000,8000,1,1432,4
9,1,4,8000,2,420,34.1361,0.0185,2.7031,0.1334,25.025,21.8043,2,8000,8000,1,1238,4
9,1,4,8000,2,421,33.0468,0.0188,2.6051,0.1259,24.2662,21.1722,2,8000,8000,1,1303,4
9,1,4,8000,2,422,32.0456,0.0181,2.1892,0.1243,23.2121,20.5516,2,8000,8000,1,1073,4
9,1,4,8000,2,423,33.4526,0.0168,2.4603,0.1233,25.5528,22.5987,2,8000,8000,1,1078,4
9,1,4,8000,2,424,31.4858,0.0136,2.4493,0.1169,23.3023,20.366,2,8000,8000,1,1204,4
9,1,4,8000,2,425,33.6214,0.0141,2.4542,0.1214,23.4773,20.5254,2,8000,8000,1,1129,4
9,1,4,8000,2,426,33.3657,0.0162,2.2619,0.1179,24.4663,21.72,2,8000,8000,1,1072,4
9,1,4,8000,2,427,32.0819,0.0152,2.2101,0.1223,23.0412,20.3279,2,8000,8000,1,1090,4
9,1,4,8000,2,428,32.418,0.0135,2.4269,0.1273,23.5815,20.6674,2,8000,8000,1,1183,4
9,1,4,8000,2,429,32.0833,0.0154,2.972,0.1229,23.8147,20.3402,2,8000,8000,1,962,4
9,1,4,8000,2,430,32.4563,0.0143,2.2162,0.1337,23.9588,21.2374,2,8000,8000,1,1018,4
9,1,4,8000,2,431,32.3396,0.0201,2.1129,0.1301,23.5928,20.9603,2,8000,8000,1,1046,4
9,1,4,8000,2,432,35.0116,0.0135,2.4399,0.128,25.637,22.6901,2,8000,8000,1,1066,4
9,1,4,8000,2,433,34.0742,0.0161,2.3071,0.1236,24.8849,22.0854,2,8000,8000,1,1047,4
9,1,4,8000,2,434,30.5026,0.0166,1.938,0.1219,22.6459,20.2313,2,8000,8000,1,1016,4
9,1,4,8000,2,435,31.2477,0.0136,2.247,0.1236,23.1505,20.401,2,8000,8000,1,1144,4
9,1,4,8000,2,436,34.3862,0.0228,2.2062,0.1209,24.5574,21.8567,1,8000,8000,1,1008,4
9,1,4,8000,2,437,32.7635,0.0152,1.9319,0.1742,23.7136,21.2271,2,8000,8000,1,904,4
9,1,4,8000,2,438,34.5419,0.0155,2.4126,0.125,24.7024,21.7564,2,8000,8000,1,845,4
9,1,4,8000,2,439,33.7645,0.0169,2.2339,0.1311,24.441,21.6882,3,8000,8000,1,976,4
9,1,4,8000,2,440,33.8496,0.0169,2.5412,0.1251,24.7351,21.6779,2,8000,8000,1,1180,4
9,1,4,8000,2,441,33.2883,0.0142,2.4405,0.1232,23.975,21.0409,2,8000,8000,1,1389,4
9,1,4,8000,2,442,32.3505,0.0143,2.2088,0.1254,24.0748,21.3635,2,8000,8000,1,1147,4
9,1,4,8000,2,443,34.5725,0.0264,2.1001,0.1325,24.772,22.1659,1,8000,8000,1,1002,4
9,1,4,8000,2,444,34.4818,0.0196,2.7125,0.1275,24.9646,21.7103,3,8000,8000,1,916,4
9,1,4,8000,2,445,34.1997,0.0159,2.5092,0.1357,24.8514,21.8305,2,8000,8000,1,974,4
9,1,4,8000,2,446,32.9109,0.0167,2.2702,0.1368,24.1596,21.3586,2,8000,8000,1,1312,4
9,1,4,8000,2,447,34.8911,0.0141,2.3354,0.1329,25.9599,23.0877,2,8000,8000,1,1137,4
9,1,4,8000,2,448,33.2024,0.0169,2.2712,0.1279,24.0515,21.2552,2,8000,8000,1,1009,4
9,1,4,8000,2,449,32.2376,0.0128,2.5576,0.1235,23.6747,20.5886,2,8000,8000,1,976,4
9,1,4,8000,2,450,34.4048,0.0178,2.2625,0.123,25.3382,22.5358,2,8000,8000,1,1093,4
9,1,4,8000,2,451,31.9663,0.0144,2.3662,0.1213,23.1755,20.3402,2,8000,8000,1,1249,4
9,1,4,8000,2,452,32.5311,0.0151,2.3951,0.129,24.2011,21.2786,2,8000,8000,1,1007,4
9,1,4,8000,2,453,34.9901,0.0121,2.6797,0.1947,24.2617,20.8342,2,8000,8000,1,1115,4
9,1,4,8000,2,454,35.5088,0.0224,2.4957,0.1265,24.4828,21.491,2,8000,8000,1,1008,4
9,1,4,8000,2,455,31.5971,0.0156,2.1945,0.1288,23.0215,20.3395,2,8000,8000,1,1063,4
9,1,4,8000,2,456,33.0619,0.017,2.2413,0.1191,24.5842,21.8592,2,8000,8000,1,1161,4
9,1,4,8000,2,457,34.3767,0.0242,2.7677,0.1221,24.7995,21.552,2,8000,8000,1,1113,4
9,1,4,8000,2,458,32.0413,0.0204,2.1881,0.1204,23.1246,20.4732,2,8000,8000,1,1136,4
9,1,4,8000,2,459,31.1128,0.0153,2.7263,0.1181,23.061,19.8331,2,8000,8000,1,1174,4
9,1,4,8000,2,460,32.2942,0.0148,2.2468,0.1127,22.5931,19.8956,2,8000,8000,1,1001,4
9,1,4,8000,2,461,31.3999,0.0145,2.189,0.1184,23.04,20.3766,2,8000,8000,1,1046,4
9,1,4,8000,2,462,32.658,0.0157,2.0769,0.1203,24.1745,21.587,1,8000,8000,1,1072,4
9,1,4,8000,2,463,32.1785,0.0214,2.1369,0.1294,23.8752,21.2157,2,8000,8000,1,890,4
9,1,4,8000,2,464,32.3469,0.0166,1.9636,0.1151,22.3627,19.9377,2,8000,8000,1,843,4
9,1,4,8000,2,465,30.7043,0.0171,1.9835,0.1167,22.4368,19.9609,2,8000,8000,1,1003,4
9,1,4,8000,2,466,31.7751,0.0106,2.0344,0.1168,22.2525,19.7433,2,8000,8000,1,1054,4
9,1,4,8000,2,467,31.5321,0.0149,1.919,0.1135,23.3374,20.9517,2,8000,8000,1,961,4
9,1,4,8000,2,468,31.0785,0.0137,2.1695,0.1176,23.1295,20.4429,2,8000,8000,1,1012,4
9,1,4,8000,2,469,41.6352,0.0224,2.4072,0.1306,33.0062,30.0653,2,8000,8000,1,1125,4
9,1,4,8000,2,470,35.9846,0.0201,2.4105,0.1428,26.0357,23.0787,2,8000,8000,1,1037,4
9,1,4,8000,2,471,34.4468,0.0129,2.2139,0.1183,23.1622,20.4586,3,8000,8000,1,1111,4
9,1,4,8000,2,472,32.2347,0.0151,2.5402,0.1254,23.6091,20.5824,1,8000,8000,1,1231,4
9,1,4,8000,2,473,32.8591,0.0204,2.3168,0.125,24.5339,21.6802,2,8000,8000,1,1493,4
9,1,4,8000,2,474,33.162,0.0156,2.3633,0.1198,23.7863,20.9415,2,8000,8000,1,909,4
9,1,4,8000,2,475,32.4413,0.0161,2.4908,0.124,23.5592,20.5465,2,8000,8000,1,1097,4
9,1,4,8000,2,476,31.2404,0.022,2.3859,0.1263,23.1282,20.2115,2,8000,8000,1,1092,4
9,1,4,8000,2,477,33.969,0.0189,2.1688,0.1268,23.6607,20.9469,2,8000,8000,1,1148,4
9,1,4,8000,2,478,34.9517,0.0169,2.4846,0.1346,25.3432,22.3431,2,8000,8000,1,1191,4
9,1,4,8000,2,479,32.3867,0.0131,2.2617,0.1182,23.2711,20.5283,2,8000,8000,1,1044,4
9,1,4,8000,2,480,32.1865,0.0127,2.3052,0.1272,23.5685,20.7672,2,8000,8000,1,982,4
9,1,4,8000,2,481,31.8372,0.0137,1.9511,0.1404,23.2202,20.7101,2,8000,8000,1,1064,4
9,1,4,8000,2,482,31.4514,0.0135,2.1438,0.1189,22.7414,20.1178,2,8000,8000,1,937,4
9,1,4,8000,2,483,31.1329,0.0167,2.1569,0.1197,22.4712,19.847,2,8000,8000,1,1004,4
9,1,4,8000,2,484,34.0684,0.0153,2.1509,0.1264,25.3129,22.6651,2,8000,8000,1,978,4
9,1,4,8000,2,485,30.3359,0.0152,1.8671,0.1178,22.0964,19.7724,2,8000,8000,1,1061,4
9,1,4,8000,2,486,30.3729,0.0124,2.1983,0.123,22.3319,19.6695,2,8000,8000,1,985,4
9,1,4,8000,2,487,33.2304,0.0292,2.4833,0.1287,24.4067,21.403,2,8000,8000,1,982,4
9,1,4,8000,2,488,41.9363,0.0374,1.9612,0.1249,28.9055,26.4088,2,8000,8000,1,1092,4
9,1,4,8000,2,489,32.9978,0.0185,2.1969,0.1271,24.1534,21.4548,2,8000,8000,1,987,4
9,1,4,8000,2,490,32.6247,0.0132,2.4351,0.1258,23.5681,20.6109,2,8000,8000,1,1018,4
9,1,4,8000,2,491,33.1597,0.0144,2.1219,0.122,23.2626,20.6464,2,8000,8000,1,1045,4
9,1,4,8000,2,492,34.1843,0.0174,2.1334,0.1366,25.228,22.5811,2,8000,8000,1,1043,4
9,1,4,8000,2,493,32.2381,0.0136,2.1848,0.1786,23.1913,20.4536,2,8000,8000,1,956,4
9,1,4,8000,2,494,35.8116,0.0142,2.5233,0.1316,25.123,22.0321,2,8000,8000,1,1073,4
9,1,4,8000,2,495,33.7818,0.0161,2.2187,0.1304,24.0737,21.3558,2,8000,8000,1,1158,4
9,1,4,8000,2,496,31.2877,0.0157,1.8169,0.1214,22.7973,20.5154,2,8000,8000,1,1062,4
9,1,4,8000,2,497,33.3452,0.0138,2.4866,0.1227,25.1188,22.1312,2,8000,8000,1,1104,4
9,1,4,8000,2,498,32.245,0.0128,2.2963,0.1273,22.9071,20.1261,2,8000,8000,1,1134,4
9,1,4,8000,2,499,31.8962,0.0159,2.3921,0.1252,23.1523,20.2563,2,8000,8000,1,1227,4
9,1,4,8000,2,500,33.9759,0.0165,2.4335,0.1308,24.4506,21.4824,2,8000,8000,1,1179,4
9,1,4,8000,2,501,31.9714,0.0183,2.1718,0.1258,23.0195,20.3326,2,8000,8000,1,1070,4
9,1,4,8000,2,502,31.1174,0.0173,2.478,0.126,23.196,20.22,2,8000,8000,1,1230,4
9,1,4,8000,2,503,32.0008,0.0156,2.3423,0.1527,23.0663,20.2226,2,8000,8000,1,1178,4
9,1,4,8000,2,504,33.8217,0.0159,2.2771,0.1191,23.347,20.5758,2,8000,8000,1,1203,4
9,1,4,8000,2,505,32.7343,0.0144,2.4975,0.1316,23.9221,20.9097,2,8000,8000,1,1002,4
9,1,4,8000,2,506,32.8195,0.0133,2.4294,0.1221,24.2516,21.3029,2,8000,8000,1,1210,4
9,1,4,8000,2,507,34.5761,0.013,2.9223,0.1387,25.668,21.9913,2,8000,8000,1,1116,4
9,1,4,8000,2,508,33.2293,0.03,2.5724,0.1194,23.3815,20.2922,2,8000,8000,1,1057,4
9,1,4,8000,2,509,32.0337,0.0148,2.0968,0.1266,23.0395,20.439,2,8000,8000,1,1106,4
9,1,4,8000,2,510,33.4448,0.0152,2.343,0.1216,24.226,21.3659,2,8000,8000,1,1132,4
9,1,4,8000,2,511,32.4182,0.0152,2.471,0.1309,23.6522,20.684,2,8000,8000,1,1162,4
9,1,4,8000,2,512,32.8524,0.0149,2.3532,0.127,23.7563,20.8914,2,8000,8000,1,1145,4
9,1,4,8000,2,513,33.4285,0.0138,2.5648,0.1253,23.9111,20.8227,1,8000,8000,1,1345,4
9,1,4,8000,2,514,32.2107,0.0162,2.0377,0.1247,23.2901,20.668,3,8000,8000,1,1141,4
9,1,4,8000,2,515,32.9324,0.0123,2.9447,0.1207,23.4473,20.0487,1,8000,8000,1,1005,4
9,1,4,8000,2,516,31.5886,0.0138,2.5757,0.118,23.3042,20.263,2,8000,8000,1,1381,4
9,1,4,8000,2,517,31.8668,0.0135,2.4912,0.1359,23.6518,20.608,2,8000,8000,1,862,4
9,1,4,8000,2,518,42.0949,0.0278,2.9852,0.1336,30.2623,26.691,2,8000,8000,1,1132,4
9,1,4,8000,2,519,34.596,0.0204,2.0925,0.1344,24.6745,22.032,3,8000,8000,1,1121,4
9,1,4,8000,2,520,33.0996,0.0187,2.6885,0.1304,24.3429,21.1497,2,8000,8000,1,1384,4
9,1,4,8000,2,521,34.8684,0.0265,3.1912,0.1386,26.3681,22.614,2,8000,8000,1,1448,4
9,1,4,8000,2,522,36.3499,0.0168,2.8133,0.1332,27.1142,23.7396,2,8000,8000,1,1126,4
9,1,4,8000,2,523,33.3679,0.0144,2.6727,0.1241,24.3564,21.1803,2,8000,8000,1,1237,4
9,1,4,8000,2,524,32.7318,0.0157,2.5323,0.1225,23.6504,20.6205,2,8000,8000,1,1170,4
9,1,4,8000,2,525,33.005,0.0122,2.1533,0.1276,23.7588,21.1056,2,8000,8000,1,1080,4
9,1,4,8000,2,526,32.2413,0.0151,2.0574,0.1192,23.377,20.8328,2,8000,8000,1,1134,4
9,1,4,8000,2,527,34.1849,0.0338,2.4742,0.1225,23.8104,20.8227,2,8000,8000,1,1197,4
9,1,4,8000,2,528,32.8496,0.0134,2.6177,0.1252,24.1861,21.0565,2,8000,8000,1,1046,4
9,1,4,8000,2,529,33.3315,0.0147,3.6685,0.1251,24.5787,20.403,2,8000,8000,1,1208,4
9,1,4,8000,2,530,32.345,0.015,2.3905,0.1288,23.4012,20.5065,2,8000,8000,1,1258,4
9,1,4,8000,2,531,33.0445,0.0157,2.4088,0.1161,24.5427,21.5715,2,8000,8000,1,1134,4
9,1,4,8000,2,532,32.4293,0.0115,2.7036,0.1223,23.4292,20.2555,2,8000,8000,1,1061,4
9,1,4,8000,2,533,31.6053,0.0164,2.3441,0.1245,23.0249,20.1975,2,8000,8000,1,1250,4
9,1,4,8000,2,534,33.7958,0.0123,2.4355,0.119,24.9695,22.0479,2,8000,8000,1,1187,4
9,1,4,8000,2,535,32.7469,0.016,2.6203,0.1305,23.7586,20.6498,2,8000,8000,1,1167,4
9,1,4,8000,2,536,32.7967,0.0154,1.9617,0.1223,22.7658,20.3121,2,8000,8000,1,1174,4
9,1,4,8000,2,537,34.0256,0.0155,3.094,0.1884,24.6566,20.8426,2,8000,8000,1,1155,4
9,1,4,8000,2,538,33.6783,0.0146,2.5639,0.127,24.5586,21.4849,2,8000,8000,1,1223,4
9,1,4,8000,2,539,32.4274,0.0159,2.2927,0.1245,23.6663,20.8842,2,8000,8000,1,1108,4
9,1,4,8000,2,540,32.0026,0.0149,2.3936,0.1225,23.8552,20.9601,2,8000,8000,1,1066,4
9,1,4,8000,2,541,34.8309,0.0139,2.466,0.1278,25.763,22.8002,2,8000,8000,1,1225,4
9,1,4,8000,2,542,31.2235,0.016,1.8219,0.1199,22.5658,20.2835,2,8000,8000,1,1044,4
9,1,4,8000,2,543,30.9117,0.0141,2.1914,0.1248,22.459,19.7893,2,8000,8000,1,1021,4
9,1,4,8000,2,544,34.1766,0.0157,2.5994,0.1215,26.7855,23.6839,1,8000,8000,1,1097,4
9,1,4,8000,2,545,32.9509,0.015,2.0459,0.1169,22.9456,20.4101,3,8000,8000,1,1145,4
9,1,4,8000,2,546,32.3292,0.0152,2.7101,0.1172,23.4665,20.2866,1,8000,8000,1,1187,4
9,1,4,8000,2,547,30.6299,0.0183,1.8855,0.1195,22.6206,20.2384,2,8000,8000,1,1158,4
9,1,4,8000,2,548,32.6101,0.0165,2.3111,0.1171,23.6378,20.8188,2,8000,8000,1,930,4
9,1,4,8000,2,549,32.0721,0.016,2.3522,0.1257,22.6457,19.8055,2,8000,8000,1,1101,4
9,1,4,8000,2,550,32.0116,0.0147,2.2962,0.1212,23.7417,20.9388,2,8000,8000,1,1187,4
10,0,27,8000,2,151,49.588,0.6016,21.9715,0.1126,41.264,18.2296,3,8000,8000,1,1435,27
10,0,27,8000,2,152,47.2023,0.1653,20.0614,0.1213,38.7333,17.9055,3,8000,8000,1,1875,27
10,0,27,8000,2,153,47.4129,0.1573,19.7366,0.1195,39.1001,18.7212,3,8000,8000,1,2124,27
10,0,27,8000,2,154,47.2663,0.131,20.2559,0.1134,39.1426,18.2284,3,8000,8000,1,2236,27
10,0,27,8000,2,155,41.6604,0.1855,15.0178,0.1168,33.6705,17.9746,2,8000,8000,1,1900,27
10,0,27,8000,2,156,49.8827,0.1586,23.197,0.1172,41.791,17.9755,3,8000,8000,1,1761,27
10,0,27,8000,2,157,47.7987,0.1702,20.9595,0.1105,39.6029,18.003,3,8000,8000,1,2058,27
10,0,27,8000,2,158,50.1914,0.1488,22.8038,0.1095,42.0891,18.6643,3,8000,8000,1,2625,27
10,0,27,8000,2,159,62.6761,0.167,32.1158,0.1239,53.7191,20.9069,3,8000,8000,1,2267,27
10,0,27,8000,2,160,67.8282,0.1722,38.2588,0.1199,57.3573,18.3593,4,8000,8000,1,2696,27
10,0,27,8000,2,161,68.3609,0.1821,38.6281,0.1123,58.7294,19.4179,4,8000,8000,1,3742,27
10,0,27,8000,2,162,65.1114,0.1654,36.4681,0.1206,56.2057,19.0227,4,8000,8000,1,3683,27
10,0,27,8000,2,163,65.274,0.1982,37.0624,0.1154,56.691,18.945,4,8000,8000,1,3887,27
10,0,27,8000,2,164,58.305,0.1558,31.5476,0.1113,50.369,18.1871,3,8000,8000,1,3550,27
10,0,27,8000,2,165,66.6213,0.2259,38.3503,0.1162,57.7806,18.7087,4,8000,8000,1,2727,27
10,0,27,8000,2,166,65.3254,0.214,36.9777,0.1156,56.7453,19.0671,4,8000,8000,1,3388,27
10,0,27,8000,2,167,60.5462,0.1566,32.5975,0.1124,51.8656,18.6517,4,8000,8000,1,3110,27
10,0,27,8000,2,168,65.4831,0.16,37.7475,0.1117,56.6094,18.2357,4,8000,8000,1,3675,27
10,0,27,8000,2,169,54.3911,0.1234,26.0798,0.1147,44.8055,18.1298,3,8000,8000,1,2809,27
10,0,27,8000,2,170,60.1308,0.1888,32.8106,0.1058,51.7246,18.2791,4,8000,8000,1,2764,27
10,0,27,8000,2,171,51.033,0.1295,22.8408,0.106,42.5998,19.1452,3,8000,8000,1,2137,27
10,0,27,8000,2,172,52.1941,0.1779,24.1949,0.1728,43.7628,18.8609,3,8000,8000,1,2151,27
10,0,27,8000,2,173,56.2975,0.1487,28.8373,0.1064,47.47,18.0522,4,8000,8000,1,2607,27
10,0,27,8000,2,174,50.0498,0.1395,24.2568,0.1253,42.1292,17.186,3,8000,8000,1,2373,27
10,0,27,8000,2,175,49.9758,0.1354,21.7583,0.1139,42.057,19.6656,3,8000,8000,1,1697,27
10,0,27,8000,2,176,49.1098,0.1159,22.2638,0.114,41.0665,18.2182,3,8000,8000,1,1509,27
10,0,27,8000,2,177,50.9874,0.1625,23.6851,0.1142,42.63,18.2377,3,8000,8000,1,1757,27
10,0,27,8000,2,178,50.3309,0.1342,22.3614,0.1194,42.3079,19.2558,3,8000,8000,1,1661,27
10,0,27,8000,2,179,49.6424,0.1364,21.0458,0.1163,40.8335,19.1493,3,8000,8000,1,1760,27
10,0,27,8000,2,180,48.6788,0.127,22.1586,0.1518,40.5623,17.74,3,8000,8000,1,1506,27
10,0,27,8000,2,181,48.9661,0.1419,21.7082,0.1176,40.3767,18.0645,3,8000,8000,1,1572,27
10,0,27,8000,2,182,45.5573,0.1187,18.3573,0.123,36.9787,18.0175,3,8000,8000,1,1374,27
10,0,27,8000,2,183,45.1642,0.1478,18.7458,0.1333,37.523,18.0078,3,8000,8000,1,1399,27
10,0,27,8000,2,184,42.8754,0.109,16.1916,0.112,34.7385,17.8902,2,8000,8000,1,1020,27
10,0,27,8000,2,185,44.4686,0.1815,17.6307,0.1364,35.7062,17.3959,3,8000,8000,1,1206,27
10,0,27,8000,2,186,42.5182,0.0908,15.0444,0.1079,33.5337,17.9287,2,8000,8000,1,1137,27
10,0,27,8000,2,187,44.7639,0.1251,17.93,0.1207,36.3576,17.8275,3,8000,8000,1,1121,27
10,0,27,8000,2,188,45.2217,0.1221,18.2304,0.1882,37.2884,18.3829,3,8000,8000,1,1211,27
10,0,27,8000,2,189,39.3463,0.1162,11.8502,0.1212,30.6465,18.2064,2,8000,8000,1,1062,27
10,0,27,8000,2,190,42.9712,0.1422,15.9614,0.1715,34.7601,18.1476,3,8000,8000,1,1130,27
10,0,27,8000,2,191,39.4335,0.0798,11.4254,0.1224,30.3187,18.3207,2,8000,8000,1,1006,27
10,0,27,8000,2,192,43.1672,0.1621,15.5121,0.1138,35.26,19.1033,3,8000,8000,1,1062,27
10,0,27,8000,2,193,38.3073,0.1389,11.9879,0.1108,30.8632,18.2646,2,8000,8000,1,997,27
10,0,27,8000,2,194,44.8572,0.1595,17.5824,0.1283,36.1441,17.9112,3,8000,8000,1,1287,27
10,0,27,8000,2,195,36.9165,0.1226,11.09,0.1088,29.3807,17.7059,2,8000,8000,1,948,27
10,0,27,8000,2,196,42.9166,0.1883,15.4733,0.1203,34.8576,18.716,3,8000,8000,1,1036,27
10,0,27,8000,2,197,41.4305,0.0992,14.6352,0.1163,33.2952,18.036,2,8000,8000,1,1129,27
10,0,27,8000,2,198,45.7073,0.124,18.0269,0.116,37.078,18.453,3,8000,8000,1,1020,27
10,0,27,8000,2,199,37.3624,0.0819,11.0347,0.1105,29.3708,17.784,2,8000,8000,1,906,27
10,0,27,8000,2,200,44.8176,0.1353,14.9251,0.1919,35.8739,20.2042,3,8000,8000,1,1010,27
10,0,27,8000,2,201,37.7749,0.1345,11.6253,0.1076,29.98,17.77,2,8000,8000,1,1050,27
10,0,27,8000,2,202,43.2481,0.1074,16.073,0.1116,34.7807,18.0605,3,8000,8000,1,1156,27
10,0,27,8000,2,203,41.1101,0.1015,12.3283,0.1849,31.7679,18.6806,2,8000,8000,1,1060,27
10,0,27,8000,2,204,43.0967,0.1321,16.7681,0.1073,35.3601,17.998,3,8000,8000,1,1180,27
10,0,27,8000,2,205,38.673,0.185,11.5065,0.1156,30.7111,18.5309,2,8000,8000,1,1081,27
10,0,27,8000,2,206,40.0397,0.1086,11.6714,0.1076,30.7965,18.5618,2,8000,8000,1,831,27
10,0,27,8000,2,207,43.3287,0.1511,17.0072,0.1138,35.5211,17.8687,3,8000,8000,1,1074,27
10,0,27,8000,2,208,43.261,0.0907,12.5511,0.107,34.7312,21.5401,2,8000,8000,1,1011,27
10,0,27,8000,2,209,50.2803,0.1975,19.2745,0.1147,40.2349,20.2687,3,8000,8000,1,1152,27
10,0,27,8000,2,210,49.9931,0.1251,19.8843,0.1195,40.9173,20.3349,3,8000,8000,1,1316,27
10,0,27,8000,2,211,46.8682,0.4772,17.3767,0.1131,36.7395,18.43,3,8000,8000,1,1424,27
10,0,27,8000,2,212,46.6275,0.1311,19.5816,0.1644,38.3834,18.164,3,8000,8000,1,1271,27
10,0,27,8000,2,213,43.2352,0.1194,15.8212,0.1141,34.3745,17.9535,3,8000,8000,1,1274,27
10,0,27,8000,2,214,39.8817,0.3726,12.5575,0.1081,31.6684,18.2508,2,8000,8000,1,1216,27
10,0,27,8000,2,215,46.6194,0.2023,18.5586,0.1407,38.6568,19.3096,3,8000,8000,1,1590,27
10,0,27,8000,2,216,58.7691,0.1466,25.087,0.1189,47.5396,21.769,3,8000,8000,1,1676,27
10,0,27,8000,2,217,47.2471,0.1186,17.637,0.1081,36.6914,18.4597,3,8000,8000,1,1688,27
10,0,27,8000,2,218,46.9282,0.1326,19.7572,0.1152,38.9089,18.5515,3,8000,8000,1,1614,27
10,0,27,8000,2,219,48.2202,0.1252,21.3281,0.1395,39.7914,17.7791,3,8000,8000,1,1831,27
10,0,27,8000,2,220,50.3793,0.1382,23.0431,0.1099,42.263,18.5875,3,8000,8000,1,1835,27
10,0,27,8000,2,221,45.1578,0.1207,17.3049,0.1161,36.7497,18.8527,3,8000,8000,1,1584,27
10,0,27,8000,2,222,44.8881,0.1173,17.1518,0.1137,36.7917,19.02,2,8000,8000,1,1432,27
10,0,27,8000,2,223,44.8914,0.1191,17.0894,0.1123,36.0786,18.4149,3,8000,8000,1,1395,27
10,0,27,8000,2,224,47.5834,0.1375,19.5809,0.1094,38.8546,18.6604,3,8000,8000,1,1677,27
10,0,27,8000,2,225,46.5725,0.1232,18.9298,0.1105,38.5005,18.9873,3,8000,8000,1,1836,27
10,0,27,8000,2,226,42.4338,0.105,14.66,0.115,33.6565,18.4093,2,8000,8000,1,1326,27
10,0,27,8000,2,227,45.0414,0.1441,17.129,0.1466,36.2474,18.3903,3,8000,8000,1,1226,27
10,0,27,8000,2,228,45.7723,0.2076,17.8968,0.108,37.6733,19.0557,3,8000,8000,1,1480,27
10,0,27,8000,2,229,44.3904,0.0888,14.2507,0.1189,35.5224,20.6266,2,8000,8000,1,1379,27
10,0,27,8000,2,230,44.5603,0.127,17.3978,0.1062,36.5375,18.5811,3,8000,8000,1,1450,27
10,0,27,8000,2,231,46.7674,0.1189,18.4296,0.1289,38.3299,19.2798,3,8000,8000,1,1958,27
10,0,27,8000,2,232,40.469,0.0887,13.425,0.1134,32.2421,18.2678,2,8000,8000,1,1340,27
10,0,27,8000,2,233,46.8146,0.1364,19.0521,0.1203,38.9765,19.3057,3,8000,8000,1,1446,27
10,0,27,8000,2,234,46.4859,0.1267,18.747,0.1891,37.7616,18.3547,3,8000,8000,1,1665,27
10,0,27,8000,2,235,40.6505,0.086,13.5608,0.1101,32.1023,17.9904,2,8000,8000,1,1713,27
10,0,27,8000,2,236,45.8348,0.2081,18.6697,0.1126,37.4636,18.1193,3,8000,8000,1,1568,27
10,0,27,8000,2,237,46.4355,0.1499,20.0372,0.1287,38.4846,17.7566,3,8000,8000,1,2051,27
10,0,27,8000,2,238,44.3773,0.0985,15.4097,0.1135,35.766,19.7068,2,8000,8000,1,1684,27
10,0,27,8000,2,239,49.5394,0.1439,21.7057,0.1117,40.6583,18.3485,3,8000,8000,1,1594,27
10,0,27,8000,2,240,47.4141,0.1161,18.9014,0.1246,37.744,18.2529,3,8000,8000,1,1886,27
10,0,27,8000,2,241,47.4805,0.1177,19.5978,0.1182,38.1948,17.9533,3,8000,8000,1,1873,27
10,0,27,8000,2,242,48.1541,0.1456,20.0771,0.1186,39.369,18.6709,3,8000,8000,1,1678,27
10,0,27,8000,2,243,48.3768,0.2074,17.8199,0.1306,39.3093,20.7221,3,8000,8000,1,1570,27
10,0,27,8000,2,244,53.841,0.1379,21.1757,0.1164,45.7299,23.6577,3,8000,8000,1,1924,27
10,0,27,8000,2,245,49.9131,0.1361,20.8243,0.113,39.6911,18.275,3,8000,8000,1,1713,27
10,0,27,8000,2,246,47.3425,0.1988,19.8118,0.1288,39.046,18.4912,3,8000,8000,1,1742,27
10,0,27,8000,2,247,48.4961,0.2204,20.569,0.1103,39.9348,18.6787,3,8000,8000,1,2024,27
10,0,27,8000,2,248,45.277,0.1266,17.9185,0.1289,36.9223,18.3815,3,8000,8000,1,1596,27
10,0,27,8000,2,249,40.0448,0.0809,13.4629,0.1225,31.6082,17.5923,2,8000,8000,1,1549,27
10,0,27,8000,2,250,44.1577,0.1277,16.7052,0.124,35.46,18.137,3,8000,8000,1,1349,27
10,0,27,8000,2,251,43.431,0.1,13.1712,0.164,33.7822,19.9592,2,8000,8000,1,1567,27
10,0,27,8000,2,252,45.2876,0.0896,18.0347,0.1152,37.1966,18.6141,3,8000,8000,1,1596,27
10,0,27,8000,2,253,44.7679,0.4784,17.0442,0.1061,36.6195,18.6355,3,8000,8000,1,1461,27
10,0,27,8000,2,254,41.6641,0.1095,13.8311,0.111,33.3573,18.9583,2,8000,8000,1,1597,27
10,0,27,8000,2,255,45.7099,0.137,18.2812,0.1361,36.8535,17.8418,3,8000,8000,1,1456,27
10,0,27,8000,2,256,50.8792,0.13,19.9499,0.1267,41.955,21.2164,3,8000,8000,1,1831,27
10,0,27,8000,2,257,47.4593,0.114,19.3133,0.1069,38.2109,18.3357,3,8000,8000,1,1842,27
10,0,27,8000,2,258,41.4175,0.0823,13.0698,0.1311,33.0962,19.3974,2,8000,8000,1,1447,27
10,0,27,8000,2,259,56.1643,0.147,19.6129,0.1465,48.2643,27.8949,3,8000,8000,1,1441,27
10,0,27,8000,2,260,50.1256,0.1338,20.6943,0.1164,40.3842,19.1127,3,8000,8000,1,1678,27
10,0,27,8000,2,261,49.8232,0.1214,20.4569,0.1335,40.0978,18.9508,3,8000,8000,1,2026,27
10,0,27,8000,2,262,46.7646,0.1348,18.9231,0.122,38.3971,18.8507,3,8000,8000,1,1842,27
10,0,27,8000,2,263,49.2126,0.1135,19.3259,0.1455,41.1407,21.1772,3,8000,8000,1,2020,27
10,0,27,8000,2,264,46.5994,0.4806,19.0541,0.1238,38.8292,18.7959,3,8000,8000,1,1752,27
10,0,27,8000,2,265,48.3716,0.4131,20.0416,0.1044,40.1219,19.1658,3,8000,8000,1,1624,27
10,0,27,8000,2,266,48.3692,0.1573,18.4521,0.1343,37.7506,18.6399,3,8000,8000,1,1733,27
10,0,27,8000,2,267,46.9489,0.1488,19.223,0.1103,39.0705,19.2406,3,8000,8000,1,1674,27
10,0,27,8000,2,268,46.0375,0.4565,17.2883,0.1084,37.7672,19.552,3,8000,8000,1,1574,27
10,0,27,8000,2,269,41.732,0.1173,12.6909,0.1334,32.9798,19.6947,2,8000,8000,1,1293,27
10,0,27,8000,2,270,47.1231,0.1634,17.7377,0.1219,37.9875,19.5429,3,8000,8000,1,1384,27
10,0,27,8000,2,271,43.8354,0.1804,17.2144,0.137,35.3688,17.4906,3,8000,8000,1,1589,27
10,0,27,8000,2,272,41.8834,0.1038,12.1863,0.1102,32.7933,20.0242,2,8000,8000,1,1424,27
10,0,27,8000,2,273,46.5453,0.4383,16.5942,0.1146,37.3077,19.7273,3,8000,8000,1,1292,27
10,0,27,8000,2,274,48.2233,0.4321,18.0961,0.1258,39.2508,20.205,3,8000,8000,1,1779,27
10,0,27,8000,2,275,42.7953,0.1167,14.5738,0.1146,34.2054,18.9229,2,8000,8000,1,1374,27
10,0,27,8000,2,276,47.4208,0.1245,20.6543,0.1163,39.3022,18.0063,3,8000,8000,1,1451,27
10,0,27,8000,2,277,45.3982,0.2142,18.6736,0.1075,37.3847,18.0449,3,8000,8000,1,1672,27
10,0,27,8000,2,278,49.1327,0.4595,20.4477,0.1218,39.6558,18.2091,3,8000,8000,1,1640,27
10,0,27,8000,2,279,45.7964,0.1219,18.1094,0.2448,37.1019,18.2779,3,8000,8000,1,1558,27
10,0,27,8000,2,280,41.7142,0.1037,13.844,0.1133,33.322,18.8452,2,8000,8000,1,1067,27
10,0,27,8000,2,281,45.0707,0.1592,18.0209,0.1119,36.6446,17.9476,3,8000,8000,1,1359,27
10,0,27,8000,2,282,41.5874,0.4402,13.565,0.1242,33.3413,18.8324,2,8000,8000,1,1320,27
10,0,27,8000,2,283,44.9255,0.2056,17.1123,0.1104,36.4684,18.7001,3,8000,8000,1,1466,27
10,0,27,8000,2,284,51.3376,0.1983,21.7957,0.1038,42.0995,19.6343,3,8000,8000,1,1804,27
10,0,27,8000,2,285,48.3662,0.5207,18.3811,0.1102,40.0164,20.6622,3,8000,8000,1,1510,27
10,0,27,8000,2,286,47.6473,0.1458,19.9891,0.1111,39.205,18.5741,3,8000,8000,1,1534,27
10,0,27,8000,2,287,43.3691,0.1251,16.3699,0.1481,34.7353,17.668,3,8000,8000,1,1557,27
10,0,27,8000,2,288,46.3381,0.3866,17.3041,0.1417,37.7936,19.4798,2,8000,8000,1,1504,27
10,0,27,8000,2,289,47.1257,0.1244,18.6753,0.1488,38.4192,19.0222,3,8000,8000,1,1596,27
10,0,27,8000,2,290,48.4622,0.1388,20.0096,0.1097,40.2242,19.6201,3,8000,8000,1,1708,27
10,0,27,8000,2,291,49.987,0.1324,21.6944,0.1185,41.5666,19.2518,3,8000,8000,1,1920,27
10,0,27,8000,2,292,48.5719,0.1087,18.149,0.1109,38.0422,19.3266,3,8000,8000,1,1444,27
10,0,27,8000,2,293,46.5309,0.1684,18.741,0.126,38.4495,19.0441,3,8000,8000,1,1873,27
10,0,27,8000,2,294,43.8472,0.0913,14.1171,0.1082,34.9149,20.21,2,8000,8000,1,1548,27
10,0,27,8000,2,295,47.5318,0.1187,18.2947,0.1163,38.6955,19.7906,3,8000,8000,1,1506,27
10,0,27,8000,2,296,45.6381,0.1183,18.7539,0.1176,36.957,17.6134,3,8000,8000,1,1724,27
10,0,27,8000,2,297,45.6126,0.1498,18.4263,0.1163,37.929,18.8541,3,8000,8000,1,1599,27
10,0,27,8000,2,298,43.1192,0.092,14.7376,0.1255,35.0157,19.6328,2,8000,8000,1,1275,27
10,0,27,8000,2,299,48.0592,0.1646,19.6971,0.1938,39.7682,19.2873,3,8000,8000,1,1417,27
10,0,27,8000,2,300,46.8284,0.1167,16.8572,0.11,37.4486,20.0081,3,8000,8000,1,1500,27
10,0,27,8000,2,301,55.0345,0.1396,21.3926,0.1254,46.3982,24.2408,3,8000,8000,1,1560,27
10,0,27,8000,2,302,54.2098,0.1381,23.1206,0.1124,43.7936,19.9992,3,8000,8000,1,1442,27
10,0,27,8000,2,303,57.6954,0.2028,24.2513,0.1283,47.3648,22.0196,3,8000,8000,1,1562,27
10,0,27,8000,2,304,52.051,0.5249,23.4343,0.11,43.3053,18.8805,4,8000,8000,1,1874,27
10,0,27,8000,2,305,47.0834,0.135,18.1456,0.1106,38.3242,19.5767,3,8000,8000,1,1767,27
10,0,27,8000,2,306,47.2548,0.4324,18.3201,0.1132,38.3138,19.1021,3,8000,8000,1,1572,27
10,0,27,8000,2,307,42.3678,0.0843,13.776,0.1144,33.4763,19.1454,2,8000,8000,1,1208,27
10,0,27,8000,2,308,47.7099,0.1564,18.0214,0.1156,38.532,19.8774,3,8000,8000,1,1334,27
10,0,27,8000,2,309,45.8958,0.1304,17.3332,0.1133,36.7757,18.8441,3,8000,8000,1,1348,27
10,0,27,8000,2,310,45.1303,0.1398,15.9879,0.1078,35.9972,19.4175,3,8000,8000,1,1530,27
10,0,27,8000,2,311,39.2666,0.1128,11.2448,0.1119,30.684,18.8015,2,8000,8000,1,1080,27
10,0,27,8000,2,312,45.3582,0.1049,16.566,0.1397,36.5551,19.3061,3,8000,8000,1,1258,27
10,0,27,8000,2,313,42.3618,0.0847,13.3213,0.1119,34.1729,20.2283,2,8000,8000,1,1140,27
10,0,27,8000,2,314,42.7041,0.134,15.4978,0.1232,33.5726,17.4527,3,8000,8000,1,1175,27
10,0,27,8000,2,315,42.2593,0.1023,13.5689,0.1153,33.0784,18.9172,2,8000,8000,1,1434,27
10,0,27,8000,2,316,45.2102,0.1252,17.4933,0.1154,36.9009,18.8198,3,8000,8000,1,1348,27
10,0,27,8000,2,317,44.6897,0.121,16.0664,0.2068,35.9318,19.1911,3,8000,8000,1,1453,27
10,0,27,8000,2,318,41.2,0.1151,12.0136,0.1119,32.2803,19.6821,2,8000,8000,1,1360,27
10,0,27,8000,2,319,44.4746,0.1314,16.6926,0.1058,36.3145,19.0339,3,8000,8000,1,1132,27
10,0,27,8000,2,320,40.6301,0.099,12.9525,0.1107,31.5181,17.9675,2,8000,8000,1,1313,27
10,0,27,8000,2,321,42.6923,0.1844,15.7024,0.1153,35.1948,18.8334,3,8000,8000,1,1156,27
10,0,27,8000,2,322,40.317,0.403,12.5989,0.1152,32.1842,18.6034,2,8000,8000,1,1176,27
10,0,27,8000,2,323,45.6621,0.493,16.9891,0.1104,36.9834,19.0456,3,8000,8000,1,1219,27
10,0,27,8000,2,324,47.8146,0.4457,18.8239,0.1219,39.6808,19.888,3,8000,8000,1,1550,27
10,0,27,8000,2,325,48.6437,0.1281,20.0474,0.1122,39.3669,18.6887,3,8000,8000,1,1629,27
10,0,27,8000,2,326,44.0025,0.0939,13.8558,0.1084,35.0342,20.6023,2,8000,8000,1,1452,27
10,0,27,8000,2,327,48.2948,0.1445,19.9199,0.1126,39.8336,19.3098,3,8000,8000,1,1450,27
10,0,27,8000,2,328,49.85,0.1164,19.6934,0.1169,41.4954,21.1853,3,8000,8000,1,1581,27
10,0,27,8000,2,329,53.3271,0.1126,21.0779,0.1548,43.4531,21.6522,3,8000,8000,1,1837,27
10,0,27,8000,2,330,48.8269,0.1535,18.5574,0.1118,39.3855,20.197,3,8000,8000,1,1583,27
10,0,27,8000,2,331,48.0709,0.1268,18.7183,0.114,38.9158,19.5899,3,8000,8000,1,1833,27
10,0,27,8000,2,332,45.6468,0.1376,17.8865,0.1727,37.6416,19.0833,3,8000,8000,1,1422,27
10,0,27,8000,2,333,47.1584,0.1225,20.578,0.1227,38.9742,17.7215,3,8000,8000,1,1750,27
10,0,27,8000,2,334,45.5869,0.1211,17.1603,0.1117,37.4028,19.5821,3,8000,8000,1,1459,27
10,0,27,8000,2,335,41.2988,0.0887,13.1885,0.1126,32.7976,19.0536,2,8000,8000,1,1455,27
10,0,27,8000,2,336,46.0357,0.3993,18.1113,0.1243,37.7895,18.7213,3,8000,8000,1,1376,27
10,0,27,8000,2,337,46.766,0.1301,17.7344,0.1126,37.8129,19.4786,3,8000,8000,1,1468,27
10,0,27,8000,2,338,42.5158,0.1033,13.625,0.1179,32.8707,18.6195,2,8000,8000,1,1634,27
10,0,27,8000,2,339,47.0808,0.1205,18.3073,0.1269,38.4157,19.4356,3,8000,8000,1,1404,27
10,0,27,8000,2,340,46.6762,0.1497,17.9058,0.1071,37.3494,18.8427,3,8000,8000,1,1824,27
10,0,27,8000,2,341,46.6706,0.1254,17.6586,0.1118,37.1113,18.859,3,8000,8000,1,1608,27
10,0,27,8000,2,342,38.8496,0.0858,12.1679,0.1043,30.6994,17.985,2,8000,8000,1,1156,27
10,0,27,8000,2,343,48.9884,0.1682,20.8472,0.1371,41.0694,19.5283,3,8000,8000,1,1309,27
10,0,27,8000,2,344,46.1501,0.1276,19.1052,0.1159,38.3732,18.6901,3,8000,8000,1,1356,27
10,0,27,8000,2,345,39.8462,0.0759,11.8806,0.1089,31.7429,19.3178,2,8000,8000,1,1147,27
10,0,27,8000,2,346,45.7311,0.186,17.7256,0.1185,37.4906,18.9764,3,8000,8000,1,1191,27
10,0,27,8000,2,347,41.0866,0.0777,12.754,0.1144,32.6216,19.1843,2,8000,8000,1,1338,27
10,0,27,8000,2,348,44.5292,0.1169,15.9316,0.1085,36.0677,19.5262,3,8000,8000,1,1319,27
10,0,27,8000,2,349,43.7114,0.1258,15.8409,0.1088,35.7603,19.3119,3,8000,8000,1,1423,27
10,0,27,8000,2,350,41.1356,0.1011,12.891,0.114,33.5779,20.0501,2,8000,8000,1,1324,27
10,0,27,8000,2,351,45.4562,0.1719,17.0973,0.1142,37.3062,19.5497,3,8000,8000,1,1353,27
10,0,27,8000,2,352,42.1082,0.0897,13.4726,0.116,33.3993,19.3339,2,8000,8000,1,1252,27
10,0,27,8000,2,353,47.9772,0.476,18.5803,0.1132,39.598,20.0407,3,8000,8000,1,1192,27
10,0,27,8000,2,354,47.8799,0.122,18.6997,0.1123,39.2116,19.9145,3,8000,8000,1,1668,27
10,0,27,8000,2,355,47.5039,0.1393,19.4669,0.1192,39.4562,19.3702,3,8000,8000,1,1857,27
10,0,27,8000,2,356,46.5471,0.126,17.9927,0.1137,38.4472,19.8549,3,8000,8000,1,1621,27
10,0,27,8000,2,357,41.7334,0.0758,12.8084,0.1154,33.359,19.9428,2,8000,8000,1,1253,27
10,0,27,8000,2,358,43.7985,0.1573,17.752,0.1178,35.6392,17.2517,3,8000,8000,1,1459,27
10,0,27,8000,2,359,43.8266,0.0871,14.256,0.1087,33.538,18.7057,2,8000,8000,1,1591,27
10,0,27,8000,2,360,44.3265,0.1272,16.8825,0.1124,36.3493,18.7903,3,8000,8000,1,1326,27
10,0,27,8000,2,361,45.9363,0.1243,18.293,0.1132,37.841,18.9652,3,8000,8000,1,1493,27
10,0,27,8000,2,362,45.8163,0.1262,19.0464,0.1202,37.9975,18.3471,3,8000,8000,1,1804,27
10,0,27,8000,2,363,41.187,0.096,12.6194,0.1107,32.6165,19.4367,2,8000,8000,1,1197,27
10,0,27,8000,2,364,44.9827,0.137,16.7384,0.1111,36.7992,19.4598,3,8000,8000,1,1312,27
10,0,27,8000,2,365,42.9639,0.1606,13.7,0.1097,33.5658,19.23,2,8000,8000,1,1474,27
10,0,27,8000,2,366,48.1608,0.1463,19.9103,0.1118,39.4023,18.845,3,8000,8000,1,1508,27
10,0,27,8000,2,367,45.0942,0.1455,17.1171,0.1119,36.8078,19.0876,3,8000,8000,1,1388,27
10,0,27,8000,2,368,43.6326,0.1138,18.1594,0.1237,35.7022,16.9563,3,8000,8000,1,1903,27
10,0,27,8000,2,369,40.9956,0.0887,12.5425,0.1542,32.1967,19.0382,2,8000,8000,1,1285,27
10,0,27,8000,2,370,45.5777,0.1492,17.7484,0.1104,37.3156,18.9193,3,8000,8000,1,1338,27
10,0,27,8000,2,371,41.6589,0.097,12.4827,0.1266,33.3491,20.2772,2,8000,8000,1,1416,27
10,0,27,8000,2,372,43.8709,0.1234,15.8641,0.1103,35.555,19.0975,3,8000,8000,1,1253,27
10,0,27,8000,2,373,46.2011,0.126,17.8249,0.1171,37.5725,19.0883,3,8000,8000,1,1460,27
10,0,27,8000,2,374,39.3679,0.3815,11.9601,0.1108,31.3324,18.4205,2,8000,8000,1,1236,27
10,0,27,8000,2,375,45.2493,0.1458,17.3876,0.1082,36.9933,18.9272,3,8000,8000,1,1236,27
10,0,27,8000,2,376,39.1756,0.0994,13.2774,0.1071,31.6269,17.7805,2,8000,8000,1,1183,27
10,0,27,8000,2,377,43.23,0.0932,14.9912,0.1232,33.4157,17.8106,3,8000,8000,1,1085,27
10,0,27,8000,2,378,38.857,0.1432,13.0393,0.1336,31.0867,17.348,2,8000,8000,1,1417,27
10,0,27,8000,2,379,44.3017,0.1782,17.382,0.121,36.306,18.2739,3,8000,8000,1,1280,27
10,0,27,8000,2,380,39.7608,0.3232,12.3892,0.1094,31.735,18.5642,2,8000,8000,1,1437,27
10,0,27,8000,2,381,45.562,0.3805,18.1902,0.1756,37.2258,18.1259,3,8000,8000,1,1306,27
10,0,27,8000,2,382,40.3793,0.1114,12.5674,0.121,32.464,19.2703,2,8000,8000,1,1484,27
10,0,27,8000,2,383,45.0376,0.344,17.1035,0.1337,36.7014,18.7453,3,8000,8000,1,1470,27
10,0,27,8000,2,384,45.7706,0.1559,17.6452,0.1155,37.1659,18.8899,3,8000,8000,1,1617,27
10,0,27,8000,2,385,40.121,0.3224,11.9213,0.1204,31.2182,18.4168,2,8000,8000,1,1419,27
10,0,27,8000,2,386,46.0287,0.3878,18.0963,0.1055,37.9579,19.011,3,8000,8000,1,1454,27
10,0,27,8000,2,387,49.2307,0.1454,20.662,0.1322,40.4976,19.1365,3,8000,8000,1,1655,27
10,0,27,8000,2,388,41.9764,0.0894,12.4247,0.1294,32.6785,19.6163,2,8000,8000,1,1214,27
10,0,27,8000,2,389,52.3216,0.4173,19.3774,0.1145,42.3618,22.0401,3,8000,8000,1,1379,27
10,0,27,8000,2,390,54.6378,0.1392,22.2339,0.1194,45.6291,22.6956,3,8000,8000,1,1563,27
10,0,27,8000,2,391,53.0962,0.1568,22.1346,0.1112,41.5848,18.8047,3,8000,8000,1,1545,27
10,0,27,8000,2,392,54.7438,0.1642,25.5935,0.1121,45.6906,19.4557,4,8000,8000,1,1813,27
10,0,27,8000,2,393,59.2733,0.1573,26.7676,0.1678,50.2875,22.6747,3,8000,8000,1,1885,27
10,0,27,8000,2,394,50.1036,0.1395,21.0491,0.1459,41.3801,19.5582,3,8000,8000,1,1680,27
10,0,27,8000,2,395,50.7459,0.1243,21.5026,0.1077,41.4496,19.3457,3,8000,8000,1,1615,27
10,0,27,8000,2,396,47.4251,0.145,20.3586,0.1784,39.5327,18.4269,3,8000,8000,1,1833,27
10,0,27,8000,2,397,48.4614,0.1145,20.066,0.1186,40.6084,19.7233,3,8000,8000,1,1793,27
10,0,27,8000,2,398,49.1231,0.1327,20.9598,0.1098,40.0968,18.5399,3,8000,8000,1,1711,27
10,0,27,8000,2,399,51.4683,0.1235,21.5803,0.1073,40.5638,18.4084,3,8000,8000,1,1733,27
10,0,27,8000,2,400,46.2839,0.3889,17.3791,0.1115,36.8945,18.6304,3,8000,8000,1,1680,27
10,0,27,8000,2,401,47.5273,0.2993,19.4094,0.1252,39.0381,18.8363,3,8000,8000,1,1609,27
10,0,27,8000,2,402,47.0275,0.4371,19.0992,0.1125,38.521,18.5057,3,8000,8000,1,1573,27
10,0,27,8000,2,403,48.0811,0.1606,18.9146,0.1188,38.739,19.1774,3,8000,8000,1,1800,27
10,0,27,8000,2,404,46.8772,0.1846,19.5241,0.1125,38.4136,18.2457,3,8000,8000,1,1767,27
10,0,27,8000,2,405,39.7574,0.292,12.0418,0.1193,30.8606,18.0013,2,8000,8000,1,1360,27
10,0,27,8000,2,406,45.0398,0.3506,16.925,0.1181,36.1781,18.417,3,8000,8000,1,1214,27
10,0,27,8000,2,407,41.6355,0.3519,12.9655,0.1219,32.7313,18.9337,2,8000,8000,1,1347,27
10,0,27,8000,2,408,44.2775,0.1949,16.5142,0.1135,35.5158,18.3421,3,8000,8000,1,1380,27
10,0,27,8000,2,409,45.9809,0.1377,18.5949,0.1065,37.6524,18.4377,3,8000,8000,1,1549,27
10,0,27,8000,2,410,45.2058,0.4279,13.8798,0.1201,35.3072,20.452,2,8000,8000,1,1212,27
10,0,27,8000,2,411,46.7234,0.2118,17.7328,0.1093,37.2269,18.7934,3,8000,8000,1,1327,27
10,0,27,8000,2,412,49.4111,0.1321,18.2289,0.1243,39.2472,20.3245,3,8000,8000,1,1400,27
10,0,27,8000,2,413,50.1486,0.3903,19.7932,0.122,41.1968,20.4584,3,8000,8000,1,1677,27
10,0,27,8000,2,414,53.8128,0.1397,19.0177,0.1116,45.7541,26.0368,3,8000,8000,1,1614,27
10,0,27,8000,2,415,72.5069,0.1577,30.1662,0.168,59.7204,28.4474,3,8000,8000,1,1643,27
10,0,27,8000,2,416,91.6356,0.2376,46.7859,0.1456,77.8369,30.0633,5,8000,8000,1,2213,27
10,0,27,8000,2,417,77.8511,0.2079,43.7542,0.1305,66.1775,21.6546,5,8000,8000,1,3242,27
10,0,27,8000,2,418,75.564,0.2028,43.1035,0.1351,66.2887,22.406,5,8000,8000,1,2715,27
10,0,27,8000,2,419,62.9711,0.184,30.6659,0.1269,53.3286,21.894,4,8000,8000,1,2658,27
10,0,27,8000,2,420,66.2835,0.1593,32.1257,0.1405,55.6266,22.6966,4,8000,8000,1,2187,27
10,0,27,8000,2,421,67.4184,0.1751,32.7815,0.1197,57.2083,23.6612,4,8000,8000,1,2080,27
10,0,27,8000,2,422,76.3795,0.2529,36.2584,0.1673,63.9307,26.7448,4,8000,8000,1,2126,27
10,0,27,8000,2,423,92.1239,0.23,46.1127,0.1859,77.1245,30.0314,5,8000,8000,1,2404,27
10,0,27,8000,2,424,82.0046,0.2209,46.4035,0.1263,68.3921,21.1838,5,8000,8000,1,2734,27
10,0,27,8000,2,425,72.5168,0.2109,40.591,0.1477,63.1925,21.8377,5,8000,8000,1,2909,27
10,0,27,8000,2,426,57.5564,0.1729,26.0529,0.1281,47.6635,20.8917,4,8000,8000,1,2277,27
10,0,27,8000,2,427,56.0663,0.1799,25.9474,0.1194,46.2487,19.5887,4,8000,8000,1,2326,27
10,0,27,8000,2,428,55.669,0.154,23.2962,0.136,46.301,22.3129,3,8000,8000,1,2420,27
10,0,27,8000,2,429,60.9967,0.1845,25.6753,0.1108,51.6663,25.2922,4,8000,8000,1,2004,27
10,0,27,8000,2,430,53.3786,0.1391,22.2277,0.1944,42.7857,19.7992,3,8000,8000,1,1830,27
10,0,27,8000,2,431,51.2891,0.1347,19.8865,0.1156,41.4531,20.9206,3,8000,8000,1,1580,27
10,0,27,8000,2,432,51.6904,0.1481,22.571,0.1174,42.5799,19.3381,3,8000,8000,1,1817,27
10,0,27,8000,2,433,54.6472,0.1701,24.7942,0.1215,45.1865,19.7206,4,8000,8000,1,1547,27
10,0,27,8000,2,434,49.5076,0.1341,18.6863,0.1282,40.4132,21.0869,3,8000,8000,1,1970,27
10,0,27,8000,2,435,50.2795,0.131,20.3997,0.1708,39.8963,18.8272,3,8000,8000,1,1655,27
10,0,27,8000,2,436,45.1869,0.1339,17.3011,0.1183,37.2388,19.325,3,8000,8000,1,1698,27
10,0,27,8000,2,437,46.682,0.1362,17.973,0.1116,37.4499,18.7006,3,8000,8000,1,1483,27
10,0,27,8000,2,438,41.0705,0.0827,12.6305,0.1595,32.5872,19.3483,2,8000,8000,1,1350,27
10,0,27,8000,2,439,46.9275,0.2242,18.256,0.119,38.7767,19.8007,3,8000,8000,1,1353,27
10,0,27,8000,2,440,46.6154,0.4715,18.6882,0.1729,37.95,18.2617,3,8000,8000,1,1824,27
10,0,27,8000,2,441,42.4141,0.0898,12.7435,0.1088,32.4315,19.1317,2,8000,8000,1,1245,27
10,0,27,8000,2,442,47.2989,0.1232,18.7794,0.1356,38.4071,18.9791,3,8000,8000,1,1496,27
10,0,27,8000,2,443,46.1881,0.1137,18.2524,0.111,37.0761,18.2531,3,8000,8000,1,1685,27
10,0,27,8000,2,444,45.6422,0.1001,17.8564,0.1227,36.9134,18.4777,3,8000,8000,1,1596,27
10,0,27,8000,2,445,41.6369,0.1511,14.0051,0.1061,33.808,19.0221,2,8000,8000,1,1263,27
10,0,27,8000,2,446,46.5734,0.4482,18.651,0.1802,37.7389,18.1218,3,8000,8000,1,1381,27
10,0,27,8000,2,447,51.2571,0.1414,22.9802,0.1125,42.2282,18.6406,3,8000,8000,1,1751,27
10,0,27,8000,2,448,46.3613,0.1371,18.9302,0.1111,38.5066,18.9791,3,8000,8000,1,1604,27
10,0,27,8000,2,449,43.9655,0.1038,14.0496,0.1447,33.895,19.1756,2,8000,8000,1,1399,27
10,0,27,8000,2,450,46.4307,0.1346,18.855,0.1163,38.0831,18.4325,3,8000,8000,1,1258,27
10,0,27,8000,2,451,47.8005,0.119,18.7336,0.1609,38.9066,19.4208,3,8000,8000,1,1496,27
10,0,27,8000,2,452,50.3396,0.1212,17.7397,0.1905,41.6628,23.2229,3,8000,8000,1,1771,27
10,0,27,8000,2,453,69.0567,0.1564,30.1828,0.1234,53.6281,22.505,3,8000,8000,1,1619,27
10,0,27,8000,2,454,65.509,0.1775,30.6865,0.1309,53.2191,21.5691,4,8000,8000,1,1816,27
10,0,27,8000,2,455,57.8221,0.1791,27.1151,0.112,47.1153,19.3234,4,8000,8000,1,2077,27
10,0,27,8000,2,456,53.5705,0.1324,22.7679,0.1433,44.2342,20.7441,3,8000,8000,1,1794,27
10,0,27,8000,2,457,78.5432,0.2121,34.9855,0.163,69.2474,33.2603,4,8000,8000,1,2112,27
10,0,27,8000,2,458,80.3807,0.2611,43.5845,0.1353,66.0549,21.5982,4,8000,8000,1,2259,27
10,0,27,8000,2,459,67.4404,0.4151,36.1848,0.1306,58.1237,20.9376,5,8000,8000,1,2694,27
10,0,27,8000,2,460,63.286,0.2029,31.7378,0.1191,54.0125,21.5233,4,8000,8000,1,2817,27
10,0,27,8000,2,461,68.7163,0.1658,32.0146,0.162,59.0392,25.9894,4,8000,8000,1,2872,27
10,0,27,8000,2,462,68.8709,0.2394,37.7331,0.1162,57.5499,19.0265,4,8000,8000,1,2496,27
10,0,27,8000,2,463,59.1271,0.1673,27.7308,0.1388,49.7016,21.2047,4,8000,8000,1,2800,27
10,0,27,8000,2,464,58.5627,0.1614,26.9785,0.125,48.7926,21.013,4,8000,8000,1,2268,27
10,0,27,8000,2,465,46.3689,0.1111,18.3298,0.1105,37.621,18.7224,3,8000,8000,1,2182,27
10,0,27,8000,2,466,47.3503,0.135,19.7343,0.2594,39.0501,18.5636,3,8000,8000,1,1832,27
10,0,27,8000,2,467,49.0574,0.1205,21.2463,0.1332,41.1012,19.2025,3,8000,8000,1,1669,27
10,0,27,8000,2,468,51.673,0.1062,22.513,0.1207,42.7307,19.6273,3,8000,8000,1,1778,27
10,0,27,8000,2,469,51.8833,0.1443,21.3286,0.1168,42.4592,20.4051,3,8000,8000,1,2040,27
10,0,27,8000,2,470,52.4825,0.1279,19.8029,0.131,42.5984,22.1319,3,8000,8000,1,1492,27
10,0,27,8000,2,471,50.8344,0.0977,20.8937,0.1079,40.6434,19.191,3,8000,8000,1,1928,27
10,0,27,8000,2,472,47.67,0.1448,19.2639,0.1117,38.4956,18.6172,3,8000,8000,1,1744,27
10,0,27,8000,2,473,48.0392,0.1346,19.6893,0.1124,39.4367,19.1431,3,8000,8000,1,1817,27
10,0,27,8000,2,474,44.3846,0.1368,16.7667,0.1169,35.9124,18.4838,3,8000,8000,1,1427,27
10,0,27,8000,2,475,45.8586,0.1343,16.8746,0.1231,36.8395,19.263,3,8000,8000,1,1659,27
10,0,27,8000,2,476,39.9825,0.1132,12.4973,0.114,31.8059,18.7031,2,8000,8000,1,1248,27
10,0,27,8000,2,477,46.3693,0.1689,18.6433,0.1691,38.0992,18.7652,3,8000,8000,1,1379,27
10,0,27,8000,2,478,45.5283,0.2103,18.7814,0.1688,37.4838,17.932,3,8000,8000,1,1425,27
10,0,27,8000,2,479,41.8598,0.1125,14.7736,0.111,33.4459,18.0798,2,8000,8000,1,1041,27
10,0,27,8000,2,480,44.4068,0.1207,17.0752,0.1223,36.3282,18.6497,3,8000,8000,1,1348,27
10,0,27,8000,2,481,42.1578,0.1317,14.3723,0.104,33.9265,18.9656,2,8000,8000,1,1290,27
10,0,27,8000,2,482,45.7051,0.1246,16.5321,0.1115,36.2841,19.1533,3,8000,8000,1,1325,27
10,0,27,8000,2,483,45.537,0.1242,17.2081,0.11,36.5685,18.7773,3,8000,8000,1,1585,27
10,0,27,8000,2,484,44.4568,0.0929,14.0085,0.123,34.0129,19.4332,2,8000,8000,1,1367,27
10,0,27,8000,2,485,45.673,0.111,18.028,0.1159,37.5574,18.9493,3,8000,8000,1,1316,27
10,0,27,8000,2,486,46.5448,0.2771,16.9583,0.1189,36.8791,19.1607,3,8000,8000,1,1339,27
10,0,27,8000,2,487,44.8672,0.4521,17.887,0.1086,36.7103,17.8918,3,8000,8000,1,1467,27
10,0,27,8000,2,488,42.0745,0.0907,13.2039,0.1126,33.1987,19.3825,2,8000,8000,1,1248,27
10,0,27,8000,2,489,47.96,0.3834,18.6804,0.1433,39.4396,19.8547,3,8000,8000,1,1462,27
10,0,27,8000,2,490,50.2641,0.423,20.8665,0.1121,41.5208,19.743,3,8000,8000,1,1460,27
10,0,27,8000,2,491,48.3025,0.1417,19.935,0.1226,39.3247,18.7625,3,8000,8000,1,1777,27
10,0,27,8000,2,492,43.9436,0.425,16.9161,0.1109,35.5594,17.7585,3,8000,8000,1,1641,27
10,0,27,8000,2,493,40.9352,0.1305,13.6316,0.1089,33.007,18.7631,2,8000,8000,1,1465,27
10,0,27,8000,2,494,46.5966,0.1339,17.9846,0.1156,37.7406,19.1609,3,8000,8000,1,1401,27
10,0,27,8000,2,495,49.202,0.1638,18.8829,0.1154,39.7807,20.2662,3,8000,8000,1,2006,27
10,0,27,8000,2,496,47.1229,0.4441,17.9376,0.1212,38.6658,19.8089,3,8000,8000,1,1722,27
10,0,27,8000,2,497,41.9285,0.149,13.0579,0.1171,32.8283,19.0775,2,8000,8000,1,1262,27
10,0,27,8000,2,498,45.8009,0.4122,16.3538,0.1115,37.0353,19.799,3,8000,8000,1,1096,27
10,0,27,8000,2,499,43.6056,0.3994,15.1786,0.1214,35.6271,19.5814,3,8000,8000,1,1343,27
10,0,27,8000,2,500,40.3932,0.3863,12.5617,0.1153,32.592,19.1666,2,8000,8000,1,1247,27
10,0,27,8000,2,501,46.0552,0.1648,18.186,0.1182,38.0185,19.1157,3,8000,8000,1,1351,27
10,0,27,8000,2,502,42.8987,0.4346,13.183,0.1183,34.4403,20.3138,2,8000,8000,1,1325,27
10,0,27,8000,2,503,48.0679,0.2083,18.8322,0.1155,39.8319,20.3142,3,8000,8000,1,1263,27
10,0,27,8000,2,504,47.8588,0.3783,18.27,0.1104,38.9077,19.7991,3,8000,8000,1,1916,27
10,0,27,8000,2,505,50.0053,0.2196,20.6754,0.1201,41.3355,19.9492,3,8000,8000,1,1640,27
10,0,27,8000,2,506,47.3661,0.1482,17.8996,0.1227,38.4719,19.8676,3,8000,8000,1,1569,27
10,0,27,8000,2,507,52.2727,0.1243,20.2551,0.1093,41.9239,21.0224,3,8000,8000,1,1580,27
10,0,27,8000,2,508,49.6096,0.1254,18.6679,0.1126,39.5377,20.2522,3,8000,8000,1,1678,27
10,0,27,8000,2,509,47.1838,0.1428,17.3729,0.1132,37.5062,19.4599,3,8000,8000,1,1432,27
10,0,27,8000,2,510,49.8278,0.1766,19.945,0.1087,40.8252,20.2349,3,8000,8000,1,1593,27
10,0,27,8000,2,511,41.7167,0.0755,13.3424,0.1158,33.3895,19.4931,2,8000,8000,1,1574,27
10,0,27,8000,2,512,51.327,0.2025,20.4876,0.1084,41.6662,20.4819,3,8000,8000,1,1264,27
10,0,27,8000,2,513,47.6967,0.1284,19.0494,0.1108,39.2975,19.6042,3,8000,8000,1,1339,27
10,0,27,8000,2,514,46.8608,0.1413,18.3554,0.1285,38.52,19.4688,3,8000,8000,1,1437,27
10,0,27,8000,2,515,46.0897,0.1317,17.4512,0.1127,38.0384,19.9693,3,8000,8000,1,1367,27
10,0,27,8000,2,516,45.4064,0.1355,17.1049,0.1725,37.6725,19.8987,3,8000,8000,1,1315,27
10,0,27,8000,2,517,44.8019,0.1294,14.4291,0.1299,34.3811,19.273,2,8000,8000,1,1570,27
10,0,27,8000,2,518,56.556,0.1434,24.1529,0.1243,46.4609,21.6287,3,8000,8000,1,1295,27
10,0,27,8000,2,519,51.2442,0.1097,19.4387,0.116,39.1433,19.0902,3,8000,8000,1,1686,27
10,0,27,8000,2,520,46.4584,0.1364,17.2067,0.1083,37.3886,19.5336,3,8000,8000,1,1576,27
10,0,27,8000,2,521,47.1623,0.145,18.8168,0.1111,38.5867,19.1303,3,8000,8000,1,1498,27
10,0,27,8000,2,522,46.1066,0.4329,16.3238,0.1055,37.2913,20.1042,3,8000,8000,1,1362,27
10,0,27,8000,2,523,47.9962,0.2038,18.3423,0.117,37.7318,18.6692,3,8000,8000,1,1649,27
10,0,27,8000,2,524,45.8586,0.1415,18.1041,0.1045,37.4889,18.7622,3,8000,8000,1,1574,27
10,0,27,8000,2,525,42.5574,0.1691,13.1776,0.1167,32.1168,18.2943,2,8000,8000,1,1301,27
10,0,27,8000,2,526,49.05,0.1684,19.9505,0.1121,40.4398,19.8473,3,8000,8000,1,1313,27
10,0,27,8000,2,527,53.6765,0.1164,21.3474,0.1219,44.1124,22.1071,3,8000,8000,1,1572,27
10,0,27,8000,2,528,48.5611,0.132,18.2976,0.1152,39.5249,20.6216,3,8000,8000,1,1622,27
10,0,27,8000,2,529,47.2853,0.1489,18.8504,0.1472,39.0777,19.4707,3,8000,8000,1,1661,27
10,0,27,8000,2,530,53.33,0.1544,22.1605,0.1111,45.0481,22.2146,3,8000,8000,1,1650,27
10,0,27,8000,2,531,54.4898,0.157,21.3968,0.1747,41.976,19.8826,3,8000,8000,1,1648,27
10,0,27,8000,2,532,49.8568,0.161,19.4097,0.1217,41.144,21.0702,3,8000,8000,1,1717,27
10,0,27,8000,2,533,51.1125,0.15,21.5344,0.1226,42.025,19.7891,3,8000,8000,1,1533,27
10,0,27,8000,2,534,49.7682,0.135,20.0855,0.1244,41.2332,20.4907,3,8000,8000,1,1695,27
10,0,27,8000,2,535,55.2429,0.1527,22.288,0.1209,45.5308,22.5466,3,8000,8000,1,1443,27
10,0,27,8000,2,536,54.0075,0.2257,24.92,0.1127,44.6297,18.9842,4,8000,8000,1,1615,27
10,0,27,8000,2,537,46.5767,0.1405,18.4391,0.1123,37.3813,18.3337,3,8000,8000,1,1691,27
10,0,27,8000,2,538,47.4094,0.2115,18.6237,0.1141,39.3513,20.0431,3,8000,8000,1,1682,27
10,0,27,8000,2,539,47.9781,0.1518,18.362,0.1128,38.8851,19.8868,3,8000,8000,1,1718,27
10,0,27,8000,2,540,48.816,0.1235,19.1039,0.1742,39.1058,19.358,3,8000,8000,1,1820,27
10,0,27,8000,2,541,42.9451,0.098,13.3379,0.1108,33.9431,20.0337,2,8000,8000,1,1378,27
10,0,27,8000,2,542,46.328,0.1437,17.6281,0.1746,37.212,18.8874,3,8000,8000,1,1257,27
10,0,27,8000,2,543,47.2851,0.1136,18.069,0.1308,39.1638,20.4543,3,8000,8000,1,1475,27
10,0,27,8000,2,544,46.5044,0.1283,18.0639,0.1151,37.4514,18.8091,3,8000,8000,1,1597,27
10,0,27,8000,2,545,41.7469,0.0845,13.1649,0.1278,33.3195,19.5221,2,8000,8000,1,1479,27
10,0,27,8000,2,546,45.8426,0.1248,17.6278,0.1634,37.2542,18.9942,3,8000,8000,1,1262,27
10,0,27,8000,2,547,47.8337,0.1489,18.6433,0.1261,39.6913,20.374,3,8000,8000,1,1591,27
10,0,27,8000,2,548,45.6942,0.133,18.4437,0.1176,36.8492,17.8056,3,8000,8000,1,1713,27
10,0,27,8000,2,549,40.6549,0.0884,13.7851,0.1298,32.7409,18.3312,2,8000,8000,1,1466,27
10,0,27,8000,2,550,46.3926,0.1309,17.7403,0.1062,37.9864,19.6601,3,8000,8000,1,1355,27
11,1,27,8000,2,151,39.7935,0.0747,2.0911,0.1217,29.1862,26.5346,2,8000,8000,1,693,27
11,1,27,8000,2,152,35.6232,0.0564,1.5613,0.1113,26.2525,24.1783,2,8000,8000,1,731,27
11,1,27,8000,2,153,38.5787,0.0412,3.4175,0.2178,29.3234,24.898,2,8000,8000,1,774,27
11,1,27,8000,2,154,40.9253,0.0705,1.9992,0.1051,27.1617,24.6783,3,8000,8000,1,1014,27
11,1,27,8000,2,155,33.6474,0.5976,2.3899,0.1153,24.2255,20.811,2,8000,8000,1,1221,27
11,1,27,8000,2,156,41.1364,0.1183,2.199,0.3757,31.2251,28.1071,2,8000,8000,1,853,27
11,1,27,8000,2,157,36.4747,0.0728,1.8784,0.129,25.7627,23.364,2,8000,8000,1,694,27
11,1,27,8000,2,158,36.1997,0.0716,1.9163,0.1258,26.9121,24.4466,3,8000,8000,1,680,27
11,1,27,8000,2,159,34.0986,0.0456,1.7776,0.1162,24.9713,22.6437,2,8000,8000,1,677,27
11,1,27,8000,2,160,34.0525,0.099,1.4813,0.1125,25.2119,23.1531,2,8000,8000,1,604,27
11,1,27,8000,2,161,31.5614,0.0436,1.5675,0.1025,22.6625,20.6617,2,8000,8000,1,545,27
11,1,27,8000,2,162,30.6219,0.049,1.3342,0.1081,22.8685,21.0812,2,8000,8000,1,569,27
11,1,27,8000,2,163,34.1915,0.0454,2.1227,0.135,25.2141,22.2381,2,8000,8000,1,639,27
11,1,27,8000,2,164,38.7874,0.0437,2.3306,0.1248,27.8194,24.9367,2,8000,8000,1,697,27
11,1,27,8000,2,165,38.9251,0.0943,1.3981,0.1174,28.8034,26.8209,2,8000,8000,1,604,27
11,1,27,8000,2,166,36.4748,0.0533,1.6942,0.1279,26.8047,24.5012,2,8000,8000,1,706,27
11,1,27,8000,2,167,33.824,0.1335,1.4952,0.1111,25.0062,22.9424,3,8000,8000,1,760,27
11,1,27,8000,2,168,34.7961,0.5155,2.0434,0.1259,26.1806,23.1547,2,8000,8000,1,812,27
11,1,27,8000,2,169,33.0179,0.5266,1.5413,0.119,24.5009,21.9906,2,8000,8000,1,982,27
11,1,27,8000,2,170,33.1029,0.5025,1.8291,0.1057,23.2645,20.5019,2,8000,8000,1,816,27
11,1,27,8000,2,171,34.3204,0.111,2.0588,0.11,26.05,23.4193,2,8000,8000,1,1072,27
11,1,27,8000,2,172,33.1296,0.4927,1.5427,0.1146,24.4383,21.9215,2,8000,8000,1,913,27
11,1,27,8000,2,173,35.5184,0.0848,2.1654,0.1107,26.1372,23.4169,2,8000,8000,1,896,27
11,1,27,8000,2,174,42.1807,0.1177,2.9492,0.1298,30.3528,26.7761,2,8000,8000,1,1049,27
11,1,27,8000,2,175,40.7788,0.063,1.9311,0.1232,27.1844,24.6992,2,8000,8000,1,1188,27
11,1,27,8000,2,176,36.1205,0.0776,2.9162,0.1603,27.0475,23.1498,3,8000,8000,1,1332,27
11,1,27,8000,2,177,35.2998,0.0544,3.0577,0.1145,25.5714,22.0139,2,8000,8000,1,1636,27
11,1,27,8000,2,178,35.7667,0.0705,3.61,0.1624,26.3737,22.1893,2,8000,8000,1,2586,27
11,1,27,8000,2,179,34.0352,0.0452,3.2027,0.1187,25.6617,21.9828,2,8000,8000,1,1987,27
11,1,27,8000,2,180,33.8554,0.0474,3.2637,0.1077,25.8569,22.1248,2,8000,8000,1,2246,27
11,1,27,8000,2,181,34.9343,0.0337,3.4167,0.11,26.4033,22.5143,2,8000,8000,1,2305,27
11,1,27,8000,2,182,39.8338,0.0775,4.0602,0.1119,31.5733,26.9723,2,8000,8000,1,2217,27
11,1,27,8000,2,183,46.7797,0.0453,7.1171,0.121,37.4799,29.8226,3,8000,8000,1,3344,27
11,1,27,8000,2,184,39.4853,0.0609,4.4475,0.1045,28.8355,23.9023,3,8000,8000,1,2918,27
11,1,27,8000,2,185,36.4172,0.046,6.0053,0.1111,27.8658,21.3794,2,8000,8000,1,5190,27
11,1,27,8000,2,186,43.5144,0.0622,9.9442,0.127,35.5118,25.0331,2,8000,8000,1,6139,27
11,1,27,8000,2,187,38.419,0.1009,4.703,0.1193,29.031,23.7446,3,8000,8000,1,2638,27
11,1,27,8000,2,188,36.9129,0.0472,4.5508,0.1065,27.9635,22.9576,2,8000,8000,1,2213,27
11,1,27,8000,2,189,36.3117,0.0671,5.0859,0.1156,27.5266,21.8292,2,8000,8000,1,3583,27
11,1,27,8000,2,190,42.3327,0.0922,4.5145,0.1114,32.4188,27.3578,2,8000,8000,1,2281,27
11,1,27,8000,2,191,45.2711,0.063,4.2973,0.1176,33.9574,29.0972,3,8000,8000,1,1695,27
11,1,27,8000,2,192,50.3767,0.0486,4.0929,0.1405,36.0574,30.9851,3,8000,8000,1,1653,27
11,1,27,8000,2,193,37.3442,0.0522,2.9862,0.1072,27.1388,23.6593,3,8000,8000,1,1693,27
11,1,27,8000,2,194,37.9952,0.0563,4.0124,0.1379,29.4338,24.8331,2,8000,8000,1,1749,27
11,1,27,8000,2,195,37.5232,0.0637,2.7752,0.1096,26.1282,22.8678,2,8000,8000,1,1541,27
11,1,27,8000,2,196,35.7009,0.054,2.7638,0.1097,27.2825,24.0533,2,8000,8000,1,1343,27
11,1,27,8000,2,197,35.1193,0.0441,2.2172,0.118,26.1189,23.4072,3,8000,8000,1,1128,27
11,1,27,8000,2,198,37.1096,0.0648,3.3232,0.1173,28.4315,24.5786,2,8000,8000,1,1408,27
11,1,27,8000,2,199,41.9014,0.0753,3.6215,0.1211,32.9383,28.6511,2,8000,8000,1,1992,27
11,1,27,8000,2,200,38.3255,0.0671,3.2866,0.1409,28.6508,24.7778,2,8000,8000,1,1420,27
11,1,27,8000,2,201,41.0608,0.0453,2.9743,0.1283,27.7797,24.2305,3,8000,8000,1,1477,27
11,1,27,8000,2,202,34.7009,0.0607,2.57,0.1137,24.1764,21.0455,2,8000,8000,1,1426,27
11,1,27,8000,2,203,33.4779,0.0562,2.6521,0.1195,25.0011,21.8597,2,8000,8000,1,1493,27
11,1,27,8000,2,204,35.9589,0.0776,2.582,0.137,27.2056,24.0537,2,8000,8000,1,1066,27
11,1,27,8000,2,205,34.1414,0.0622,2.0468,0.1155,25.5947,23.0596,2,8000,8000,1,1179,27
11,1,27,8000,2,206,36.2762,0.0527,2.3592,0.1161,26.976,24.0385,3,8000,8000,1,1051,27
11,1,27,8000,2,207,38.055,0.0672,2.7851,0.1056,29.6959,26.3797,2,8000,8000,1,1132,27
11,1,27,8000,2,208,40.7705,0.1039,2.8148,0.1069,30.3677,26.9671,2,8000,8000,1,1224,27
11,1,27,8000,2,209,36.4915,0.0597,2.3022,0.1155,25.8036,22.8974,2,8000,8000,1,909,27
11,1,27,8000,2,210,33.4835,0.0391,1.5872,0.1386,24.1038,22.0303,3,8000,8000,1,847,27
11,1,27,8000,2,211,33.6265,0.048,2.1364,0.1071,24.0652,21.4113,2,8000,8000,1,964,27
11,1,27,8000,2,212,33.4861,0.0449,2.5151,0.1121,24.1828,21.189,2,8000,8000,1,1012,27
11,1,27,8000,2,213,33.0251,0.0691,2.0032,0.1184,24.0985,21.5018,2,8000,8000,1,838,27
11,1,27,8000,2,214,34.8429,0.0421,2.0811,0.1181,25.0884,22.5389,2,8000,8000,1,824,27
11,1,27,8000,2,215,35.286,0.0534,1.9581,0.1189,25.3526,22.7746,2,8000,8000,1,836,27
11,1,27,8000,2,216,38.7961,0.0429,2.7367,0.1563,29.9818,26.1277,2,8000,8000,1,808,27
11,1,27,8000,2,217,41.2458,0.1143,3.1316,0.1163,29.0187,24.9389,2,8000,8000,1,830,27
11,1,27,8000,2,218,40.52,0.1138,1.8797,0.1171,28.9042,26.5056,3,8000,8000,1,818,27
11,1,27,8000,2,219,35.0998,0.0662,2.0975,0.1225,26.0614,23.4232,2,8000,8000,1,1044,27
11,1,27,8000,2,220,32.6133,0.1306,2.2247,0.1079,23.6692,20.8752,2,8000,8000,1,1268,27
11,1,27,8000,2,221,31.8568,0.0412,1.9811,0.1059,23.6187,21.142,2,8000,8000,1,1190,27
11,1,27,8000,2,222,35.1986,0.0662,2.6765,0.1205,26.6491,23.4567,2,8000,8000,1,1388,27
11,1,27,8000,2,223,34.9832,0.0652,2.6704,0.1232,25.7912,22.4223,2,8000,8000,1,1496,27
11,1,27,8000,2,224,34.6886,0.0547,3.0633,0.1349,25.2873,21.655,2,8000,8000,1,1718,27
11,1,27,8000,2,225,35.0105,0.0643,3.1397,0.1336,26.5794,22.8134,2,8000,8000,1,1696,27
11,1,27,8000,2,226,51.3178,0.0541,8.05,0.1362,42.0511,33.4132,2,8000,8000,1,1853,27
11,1,27,8000,2,227,41.003,0.0607,3.1557,0.1233,28.9924,25.1986,4,8000,8000,1,1682,27
11,1,27,8000,2,228,35.7392,0.1325,3.3761,0.1073,26.9897,23.0686,2,8000,8000,1,1734,27
11,1,27,8000,2,229,35.3109,0.0602,3.4502,0.1072,24.9454,20.962,2,8000,8000,1,2595,27
11,1,27,8000,2,230,32.8104,0.049,3.0541,0.1275,24.631,21.0491,2,8000,8000,1,1769,27
11,1,27,8000,2,231,35.2927,0.1165,3.0328,0.1141,26.9338,23.3419,2,8000,8000,1,1603,27
11,1,27,8000,2,232,34.4195,0.0567,3.0715,0.105,26.0779,22.5355,2,8000,8000,1,1518,27
11,1,27,8000,2,233,34.6316,0.0538,2.9429,0.116,26.0804,22.6183,2,8000,8000,1,1335,27
11,1,27,8000,2,234,39.235,0.0683,3.4738,0.1325,30.095,26.0426,2,8000,8000,1,1402,27
11,1,27,8000,2,235,42.4849,0.0466,3.4404,0.1223,31.3198,27.3533,3,8000,8000,1,1258,27
11,1,27,8000,2,236,44.1152,0.0884,3.8255,0.1107,31.7332,27.3572,2,8000,8000,1,1323,27
11,1,27,8000,2,237,32.7584,0.0442,2.4702,0.1162,24.0142,21.0725,3,8000,8000,1,1290,27
11,1,27,8000,2,238,40.3055,0.0616,4.3407,0.1143,31.9133,27.0135,2,8000,8000,1,1087,27
11,1,27,8000,2,239,38.6207,0.0624,2.3366,0.1216,26.1742,23.2232,2,8000,8000,1,1297,27
11,1,27,8000,2,240,33.4155,0.0717,2.4053,0.1231,24.8863,21.9623,3,8000,8000,1,965,27
11,1,27,8000,2,241,34.0695,0.048,2.192,0.1299,25.4148,22.7152,2,8000,8000,1,1075,27
11,1,27,8000,2,242,33.1077,0.0797,2.2647,0.1179,24.8808,22.0563,2,8000,8000,1,969,27
11,1,27,8000,2,243,41.2864,0.0546,3.2902,0.1313,30.5102,26.3421,2,8000,8000,1,798,27
11,1,27,8000,2,244,40.8553,0.0717,2.1396,0.1302,29.9603,27.2282,2,8000,8000,1,901,27
11,1,27,8000,2,245,37.7866,0.0727,2.0339,0.1134,26.1472,23.5711,3,8000,8000,1,823,27
11,1,27,8000,2,246,32.9649,0.0544,2.1839,0.1111,24.4542,21.7891,2,8000,8000,1,1063,27
11,1,27,8000,2,247,36.0843,0.0525,2.0022,0.1319,27.2316,24.6704,2,8000,8000,1,935,27
11,1,27,8000,2,248,32.3617,0.5693,1.7446,0.1107,23.424,20.6972,2,8000,8000,1,866,27
11,1,27,8000,2,249,33.6534,0.0573,2.0576,0.1294,24.9309,22.2821,2,8000,8000,1,819,27
11,1,27,8000,2,250,33.7436,0.0488,1.7657,0.1178,24.1532,21.878,2,8000,8000,1,743,27
11,1,27,8000,2,251,31.2609,0.0584,1.9241,0.1166,21.8877,19.3894,2,8000,8000,1,846,27
11,1,27,8000,2,252,34.9751,0.4756,2.0609,0.1402,26.7448,23.5465,2,8000,8000,1,753,27
11,1,27,8000,2,253,41.1322,0.0471,2.3886,0.1167,27.494,24.5704,2,8000,8000,1,814,27
11,1,27,8000,2,254,41.5148,0.0612,3.5748,0.1128,30.2651,25.9107,3,8000,8000,1,797,27
11,1,27,8000,2,255,37.0533,0.6922,1.9665,0.1096,25.44,22.3495,2,8000,8000,1,963,27
11,1,27,8000,2,256,32.736,0.6017,1.8255,0.11,24.0315,21.1319,2,8000,8000,1,915,27
11,1,27,8000,2,257,33.5208,0.1187,1.6715,0.1059,24.4808,22.282,2,8000,8000,1,858,27
11,1,27,8000,2,258,33.277,0.0546,1.4524,0.1146,25.3432,23.3951,2,8000,8000,1,859,27
11,1,27,8000,2,259,32.9377,0.0808,1.9656,0.112,24.2435,21.7413,2,8000,8000,1,767,27
11,1,27,8000,2,260,32.0445,0.5096,1.8889,0.1097,23.7903,20.954,2,8000,8000,1,750,27
11,1,27,8000,2,261,32.5268,0.066,1.941,0.1806,24.0612,21.4915,2,8000,8000,1,756,27
11,1,27,8000,2,262,37.6741,0.0971,2.1739,0.1262,28.6669,25.8792,2,8000,8000,1,784,27
11,1,27,8000,2,263,40.7441,0.0881,2.0045,0.1109,30.2955,27.7308,2,8000,8000,1,862,27
11,1,27,8000,2,264,40.2247,0.0505,1.9645,0.117,28.2565,25.7633,3,8000,8000,1,834,27
11,1,27,8000,2,265,35.2594,0.0683,2.072,0.1266,24.4982,21.8738,2,8000,8000,1,888,27
11,1,27,8000,2,266,34.6878,0.0383,2.0235,0.1121,23.6279,21.1363,2,8000,8000,1,1112,27
11,1,27,8000,2,267,34.5025,0.0544,1.8902,0.1209,23.6256,21.1999,2,8000,8000,1,888,27
11,1,27,8000,2,268,32.7482,0.0607,1.9357,0.1208,23.5662,21.122,2,8000,8000,1,918,27
11,1,27,8000,2,269,32.1909,0.0549,2.104,0.1113,23.6262,21.0356,2,8000,8000,1,850,27
11,1,27,8000,2,270,31.1037,0.0556,1.5907,0.1133,22.5306,20.4242,2,8000,8000,1,975,27
11,1,27,8000,2,271,31.6041,0.0535,2.1047,0.1023,23.4371,20.8731,2,8000,8000,1,933,27
11,1,27,8000,2,272,33.726,0.0501,2.6818,0.1096,24.6104,21.4628,2,8000,8000,1,953,27
11,1,27,8000,2,273,33.919,0.0526,1.8642,0.1142,24.6131,22.2461,2,8000,8000,1,823,27
11,1,27,8000,2,274,35.44,0.0468,3.5953,0.1066,26.6733,22.56,2,8000,8000,1,912,27
11,1,27,8000,2,275,40.0814,0.0649,2.6237,0.1333,27.9954,24.7823,2,8000,8000,1,937,27
11,1,27,8000,2,276,44.2215,0.1142,2.9822,0.1348,32.6446,28.8897,3,8000,8000,1,983,27
11,1,27,8000,2,277,40.2231,0.2632,2.9362,0.1241,29.0649,25.2751,2,8000,8000,1,1017,27
11,1,27,8000,2,278,33.2365,0.0716,1.8938,0.1043,22.8223,20.4459,3,8000,8000,1,1214,27
11,1,27,8000,2,279,32.9446,0.0524,2.4624,0.1204,24.1085,21.1285,2,8000,8000,1,1117,27
11,1,27,8000,2,280,40.47,0.0575,2.5314,0.1117,28.22,25.14,2,8000,8000,1,1286,27
11,1,27,8000,2,281,34.3996,0.0435,2.6015,0.1206,24.8066,21.7453,2,8000,8000,1,1028,27
11,1,27,8000,2,282,33.9383,0.0514,2.4088,0.1089,24.566,21.6696,2,8000,8000,1,1051,27
11,1,27,8000,2,283,32.9592,0.0596,2.2781,0.1127,23.844,21.0299,2,8000,8000,1,951,27
11,1,27,8000,2,284,32.7796,0.0591,2.1592,0.1075,24.6509,21.9771,2,8000,8000,1,871,27
11,1,27,8000,2,285,34.7636,0.0479,1.8394,0.1211,24.9498,22.5371,2,8000,8000,1,966,27
11,1,27,8000,2,286,39.7744,0.0969,2.5637,0.1063,28.5753,25.4391,2,8000,8000,1,1054,27
11,1,27,8000,2,287,38.2465,0.0723,2.2619,0.108,26.8232,23.9723,3,8000,8000,1,1041,27
11,1,27,8000,2,288,38.9746,0.1263,3.1963,0.1254,28.9209,24.8656,2,8000,8000,1,1185,27
11,1,27,8000,2,289,36.5161,0.0548,2.4507,0.1151,25.2653,22.2864,2,8000,8000,1,1261,27
11,1,27,8000,2,290,31.499,0.0609,2.4217,0.1192,23.1689,20.2517,3,8000,8000,1,1192,27
11,1,27,8000,2,291,33.4819,0.0502,2.6793,0.1121,24.7723,21.5942,1,8000,8000,1,1226,27
11,1,27,8000,2,292,34.9316,0.0777,1.9553,0.11,26.5846,24.1134,2,8000,8000,1,1265,27
11,1,27,8000,2,293,31.6458,0.0498,1.9456,0.1101,23.0288,20.5269,2,8000,8000,1,809,27
11,1,27,8000,2,294,31.9539,0.5373,2.1289,0.1061,23.1073,19.9777,2,8000,8000,1,1136,27
11,1,27,8000,2,295,33.0117,0.0539,2.1388,0.1256,24.0959,21.4036,2,8000,8000,1,1060,27
11,1,27,8000,2,296,32.447,0.0604,2.2819,0.1132,23.6052,20.7488,2,8000,8000,1,1106,27
11,1,27,8000,2,297,32.1734,0.0653,1.9103,0.1087,23.101,20.592,2,8000,8000,1,952,27
11,1,27,8000,2,298,32.7831,0.0512,3.0888,0.1195,24.3063,20.6141,2,8000,8000,1,1108,27
11,1,27,8000,2,299,39.6852,0.056,2.8055,0.1207,27.9878,24.6084,2,8000,8000,1,1092,27
11,1,27,8000,2,300,38.7643,0.0508,2.4996,0.1177,27.1685,24.1397,3,8000,8000,1,1090,27
11,1,27,8000,2,301,39.2477,0.0834,2.4942,0.1168,26.6928,23.6636,2,8000,8000,1,1202,27
11,1,27,8000,2,302,34.0756,0.0462,2.1584,0.1095,25.5926,22.8893,2,8000,8000,1,1286,27
11,1,27,8000,2,303,35.0954,0.0927,2.2847,0.1089,26.0598,23.2373,2,8000,8000,1,1137,27
11,1,27,8000,2,304,34.238,0.0639,2.1907,0.1153,25.4125,22.72,2,8000,8000,1,1072,27
11,1,27,8000,2,305,34.4533,0.0617,1.9233,0.1089,25.0737,22.6334,2,8000,8000,1,1115,27
11,1,27,8000,2,306,34.9184,0.0431,2.4226,0.1105,25.8707,22.978,2,8000,8000,1,1164,27
11,1,27,8000,2,307,34.8237,0.0715,2.4225,0.1082,25.9281,23.0201,3,8000,8000,1,998,27
11,1,27,8000,2,308,35.4353,0.0539,2.4213,0.1011,26.0827,23.1973,2,8000,8000,1,1094,27
11,1,27,8000,2,309,35.4286,0.0639,2.3248,0.1087,25.8353,23.0279,2,8000,8000,1,1456,27
11,1,27,8000,2,310,34.8605,0.0703,2.0487,0.1124,25.3317,22.7652,2,8000,8000,1,1243,27
11,1,27,8000,2,311,34.1805,0.1996,2.4599,0.1067,25.5336,22.4173,2,8000,8000,1,1189,27
11,1,27,8000,2,312,34.4227,0.6588,2.5101,0.1112,25.6211,21.9959,2,8000,8000,1,1207,27
11,1,27,8000,2,313,33.5053,0.6159,2.4644,0.1071,25.3205,21.7273,2,8000,8000,1,1271,27
11,1,27,8000,2,314,32.3085,0.5391,2.3367,0.1068,23.9899,20.6893,2,8000,8000,1,1216,27
11,1,27,8000,2,315,33.7735,0.0406,1.9795,0.1099,25.4269,22.988,2,8000,8000,1,1073,27
11,1,27,8000,2,316,34.2847,0.1006,1.9785,0.1043,24.7676,22.245,2,8000,8000,1,1010,27
11,1,27,8000,2,317,33.2293,0.0524,2.2985,0.1061,24.9993,22.2662,2,8000,8000,1,1139,27
11,1,27,8000,2,318,35.5176,0.0524,2.2442,0.1084,26.0646,23.3145,2,8000,8000,1,1013,27
11,1,27,8000,2,319,35.0542,0.0986,2.2234,0.1021,24.9215,22.1934,2,8000,8000,1,1187,27
11,1,27,8000,2,320,35.0682,0.0786,2.044,0.111,26.8172,24.1647,2,8000,8000,1,1172,27
11,1,27,8000,2,321,32.2503,0.6471,2.3343,0.1076,24.1562,20.7339,2,8000,8000,1,1344,27
11,1,27,8000,2,322,35.7326,0.0674,2.6568,0.1211,27.0881,23.8855,2,8000,8000,1,1185,27
11,1,27,8000,2,323,35.5679,0.08,2.383,0.104,26.2546,23.3783,3,8000,8000,1,1221,27
11,1,27,8000,2,324,36.497,0.1729,2.5409,0.1072,26.0552,22.88,2,8000,8000,1,1488,27
11,1,27,8000,2,325,35.9297,0.0612,3.1614,0.1184,26.5019,22.82,2,8000,8000,1,1738,27
11,1,27,8000,2,326,37.9152,0.0647,3,0.1138,27.231,23.674,2,8000,8000,1,1328,27
11,1,27,8000,2,327,36.0168,0.0494,2.7453,0.116,26.5797,23.3044,2,8000,8000,1,1116,27
11,1,27,8000,2,328,41.1395,0.0591,4.2149,0.1267,31.4594,26.6878,2,8000,8000,1,1135,27
11,1,27,8000,2,329,32.9916,0.0412,2.4133,0.1115,23.4829,20.5331,3,8000,8000,1,1210,27
11,1,27,8000,2,330,38.2773,0.0477,3.1588,0.1354,28.9735,25.1749,2,8000,8000,1,1379,27
11,1,27,8000,2,331,39.5672,0.0511,2.3349,0.1449,27.2251,24.3592,2,8000,8000,1,1483,27
11,1,27,8000,2,332,35.831,0.0443,2.6654,0.1142,27.0126,23.8758,3,8000,8000,1,1279,27
11,1,27,8000,2,333,35.6349,0.1144,2.4764,0.1035,27.045,23.9869,2,8000,8000,1,1326,27
11,1,27,8000,2,334,35.5768,0.1225,2.7813,0.1147,26.8547,23.5079,2,8000,8000,1,1713,27
11,1,27,8000,2,335,35.0808,0.0895,2.5386,0.1181,26.1329,23.0106,2,8000,8000,1,1281,27
11,1,27,8000,2,336,35.6523,0.1157,2.5407,0.1098,26.2746,23.2038,2,8000,8000,1,1319,27
11,1,27,8000,2,337,34.6493,0.1323,2.5327,0.1149,25.7294,22.6296,2,8000,8000,1,1364,27
11,1,27,8000,2,338,34.8661,0.0724,2.4877,0.114,25.8175,22.8046,2,8000,8000,1,1244,27
11,1,27,8000,2,339,34.6819,0.0553,2.434,0.1252,26.0676,23.0982,2,8000,8000,1,1273,27
11,1,27,8000,2,340,33.1658,0.5963,2.3153,0.1076,23.2988,19.9027,3,8000,8000,1,1226,27
11,1,27,8000,2,341,34.3546,0.1186,2.6012,0.1193,26.4101,23.2076,2,8000,8000,1,1300,27
11,1,27,8000,2,342,34.1955,0.0476,2.5829,0.1117,24.7402,21.6831,2,8000,8000,1,1471,27
11,1,27,8000,2,343,31.94,0.0619,2.3355,0.1098,23.4303,20.6297,2,8000,8000,1,1166,27
11,1,27,8000,2,344,32.7308,0.0535,2.1608,0.1132,23.5099,20.8578,2,8000,8000,1,1139,27
11,1,27,8000,2,345,31.6376,0.0546,2.2986,0.1152,23.18,20.3497,1,8000,8000,1,1067,27
11,1,27,8000,2,346,32.7701,0.0564,2.2213,0.1291,23.6732,20.9491,2,8000,8000,1,987,27
11,1,27,8000,2,347,33.6884,0.1144,2.3057,0.1071,25.5706,22.6531,2,8000,8000,1,917,27
11,1,27,8000,2,348,32.0571,0.5963,1.736,0.1122,23.2623,20.4665,2,8000,8000,1,1188,27
11,1,27,8000,2,349,35.5755,0.1321,2.3125,0.1416,27.4342,24.384,2,8000,8000,1,982,27
11,1,27,8000,2,350,32.1524,0.0547,2.3393,0.1056,23.0054,20.1893,2,8000,8000,1,1035,27
11,1,27,8000,2,351,32.8794,0.0574,1.9119,0.1144,23.7656,21.3744,2,8000,8000,1,1005,27
11,1,27,8000,2,352,32.4333,0.0472,1.9146,0.1118,23.4762,21.064,2,8000,8000,1,1053,27
11,1,27,8000,2,353,32.1923,0.0561,2.218,0.1159,23.3422,20.6041,2,8000,8000,1,1095,27
11,1,27,8000,2,354,32.6823,0.058,2.3037,0.1191,24.5409,21.6413,2,8000,8000,1,975,27
11,1,27,8000,2,355,32.2243,0.0683,2.0818,0.1082,23.0998,20.5073,2,8000,8000,1,1024,27
11,1,27,8000,2,356,33.155,0.0432,1.8029,0.1081,22.6837,20.4135,2,8000,8000,1,1004,27
11,1,27,8000,2,357,32.2714,0.0539,2.1961,0.1115,23.2442,20.5576,2,8000,8000,1,942,27
11,1,27,8000,2,358,33.6418,0.0592,2.155,0.1287,24.7478,22.001,2,8000,8000,1,940,27
11,1,27,8000,2,359,31.9382,0.0531,1.9573,0.1193,23.295,20.8362,2,8000,8000,1,970,27
11,1,27,8000,2,360,34.785,0.0466,2.6339,0.1235,25.8077,22.6812,2,8000,8000,1,975,27
11,1,27,8000,2,361,33.6628,0.5421,2.1619,0.118,24.6517,21.5018,2,8000,8000,1,885,27
11,1,27,8000,2,362,32.7755,0.3641,1.5833,0.1307,23.3972,20.9696,2,8000,8000,1,1003,27
11,1,27,8000,2,363,33.6711,0.0669,2.0369,0.1121,24.7738,22.2496,2,8000,8000,1,954,27
11,1,27,8000,2,364,32.9152,0.041,2.3182,0.1199,24.5092,21.6882,2,8000,8000,1,994,27
11,1,27,8000,2,365,32.1893,0.0539,1.6542,0.1216,23.5793,21.4128,2,8000,8000,1,930,27
11,1,27,8000,2,366,31.9741,0.0591,2.1569,0.1022,23.3757,20.7344,2,8000,8000,1,1018,27
11,1,27,8000,2,367,38.7387,0.1092,2.8692,0.1196,28.5895,25.1312,2,8000,8000,1,1102,27
11,1,27,8000,2,368,39.9466,0.0486,1.9948,0.1255,29.2615,26.6062,2,8000,8000,1,978,27
11,1,27,8000,2,369,34.133,0.4905,2.8713,0.115,24.985,21.1951,3,8000,8000,1,895,27
11,1,27,8000,2,370,32.2103,0.0491,2.4752,0.1152,23.9463,20.999,2,8000,8000,1,1151,27
11,1,27,8000,2,371,34.1397,0.0576,2.4035,0.1123,24.5238,21.6371,2,8000,8000,1,1210,27
11,1,27,8000,2,372,33.5452,0.0536,2.6851,0.1161,24.8824,21.6611,2,8000,8000,1,992,27
11,1,27,8000,2,373,34.1255,0.0507,2.1784,0.109,23.3293,20.6929,2,8000,8000,1,944,27
11,1,27,8000,2,374,35.8624,0.1024,2.6416,0.1168,26.3288,23.1124,2,8000,8000,1,854,27
11,1,27,8000,2,375,34.8425,0.051,1.8248,0.1195,25.2813,22.9339,2,8000,8000,1,969,27
11,1,27,8000,2,376,35.4646,0.0472,2.2444,0.1146,25.6984,22.8696,2,8000,8000,1,875,27
11,1,27,8000,2,377,38.2026,0.0691,2.524,0.1331,28.3531,25.2695,2,8000,8000,1,960,27
11,1,27,8000,2,378,36.9596,0.0696,1.938,0.1174,27.6639,25.1747,2,8000,8000,1,996,27
11,1,27,8000,2,379,37.3663,0.0423,2.8482,0.1394,27.8586,24.3453,3,8000,8000,1,1000,27
11,1,27,8000,2,380,42.7725,0.0741,3.6004,0.1384,32.8432,28.5585,2,8000,8000,1,1245,27
11,1,27,8000,2,381,38.5051,0.0626,2.5259,0.1115,28.226,25.1612,2,8000,8000,1,1242,27
11,1,27,8000,2,382,39.2742,0.0451,3.3112,0.1261,28.1266,24.2636,3,8000,8000,1,1093,27
11,1,27,8000,2,383,38.3526,0.074,2.6522,0.1174,28.8714,25.6635,2,8000,8000,1,1096,27
11,1,27,8000,2,384,39.4278,0.0544,2.4625,0.1298,29.3303,26.2918,2,8000,8000,1,1259,27
11,1,27,8000,2,385,37.3383,0.0524,2.5222,0.1225,27.4041,24.2967,3,8000,8000,1,1158,27
11,1,27,8000,2,386,34.2414,0.0651,2.1724,0.1071,24.6601,21.9828,2,8000,8000,1,1122,27
11,1,27,8000,2,387,36.7651,0.0428,3.4883,0.124,27.2699,23.2425,2,8000,8000,1,1393,27
11,1,27,8000,2,388,36.2237,0.0576,2.7559,0.115,26.8561,23.5695,2,8000,8000,1,1320,27
11,1,27,8000,2,389,33.8642,0.0382,2.4734,0.1097,25.0537,22.1051,2,8000,8000,1,1122,27
11,1,27,8000,2,390,35.4508,0.0825,2.4591,0.1334,25.5194,22.4783,2,8000,8000,1,1197,27
11,1,27,8000,2,391,34.3041,0.0552,2.3189,0.122,24.5048,21.6003,3,8000,8000,1,1165,27
11,1,27,8000,2,392,35.597,0.0582,2.5548,0.1232,26.7954,23.7391,2,8000,8000,1,1240,27
11,1,27,8000,2,393,35.9551,0.0558,1.9585,0.1191,26.0565,23.5976,2,8000,8000,1,1055,27
11,1,27,8000,2,394,36.8574,0.0481,2.5569,0.1253,27.3453,24.2677,2,8000,8000,1,1072,27
11,1,27,8000,2,395,36.6041,0.5591,2.4676,0.1205,25.9506,22.4768,2,8000,8000,1,1112,27
11,1,27,8000,2,396,36.5973,0.0751,2.2433,0.1355,27.3727,24.5067,2,8000,8000,1,1046,27
11,1,27,8000,2,397,33.1178,0.0492,1.9404,0.123,23.8569,21.3311,3,8000,8000,1,986,27
11,1,27,8000,2,398,34.8699,0.0646,2.57,0.1203,25.7671,22.6519,2,8000,8000,1,1108,27
11,1,27,8000,2,399,35.1398,0.0463,2.4556,0.1252,25.6013,22.5378,2,8000,8000,1,1142,27
11,1,27,8000,2,400,33.537,0.0544,2.1276,0.1214,24.6873,22.0421,2,8000,8000,1,941,27
11,1,27,8000,2,401,34.0636,0.0609,1.9922,0.1215,24.3917,21.8695,2,8000,8000,1,938,27
11,1,27,8000,2,402,31.9688,0.0453,2.2752,0.1122,23.2611,20.504,2,8000,8000,1,1050,27
11,1,27,8000,2,403,32.2743,0.05,1.8587,0.1109,22.8475,20.5203,2,8000,8000,1,976,27
11,1,27,8000,2,404,32.5627,0.0737,1.8916,0.1151,23.8665,21.4018,2,8000,8000,1,990,27
11,1,27,8000,2,405,34.3221,0.0465,2.6173,0.1177,24.891,21.6258,2,8000,8000,1,1135,27
11,1,27,8000,2,406,35.0367,0.044,2.5508,0.1282,25.8856,22.8098,2,8000,8000,1,1038,27
11,1,27,8000,2,407,38.006,0.0534,2.6072,0.1237,27.879,24.7624,2,8000,8000,1,1112,27
11,1,27,8000,2,408,36.2625,0.0578,1.9282,0.1243,27.0329,24.5508,2,8000,8000,1,998,27
11,1,27,8000,2,409,35.4144,0.0493,2.3197,0.1237,25.8927,23.056,2,8000,8000,1,1134,27
11,1,27,8000,2,410,36.4501,0.0642,2.5443,0.121,27.4104,24.3079,2,8000,8000,1,1007,27
11,1,27,8000,2,411,37.6152,0.0785,2.4794,0.1383,28.3413,25.2461,2,8000,8000,1,1069,27
11,1,27,8000,2,412,37.4952,0.1168,2.2351,0.121,27.2278,24.3928,3,8000,8000,1,1065,27
11,1,27,8000,2,413,35.505,0.0607,2.5674,0.1191,26.4726,23.3792,2,8000,8000,1,1180,27
11,1,27,8000,2,414,34.5975,0.0761,2.6044,0.1197,25.8437,22.7104,2,8000,8000,1,1410,27
11,1,27,8000,2,415,34.419,0.0533,2.8301,0.1319,25.59,22.2034,2,8000,8000,1,1152,27
11,1,27,8000,2,416,35.2272,0.0537,2.0478,0.1195,24.8108,22.2617,2,8000,8000,1,1143,27
11,1,27,8000,2,417,36.8097,0.0409,2.7041,0.138,27.4578,24.2063,2,8000,8000,1,1141,27
11,1,27,8000,2,418,35.1467,0.0574,2.3355,0.1319,26.0859,23.1666,3,8000,8000,1,1059,27
11,1,27,8000,2,419,36.4322,0.0576,2.6821,0.1182,26.4295,23.2456,2,8000,8000,1,1256,27
11,1,27,8000,2,420,36.405,0.0539,2.6773,0.1342,27.2285,24.0293,2,8000,8000,1,1319,27
11,1,27,8000,2,421,35.1227,0.0545,2.1283,0.1145,25.9238,23.2539,2,8000,8000,1,1199,27
11,1,27,8000,2,422,43.3914,0.0591,4.907,0.1437,34.8224,29.2142,2,8000,8000,1,1225,27
11,1,27,8000,2,423,52.6088,0.0598,5.5139,0.1971,36.5909,29.9562,3,8000,8000,1,1278,27
11,1,27,8000,2,424,52.0951,0.0507,4.292,0.1695,35.6542,30.652,3,8000,8000,1,1298,27
11,1,27,8000,2,425,45.2745,0.0778,3.5588,0.1265,31.9964,27.8593,3,8000,8000,1,1656,27
11,1,27,8000,2,426,40.9289,0.0601,3.7145,0.1338,29.4283,25.0684,3,8000,8000,1,1552,27
11,1,27,8000,2,427,38.7364,0.0581,3.5243,0.1395,29.0219,24.8038,2,8000,8000,1,1679,27
11,1,27,8000,2,428,42.837,0.0768,3.7516,0.1423,31.5809,27.1591,3,8000,8000,1,1612,27
11,1,27,8000,2,429,40.1664,0.0562,3.3889,0.119,28.7435,24.809,2,8000,8000,1,1376,27
11,1,27,8000,2,430,40.7261,0.058,3.1593,0.1307,29.9254,26.1162,3,8000,8000,1,1494,27
11,1,27,8000,2,431,35.8603,0.0476,2.9024,0.1243,26.9676,23.5394,2,8000,8000,1,1395,27
11,1,27,8000,2,432,37.9692,0.0733,3.0133,0.1261,28.7013,25.1155,2,8000,8000,1,1528,27
11,1,27,8000,2,433,37.6697,0.0532,2.8832,0.1146,28.4735,25.0807,2,8000,8000,1,1250,27
11,1,27,8000,2,434,38.4999,0.0758,2.7207,0.1229,28.2503,24.8924,3,8000,8000,1,1093,27
11,1,27,8000,2,435,37.5145,0.0563,3.0547,0.132,28.1691,24.5761,2,8000,8000,1,1381,27
11,1,27,8000,2,436,35.1135,0.0514,2.7196,0.1253,25.7284,22.4851,2,8000,8000,1,1325,27
11,1,27,8000,2,437,36.7842,0.0694,2.5881,0.1396,26.9302,23.7305,2,8000,8000,1,1220,27
11,1,27,8000,2,438,39.6739,0.0608,4.1713,0.1319,29.4184,24.6447,3,8000,8000,1,972,27
11,1,27,8000,2,439,37.0749,0.0644,2.8777,0.1273,27.3451,23.8986,2,8000,8000,1,1263,27
11,1,27,8000,2,440,36.6335,0.0627,3.0489,0.1252,27.1017,23.5106,2,8000,8000,1,1485,27
11,1,27,8000,2,441,38.8856,0.0662,2.5526,0.1178,29.2233,26.1286,2,8000,8000,1,1209,27
11,1,27,8000,2,442,47.5983,0.0606,6.6679,0.2012,38.3498,30.8306,3,8000,8000,1,1046,27
11,1,27,8000,2,443,43.2196,0.059,2.8838,0.1221,29.5779,26.1588,3,8000,8000,1,1314,27
11,1,27,8000,2,444,38.4616,0.0793,2.8851,0.1232,29.05,25.6252,2,8000,8000,1,1431,27
11,1,27,8000,2,445,37.9122,0.056,2.4946,0.1188,28.2712,25.208,2,8000,8000,1,1658,27
11,1,27,8000,2,446,34.5057,0.6368,2.3763,0.1301,24.3836,20.9274,3,8000,8000,1,1173,27
11,1,27,8000,2,447,49.3363,0.0908,3.9798,0.1502,32.9308,28.2223,2,8000,8000,1,1274,27
11,1,27,8000,2,448,49.5135,0.0498,4.6848,0.1871,35.6352,30.1402,3,8000,8000,1,1506,27
11,1,27,8000,2,449,40.7314,0.0679,2.8142,0.1154,29.4068,26.0603,3,8000,8000,1,1197,27
11,1,27,8000,2,450,38.91,0.0661,3.2837,0.1324,29.0027,25.1444,2,8000,8000,1,1345,27
11,1,27,8000,2,451,38.2036,0.0498,2.8845,0.1363,27.9542,24.4969,3,8000,8000,1,1565,27
11,1,27,8000,2,452,39.2434,0.0579,2.9953,0.1302,28.7709,25.2225,2,8000,8000,1,1060,27
11,1,27,8000,2,453,39.1047,0.0547,2.9192,0.1328,29.3192,25.8454,2,8000,8000,1,1356,27
11,1,27,8000,2,454,38.3819,0.0457,3.0923,0.1148,29.0099,25.4136,3,8000,8000,1,1124,27
11,1,27,8000,2,455,36.636,0.0493,2.5134,0.1269,26.5836,23.4891,2,8000,8000,1,1175,27
11,1,27,8000,2,456,32.4248,0.0494,2.2007,0.1099,23.0801,20.4131,2,8000,8000,1,1312,27
11,1,27,8000,2,457,33.3793,0.0463,2.3073,0.1092,24.3529,21.5629,2,8000,8000,1,1025,27
11,1,27,8000,2,458,33.063,0.0508,2.2008,0.1135,23.3724,20.6958,2,8000,8000,1,1040,27
11,1,27,8000,2,459,32.2066,0.0612,2.2244,0.123,23.3765,20.6042,2,8000,8000,1,1041,27
11,1,27,8000,2,460,33.1956,0.0509,1.8162,0.1563,24.1312,21.6532,2,8000,8000,1,1048,27
11,1,27,8000,2,461,35.5003,0.0541,2.5702,0.1266,26.1767,22.997,2,8000,8000,1,1086,27
11,1,27,8000,2,462,33.8551,0.0661,2.2768,0.1186,24.1646,21.3323,2,8000,8000,1,909,27
11,1,27,8000,2,463,33.3701,0.0483,2.0126,0.1167,24.13,21.6131,2,8000,8000,1,1023,27
11,1,27,8000,2,464,32.2074,0.0366,1.8259,0.1088,23.2054,20.9276,2,8000,8000,1,1128,27
11,1,27,8000,2,465,32.7934,0.0495,2.3332,0.1142,23.5847,20.7612,2,8000,8000,1,1033,27
11,1,27,8000,2,466,33.9527,0.054,2.445,0.1372,25.1666,22.0625,2,8000,8000,1,1180,27
11,1,27,8000,2,467,34.483,0.0547,3.3091,0.1191,24.1777,20.3398,2,8000,8000,1,945,27
11,1,27,8000,2,468,32.2764,0.0574,1.7624,0.1135,23.4329,21.1664,2,8000,8000,1,1107,27
11,1,27,8000,2,469,32.9311,0.0498,2.2268,0.1083,24.0415,21.2825,2,8000,8000,1,1049,27
11,1,27,8000,2,470,36.5668,0.0525,3.4121,0.1199,26.6082,22.6447,2,8000,8000,1,1007,27
11,1,27,8000,2,471,36.9834,0.0616,2.2225,0.1268,25.6155,22.7449,2,8000,8000,1,1020,27
11,1,27,8000,2,472,35.1956,0.0729,2.6001,0.1142,25.6625,22.5509,2,8000,8000,1,1052,27
11,1,27,8000,2,473,37.1319,0.0623,4.0154,0.1259,27.7676,23.1693,2,8000,8000,1,1175,27
11,1,27,8000,2,474,35.0882,0.0858,2.197,0.1097,25.3545,22.6094,3,8000,8000,1,989,27
11,1,27,8000,2,475,39.3835,0.0521,4.2484,0.1198,29.6594,24.8192,2,8000,8000,1,1182,27
11,1,27,8000,2,476,35.721,0.0453,2.3456,0.1186,25.5946,22.7375,2,8000,8000,1,1371,27
11,1,27,8000,2,477,37.4186,0.0515,2.8519,0.1206,26.2572,22.8636,2,8000,8000,1,1266,27
11,1,27,8000,2,478,39.5811,0.0633,2.4807,0.1172,28.1426,25.1274,3,8000,8000,1,1068,27
11,1,27,8000,2,479,38.7825,0.0994,3.1731,0.1451,27.358,23.4028,2,8000,8000,1,1155,27
11,1,27,8000,2,480,38.0066,0.0692,2.4646,0.114,27.2576,24.2839,2,8000,8000,1,1314,27
11,1,27,8000,2,481,34.6392,0.2322,2.0568,0.1105,25.5268,22.7405,3,8000,8000,1,1182,27
11,1,27,8000,2,482,33.9207,0.0462,2.6444,0.1107,25.3403,22.2265,2,8000,8000,1,1327,27
11,1,27,8000,2,483,33.565,0.0558,2.3688,0.1249,24.9507,22.0735,2,8000,8000,1,1309,27
11,1,27,8000,2,484,32.8661,0.0568,2.155,0.1182,24.508,21.8295,2,8000,8000,1,1069,27
11,1,27,8000,2,485,33.5012,0.0513,2.2366,0.1155,24.6469,21.942,2,8000,8000,1,1022,27
11,1,27,8000,2,486,34.5906,0.0439,2.3114,0.121,25.7346,22.9081,2,8000,8000,1,957,27
11,1,27,8000,2,487,33.8069,0.0635,1.8815,0.1158,24.4959,22.123,2,8000,8000,1,952,27
11,1,27,8000,2,488,32.455,0.051,1.7809,0.1416,23.2536,20.9231,2,8000,8000,1,798,27
11,1,27,8000,2,489,35.5433,0.0547,2.2722,0.1174,24.9469,22.1777,2,8000,8000,1,930,27
11,1,27,8000,2,490,34.5006,0.0647,1.5978,0.1084,25.1154,23.0085,2,8000,8000,1,897,27
11,1,27,8000,2,491,36.7148,0.0762,3.1577,0.1281,28.7388,24.7975,2,8000,8000,1,993,27
11,1,27,8000,2,492,37.5236,0.0575,2.4952,0.1208,26.187,23.139,2,8000,8000,1,1039,27
11,1,27,8000,2,493,35.5044,0.055,2.1537,0.1259,25.7903,23.0859,2,8000,8000,1,1009,27
11,1,27,8000,2,494,35.7583,0.0516,2.2753,0.1291,26.0618,23.2233,2,8000,8000,1,930,27
11,1,27,8000,2,495,39.107,0.0472,3.3228,0.146,28.822,24.8342,3,8000,8000,1,974,27
11,1,27,8000,2,496,36.7195,0.0593,2.4377,0.1318,25.316,22.3399,2,8000,8000,1,1072,27
11,1,27,8000,2,497,34.5087,0.0547,2.4781,0.1236,24.6074,21.6002,2,8000,8000,1,1453,27
11,1,27,8000,2,498,34.7004,0.0522,2.299,0.112,25.2239,22.3917,2,8000,8000,1,1010,27
11,1,27,8000,2,499,35.8407,0.0548,2.2976,0.1168,25.7418,22.8829,2,8000,8000,1,1042,27
11,1,27,8000,2,500,36.8953,0.0651,2.1307,0.1182,26.7154,24.0634,2,8000,8000,1,1051,27
11,1,27,8000,2,501,36.6728,0.1087,2.4062,0.113,26.7857,23.7823,3,8000,8000,1,1095,27
11,1,27,8000,2,502,35.7087,0.0764,2.4685,0.1156,25.7844,22.3366,2,8000,8000,1,1250,27
11,1,27,8000,2,503,35.5534,0.0786,2.5977,0.1108,26.4015,23.2952,2,8000,8000,1,1518,27
11,1,27,8000,2,504,36.6164,0.0682,3.2063,0.1053,27.8784,24.1852,2,8000,8000,1,1554,27
11,1,27,8000,2,505,33.3866,0.6956,2.4203,0.1043,24.0687,20.5552,2,8000,8000,1,1289,27
11,1,27,8000,2,506,32.9199,0.055,2.3778,0.1087,24.4078,21.5576,2,8000,8000,1,1221,27
11,1,27,8000,2,507,33.3784,0.0537,2.3415,0.1056,25.2848,22.4627,2,8000,8000,1,1312,27
11,1,27,8000,2,508,33.3395,0.0444,2.1701,0.1094,24.2856,21.6433,2,8000,8000,1,1113,27
11,1,27,8000,2,509,34.582,0.0453,2.2649,0.1257,25.0581,22.2948,2,8000,8000,1,1037,27
11,1,27,8000,2,510,34.1676,0.0639,2.4435,0.129,25.7109,22.6503,2,8000,8000,1,1201,27
11,1,27,8000,2,511,33.4726,0.0541,2.5522,0.1129,24.6626,21.6164,2,8000,8000,1,1352,27
11,1,27,8000,2,512,33.6627,0.0553,2.7273,0.1326,24.9405,21.6983,2,8000,8000,1,1143,27
11,1,27,8000,2,513,33.0795,0.0488,2.3495,0.1093,23.7201,20.8468,3,8000,8000,1,1133,27
11,1,27,8000,2,514,35.5565,0.0506,2.4683,0.1178,25.9101,22.9294,2,8000,8000,1,1274,27
11,1,27,8000,2,515,35.2146,0.0568,2.1697,0.1134,25.787,23.104,2,8000,8000,1,1300,27
11,1,27,8000,2,516,35.3769,0.0618,2.6333,0.1187,26.5175,23.3691,2,8000,8000,1,1154,27
11,1,27,8000,2,517,34.2781,0.0915,2.4307,0.1131,24.1072,21.1656,2,8000,8000,1,1082,27
11,1,27,8000,2,518,33.4284,0.0473,2.3411,0.1202,24.3527,21.5156,2,8000,8000,1,1014,27
11,1,27,8000,2,519,33.0345,0.0418,2.0996,0.1193,23.7857,21.1875,2,8000,8000,1,1121,27
11,1,27,8000,2,520,32.2373,0.0416,1.9464,0.1166,23.3672,20.8724,2,8000,8000,1,1048,27
11,1,27,8000,2,521,33.3234,0.0409,2.4686,0.1077,24.0688,21.1364,2,8000,8000,1,1093,27
11,1,27,8000,2,522,35.0065,0.1226,2.446,0.1051,26.7471,23.7104,2,8000,8000,1,1127,27
11,1,27,8000,2,523,34.4505,0.0737,2.6763,0.1226,26.0604,22.8444,2,8000,8000,1,1149,27
11,1,27,8000,2,524,34.2993,0.1014,2.0152,0.1168,25.0752,22.4556,2,8000,8000,1,1124,27
11,1,27,8000,2,525,35.0247,0.0476,2.3177,0.1178,25.2179,22.4237,2,8000,8000,1,1289,27
11,1,27,8000,2,526,35.4462,0.5655,2.3924,0.1438,26.6068,23.0224,2,8000,8000,1,1297,27
11,1,27,8000,2,527,35.1698,0.049,2.7354,0.129,26.0539,22.7947,2,8000,8000,1,1259,27
11,1,27,8000,2,528,37.4497,0.0684,2.5782,0.1172,28.0689,24.975,2,8000,8000,1,1271,27
11,1,27,8000,2,529,34.8272,0.5434,2.6232,0.124,26.1922,22.5691,3,8000,8000,1,1375,27
11,1,27,8000,2,530,36.0249,0.1233,2.814,0.1069,26.8751,23.5337,2,8000,8000,1,1338,27
11,1,27,8000,2,531,34.161,0.576,2.3246,0.1059,25.4139,22.0968,2,8000,8000,1,1717,27
11,1,27,8000,2,532,34.0601,0.6469,2.6013,0.1126,25.4269,21.7377,2,8000,8000,1,1507,27
11,1,27,8000,2,533,34.1247,0.0361,2.6542,0.1207,24.7852,21.6455,2,8000,8000,1,1296,27
11,1,27,8000,2,534,36.3901,0.0416,3.0063,0.1103,26.81,23.24,2,8000,8000,1,1273,27
11,1,27,8000,2,535,33.182,0.0578,2.6462,0.1161,24.7095,21.4432,2,8000,8000,1,1243,27
11,1,27,8000,2,536,35.7576,0.0494,2.6943,0.1276,26.7268,23.4193,2,8000,8000,1,1197,27
11,1,27,8000,2,537,40.4162,0.0667,4.1443,0.11,30.2723,25.5682,2,8000,8000,1,1347,27
11,1,27,8000,2,538,37.1434,0.0457,2.1916,0.1093,25.5585,22.894,3,8000,8000,1,1104,27
11,1,27,8000,2,539,34.385,0.0586,2.4749,0.1249,24.8103,21.7822,2,8000,8000,1,1090,27
11,1,27,8000,2,540,34.6689,0.0491,2.0736,0.1157,25.173,22.5953,2,8000,8000,1,1306,27
11,1,27,8000,2,541,33.3032,0.044,2.311,0.1043,24.2441,21.4841,2,8000,8000,1,1227,27
11,1,27,8000,2,542,34.5492,0.0578,2.4907,0.1222,25.2479,22.2172,2,8000,8000,1,1038,27
11,1,27,8000,2,543,33.3801,0.0604,2.1598,0.1196,24.8355,22.1895,2,8000,8000,1,1025,27
11,1,27,8000,2,544,34.5601,0.081,1.7318,0.1138,25.6991,23.4277,2,8000,8000,1,983,27
11,1,27,8000,2,545,33.4741,0.0745,2.0766,0.1031,24.5647,22.009,2,8000,8000,1,1024,27
11,1,27,8000,2,546,35.9346,0.0531,2.4128,0.1056,25.6018,22.7297,2,8000,8000,1,1019,27
11,1,27,8000,2,547,35.9823,0.052,1.6336,0.1105,22.844,20.7192,3,8000,8000,1,952,27
11,1,27,8000,2,548,32.7538,0.0611,2.406,0.1131,24.1497,21.1969,2,8000,8000,1,1215,27
11,1,27,8000,2,549,33.7105,0.0641,2.3449,0.1264,24.9015,21.9703,2,8000,8000,1,1247,27
11,1,27,8000,2,550,33.6618,0.0587,2.3506,0.1061,24.5636,21.695,2,8000,8000,1,1122,27
