run,async,threads_cfg,bodies_cfg,repeat,frame,frame_ms,sim_ms,fetch_ms,interp_ms,total_ms,actor_tick_ms,substeps,active,dyn,static,contacts,threads_actual
0,0,4,2000,0,151,5.1709,0.0188,0.5103,0.029,2.49,1.8463,1,2000,2000,1,0,4
0,0,4,2000,0,152,3.3074,0,0,0.0741,1.9017,1.8189,0,2000,2000,1,0,4
0,0,4,2000,0,153,4.2722,0,0,0.0598,1.9467,1.8762,0,2000,2000,1,0,4
0,0,4,2000,0,154,3.9115,0,0,0.0497,1.9228,1.857,0,2000,2000,1,0,4
0,0,4,2000,0,155,5.0816,0.0162,0.5668,0.0281,2.6799,1.9671,1,2000,2000,1,18,4
0,0,4,2000,0,156,3.3797,0,0,0.0654,1.8487,1.775,0,2000,2000,1,0,4
0,0,4,2000,0,157,4.4921,0,0,0.0673,2.1403,2.0608,0,2000,2000,1,0,4
0,0,4,2000,0,158,3.6179,0,0,0.05,1.8772,1.8154,0,2000,2000,1,0,4
0,0,4,2000,0,159,5.1883,0.0168,0.5282,0.0341,2.5801,1.891,1,2000,2000,1,0,4
0,0,4,2000,0,160,3.8169,0,0,0.0744,2.2907,2.2049,0,2000,2000,1,0,4
0,0,4,2000,0,161,3.4221,0,0,0.059,1.7662,1.6976,0,2000,2000,1,0,4
0,0,4,2000,0,162,4.4631,0,0,0.0656,1.8262,1.7513,0,2000,2000,1,0,4
0,0,4,2000,0,163,5.1383,0.0096,0.4858,0.0265,2.4198,1.8101,1,2000,2000,1,0,4
0,0,4,2000,0,164,3.5567,0,0,0.0726,2.0213,1.9377,0,2000,2000,1,0,4
0,0,4,2000,0,165,3.7802,0,0,0.0608,2.0736,1.9983,0,2000,2000,1,0,4
0,0,4,2000,0,166,4.2291,0,0,0.0553,2.0673,2.0005,0,2000,2000,1,0,4
0,0,4,2000,0,167,4.8551,0.0193,0.5806,0.0264,2.574,1.863,1,2000,2000,1,9,4
0,0,4,2000,0,168,3.5797,0,0,0.0843,1.9796,1.883,0,2000,2000,1,0,4
0,0,4,2000,0,169,4.0243,0,0,0.0576,2.0019,1.9329,0,2000,2000,1,0,4
0,0,4,2000,0,170,4.0402,0,0,0.0509,1.8995,1.8374,0,2000,2000,1,0,4
0,0,4,2000,0,171,5.7214,0.0134,0.6192,0.0282,3.0022,2.2111,1,2000,2000,1,9,4
0,0,4,2000,0,172,4.0444,0,0,0.0843,1.9503,1.8554,0,2000,2000,1,0,4
0,0,4,2000,0,173,3.2781,0,0,0.0657,1.8398,1.7629,0,2000,2000,1,0,4
0,0,4,2000,0,174,3.822,0,0,0.0585,2.0122,1.9422,0,2000,2000,1,0,4
0,0,4,2000,0,175,4.9249,0.0155,0.5069,0.0265,2.5245,1.8972,1,2000,2000,1,0,4
0,0,4,2000,0,176,3.2475,0,0,0.0576,1.8249,1.7583,0,2000,2000,1,0,4
0,0,4,2000,0,177,4.4096,0,0,0.0577,2.0273,1.9554,0,2000,2000,1,0,4
0,0,4,2000,0,178,3.9043,0,0,0.0533,1.7996,1.7368,0,2000,2000,1,0,4
0,0,4,2000,0,179,5.3103,0.0102,0.5866,0.0274,2.7071,1.9757,1,2000,2000,1,9,4
0,0,4,2000,0,180,3.6047,0,0,0.0725,1.869,1.7873,0,2000,2000,1,0,4
0,0,4,2000,0,181,3.5,0,0,0.0582,1.8469,1.7796,0,2000,2000,1,0,4
0,0,4,2000,0,182,4.2223,0,0,0.0551,1.8336,1.7688,0,2000,2000,1,0,4
0,0,4,2000,0,183,5.6121,0.0094,0.7637,0.029,3.011,2.1082,1,2000,2000,1,0,4
0,0,4,2000,0,184,3.789,0,0,0.1029,2.0884,1.9734,0,2000,2000,1,0,4
0,0,4,2000,0,185,3.826,0,0,0.0819,1.9117,1.8175,0,2000,2000,1,0,4
0,0,4,2000,0,186,4.4907,0,0,0.0741,1.9107,1.8226,0,2000,2000,1,0,4
0,0,4,2000,0,187,8.0614,0.0114,0.4982,0.0281,2.489,1.8554,1,2000,2000,1,0,4
0,0,4,2000,0,188,3.486,0,0,0.054,1.9009,1.8373,0,2000,2000,1,0,4
0,0,4,2000,0,189,4.1637,0,0,0.0585,1.9294,1.8608,0,2000,2000,1,0,4
0,0,4,2000,0,190,4.9469,0.0081,0.5472,0.0272,2.5798,1.9196,1,2000,2000,1,0,4
0,0,4,2000,0,191,3.2361,0,0,0.0562,1.7948,1.7299,0,2000,2000,1,0,4
0,0,4,2000,0,192,4.3233,0,0,0.0519,1.8417,1.7806,0,2000,2000,1,0,4
0,0,4,2000,0,193,4.1071,0,0,0.0524,1.8934,1.8319,0,2000,2000,1,0,4
0,0,4,2000,0,194,4.9643,0.0121,0.528,0.0273,2.4836,1.8299,1,2000,2000,1,0,4
0,0,4,2000,0,195,3.3273,0,0,0.057,1.8757,1.8094,0,2000,2000,1,0,4
0,0,4,2000,0,196,4.5927,0,0,0.0929,2.0998,1.9927,0,2000,2000,1,0,4
0,0,4,2000,0,197,3.6172,0,0,0.0594,1.8435,1.7747,0,2000,2000,1,0,4
0,0,4,2000,0,198,5.3721,0.0095,0.4986,0.028,2.5405,1.9194,1,2000,2000,1,5,4
0,0,4,2000,0,199,3.3388,0,0,0.0515,1.8772,1.8155,0,2000,2000,1,0,4
0,0,4,2000,0,200,3.9386,0,0,0.0555,1.8889,1.8231,0,2000,2000,1,0,4
0,0,4,2000,0,201,4.1544,0,0,0.067,1.8681,1.7907,0,2000,2000,1,0,4
0,0,4,2000,0,202,4.9764,0.0138,0.5071,0.0279,2.5524,1.8924,1,2000,2000,1,0,4
0,0,4,2000,0,203,3.9701,0,0,0.077,2.0032,1.9116,0,2000,2000,1,0,4
0,0,4,2000,0,204,3.736,0,0,0.0553,1.9446,1.8774,0,2000,2000,1,0,4
0,0,4,2000,0,205,4.2091,0,0,0.0826,2.1197,2.0251,0,2000,2000,1,0,4
0,0,4,2000,0,206,5.3768,0.0177,0.7622,0.029,3.0977,2.1558,1,2000,2000,1,0,4
0,0,4,2000,0,207,7.3478,0,0,0.1017,2.1134,1.998,0,2000,2000,1,0,4
0,0,4,2000,0,208,3.6625,0,0,0.0571,1.8991,1.8313,0,2000,2000,1,0,4
0,0,4,2000,0,209,4.928,0.0099,0.5381,0.028,2.5772,1.9225,1,2000,2000,1,0,4
0,0,4,2000,0,210,3.6472,0,0,0.0658,2.0777,2.0014,0,2000,2000,1,0,4
0,0,4,2000,0,211,3.8764,0,0,0.0649,1.8768,1.8021,0,2000,2000,1,0,4
0,0,4,2000,0,212,4.31,0,0,0.0542,1.9613,1.8947,0,2000,2000,1,0,4
0,0,4,2000,0,213,5.28,0.009,0.6164,0.0293,2.6514,1.8702,1,2000,2000,1,0,4
0,0,4,2000,0,214,3.2745,0,0,0.061,1.8017,1.7312,0,2000,2000,1,0,4
0,0,4,2000,0,215,4.7682,0,0,0.0682,2.6441,2.5493,0,2000,2000,1,0,4
0,0,4,2000,0,216,4.896,0,0,0.2777,2.7849,2.4905,0,2000,2000,1,0,4
0,0,4,2000,0,217,5.555,0.0107,0.6806,0.029,3.3909,2.536,1,2000,2000,1,0,4
0,0,4,2000,0,218,5.7397,0,0,0.2507,3.2756,3.0098,0,2000,2000,1,0,4
0,0,4,2000,0,219,4.4002,0,0,0.0992,2.4995,2.3867,0,2000,2000,1,0,4
0,0,4,2000,0,220,9.4861,0.0125,0.6002,0.0291,2.6921,1.9443,1,2000,2000,1,0,4
0,0,4,2000,0,221,3.6084,0,0,0.0799,1.9617,1.8709,0,2000,2000,1,0,4
0,0,4,2000,0,222,3.81,0,0,0.0947,2.1932,2.0888,0,2000,2000,1,0,4
0,0,4,2000,0,223,4.8444,0.0142,0.5582,0.03,2.8358,2.139,1,2000,2000,1,0,4
0,0,4,2000,0,224,3.8478,0,0,0.0954,2.1329,2.0257,0,2000,2000,1,0,4
0,0,4,2000,0,225,4.0812,0,0,0.1241,2.278,2.1384,0,2000,2000,1,0,4
0,0,4,2000,0,226,3.9962,0,0,0.1165,2.1913,2.0627,0,2000,2000,1,0,4
0,0,4,2000,0,227,4.9821,0.0133,0.5318,0.0309,2.7572,2.0885,1,2000,2000,1,0,4
0,0,4,2000,0,228,3.6017,0,0,0.0816,1.9546,1.8635,0,2000,2000,1,0,4
0,0,4,2000,0,229,3.4184,0,0,0.0606,1.8911,1.8218,0,2000,2000,1,0,4
0,0,4,2000,0,230,3.6039,0,0,0.0492,1.846,1.7875,0,2000,2000,1,0,4
0,0,4,2000,0,231,5.0734,0.013,0.5201,0.0281,2.4738,1.8279,1,2000,2000,1,0,4
0,0,4,2000,0,232,3.5412,0,0,0.0675,1.8608,1.7842,0,2000,2000,1,0,4
0,0,4,2000,0,233,3.8873,0,0,0.0537,1.8417,1.7793,0,2000,2000,1,0,4
0,0,4,2000,0,234,4.2561,0,0,0.0558,1.8198,1.7546,0,2000,2000,1,0,4
0,0,4,2000,0,235,5.46,0.0112,0.5643,0.0282,2.9261,2.2242,1,2000,2000,1,0,4
0,0,4,2000,0,236,3.7928,0,0,0.0872,1.9752,1.8759,0,2000,2000,1,0,4
0,0,4,2000,0,237,7.7798,0,0,0.1087,2.1992,2.08,0,2000,2000,1,0,4
0,0,4,2000,0,238,4.9015,0.0086,0.5452,0.0259,2.5236,1.8606,1,2000,2000,1,0,4
0,0,4,2000,0,239,3.3384,0,0,0.0682,1.8549,1.7774,0,2000,2000,1,0,4
0,0,4,2000,0,240,3.852,0,0,0.056,1.8149,1.7499,0,2000,2000,1,0,4
0,0,4,2000,0,241,4.4654,0,0,0.0598,2.158,2.0877,0,2000,2000,1,0,4
0,0,4,2000,0,242,4.7879,0.0143,0.529,0.0265,2.4804,1.8248,1,2000,2000,1,0,4
0,0,4,2000,0,243,3.4296,0,0,0.0607,1.9007,1.831,0,2000,2000,1,0,4
0,0,4,2000,0,244,3.9822,0,0,0.0508,1.8371,1.7765,0,2000,2000,1,0,4
0,0,4,2000,0,245,4.2363,0,0,0.0601,1.8425,1.7718,0,2000,2000,1,0,4
0,0,4,2000,0,246,5.389,0.0084,0.5648,0.0275,2.8041,2.1137,1,2000,2000,1,0,4
0,0,4,2000,0,247,3.7038,0,0,0.0853,1.9861,1.8913,0,2000,2000,1,0,4
0,0,4,2000,0,248,3.5715,0,0,0.0569,1.9286,1.8613,0,2000,2000,1,0,4
0,0,4,2000,0,249,4.0723,0,0,0.069,1.9262,1.8478,0,2000,2000,1,0,4
0,0,4,2000,0,250,5.1245,0.0102,0.5225,0.0282,2.7469,2.1108,1,2000,2000,1,0,4
0,0,4,2000,0,251,3.3898,0,0,0.0765,1.8662,1.7784,0,2000,2000,1,0,4
0,0,4,2000,0,252,3.9929,0,0,0.0639,1.9177,1.8441,0,2000,2000,1,0,4
0,0,4,2000,0,253,4.1574,0,0,0.0654,2.0493,1.9742,0,2000,2000,1,0,4
0,0,4,2000,0,254,4.8625,0.0101,0.5378,0.0286,2.4883,1.831,1,2000,2000,1,0,4
0,0,4,2000,0,255,3.4209,0,0,0.067,1.8282,1.7514,0,2000,2000,1,0,4
0,0,4,2000,0,256,4.1416,0,0,0.0705,1.8778,1.7981,0,2000,2000,1,0,4
0,0,4,2000,0,257,4.104,0,0,0.0526,1.8195,1.7588,0,2000,2000,1,0,4
0,0,4,2000,0,258,5.1647,0.0119,0.5227,0.0264,2.5658,1.9185,1,2000,2000,1,0,4
0,0,4,2000,0,259,3.6224,0,0,0.0498,2.0821,2.0207,0,2000,2000,1,0,4
0,0,4,2000,0,260,3.7167,0,0,0.08,1.9516,1.862,0,2000,2000,1,0,4
0,0,4,2000,0,261,4.4637,0,0,0.0789,2.0208,1.9307,0,2000,2000,1,0,4
0,0,4,2000,0,262,4.7881,0.0207,0.5884,0.0273,2.5951,1.8512,1,2000,2000,1,0,4
0,0,4,2000,0,263,7.5932,0,0,0.0856,2.0362,1.94,0,2000,2000,1,0,4
0,0,4,2000,0,264,5.1571,0,0,0.1008,2.0713,1.9596,0,2000,2000,1,0,4
0,0,4,2000,0,265,4.3892,0.0093,0.5129,0.0265,2.5339,1.8993,1,2000,2000,1,0,4
0,0,4,2000,0,266,3.9216,0,0,0.0963,2.0731,1.9662,0,2000,2000,1,0,4
0,0,4,2000,0,267,3.3497,0,0,0.0688,1.9196,1.8406,0,2000,2000,1,0,4
0,0,4,2000,0,268,3.7712,0,0,0.0553,1.9231,1.8583,0,2000,2000,1,0,4
0,0,4,2000,0,269,5.2614,0.0081,0.4904,0.0265,2.4499,1.84,1,2000,2000,1,0,4
0,0,4,2000,0,270,3.7534,0,0,0.0745,1.8819,1.7968,0,2000,2000,1,0,4
0,0,4,2000,0,271,3.4596,0,0,0.049,1.8211,1.7636,0,2000,2000,1,0,4
0,0,4,2000,0,272,4.3041,0,0,0.0608,1.952,1.8819,0,2000,2000,1,0,4
0,0,4,2000,0,273,5.2172,0.0164,0.5035,0.0278,2.8221,2.1916,1,2000,2000,1,0,4
0,0,4,2000,0,274,3.5638,0,0,0.0735,1.9209,1.8339,0,2000,2000,1,0,4
0,0,4,2000,0,275,3.542,0,0,0.0589,1.8164,1.7485,0,2000,2000,1,0,4
0,0,4,2000,0,276,4.2232,0,0,0.053,1.8368,1.7745,0,2000,2000,1,0,4
0,0,4,2000,0,277,5.2492,0.0104,0.5191,0.0264,2.6411,1.9975,1,2000,2000,1,0,4
0,0,4,2000,0,278,3.3058,0,0,0.0598,1.8362,1.7656,0,2000,2000,1,0,4
0,0,4,2000,0,279,4.1345,0,0,0.0594,1.8468,1.7783,0,2000,2000,1,0,4
0,0,4,2000,0,280,4.1098,0,0,0.0523,1.8259,1.7633,0,2000,2000,1,0,4
0,0,4,2000,0,281,5.3092,0.0145,0.5611,0.029,2.5168,1.8229,1,2000,2000,1,0,4
0,0,4,2000,0,282,3.3604,0,0,0.0693,1.8623,1.7818,0,2000,2000,1,0,4
0,0,4,2000,0,283,3.8356,0,0,0.0545,1.9014,1.8349,0,2000,2000,1,0,4
0,0,4,2000,0,284,4.5072,0,0,0.0585,1.988,1.9188,0,2000,2000,1,0,4
0,0,4,2000,0,285,4.909,0.0144,0.7029,0.0282,2.9946,2.1603,1,2000,2000,1,0,4
0,0,4,2000,0,286,3.3395,0,0,0.0633,1.8797,1.8057,0,2000,2000,1,0,4
0,0,4,2000,0,287,3.9228,0,0,0.0517,1.8874,1.8231,0,2000,2000,1,0,4
0,0,4,2000,0,288,4.2116,0,0,0.0529,1.9476,1.8852,0,2000,2000,1,0,4
0,0,4,2000,0,289,5.0875,0.0208,0.6653,0.0274,2.8437,2.0319,1,2000,2000,1,0,4
0,0,4,2000,0,290,3.7474,0,0,0.0975,1.9922,1.8836,0,2000,2000,1,0,4
0,0,4,2000,0,291,8.326,0,0,0.1034,2.3051,2.1889,0,2000,2000,1,0,4
0,0,4,2000,0,292,4.3136,0.0125,0.4579,0.0281,2.5259,1.9423,1,2000,2000,1,0,4
0,0,4,2000,0,293,3.382,0,0,0.0497,1.8591,1.7985,0,2000,2000,1,0,4
0,0,4,2000,0,294,4.3599,0,0,0.0679,2.0271,1.9486,0,2000,2000,1,0,4
0,0,4,2000,0,295,4.2597,0,0,0.0662,1.9381,1.8611,0,2000,2000,1,0,4
0,0,4,2000,0,296,5.3215,0.0095,0.7496,0.1108,3.1588,2.133,1,2000,2000,1,0,4
0,0,4,2000,0,297,3.3669,0,0,0.0604,1.8621,1.7926,0,2000,2000,1,0,4
0,0,4,2000,0,298,3.3762,0,0,0.0577,1.8002,1.7325,0,2000,2000,1,0,4
0,0,4,2000,0,299,4.8622,0,0,0.0883,2.1346,2.0339,0,2000,2000,1,0,4
0,0,4,2000,0,300,4.4011,0.0105,0.5291,0.0275,2.4349,1.7842,1,2000,2000,1,0,4
0,0,4,2000,0,301,3.5386,0,0,0.0566,1.8181,1.7518,0,2000,2000,1,0,4
0,0,4,2000,0,302,8.2533,0,0,0.0603,1.8333,1.7634,0,2000,2000,1,0,4
0,0,4,2000,0,303,9.1652,0.0093,0.5204,0.0275,2.5036,1.8666,1,2000,2000,1,0,4
0,0,4,2000,0,304,7.4841,0,0,0.0794,1.8931,1.8037,0,2000,2000,1,0,4
0,0,4,2000,0,305,9.3732,0.014,0.5866,0.028,2.6661,1.9197,1,2000,2000,1,0,4
0,0,4,2000,0,306,5.1341,0,0,0.1352,3.343,3.1859,0,2000,2000,1,0,4
0,0,4,2000,0,307,7.5728,0.0163,0.6189,0.0282,2.7499,1.9889,1,2000,2000,1,0,4
0,0,4,2000,0,308,7.3569,0,0,0.0643,2.058,1.9804,0,2000,2000,1,0,4
0,0,4,2000,0,309,3.8305,0,0,0.0588,1.9504,1.8819,0,2000,2000,1,0,4
0,0,4,2000,0,310,5.2489,0.0094,0.4693,0.0264,2.4708,1.881,1,2000,2000,1,0,4
0,0,4,2000,0,311,3.4863,0,0,0.0635,2.0135,1.9391,0,2000,2000,1,0,4
0,0,4,2000,0,312,4.0489,0,0,0.0721,1.8378,1.7562,0,2000,2000,1,0,4
0,0,4,2000,0,313,3.8749,0,0,0.0525,1.8598,1.7983,0,2000,2000,1,0,4
0,0,4,2000,0,314,5.1613,0.0127,0.5134,0.0275,2.3995,1.7676,1,2000,2000,1,0,4
0,0,4,2000,0,315,7.7656,0,0,0.0808,2.1501,2.0583,0,2000,2000,1,0,4
0,0,4,2000,0,316,3.8167,0,0,0.0641,1.8412,1.7672,0,2000,2000,1,0,4
0,0,4,2000,0,317,5.2278,0.0108,0.5436,0.0282,2.6577,1.9494,1,2000,2000,1,0,4
0,0,4,2000,0,318,3.3756,0,0,0.0663,1.8,1.7231,0,2000,2000,1,0,4
0,0,4,2000,0,319,8.0853,0,0,0.0709,1.8306,1.7483,0,2000,2000,1,0,4
0,0,4,2000,0,320,6.2617,0.0122,0.4993,0.0282,2.6678,2.0418,1,2000,2000,1,0,4
0,0,4,2000,0,321,6.2789,0,0,0.0544,1.8606,1.7969,0,2000,2000,1,0,4
0,0,4,2000,0,322,4.2772,0,0,0.0663,2.0101,1.9322,0,2000,2000,1,0,4
0,0,4,2000,0,323,9.3344,0.0127,0.541,0.034,2.7256,2.0155,1,2000,2000,1,0,4
0,0,4,2000,0,324,3.8119,0,0,0.1354,1.9677,1.8218,0,2000,2000,1,0,4
0,0,4,2000,0,325,3.4407,0,0,0.0481,1.9316,1.8719,0,2000,2000,1,0,4
0,0,4,2000,0,326,5.254,0.01,0.4721,0.027,2.4634,1.8663,1,2000,2000,1,0,4
0,0,4,2000,0,327,3.3943,0,0,0.0652,1.8408,1.7672,0,2000,2000,1,0,4
0,0,4,2000,0,328,3.7209,0,0,0.0545,1.9292,1.86,0,2000,2000,1,0,4
0,0,4,2000,0,329,4.2168,0,0,0.0716,1.9393,1.8477,0,2000,2000,1,0,4
0,0,4,2000,0,330,5.4059,0.0148,0.6424,0.0273,2.6705,1.8944,1,2000,2000,1,0,4
0,0,4,2000,0,331,3.3551,0,0,0.0676,1.8075,1.7305,0,2000,2000,1,0,4
0,0,4,2000,0,332,3.5941,0,0,0.0622,1.7967,1.7239,0,2000,2000,1,0,4
0,0,4,2000,0,333,5.2463,0,0,0.0709,2.2804,2.1913,0,2000,2000,1,0,4
0,0,4,2000,0,334,4.7185,0.0152,0.5237,0.0285,2.7698,2.1049,1,2000,2000,1,0,4
0,0,4,2000,0,335,3.5035,0,0,0.0687,2.0048,1.9252,0,2000,2000,1,0,4
0,0,4,2000,0,336,3.421,0,0,0.0797,2.0223,1.9304,0,2000,2000,1,0,4
0,0,4,2000,0,337,9.0455,0.0124,0.5028,0.0283,2.5442,1.9036,1,2000,2000,1,0,4
0,0,4,2000,0,338,3.4098,0,0,0.0758,1.8711,1.7863,0,2000,2000,1,0,4
0,0,4,2000,0,339,3.9301,0,0,0.0531,1.7921,1.729,0,2000,2000,1,0,4
0,0,4,2000,0,340,4.2624,0,0,0.0712,1.9223,1.8404,0,2000,2000,1,0,4
0,0,4,2000,0,341,9.5164,0.0153,0.5907,0.028,2.7752,2.036,1,2000,2000,1,0,4
0,0,4,2000,0,342,7.3467,0,0,0.0553,2.1241,2.0528,0,2000,2000,1,0,4
0,0,4,2000,0,343,5.5969,0.0089,0.751,0.1308,3.315,2.2535,1,2000,2000,1,0,4
0,0,4,2000,0,344,3.4678,0,0,0.0696,1.8436,1.7653,0,2000,2000,1,0,4
0,0,4,2000,0,345,2.9936,0,0,0.0448,1.7319,1.6776,0,2000,2000,1,0,4
0,0,4,2000,0,346,4.5323,0,0,0.0733,2.0193,1.9359,0,2000,2000,1,0,4
0,0,4,2000,0,347,4.8561,0.009,0.5161,0.029,2.4416,1.7951,1,2000,2000,1,0,4
0,0,4,2000,0,348,3.6027,0,0,0.0802,1.9332,1.8436,0,2000,2000,1,0,4
0,0,4,2000,0,349,4.2728,0,0,0.059,2.1977,2.1287,0,2000,2000,1,0,4
0,0,4,2000,0,350,3.7128,0,0,0.0677,1.8611,1.7826,0,2000,2000,1,0,4
0,0,4,2000,0,351,5.1403,0.0093,0.5466,0.0265,2.6437,1.9432,1,2000,2000,1,0,4
0,0,4,2000,0,352,3.3819,0,0,0.0551,1.779,1.7141,0,2000,2000,1,0,4
0,0,4,2000,0,353,4.4083,0,0,0.068,1.9974,1.9142,0,2000,2000,1,0,4
0,0,4,2000,0,354,4.2596,0,0,0.0752,2.0435,1.9565,0,2000,2000,1,0,4
0,0,4,2000,0,355,9.2445,0.0121,0.5513,0.0282,2.8873,2.1641,1,2000,2000,1,0,4
0,0,4,2000,0,356,6.9926,0,0,0.0596,1.8347,1.7657,0,2000,2000,1,0,4
0,0,4,2000,0,357,4.9289,0.0114,0.5235,0.0283,2.423,1.7798,1,2000,2000,1,0,4
0,0,4,2000,0,358,3.3665,0,0,0.0484,1.9351,1.8769,0,2000,2000,1,0,4
0,0,4,2000,0,359,4.1252,0,0,0.0494,1.8784,1.8171,0,2000,2000,1,0,4
0,0,4,2000,0,360,9.4318,0.0168,0.5745,0.0282,2.6326,1.9221,1,2000,2000,1,0,4
0,0,4,2000,0,361,4.1625,0,0,0.0878,2.0836,1.9844,0,2000,2000,1,0,4
0,0,4,2000,0,362,3.5092,0,0,0.0586,1.7939,1.7256,0,2000,2000,1,0,4
0,0,4,2000,0,363,3.8612,0,0,0.0441,1.9517,1.8911,0,2000,2000,1,0,4
0,0,4,2000,0,364,4.9835,0.0172,0.5488,0.029,2.6728,1.9746,1,2000,2000,1,0,4
0,0,4,2000,0,365,3.3846,0,0,0.0551,1.81,1.7451,0,2000,2000,1,0,4
0,0,4,2000,0,366,8.5084,0,0,0.0717,2.0383,1.956,0,2000,2000,1,0,4
0,0,4,2000,0,367,5.196,0.0128,0.7498,0.0282,2.8309,1.9559,1,2000,2000,1,0,4
0,0,4,2000,0,368,7.3004,0,0,0.0778,2.0239,1.9295,0,2000,2000,1,0,4
0,0,4,2000,0,369,9.5532,0.0196,0.5406,0.0301,2.8533,2.1403,1,2000,2000,1,0,4
0,0,4,2000,0,370,6.7797,0,0,0.0613,1.7667,1.6917,0,2000,2000,1,0,4
0,0,4,2000,0,371,4.2371,0,0,0.0723,1.9141,1.8327,0,2000,2000,1,0,4
0,0,4,2000,0,372,5.6633,0.0095,0.5642,0.0282,2.811,2.1005,1,2000,2000,1,0,4
0,0,4,2000,0,373,3.7898,0,0,0.099,2.0557,1.9463,0,2000,2000,1,0,4
0,0,4,2000,0,374,3.8988,0,0,0.0988,1.9848,1.87,0,2000,2000,1,0,4
0,0,4,2000,0,375,8.8449,0.0099,0.6681,0.0262,2.8023,1.9997,1,2000,2000,1,0,4
0,0,4,2000,0,376,3.3722,0,0,0.0588,1.7802,1.7118,0,2000,2000,1,0,4
0,0,4,2000,0,377,3.8205,0,0,0.0545,1.7749,1.7103,0,2000,2000,1,0,4
0,0,4,2000,0,378,4.1445,0,0,0.0642,2.1038,2.0299,0,2000,2000,1,0,4
0,0,4,2000,0,379,4.868,0.0111,0.6123,0.0282,2.6427,1.8741,1,2000,2000,1,0,4
0,0,4,2000,0,380,3.5203,0,0,0.0721,1.8645,1.7832,0,2000,2000,1,0,4
0,0,4,2000,0,381,3.993,0,0,0.0539,1.8369,1.7731,0,2000,2000,1,0,4
0,0,4,2000,0,382,4.3662,0,0,0.0881,2.0353,1.9314,0,2000,2000,1,0,4
0,0,4,2000,0,383,4.524,0.0124,0.509,0.0265,2.5049,1.8738,1,2000,2000,1,0,4
0,0,4,2000,0,384,3.6407,0,0,0.0495,2.0074,1.9416,0,2000,2000,1,0,4
0,0,4,2000,0,385,4.1711,0,0,0.0634,1.9868,1.9112,0,2000,2000,1,0,4
0,0,4,2000,0,386,3.9864,0,0,0.0576,1.8102,1.7429,0,2000,2000,1,0,4
0,0,4,2000,0,387,5.1201,0.0126,0.5058,0.0245,2.4158,1.7685,1,2000,2000,1,0,4
0,0,4,2000,0,388,3.3685,0,0,0.0587,1.7608,1.6933,0,2000,2000,1,0,4
0,0,4,2000,0,389,8.3824,0,0,0.0722,1.8229,1.7402,0,2000,2000,1,0,4
0,0,4,2000,0,390,8.9969,0.0144,0.5152,0.029,2.418,1.7726,1,2000,2000,1,0,4
0,0,4,2000,0,391,7.511,0,0,0.066,1.8149,1.7398,0,2000,2000,1,0,4
0,0,4,2000,0,392,9.201,0.0088,0.5458,0.0265,2.6512,1.9651,1,2000,2000,1,0,4
0,0,4,2000,0,393,7.5527,0,0,0.0628,1.8091,1.7363,0,2000,2000,1,0,4
0,0,4,2000,0,394,8.9357,0.0127,0.4667,0.0282,2.4763,1.8904,1,2000,2000,1,0,4
0,0,4,2000,0,395,8.175,0,0,0.1423,1.9754,1.8219,0,2000,2000,1,0,4
0,0,4,2000,0,396,8.6699,0.0093,0.6576,0.0275,2.5696,1.7822,1,2000,2000,1,0,4
0,0,4,2000,0,397,7.7436,0,0,0.0765,2.2029,2.1113,0,2000,2000,1,0,4
0,0,4,2000,0,398,9.1132,0.0156,0.5234,0.0264,2.591,1.9492,1,2000,2000,1,0,4
0,0,4,2000,0,399,7.5138,0,0,0.0736,1.9947,1.9101,0,2000,2000,1,0,4
0,0,4,2000,0,400,9.4033,0.0179,0.5356,0.0245,2.4356,1.771,1,2000,2000,1,0,4
0,0,4,2000,0,401,7.126,0,0,0.0648,1.9222,1.8486,0,2000,2000,1,0,4
0,0,4,2000,0,402,9.1952,0.0089,0.4482,0.029,2.3588,1.7796,1,2000,2000,1,0,4
0,0,4,2000,0,403,8.2331,0,0,0.0901,2.0813,1.9703,0,2000,2000,1,0,4
0,0,4,2000,0,404,9.0019,0.0087,0.5199,0.0264,2.6004,1.9586,1,2000,2000,1,0,4
0,0,4,2000,0,405,6.929,0,0,0.0578,1.8451,1.7783,0,2000,2000,1,0,4
0,0,4,2000,0,406,8.8308,0.0082,0.4786,0.0272,2.401,1.805,1,2000,2000,1,0,4
0,0,4,2000,0,407,7.7637,0,0,0.0662,1.9744,1.8959,0,2000,2000,1,0,4
0,0,4,2000,0,408,9.3118,0.0122,0.4745,0.0282,2.5283,1.907,1,2000,2000,1,0,4
0,0,4,2000,0,409,3.2923,0,0,0.0503,1.7905,1.7305,0,2000,2000,1,0,4
0,0,4,2000,0,410,3.9516,0,0,0.0551,1.7898,1.7264,0,2000,2000,1,0,4
0,0,4,2000,0,411,5.6084,0.0095,0.4821,0.0254,2.5366,1.9343,1,2000,2000,1,0,4
0,0,4,2000,0,412,6.9439,0,0,0.0581,1.847,1.7795,0,2000,2000,1,0,4
0,0,4,2000,0,413,4.55,0,0,0.0775,2.085,1.9971,0,2000,2000,1,0,4
0,0,4,2000,0,414,4.7892,0.0083,0.8134,0.025,2.7229,1.7985,1,2000,2000,1,160,4
0,0,4,2000,0,415,3.4201,0,0,0.0682,1.8078,1.7302,0,2000,2000,1,0,4
0,0,4,2000,0,416,4.1645,0,0,0.068,2.1069,2.0272,0,2000,2000,1,0,4
0,0,4,2000,0,417,4.1026,0,0,0.0797,2.0899,1.9958,0,2000,2000,1,0,4
0,0,4,2000,0,418,5.1934,0.0102,0.5805,0.029,2.5318,1.8323,1,2000,2000,1,0,4
0,0,4,2000,0,419,7.5906,0,0,0.1277,2.0117,1.8697,0,2000,2000,1,0,4
0,0,4,2000,0,420,8.9673,0.011,0.5912,0.0272,2.7427,2.0127,1,2000,2000,1,0,4
0,0,4,2000,0,421,7.3471,0,0,0.0721,1.9996,1.9162,0,2000,2000,1,0,4
0,0,4,2000,0,422,10.1597,0.0148,1.6102,0.0262,3.5821,1.8492,1,2000,2000,1,320,4
0,0,4,2000,0,423,6.5117,0,0,0.0666,1.9281,1.8508,0,2000,2000,1,0,4
0,0,4,2000,0,424,9.8811,0.0081,0.8461,0.0245,2.9888,2.0061,1,2000,2000,1,0,4
0,0,4,2000,0,425,7.5275,0,0,0.0939,2.1254,2.0209,0,2000,2000,1,0,4
0,0,4,2000,0,426,3.5493,0,0,0.074,1.9555,1.8701,0,2000,2000,1,0,4
0,0,4,2000,0,427,5.5332,0.0168,0.6692,0.029,2.6968,1.9031,1,2000,2000,1,0,4
0,0,4,2000,0,428,3.8248,0,0,0.0798,2.1719,2.076,0,2000,2000,1,0,4
0,0,4,2000,0,429,3.5573,0,0,0.0785,1.9061,1.8111,0,2000,2000,1,0,4
0,0,4,2000,0,430,4.1359,0,0,0.1282,2.1333,1.9884,0,2000,2000,1,0,4
0,0,4,2000,0,431,8.9083,0.0138,0.6355,0.0289,2.7801,2.0154,1,2000,2000,1,0,4
0,0,4,2000,0,432,3.7945,0,0,0.0845,1.9956,1.9007,0,2000,2000,1,0,4
0,0,4,2000,0,433,3.5441,0,0,0.0688,1.9303,1.8519,0,2000,2000,1,0,4
0,0,4,2000,0,434,5.4992,0.0174,0.9073,0.0316,3.2134,2.1646,1,2000,2000,1,160,4
0,0,4,2000,0,435,3.6527,0,0,0.0835,1.9918,1.8981,0,2000,2000,1,0,4
0,0,4,2000,0,436,3.5118,0,0,0.0763,1.932,1.8461,0,2000,2000,1,0,4
0,0,4,2000,0,437,4.14,0,0,0.0625,2.1884,2.1158,0,2000,2000,1,0,4
0,0,4,2000,0,438,5.2717,0.0093,1.0319,0.0293,3.2101,2.0349,1,2000,2000,1,160,4
0,0,4,2000,0,439,3.7171,0,0,0.0765,2.0436,1.9573,0,2000,2000,1,0,4
0,0,4,2000,0,440,3.7363,0,0,0.0673,2.0665,1.988,0,2000,2000,1,0,4
0,0,4,2000,0,441,3.9426,0,0,0.0633,2.1513,2.0772,0,2000,2000,1,0,4
0,0,4,2000,0,442,5.7207,0.0134,0.7122,0.0282,2.8473,1.9901,1,2000,2000,1,0,4
0,0,4,2000,0,443,7.7441,0,0,0.1066,2.3976,2.2772,0,2000,2000,1,0,4
0,0,4,2000,0,444,7.9112,0.0101,0.7267,0.0283,2.6762,1.8361,1,2000,2000,1,0,4
0,0,4,2000,0,445,3.4291,0,0,0.0715,1.933,1.8505,0,2000,2000,1,0,4
0,0,4,2000,0,446,4.0231,0,0,0.0599,1.8837,1.8091,0,2000,2000,1,0,4
0,0,4,2000,0,447,4.5234,0,0,0.0681,2.3953,2.3145,0,2000,2000,1,0,4
0,0,4,2000,0,448,6.152,0.0202,1.0837,0.0274,3.322,2.1093,1,2000,2000,1,320,4
0,0,4,2000,0,449,6.1193,0,0,0.0634,2.0407,1.9613,0,2000,2000,1,0,4
0,0,4,2000,0,450,9.6963,0.023,0.9015,0.0281,3.0104,1.9708,1,2000,2000,1,160,4
0,0,4,2000,0,451,7.111,0,0,0.1264,2.3037,2.1649,0,2000,2000,1,0,4
0,0,4,2000,0,452,4.0642,0,0,0.0762,2.1093,2.0236,0,2000,2000,1,0,4
0,0,4,2000,0,453,5.1044,0.0119,0.7565,0.029,2.8896,2.0179,1,2000,2000,1,0,4
0,0,4,2000,0,454,3.4823,0,0,0.058,1.8777,1.8108,0,2000,2000,1,0,4
0,0,4,2000,0,455,3.8206,0,0,0.0502,2.0399,1.9766,0,2000,2000,1,0,4
0,0,4,2000,0,456,4.2512,0,0,0.0699,2.0127,1.9321,0,2000,2000,1,0,4
0,0,4,2000,0,457,5.4812,0.0117,1.2133,0.0261,3.278,1.9459,1,2000,2000,1,320,4
0,0,4,2000,0,458,3.7782,0,0,0.146,2.071,1.9118,0,2000,2000,1,0,4
0,0,4,2000,0,459,3.4764,0,0,0.0573,1.9653,1.8981,0,2000,2000,1,0,4
0,0,4,2000,0,460,4.238,0,0,0.0651,2.3026,2.2274,0,2000,2000,1,0,4
0,0,4,2000,0,461,5.1988,0.011,0.9247,0.029,3.056,2.0106,1,2000,2000,1,160,4
0,0,4,2000,0,462,3.4212,0,0,0.0669,1.9643,1.8872,0,2000,2000,1,0,4
0,0,4,2000,0,463,4.34,0,0,0.1138,2.6112,2.483,0,2000,2000,1,0,4
0,0,4,2000,0,464,3.4202,0,0,0.0679,1.9316,1.8536,0,2000,2000,1,0,4
0,0,4,2000,0,465,5.2725,0.0181,0.717,0.0272,2.838,1.978,1,2000,2000,1,0,4
0,0,4,2000,0,466,3.5714,0,0,0.0698,2.105,2.0234,0,2000,2000,1,0,4
0,0,4,2000,0,467,3.9706,0,0,0.066,2.1531,2.075,0,2000,2000,1,0,4
0,0,4,2000,0,468,3.8992,0,0,0.0643,2.1097,2.0358,0,2000,2000,1,0,4
0,0,4,2000,0,469,5.0404,0.0188,0.5805,0.0296,2.6975,1.9904,1,2000,2000,1,0,4
0,0,4,2000,0,470,3.9653,0,0,0.0586,2.1263,2.0569,0,2000,2000,1,0,4
0,0,4,2000,0,471,3.6128,0,0,0.0679,2.0987,2.0177,0,2000,2000,1,0,4
0,0,4,2000,0,472,10.2214,0.0128,1.1357,0.027,3.4021,2.1374,1,2000,2000,1,320,4
0,0,4,2000,0,473,6.5229,0,0,0.1021,2.184,2.0703,0,2000,2000,1,0,4
0,0,4,2000,0,474,9.6157,0.0224,1.1164,0.0283,3.3031,2.0399,1,2000,2000,1,144,4
0,0,4,2000,0,475,3.7432,0,0,0.0818,2.051,1.9578,0,2000,2000,1,0,4
0,0,4,2000,0,476,3.6455,0,0,0.0676,1.9564,1.8777,0,2000,2000,1,0,4
0,0,4,2000,0,477,3.4178,0,0,0.053,1.9307,1.8681,0,2000,2000,1,0,4
0,0,4,2000,0,478,6.3285,0.0111,1.0035,0.0279,3.8751,2.7261,1,2000,2000,1,144,4
0,0,4,2000,0,479,4.0311,0,0,0.1128,2.0357,1.9135,0,2000,2000,1,0,4
0,0,4,2000,0,480,3.5173,0,0,0.0734,1.9003,1.819,0,2000,2000,1,0,4
0,0,4,2000,0,481,3.3995,0,0,0.0604,1.9616,1.893,0,2000,2000,1,0,4
0,0,4,2000,0,482,5.7853,0.0087,1.8685,0.0281,3.9953,2.0013,1,2000,2000,1,368,4
0,0,4,2000,0,483,3.6073,0,0,0.0916,1.9777,1.8779,0,2000,2000,1,0,4
0,0,4,2000,0,484,3.5369,0,0,0.0654,1.9508,1.871,0,2000,2000,1,0,4
0,0,4,2000,0,485,3.5361,0,0,0.052,1.9462,1.8832,0,2000,2000,1,0,4
0,0,4,2000,0,486,5.8377,0.009,1.7825,0.0265,3.9776,2.072,1,2000,2000,1,213,4
0,0,4,2000,0,487,4.067,0,0,0.0998,2.1134,2.0036,0,2000,2000,1,0,4
0,0,4,2000,0,488,3.7116,0,0,0.0906,2.0507,1.9469,0,2000,2000,1,0,4
0,0,4,2000,0,489,3.2495,0,0,0.0576,1.9126,1.8466,0,2000,2000,1,0,4
0,0,4,2000,0,490,5.2934,0.0118,1.2448,0.0286,3.3914,2.0224,1,2000,2000,1,81,4
0,0,4,2000,0,491,3.6765,0,0,0.0764,2.0002,1.9158,0,2000,2000,1,0,4
0,0,4,2000,0,492,3.5516,0,0,0.0617,1.9456,1.8736,0,2000,2000,1,0,4
0,0,4,2000,0,493,4.1374,0,0,0.0584,2.1324,2.0615,0,2000,2000,1,0,4
0,0,4,2000,0,494,9.6124,0.0103,1.2504,0.0279,3.5991,2.1935,1,2000,2000,1,74,4
0,0,4,2000,0,495,3.8026,0,0,0.0762,2.0148,1.93,0,2000,2000,1,0,4
0,0,4,2000,0,496,9.7936,0.0116,2.1306,0.0266,4.5589,2.3,1,2000,2000,1,668,4
0,0,4,2000,0,497,3.8705,0,0,0.0727,2.0508,1.9671,0,2000,2000,1,0,4
0,0,4,2000,0,498,3.6518,0,0,0.0914,2.1465,2.0398,0,2000,2000,1,0,4
0,0,4,2000,0,499,4.2634,0,0,0.0969,2.4024,2.2876,0,2000,2000,1,0,4
0,0,4,2000,0,500,8.985,0.0131,2.02,0.028,4.1941,2.0567,1,2000,2000,1,338,4
0,0,4,2000,0,501,3.8031,0,0,0.0703,2.1848,2.1018,0,2000,2000,1,0,4
0,0,4,2000,0,502,6.2718,0.0106,1.7857,0.0291,4.0556,2.1352,1,2000,2000,1,132,4
0,0,4,2000,0,503,3.6302,0,0,0.0493,2.0056,1.9455,0,2000,2000,1,0,4
0,0,4,2000,0,504,3.361,0,0,0.0428,1.9264,1.8761,0,2000,2000,1,0,4
0,0,4,2000,0,505,5.6892,0,0,0.066,2.0878,2.0096,0,2000,2000,1,0,4
0,0,4,2000,0,506,11.2678,0.0146,2.7385,0.029,5.0115,2.1485,1,2000,2000,1,614,4
0,0,4,2000,0,507,3.6834,0,0,0.0552,1.9937,1.9262,0,2000,2000,1,0,4
0,0,4,2000,0,508,6.413,0.0095,2.3353,0.0279,4.5992,2.1489,1,2000,2000,1,309,4
0,0,4,2000,0,509,3.6205,0,0,0.0671,2.0151,1.9378,0,2000,2000,1,0,4
0,0,4,2000,0,510,3.6886,0,0,0.0555,2.0232,1.9579,0,2000,2000,1,0,4
0,0,4,2000,0,511,3.616,0,0,0.0511,2.1091,2.0462,0,2000,2000,1,0,4
0,0,4,2000,0,512,6.3744,0.0096,1.9066,0.0298,4.3154,2.2828,1,2000,2000,1,168,4
0,0,4,2000,0,513,3.7769,0,0,0.0717,2.0716,1.9906,0,2000,2000,1,0,4
0,0,4,2000,0,514,3.6558,0,0,0.0884,2.1316,2.0326,0,2000,2000,1,0,4
0,0,4,2000,0,515,3.7137,0,0,0.0652,2.1495,2.0725,0,2000,2000,1,0,4
0,0,4,2000,0,516,6.5063,0.012,2.4116,0.029,4.6557,2.1191,1,2000,2000,1,720,4
0,0,4,2000,0,517,3.8336,0,0,0.0639,2.1128,2.0366,0,2000,2000,1,0,4
0,0,4,2000,0,518,4.0231,0,0,0.0816,2.1107,2.0176,0,2000,2000,1,0,4
0,0,4,2000,0,519,7.1706,0.0098,2.0866,0.0258,4.669,2.4652,1,2000,2000,1,331,4
0,0,4,2000,0,520,3.7244,0,0,0.0632,2.1287,2.0569,0,2000,2000,1,0,4
0,0,4,2000,0,521,3.5503,0,0,0.0699,1.9927,1.9113,0,2000,2000,1,0,4
0,0,4,2000,0,522,4.6068,0,0,0.0621,2.4107,2.3406,0,2000,2000,1,0,4
0,0,4,2000,0,523,6.8276,0.011,2.1322,0.0328,4.533,2.2628,1,2000,2000,1,299,4
0,0,4,2000,0,524,3.9355,0,0,0.065,2.0817,2.0089,0,2000,2000,1,0,4
0,0,4,2000,0,525,5.2945,0,0,0.0447,2.0113,1.9542,0,2000,2000,1,0,4
0,0,4,2000,0,526,7.529,0.0129,2.7788,0.0277,5.0278,2.1273,1,2000,2000,1,830,4
0,0,4,2000,0,527,5.0908,0,0,0.0518,2.1565,2.0877,0,2000,2000,1,0,4
0,0,4,2000,0,528,12.5057,0.0142,2.2943,0.0275,5.8952,3.472,1,2000,2000,1,309,4
0,0,4,2000,0,529,3.6102,0,0,0.0678,2.0341,1.9562,0,2000,2000,1,0,4
0,0,4,2000,0,530,3.6917,0,0,0.0516,2.1291,2.0668,0,2000,2000,1,0,4
0,0,4,2000,0,531,6.7594,0.0103,2.2572,0.0278,4.7935,2.4152,1,2000,2000,1,271,4
0,0,4,2000,0,532,3.8182,0,0,0.0751,2.1507,2.0664,0,2000,2000,1,0,4
0,0,4,2000,0,533,4.0099,0,0,0.0706,2.3063,2.2201,0,2000,2000,1,0,4
0,0,4,2000,0,534,3.7341,0,0,0.0578,2.223,2.156,0,2000,2000,1,0,4
0,0,4,2000,0,535,6.9318,0.0092,2.5934,0.0303,5.0664,2.3522,1,2000,2000,1,350,4
0,0,4,2000,0,536,3.8677,0,0,0.0723,2.1481,2.066,0,2000,2000,1,0,4
0,0,4,2000,0,537,3.5915,0,0,0.0542,2.027,1.964,0,2000,2000,1,0,4
0,0,4,2000,0,538,3.5788,0,0,0.0693,2.1878,2.1084,0,2000,2000,1,0,4
0,0,4,2000,0,539,6.0663,0.0092,1.7876,0.0307,4.2227,2.3203,1,2000,2000,1,155,4
0,0,4,2000,0,540,3.6487,0,0,0.0582,2.0608,1.991,0,2000,2000,1,0,4
0,0,4,2000,0,541,3.6945,0,0,0.0731,2.0364,1.9537,0,2000,2000,1,0,4
0,0,4,2000,0,542,6.5803,0.0183,1.8674,0.0273,4.232,2.2179,1,2000,2000,1,113,4
0,0,4,2000,0,543,4.1727,0,0,0.0886,2.3188,2.2181,0,2000,2000,1,0,4
0,0,4,2000,0,544,3.9799,0,0,0.0648,2.3927,2.319,0,2000,2000,1,0,4
0,0,4,2000,0,545,3.6533,0,0,0.051,2.2539,2.1923,0,2000,2000,1,0,4
0,0,4,2000,0,546,5.5634,0.0155,1.5444,0.029,3.9167,2.2514,1,2000,2000,1,121,4
0,0,4,2000,0,547,4.1031,0,0,0.077,2.3078,2.2215,0,2000,2000,1,0,4
0,0,4,2000,0,548,3.9676,0,0,0.0693,2.3504,2.2711,0,2000,2000,1,0,4
0,0,4,2000,0,549,4.2243,0,0,0.0802,2.364,2.2746,0,2000,2000,1,0,4
0,0,4,2000,0,550,6.002,0.0138,1.6016,0.03,4.2129,2.4803,1,2000,2000,1,212,4
1,1,4,2000,0,151,4.4051,0.0097,0.1036,0.027,1.9608,1.7644,1,2000,2000,1,0,4
1,1,4,2000,0,152,3.8946,0.0097,0.1036,0.0604,1.9904,1.924,0,2000,2000,1,0,4
1,1,4,2000,0,153,8.3707,0.0097,0.1036,0.0769,2.0589,1.9749,0,2000,2000,1,0,4
1,1,4,2000,0,154,4.5214,0.0114,0.1618,0.0278,2.0369,1.78,1,2000,2000,1,3,4
1,1,4,2000,0,155,7.9165,0.0114,0.1618,0.0484,1.7999,1.7467,0,2000,2000,1,0,4
1,1,4,2000,0,156,9.133,0.0158,0.1052,0.0255,2.4247,2.2181,1,2000,2000,1,0,4
1,1,4,2000,0,157,3.4356,0.0158,0.1052,0.0452,1.7946,1.7442,0,2000,2000,1,0,4
1,1,4,2000,0,158,3.931,0.0158,0.1052,0.051,1.8173,1.7603,0,2000,2000,1,0,4
1,1,4,2000,0,159,4.2378,0.0158,0.1052,0.0583,1.7863,1.7227,0,2000,2000,1,0,4
1,1,4,2000,0,160,4.8905,0.0163,0.1223,0.029,2.2105,1.9566,1,2000,2000,1,0,4
1,1,4,2000,0,161,4.0272,0.0163,0.1223,0.0504,2.0186,1.9614,0,2000,2000,1,0,4
1,1,4,2000,0,162,3.5558,0.0163,0.1223,0.051,1.8642,1.8073,0,2000,2000,1,0,4
1,1,4,2000,0,163,4.7791,0.0163,0.1223,0.0656,2.0636,1.9915,0,2000,2000,1,0,4
1,1,4,2000,0,164,8.7223,0.0109,0.1094,0.0261,2.115,1.8916,1,2000,2000,1,0,4
1,1,4,2000,0,165,3.4008,0.0109,0.1094,0.0408,1.7597,1.7143,0,2000,2000,1,0,4
1,1,4,2000,0,166,9.3275,0.009,0.0943,0.0283,2.5466,2.3612,1,2000,2000,1,0,4
1,1,4,2000,0,167,3.3461,0.009,0.0943,0.0432,1.7897,1.7413,0,2000,2000,1,0,4
1,1,4,2000,0,168,3.8547,0.009,0.0943,0.0605,1.9511,1.8832,0,2000,2000,1,0,4
1,1,4,2000,0,169,4.0899,0.009,0.0943,0.0614,1.9383,1.8692,0,2000,2000,1,0,4
1,1,4,2000,0,170,4.837,0.0098,0.1242,0.026,2.1345,1.9109,1,2000,2000,1,0,4
1,1,4,2000,0,171,3.4814,0.0098,0.1242,0.0539,1.9964,1.9368,0,2000,2000,1,0,4
1,1,4,2000,0,172,4.1457,0.0098,0.1242,0.0551,1.8536,1.7928,0,2000,2000,1,0,4
1,1,4,2000,0,173,4.5594,0.0098,0.1242,0.0511,2.3964,2.3388,0,2000,2000,1,0,4
1,1,4,2000,0,174,4.2967,0.0124,0.1122,0.0265,2.2172,2.0153,1,2000,2000,1,0,4
1,1,4,2000,0,175,3.637,0.0124,0.1122,0.0491,1.8072,1.7525,0,2000,2000,1,0,4
1,1,4,2000,0,176,3.9721,0.0124,0.1122,0.0446,1.7642,1.7141,0,2000,2000,1,0,4
1,1,4,2000,0,177,4.6303,0.0124,0.1122,0.0458,1.9321,1.8807,0,2000,2000,1,0,4
1,1,4,2000,0,178,4.563,0.0084,0.0967,0.0264,2.1127,1.9331,1,2000,2000,1,0,4
1,1,4,2000,0,179,7.6339,0.0084,0.0967,0.0441,1.8217,1.7715,0,2000,2000,1,0,4
1,1,4,2000,0,180,9.0317,0.0074,0.1363,0.0254,2.1035,1.884,1,2000,2000,1,1,4
1,1,4,2000,0,181,8.0074,0.0074,0.1363,0.0584,2.1414,2.0768,0,2000,2000,1,0,4
1,1,4,2000,0,182,8.6821,0.0106,0.0992,0.0252,2.1412,1.9548,1,2000,2000,1,0,4
1,1,4,2000,0,183,8.5671,0.0106,0.0992,0.1081,2.2744,2.1569,0,2000,2000,1,0,4
1,1,4,2000,0,184,8.5847,0.0106,0.3204,0.0246,2.4205,2.0061,1,2000,2000,1,0,4
1,1,4,2000,0,185,7.7722,0.0106,0.3204,0.0743,2.0188,1.9382,0,2000,2000,1,0,4
1,1,4,2000,0,186,8.2411,0.0108,0.0868,0.027,2.0085,1.8228,1,2000,2000,1,0,4
1,1,4,2000,0,187,8.1874,0.0108,0.0868,0.0567,2.1899,2.1272,0,2000,2000,1,0,4
1,1,4,2000,0,188,8.8716,0.02,0.1385,0.0252,2.4775,2.2411,1,2000,2000,1,0,4
1,1,4,2000,0,189,7.5942,0.02,0.1385,0.0457,2.0289,1.9772,0,2000,2000,1,0,4
1,1,4,2000,0,190,8.9856,0.0095,0.113,0.0262,2.1942,1.9922,1,2000,2000,1,0,4
1,1,4,2000,0,191,7.762,0.0095,0.113,0.0636,1.9885,1.9189,0,2000,2000,1,0,4
1,1,4,2000,0,192,8.6035,0.0089,0.21,0.0253,2.2192,1.9214,1,2000,2000,1,0,4
1,1,4,2000,0,193,7.783,0.0089,0.21,0.0548,1.9145,1.854,0,2000,2000,1,0,4
1,1,4,2000,0,194,9.206,0.0098,0.1262,0.0273,2.2948,2.0554,1,2000,2000,1,0,4
1,1,4,2000,0,195,7.6828,0.0098,0.1262,0.063,2.0219,1.9511,0,2000,2000,1,0,4
1,1,4,2000,0,196,9.6656,0.0156,0.2194,0.0255,2.5432,2.2241,1,2000,2000,1,0,4
1,1,4,2000,0,197,7.3057,0.0156,0.2194,0.0764,2.2843,2.2019,0,2000,2000,1,0,4
1,1,4,2000,0,198,4.2216,0.0156,0.2194,0.0673,2.0476,1.9747,0,2000,2000,1,0,4
1,1,4,2000,0,199,8.4068,0.0115,0.2208,0.0282,2.2357,1.9231,1,2000,2000,1,0,4
1,1,4,2000,0,200,8.0732,0.0115,0.2208,0.1444,2.1528,2.0023,0,2000,2000,1,0,4
1,1,4,2000,0,201,8.7169,0.0072,0.1349,0.0339,2.3626,2.1294,1,2000,2000,1,0,4
1,1,4,2000,0,202,3.4175,0.0072,0.1349,0.0561,1.8154,1.754,0,2000,2000,1,0,4
1,1,4,2000,0,203,4.5839,0.0072,0.1349,0.0659,2.1637,2.0902,0,2000,2000,1,0,4
1,1,4,2000,0,204,3.9688,0.0113,0.1075,0.026,2.0637,1.8612,1,2000,2000,1,0,4
1,1,4,2000,0,205,4.2619,0.0113,0.1075,0.0511,1.9649,1.9076,0,2000,2000,1,0,4
1,1,4,2000,0,206,4.1024,0.0113,0.1075,0.0449,1.791,1.7409,0,2000,2000,1,0,4
1,1,4,2000,0,207,4.7592,0.0113,0.1075,0.0635,2.2027,2.1311,0,2000,2000,1,0,4
1,1,4,2000,0,208,4.1434,0.0124,0.1357,0.0278,2.1219,1.8911,1,2000,2000,1,0,4
1,1,4,2000,0,209,7.8912,0.0124,0.1357,0.0557,2.1991,2.1383,0,2000,2000,1,0,4
1,1,4,2000,0,210,8.8282,0.0111,0.1323,0.0282,2.2717,2.0467,1,2000,2000,1,0,4
1,1,4,2000,0,211,7.4911,0.0111,0.1323,0.0522,1.8753,1.8168,0,2000,2000,1,0,4
1,1,4,2000,0,212,4.1494,0.0111,0.1323,0.0522,2.0043,1.9456,0,2000,2000,1,0,4
1,1,4,2000,0,213,4.7714,0.0104,0.1445,0.0264,2.2873,2.038,1,2000,2000,1,0,4
1,1,4,2000,0,214,3.6063,0.0104,0.1445,0.0518,1.889,1.8304,0,2000,2000,1,0,4
1,1,4,2000,0,215,8.6222,0.0104,0.1445,0.0524,2.0515,1.9933,0,2000,2000,1,0,4
1,1,4,2000,0,216,4.1894,0.0095,0.1447,0.0264,2.1299,1.896,1,2000,2000,1,0,4
1,1,4,2000,0,217,3.9773,0.0095,0.1447,0.0584,2.0142,1.9482,0,2000,2000,1,0,4
1,1,4,2000,0,218,4.2079,0.0095,0.1447,0.0609,2.1774,2.1102,0,2000,2000,1,0,4
1,1,4,2000,0,219,4.0998,0.0095,0.1447,0.0702,2.02,1.9443,0,2000,2000,1,0,4
1,1,4,2000,0,220,4.7581,0.0112,0.1918,0.0274,2.3361,2.0471,1,2000,2000,1,0,4
1,1,4,2000,0,221,3.5852,0.0112,0.1918,0.0626,1.9427,1.8746,0,2000,2000,1,0,4
1,1,4,2000,0,222,4.1569,0.0112,0.1918,0.0634,1.9844,1.9151,0,2000,2000,1,0,4
1,1,4,2000,0,223,3.989,0.0112,0.1918,0.0603,2.0125,1.9457,0,2000,2000,1,0,4
1,1,4,2000,0,224,4.9049,0.0108,0.1971,0.0275,2.2407,1.9488,1,2000,2000,1,0,4
1,1,4,2000,0,225,7.6621,0.0108,0.1971,0.0589,1.9573,1.8924,0,2000,2000,1,0,4
1,1,4,2000,0,226,8.8768,0.0112,0.1852,0.0264,2.2892,2.0008,1,2000,2000,1,0,4
1,1,4,2000,0,227,7.8056,0.0112,0.1852,0.0597,1.9752,1.909,0,2000,2000,1,0,4
1,1,4,2000,0,228,8.746,0.0106,0.1961,0.0282,2.1874,1.8974,1,2000,2000,1,0,4
1,1,4,2000,0,229,3.6856,0.0106,0.1961,0.0534,2.0058,1.9467,0,2000,2000,1,0,4
1,1,4,2000,0,230,4.0563,0.0106,0.1961,0.0686,1.9139,1.8389,0,2000,2000,1,0,4
1,1,4,2000,0,231,4.1891,0.0106,0.1961,0.0561,1.9065,1.8445,0,2000,2000,1,0,4
1,1,4,2000,0,232,4.6828,0.0093,0.1298,0.0276,2.1308,1.9072,1,2000,2000,1,0,4
1,1,4,2000,0,233,3.9034,0.0093,0.1298,0.0642,2.0073,1.9373,0,2000,2000,1,0,4
1,1,4,2000,0,234,4.4532,0.0093,0.1298,0.0688,1.8904,1.8141,0,2000,2000,1,0,4
1,1,4,2000,0,235,8.5403,0.0087,0.1314,0.0264,2.1565,1.9331,1,2000,2000,1,0,4
1,1,4,2000,0,236,3.7233,0.0087,0.1314,0.0546,1.9138,1.8544,0,2000,2000,1,0,4
1,1,4,2000,0,237,4.0708,0.0087,0.1314,0.0705,1.9928,1.9155,0,2000,2000,1,0,4
1,1,4,2000,0,238,9.2375,0.015,0.1315,0.0282,2.5468,2.1792,1,2000,2000,1,0,4
1,1,4,2000,0,239,3.5884,0.015,0.1315,0.0573,1.9462,1.8833,0,2000,2000,1,0,4
1,1,4,2000,0,240,3.7141,0.015,0.1315,0.0522,1.8659,1.8085,0,2000,2000,1,0,4
1,1,4,2000,0,241,4.377,0.015,0.1315,0.0821,2.0563,1.9682,0,2000,2000,1,0,4
1,1,4,2000,0,242,5.0534,0.0091,0.1767,0.0267,2.4375,2.1616,1,2000,2000,1,0,4
1,1,4,2000,0,243,3.7682,0.0091,0.1767,0.0686,1.979,1.9045,0,2000,2000,1,0,4
1,1,4,2000,0,244,8.1121,0.0091,0.1767,0.0757,2.3333,2.2503,0,2000,2000,1,0,4
1,1,4,2000,0,245,4.7728,0.0106,0.1352,0.0278,2.3461,2.1068,1,2000,2000,1,0,4
1,1,4,2000,0,246,7.2471,0.0106,0.1352,0.0719,1.9665,1.8885,0,2000,2000,1,0,4
1,1,4,2000,0,247,4.0438,0.0106,0.1352,0.0476,1.8888,1.8357,0,2000,2000,1,0,4
1,1,4,2000,0,248,4.8462,0.0121,0.1451,0.0265,2.1966,1.9509,1,2000,2000,1,0,4
1,1,4,2000,0,249,3.613,0.0121,0.1451,0.068,1.9739,1.8999,0,2000,2000,1,0,4
1,1,4,2000,0,250,4.0806,0.0121,0.1451,0.0771,1.9215,1.8361,0,2000,2000,1,0,4
1,1,4,2000,0,251,4.4324,0.0121,0.1451,0.0544,2.2075,2.1476,0,2000,2000,1,0,4
1,1,4,2000,0,252,4.5262,0.0109,0.1465,0.0265,2.238,1.9943,1,2000,2000,1,0,4
1,1,4,2000,0,253,3.4389,0.0109,0.1465,0.0555,1.8292,1.7688,0,2000,2000,1,0,4
1,1,4,2000,0,254,4.2757,0.0109,0.1465,0.0724,1.8282,1.748,0,2000,2000,1,0,4
1,1,4,2000,0,255,4.2371,0.0109,0.1465,0.0489,1.8543,1.7998,0,2000,2000,1,0,4
1,1,4,2000,0,256,9.253,0.0141,0.1252,0.0246,2.2859,2.0719,1,2000,2000,1,0,4
1,1,4,2000,0,257,3.641,0.0141,0.1252,0.0427,1.804,1.7561,0,2000,2000,1,0,4
1,1,4,2000,0,258,3.9732,0.0141,0.1252,0.0703,2.0115,1.9346,0,2000,2000,1,0,4
1,1,4,2000,0,259,4.6398,0.0107,0.1289,0.0265,2.279,2.0378,1,2000,2000,1,0,4
1,1,4,2000,0,260,8.6103,0.0107,0.1289,0.0745,2.5731,2.487,0,2000,2000,1,0,4
1,1,4,2000,0,261,8.8472,0.0111,0.1003,0.0301,2.5107,2.2922,1,2000,2000,1,0,4
1,1,4,2000,0,262,4.5517,0.0111,0.1003,0.0636,2.2594,2.1895,0,2000,2000,1,0,4
1,1,4,2000,0,263,4.9239,0.0111,0.1003,0.0805,2.5495,2.4609,0,2000,2000,1,0,4
1,1,4,2000,0,264,4.9955,0.0093,0.1028,0.0272,2.2498,2.0578,1,2000,2000,1,0,4
1,1,4,2000,0,265,5.7497,0.0093,0.1028,0.0779,2.6575,2.5723,0,2000,2000,1,0,4
1,1,4,2000,0,266,8.4788,0.0093,0.1028,0.0799,2.4607,2.3729,0,2000,2000,1,0,4
1,1,4,2000,0,267,4.4296,0.0104,0.1051,0.028,2.2324,2.0384,1,2000,2000,1,0,4
1,1,4,2000,0,268,3.5909,0.0104,0.1051,0.0538,1.9237,1.8635,0,2000,2000,1,0,4
1,1,4,2000,0,269,3.7481,0.0104,0.1051,0.0485,2.0213,1.9667,0,2000,2000,1,0,4
1,1,4,2000,0,270,4.4002,0.0104,0.1051,0.0443,2.1593,2.1087,0,2000,2000,1,0,4
1,1,4,2000,0,271,4.2244,0.0149,0.1086,0.03,2.2052,1.9938,1,2000,2000,1,0,4
1,1,4,2000,0,272,3.5124,0.0149,0.1086,0.0522,1.9426,1.8844,0,2000,2000,1,0,4
1,1,4,2000,0,273,4.4769,0.0149,0.1086,0.0529,2.0069,1.9487,0,2000,2000,1,0,4
1,1,4,2000,0,274,4.3487,0.0149,0.1086,0.0638,2.0157,1.9465,0,2000,2000,1,0,4
1,1,4,2000,0,275,4.8612,0.0128,0.1263,0.026,2.2055,1.9837,1,2000,2000,1,0,4
1,1,4,2000,0,276,3.5663,0.0128,0.1263,0.0523,1.8997,1.8421,0,2000,2000,1,0,4
1,1,4,2000,0,277,3.7476,0.0128,0.1263,0.061,1.9586,1.8917,0,2000,2000,1,0,4
1,1,4,2000,0,278,4.4879,0.0128,0.1263,0.054,1.9087,1.8477,0,2000,2000,1,0,4
1,1,4,2000,0,279,9.0299,0.0108,0.2888,0.0254,2.404,2.0202,1,2000,2000,1,160,4
1,1,4,2000,0,280,3.581,0.0108,0.2888,0.0464,1.842,1.7895,0,2000,2000,1,0,4
1,1,4,2000,0,281,4.021,0.0108,0.2888,0.0384,2.0044,1.9605,0,2000,2000,1,0,4
1,1,4,2000,0,282,5.1506,0.0116,0.1139,0.0257,2.4708,2.2637,1,2000,2000,1,0,4
1,1,4,2000,0,283,6.9131,0.0116,0.1139,0.0463,1.8569,1.8061,0,2000,2000,1,0,4
1,1,4,2000,0,284,4.3785,0.0116,0.1139,0.0614,1.9365,1.8694,0,2000,2000,1,0,4
1,1,4,2000,0,285,4.9859,0.0124,0.1003,0.028,2.2133,2.0153,1,2000,2000,1,0,4
1,1,4,2000,0,286,3.3215,0.0124,0.1003,0.0395,1.7986,1.7535,0,2000,2000,1,0,4
1,1,4,2000,0,287,4.127,0.0124,0.1003,0.0701,1.9605,1.8844,0,2000,2000,1,0,4
1,1,4,2000,0,288,4.5704,0.0124,0.1003,0.0573,1.9081,1.8445,0,2000,2000,1,0,4
1,1,4,2000,0,289,4.1289,0.0106,0.124,0.0283,2.264,2.0415,1,2000,2000,1,1,4
1,1,4,2000,0,290,3.727,0.0106,0.124,0.043,1.9671,1.9188,0,2000,2000,1,0,4
1,1,4,2000,0,291,4.3545,0.0106,0.124,0.0753,1.9806,1.8982,0,2000,2000,1,0,4
1,1,4,2000,0,292,4.3314,0.0106,0.124,0.0603,1.8984,1.8321,0,2000,2000,1,0,4
1,1,4,2000,0,293,4.7648,0.014,0.3351,0.0258,2.3172,1.8937,1,2000,2000,1,320,4
1,1,4,2000,0,294,7.6193,0.014,0.3351,0.0402,1.8491,1.8033,0,2000,2000,1,0,4
1,1,4,2000,0,295,9.2188,0.0121,0.1347,0.0264,2.2982,2.0788,1,2000,2000,1,0,4
1,1,4,2000,0,296,3.335,0.0121,0.1347,0.0456,1.8567,1.8053,0,2000,2000,1,0,4
1,1,4,2000,0,297,3.9397,0.0121,0.1347,0.0404,1.9935,1.9475,0,2000,2000,1,0,4
1,1,4,2000,0,298,4.0275,0.0121,0.1347,0.0833,1.87,1.78,0,2000,2000,1,0,4
1,1,4,2000,0,299,4.5039,0.0135,0.1736,0.0259,2.113,1.8496,1,2000,2000,1,0,4
1,1,4,2000,0,300,3.8944,0.0135,0.1736,0.0445,1.8486,1.799,0,2000,2000,1,0,4
1,1,4,2000,0,301,3.9903,0.0135,0.1736,0.0633,1.8491,1.7801,0,2000,2000,1,0,4
1,1,4,2000,0,302,4.5704,0.0135,0.1736,0.056,2.1245,2.0619,0,2000,2000,1,0,4
1,1,4,2000,0,303,8.8694,0.0079,0.1251,0.0257,2.2034,1.9938,1,2000,2000,1,0,4
1,1,4,2000,0,304,7.8742,0.0079,0.1251,0.0512,1.9501,1.8916,0,2000,2000,1,0,4
1,1,4,2000,0,305,4.9441,0.0173,0.3308,0.0256,2.3928,1.9613,1,2000,2000,1,160,4
1,1,4,2000,0,306,3.51,0.0173,0.3308,0.0611,1.8822,1.8145,0,2000,2000,1,0,4
1,1,4,2000,0,307,3.8101,0.0173,0.3308,0.0642,2.0317,1.9619,0,2000,2000,1,0,4
1,1,4,2000,0,308,4.2028,0.0173,0.3308,0.0473,2.0467,1.9935,0,2000,2000,1,0,4
1,1,4,2000,0,309,4.4756,0.0134,0.2007,0.028,2.2507,1.9591,1,2000,2000,1,160,4
1,1,4,2000,0,310,3.6496,0.0134,0.2007,0.0472,1.984,1.9305,0,2000,2000,1,0,4
1,1,4,2000,0,311,4.392,0.0134,0.2007,0.1132,1.9956,1.8754,0,2000,2000,1,0,4
1,1,4,2000,0,312,4.0528,0.0134,0.2007,0.0512,2.0248,1.968,0,2000,2000,1,0,4
1,1,4,2000,0,313,4.7343,0.0089,0.1183,0.0265,2.3862,2.1837,1,2000,2000,1,0,4
1,1,4,2000,0,314,3.5533,0.0089,0.1183,0.0506,1.999,1.9428,0,2000,2000,1,0,4
1,1,4,2000,0,315,4.1766,0.0089,0.1183,0.0469,1.9786,1.926,0,2000,2000,1,0,4
1,1,4,2000,0,316,4.1844,0.0089,0.1183,0.0453,1.9481,1.8975,0,2000,2000,1,0,4
1,1,4,2000,0,317,8.88,0.0091,0.1105,0.0271,2.0723,1.8768,1,2000,2000,1,0,4
1,1,4,2000,0,318,7.7063,0.0091,0.1105,0.0499,1.8352,1.78,0,2000,2000,1,0,4
1,1,4,2000,0,319,9.1373,0.0089,0.404,0.0249,2.4086,1.9115,1,2000,2000,1,320,4
1,1,4,2000,0,320,8.2523,0.0089,0.404,0.0585,2.0192,1.9538,0,2000,2000,1,0,4
1,1,4,2000,0,321,8.1052,0.009,0.2341,0.0273,2.2579,1.9413,1,2000,2000,1,160,4
1,1,4,2000,0,322,8.2565,0.009,0.2341,0.0505,2.1571,2.0999,0,2000,2000,1,0,4
1,1,4,2000,0,323,8.9786,0.0076,0.1275,0.028,2.5472,2.3295,1,2000,2000,1,0,4
1,1,4,2000,0,324,7.3849,0.0076,0.1275,0.054,2.0172,1.9574,0,2000,2000,1,0,4
1,1,4,2000,0,325,9.694,0.0109,0.6701,0.0335,2.8587,2.0909,1,2000,2000,1,608,4
1,1,4,2000,0,326,3.6327,0.0109,0.6701,0.0505,1.8897,1.8338,0,2000,2000,1,0,4
1,1,4,2000,0,327,3.4575,0.0109,0.6701,0.0617,1.8684,1.8004,0,2000,2000,1,0,4
1,1,4,2000,0,328,5.0631,0.0133,0.2726,0.025,2.6143,2.2578,1,2000,2000,1,160,4
1,1,4,2000,0,329,7.4205,0.0133,0.2726,0.0629,2.0588,1.9898,0,2000,2000,1,0,4
1,1,4,2000,0,330,4.0856,0.0133,0.2726,0.0562,1.9712,1.9082,0,2000,2000,1,0,4
1,1,4,2000,0,331,4.7167,0.0083,0.1948,0.0284,2.2813,2.0013,1,2000,2000,1,134,4
1,1,4,2000,0,332,4.2894,0.0083,0.1948,0.0513,2.0013,1.9438,0,2000,2000,1,0,4
1,1,4,2000,0,333,7.6449,0.0083,0.1948,0.0504,1.9366,1.8803,0,2000,2000,1,0,4
1,1,4,2000,0,334,5.959,0.0549,0.1953,0.0272,2.5737,2.2358,1,2000,2000,1,0,4
1,1,4,2000,0,335,3.5948,0.0549,0.1953,0.05,1.922,1.8665,0,2000,2000,1,0,4
1,1,4,2000,0,336,3.5998,0.0549,0.1953,0.0463,1.8907,1.8391,0,2000,2000,1,0,4
1,1,4,2000,0,337,3.2993,0.0549,0.1953,0.0426,1.8513,1.8036,0,2000,2000,1,0,4
1,1,4,2000,0,338,5.5659,0.0118,0.3686,0.0265,2.9856,2.5308,1,2000,2000,1,320,4
1,1,4,2000,0,339,3.568,0.0118,0.3686,0.0597,1.9925,1.9264,0,2000,2000,1,0,4
1,1,4,2000,0,340,4.0318,0.0118,0.3686,0.0487,2.0768,2.0228,0,2000,2000,1,0,4
1,1,4,2000,0,341,3.6711,0.0118,0.3686,0.0459,1.905,1.8526,0,2000,2000,1,0,4
1,1,4,2000,0,342,5.0331,0.0089,0.2354,0.0273,2.34,2.0187,1,2000,2000,1,161,4
1,1,4,2000,0,343,3.4963,0.0089,0.2354,0.0708,1.8954,1.8186,0,2000,2000,1,0,4
1,1,4,2000,0,344,3.9127,0.0089,0.2354,0.0492,1.9463,1.8894,0,2000,2000,1,0,4
1,1,4,2000,0,345,4.3454,0.0089,0.2354,0.0693,2.182,2.1074,0,2000,2000,1,0,4
1,1,4,2000,0,346,5.0301,0.0132,0.1588,0.0303,2.3126,2.0528,1,2000,2000,1,0,4
1,1,4,2000,0,347,3.5848,0.0132,0.1588,0.0522,2.0368,1.9794,0,2000,2000,1,0,4
1,1,4,2000,0,348,4.1084,0.0132,0.1588,0.0617,2.1373,2.0696,0,2000,2000,1,0,4
1,1,4,2000,0,349,9.0327,0.1232,0.5322,0.0333,2.8961,2.1567,1,2000,2000,1,464,4
1,1,4,2000,0,350,3.4618,0.1232,0.5322,0.0429,1.9156,1.8666,0,2000,2000,1,0,4
1,1,4,2000,0,351,4.1586,0.1232,0.5322,0.0423,2.0754,2.028,0,2000,2000,1,0,4
1,1,4,2000,0,352,4.4013,0.1232,0.5322,0.0649,2.2353,2.1637,0,2000,2000,1,0,4
1,1,4,2000,0,353,8.74,0.0137,0.283,0.0267,2.5074,2.1326,1,2000,2000,1,153,4
1,1,4,2000,0,354,7.9005,0.0137,0.283,0.0502,2.055,1.9975,0,2000,2000,1,0,4
1,1,4,2000,0,355,8.4246,0.0102,0.1445,0.0245,2.2351,2.0074,1,2000,2000,1,3,4
1,1,4,2000,0,356,8.1661,0.0102,0.1445,0.0439,2.0785,2.0292,0,2000,2000,1,0,4
1,1,4,2000,0,357,4.954,0.0087,0.5139,0.0279,2.7152,2.109,1,2000,2000,1,320,4
1,1,4,2000,0,358,3.8051,0.0087,0.5139,0.0652,2.0789,2.0067,0,2000,2000,1,0,4
1,1,4,2000,0,359,3.6913,0.0087,0.5139,0.0492,2.113,2.0586,0,2000,2000,1,0,4
1,1,4,2000,0,360,3.8705,0.0087,0.5139,0.0412,2.0982,2.0509,0,2000,2000,1,0,4
1,1,4,2000,0,361,4.7868,0.0111,0.3027,0.0275,2.4756,2.087,1,2000,2000,1,165,4
1,1,4,2000,0,362,3.7048,0.0111,0.3027,0.0576,2.0642,2.0003,0,2000,2000,1,0,4
1,1,4,2000,0,363,5.6132,0.0111,0.3027,0.0649,2.502,2.4289,0,2000,2000,1,0,4
1,1,4,2000,0,364,4.1091,0.0185,0.2083,0.0273,2.4218,2.1153,1,2000,2000,1,12,4
1,1,4,2000,0,365,7.1336,0.0493,0.0534,0.0647,2.135,2.0629,0,2000,2000,1,0,4
1,1,4,2000,0,366,4.6732,0.0493,0.0534,0.0507,2.1053,2.0486,0,2000,2000,1,0,4
1,1,4,2000,0,367,8.6178,0.0118,0.2925,0.0273,2.943,2.5631,1,2000,2000,1,175,4
1,1,4,2000,0,368,3.6451,0.0118,0.2925,0.0535,2.1118,2.0528,0,2000,2000,1,0,4
1,1,4,2000,0,369,3.7853,0.0118,0.2925,0.0532,1.9862,1.9275,0,2000,2000,1,0,4
1,1,4,2000,0,370,4.1673,0.0118,0.2925,0.0439,2.247,2.1972,0,2000,2000,1,0,4
1,1,4,2000,0,371,4.7535,0.0096,0.5703,0.0279,2.795,2.14,1,2000,2000,1,438,4
1,1,4,2000,0,372,3.7724,0.0096,0.5703,0.0542,2.1448,2.0843,0,2000,2000,1,0,4
1,1,4,2000,0,373,3.7483,0.0096,0.5703,0.0505,2.1419,2.0856,0,2000,2000,1,0,4
1,1,4,2000,0,374,4.3707,0.0096,0.5703,0.0507,2.3393,2.282,0,2000,2000,1,0,4
1,1,4,2000,0,375,4.8227,0.0156,0.399,0.0259,2.5676,2.0724,1,2000,2000,1,249,4
1,1,4,2000,0,376,7.5768,0.0156,0.399,0.0484,2.0955,2.0408,0,2000,2000,1,0,4
1,1,4,2000,0,377,4.0153,0.0156,0.399,0.0501,2.0351,1.9788,0,2000,2000,1,0,4
1,1,4,2000,0,378,4.9341,0.0087,0.3415,0.0306,2.6118,2.1796,1,2000,2000,1,114,4
1,1,4,2000,0,379,3.5327,0.0087,0.3415,0.048,1.9797,1.9267,0,2000,2000,1,0,4
1,1,4,2000,0,380,4.3922,0.0087,0.3415,0.0631,2.327,2.2587,0,2000,2000,1,0,4
1,1,4,2000,0,381,4.0265,0.0087,0.3415,0.0811,2.0121,1.9224,0,2000,2000,1,0,4
1,1,4,2000,0,382,9.4444,0.0091,0.5221,0.0259,2.8739,2.2698,1,2000,2000,1,464,4
1,1,4,2000,0,383,7.6196,0.0091,0.5221,0.0617,2.1865,2.1186,0,2000,2000,1,0,4
1,1,4,2000,0,384,5.2833,0.0109,0.5753,0.0275,2.9894,2.3031,1,2000,2000,1,416,4
1,1,4,2000,0,385,3.4299,0.0109,0.5753,0.044,1.9374,1.8885,0,2000,2000,1,0,4
1,1,4,2000,0,386,3.4325,0.0109,0.5753,0.0424,1.923,1.8758,0,2000,2000,1,0,4
1,1,4,2000,0,387,9.1226,0.01,0.3453,0.027,2.5972,2.1656,1,2000,2000,1,163,4
1,1,4,2000,0,388,3.6662,0.01,0.3453,0.043,1.9308,1.8827,0,2000,2000,1,0,4
1,1,4,2000,0,389,7.7861,0.01,0.3453,0.0791,1.9924,1.9067,0,2000,2000,1,0,4
1,1,4,2000,0,390,5.7985,0.0132,0.6287,0.0272,2.9209,2.2085,1,2000,2000,1,484,4
1,1,4,2000,0,391,6.9899,0.0132,0.6287,0.0458,2.1367,2.0846,0,2000,2000,1,0,4
1,1,4,2000,0,392,5.9401,0.0153,0.4498,0.0275,3.0889,2.5479,1,2000,2000,1,337,4
1,1,4,2000,0,393,6.5806,0.099,0.005,0.047,2.0548,2.0021,0,2000,2000,1,0,4
1,1,4,2000,0,394,4.0798,0.099,0.005,0.0476,2.0348,1.9813,0,2000,2000,1,0,4
1,1,4,2000,0,395,3.9656,0.099,0.005,0.0401,2.1135,2.0678,0,2000,2000,1,0,4
1,1,4,2000,0,396,5.5336,0.0096,0.4127,0.0265,2.9512,2.4587,1,2000,2000,1,278,4
1,1,4,2000,0,397,3.6601,0.0096,0.4127,0.0392,1.9844,1.9398,0,2000,2000,1,0,4
1,1,4,2000,0,398,3.2924,0.0096,0.4127,0.046,1.9495,1.8968,0,2000,2000,1,0,4
1,1,4,2000,0,399,4.4619,0.0096,0.4127,0.0551,2.287,2.2256,0,2000,2000,1,0,4
1,1,4,2000,0,400,4.5922,0.0118,0.4358,0.0277,2.7499,2.2103,1,2000,2000,1,257,4
1,1,4,2000,0,401,3.8412,0.0118,0.4358,0.0585,2.2518,2.1868,0,2000,2000,1,0,4
1,1,4,2000,0,402,4.2391,0.0118,0.4358,0.0786,2.6412,2.5565,0,2000,2000,1,0,4
1,1,4,2000,0,403,3.8314,0.0118,0.4358,0.0544,2.1821,2.1228,0,2000,2000,1,0,4
1,1,4,2000,0,404,5.1497,0.0088,0.5177,0.0278,2.8087,2.2044,1,2000,2000,1,258,4
1,1,4,2000,0,405,3.6994,0.0088,0.5177,0.0517,2.0969,2.0397,0,2000,2000,1,0,4
1,1,4,2000,0,406,3.4398,0.0088,0.5177,0.046,2.0601,2.009,0,2000,2000,1,0,4
1,1,4,2000,0,407,4.2475,0.0088,0.5177,0.0738,2.17,2.0893,0,2000,2000,1,0,4
1,1,4,2000,0,408,5.268,0.0132,0.507,0.026,2.8441,2.2565,1,2000,2000,1,249,4
1,1,4,2000,0,409,3.5933,0.0132,0.507,0.0487,2.0536,2.0001,0,2000,2000,1,0,4
1,1,4,2000,0,410,8.3708,0.0132,0.507,0.1015,2.3488,2.2386,0,2000,2000,1,0,4
1,1,4,2000,0,411,9.2223,0.01,0.4835,0.0255,3.0232,2.4075,1,2000,2000,1,230,4
1,1,4,2000,0,412,7.0291,0.01,0.4835,0.0671,2.2865,2.2135,0,2000,2000,1,0,4
1,1,4,2000,0,413,5.1025,0.0128,0.5592,0.0283,2.8595,2.2109,1,2000,2000,1,231,4
1,1,4,2000,0,414,3.7272,0.0128,0.5592,0.0506,2.0487,1.993,0,2000,2000,1,0,4
1,1,4,2000,0,415,3.7929,0.0128,0.5592,0.0505,2.0921,2.0357,0,2000,2000,1,0,4
1,1,4,2000,0,416,3.9383,0.0128,0.5592,0.0444,2.1835,2.1336,0,2000,2000,1,0,4
1,1,4,2000,0,417,4.9839,0.0104,0.4478,0.0265,2.7216,2.1891,1,2000,2000,1,209,4
1,1,4,2000,0,418,3.7991,0.0104,0.4478,0.0525,2.1647,2.1066,0,2000,2000,1,0,4
1,1,4,2000,0,419,3.8249,0.0104,0.4478,0.0519,2.1573,2.0997,0,2000,2000,1,0,4
1,1,4,2000,0,420,4.5062,0.0104,0.4478,0.0458,2.432,2.3807,0,2000,2000,1,0,4
1,1,4,2000,0,421,4.5553,0.0124,0.4012,0.0286,2.7366,2.2439,1,2000,2000,1,190,4
1,1,4,2000,0,422,4.3299,0.0124,0.4012,0.0487,2.3193,2.2648,0,2000,2000,1,0,4
1,1,4,2000,0,423,3.5614,0.0124,0.4012,0.0523,2.0748,2.0168,0,2000,2000,1,0,4
1,1,4,2000,0,424,3.8265,0.0124,0.4012,0.0439,2.1737,2.1244,0,2000,2000,1,0,4
1,1,4,2000,0,425,4.9276,0.0093,0.3511,0.0336,2.6918,2.2357,1,2000,2000,1,187,4
1,1,4,2000,0,426,4.1198,0.0093,0.3511,0.0575,2.195,2.1311,0,2000,2000,1,0,4
1,1,4,2000,0,427,7.9572,0.0093,0.3511,0.0503,2.2725,2.2162,0,2000,2000,1,0,4
1,1,4,2000,0,428,9.1285,0.0115,0.3422,0.028,2.7942,2.3647,1,2000,2000,1,155,4
1,1,4,2000,0,429,7.6668,0.0115,0.3422,0.0483,2.3141,2.2594,0,2000,2000,1,0,4
1,1,4,2000,0,430,8.868,0.0084,0.3476,0.0267,2.6415,2.2087,1,2000,2000,1,146,4
1,1,4,2000,0,431,3.866,0.0084,0.3476,0.0568,2.0925,2.0288,0,2000,2000,1,0,4
1,1,4,2000,0,432,3.9947,0.0084,0.3476,0.0574,2.2463,2.1825,0,2000,2000,1,0,4
1,1,4,2000,0,433,4.7082,0.01,0.3121,0.0292,2.6223,2.2232,1,2000,2000,1,134,4
1,1,4,2000,0,434,3.9516,0.01,0.3121,0.0555,2.2442,2.1826,0,2000,2000,1,0,4
1,1,4,2000,0,435,4.1041,0.01,0.3121,0.0544,2.3282,2.2671,0,2000,2000,1,0,4
1,1,4,2000,0,436,4.3329,0.01,0.3121,0.1006,2.6479,2.5392,0,2000,2000,1,0,4
1,1,4,2000,0,437,5.5877,0.0139,0.3285,0.0287,2.9843,2.5516,1,2000,2000,1,133,4
1,1,4,2000,0,438,4.0777,0.0139,0.3285,0.0489,2.2145,2.1595,0,2000,2000,1,0,4
1,1,4,2000,0,439,3.7239,0.0139,0.3285,0.0446,2.0014,1.9517,0,2000,2000,1,0,4
1,1,4,2000,0,440,4.3391,0.0166,0.2635,0.0275,2.8585,2.4934,1,2000,2000,1,113,4
1,1,4,2000,0,441,4.0913,0.0526,0.234,0.0453,2.0589,2.0077,0,2000,2000,1,0,4
1,1,4,2000,0,442,3.4768,0.0526,0.234,0.0505,1.9691,1.9123,0,2000,2000,1,0,4
1,1,4,2000,0,443,7.2268,0.0526,0.234,0.079,2.2847,2.1982,0,2000,2000,1,0,4
1,1,4,2000,0,444,9.3576,0.0172,0.2417,0.0267,2.8668,2.5305,1,2000,2000,1,110,4
1,1,4,2000,0,445,3.4299,0.0172,0.2417,0.0485,2.0154,1.9611,0,2000,2000,1,0,4
1,1,4,2000,0,446,3.5311,0.0172,0.2417,0.0487,1.9781,1.9246,0,2000,2000,1,0,4
1,1,4,2000,0,447,5.1911,0.0103,0.2572,0.025,2.5375,2.2004,1,2000,2000,1,101,4
1,1,4,2000,0,448,3.4501,0.0103,0.2572,0.0455,1.9922,1.9418,0,2000,2000,1,0,4
1,1,4,2000,0,449,8.3719,0.0103,0.2572,0.0567,2.0697,2.0071,0,2000,2000,1,0,4
1,1,4,2000,0,450,8.794,0.0075,0.4124,0.0272,2.6656,2.1733,1,2000,2000,1,84,4
1,1,4,2000,0,451,7.6463,0.0075,0.4124,0.0529,2.0026,1.9449,0,2000,2000,1,0,4
1,1,4,2000,0,452,9.0057,0.0099,0.2627,0.027,2.5137,2.1645,1,2000,2000,1,96,4
1,1,4,2000,0,453,3.7198,0.0099,0.2627,0.0579,2.2542,2.1902,0,2000,2000,1,0,4
1,1,4,2000,0,454,4.0737,0.0099,0.2627,0.0487,2.2783,2.2245,0,2000,2000,1,0,4
1,1,4,2000,0,455,4.92,0.0124,0.2958,0.0284,2.819,2.3977,1,2000,2000,1,80,4
1,1,4,2000,0,456,4.1748,0.0124,0.2958,0.0575,2.1227,2.0586,0,2000,2000,1,0,4
1,1,4,2000,0,457,7.6342,0.0124,0.2958,0.0508,2.2075,2.1503,0,2000,2000,1,0,4
1,1,4,2000,0,458,9.0333,0.0148,0.262,0.0292,2.5713,2.2071,1,2000,2000,1,76,4
1,1,4,2000,0,459,3.4259,0.0148,0.262,0.043,2.0176,1.9695,0,2000,2000,1,0,4
1,1,4,2000,0,460,4.032,0.0148,0.262,0.0435,2.0532,2.0041,0,2000,2000,1,0,4
1,1,4,2000,0,461,4.9044,0.0088,0.3582,0.027,2.5657,2.1239,1,2000,2000,1,73,4
1,1,4,2000,0,462,3.6773,0.0088,0.3582,0.1092,2.0932,1.9753,0,2000,2000,1,0,4
1,1,4,2000,0,463,3.9993,0.0088,0.3582,0.0514,2.1634,2.1055,0,2000,2000,1,0,4
1,1,4,2000,0,464,4.2015,0.0088,0.3582,0.0632,2.2528,2.1842,0,2000,2000,1,0,4
1,1,4,2000,0,465,4.765,0.0093,0.3515,0.027,2.7292,2.2956,1,2000,2000,1,77,4
1,1,4,2000,0,466,3.7073,0.0093,0.3515,0.0466,2.156,2.1035,0,2000,2000,1,0,4
1,1,4,2000,0,467,3.9254,0.0093,0.3515,0.0466,2.2882,2.2363,0,2000,2000,1,0,4
1,1,4,2000,0,468,4.0931,0.0093,0.3515,0.0505,2.1179,2.0607,0,2000,2000,1,0,4
1,1,4,2000,0,469,4.7171,0.0106,0.2315,0.026,2.5838,2.2673,1,2000,2000,1,62,4
1,1,4,2000,0,470,3.6297,0.0106,0.2315,0.0612,2.0825,2.0165,0,2000,2000,1,0,4
1,1,4,2000,0,471,4.1081,0.0106,0.2315,0.0528,2.0146,1.9555,0,2000,2000,1,0,4
1,1,4,2000,0,472,4.1076,0.0106,0.2315,0.0503,2.027,1.9716,0,2000,2000,1,0,4
1,1,4,2000,0,473,4.7741,0.0109,0.229,0.0273,2.4864,2.1689,1,2000,2000,1,68,4
1,1,4,2000,0,474,3.7848,0.0109,0.229,0.0579,2.063,1.9993,0,2000,2000,1,0,4
1,1,4,2000,0,475,4.2118,0.0109,0.229,0.0474,2.2358,2.1825,0,2000,2000,1,0,4
1,1,4,2000,0,476,4.1957,0.0109,0.229,0.0451,2.2365,2.1862,0,2000,2000,1,0,4
1,1,4,2000,0,477,4.6704,0.0077,0.2425,0.0274,2.5949,2.2646,1,2000,2000,1,67,4
1,1,4,2000,0,478,3.6301,0.0077,0.2425,0.0547,2.0673,2.0057,0,2000,2000,1,0,4
1,1,4,2000,0,479,8.4464,0.0077,0.2425,0.0456,2.2619,2.2103,0,2000,2000,1,0,4
1,1,4,2000,0,480,4.6141,0.0131,0.2554,0.0368,2.5353,2.1583,1,2000,2000,1,62,4
1,1,4,2000,0,481,7.4972,0.0131,0.2554,0.0411,1.9776,1.9313,0,2000,2000,1,0,4
1,1,4,2000,0,482,9.5774,0.0087,0.3114,0.0284,2.5574,2.1598,1,2000,2000,1,53,4
1,1,4,2000,0,483,7.2278,0.0087,0.3114,0.0608,2.0089,1.9427,0,2000,2000,1,0,4
1,1,4,2000,0,484,9.3606,0.0193,0.2558,0.0292,2.5676,2.2096,1,2000,2000,1,53,4
1,1,4,2000,0,485,7.2914,0.0193,0.2558,0.0501,2.0561,2.0007,0,2000,2000,1,0,4
1,1,4,2000,0,486,8.98,0.0097,0.2266,0.0259,2.3977,2.0865,1,2000,2000,1,51,4
1,1,4,2000,0,487,8.2096,0.0097,0.2266,0.0715,2.0593,1.9814,0,2000,2000,1,0,4
1,1,4,2000,0,488,3.8626,0.0097,0.2266,0.0534,2.1184,2.0596,0,2000,2000,1,0,4
1,1,4,2000,0,489,9.055,0.0142,0.2482,0.0282,2.5862,2.2466,1,2000,2000,1,63,4
1,1,4,2000,0,490,7.7137,0.0142,0.2482,0.0643,2.2298,2.1603,0,2000,2000,1,0,4
1,1,4,2000,0,491,8.8184,0.0134,0.1967,0.0258,2.6248,2.3417,1,2000,2000,1,41,4
1,1,4,2000,0,492,7.7852,0.0134,0.1967,0.073,2.3401,2.2605,0,2000,2000,1,0,4
1,1,4,2000,0,493,8.9446,0.0104,0.2179,0.0266,2.6418,2.3294,1,2000,2000,1,63,4
1,1,4,2000,0,494,7.6118,0.0104,0.2179,0.0479,2.0968,2.0442,0,2000,2000,1,0,4
1,1,4,2000,0,495,4.4676,0.0097,0.2446,0.0272,2.3791,2.0481,1,2000,2000,1,52,4
1,1,4,2000,0,496,3.5141,0.0097,0.2446,0.0632,1.9836,1.9139,0,2000,2000,1,0,4
1,1,4,2000,0,497,4.5237,0.0097,0.2446,0.0501,2.1863,2.1306,0,2000,2000,1,0,4
1,1,4,2000,0,498,3.8008,0.0097,0.2446,0.0452,2.0075,1.9564,0,2000,2000,1,0,4
1,1,4,2000,0,499,4.9829,0.0119,0.1913,0.0269,2.5624,2.2845,1,2000,2000,1,40,4
1,1,4,2000,0,500,3.579,0.0119,0.1913,0.0443,2.0549,2.0056,0,2000,2000,1,0,4
1,1,4,2000,0,501,4.6597,0.0119,0.1913,0.0593,2.6209,2.5546,0,2000,2000,1,0,4
1,1,4,2000,0,502,3.655,0.0119,0.1913,0.0438,2.1443,2.0952,0,2000,2000,1,0,4
1,1,4,2000,0,503,5.5171,0.0128,0.1935,0.0273,2.4521,2.1676,1,2000,2000,1,45,4
1,1,4,2000,0,504,3.646,0.0128,0.1935,0.0641,2.0402,1.9695,0,2000,2000,1,0,4
1,1,4,2000,0,505,3.7225,0.0128,0.1935,0.0475,2.0109,1.9576,0,2000,2000,1,0,4
1,1,4,2000,0,506,8.6857,0.0084,0.238,0.027,2.5075,2.1846,1,2000,2000,1,40,4
1,1,4,2000,0,507,7.497,0.0084,0.238,0.0482,2.0674,2.0125,0,2000,2000,1,0,4
1,1,4,2000,0,508,4.1645,0.0084,0.238,0.0465,2.063,2.0103,0,2000,2000,1,0,4
1,1,4,2000,0,509,4.9448,0.0121,0.215,0.0282,2.6786,2.3744,1,2000,2000,1,39,4
1,1,4,2000,0,510,3.597,0.0121,0.215,0.0502,2.1438,2.0884,0,2000,2000,1,0,4
1,1,4,2000,0,511,4.3452,0.0121,0.215,0.0652,2.2491,2.1621,0,2000,2000,1,0,4
1,1,4,2000,0,512,3.9041,0.0121,0.215,0.0577,2.154,2.0907,0,2000,2000,1,0,4
1,1,4,2000,0,513,4.632,0.0108,0.2306,0.025,2.5214,2.2053,1,2000,2000,1,42,4
1,1,4,2000,0,514,4.2372,0.0108,0.2306,0.0574,2.2989,2.2338,0,2000,2000,1,0,4
1,1,4,2000,0,515,3.9018,0.0108,0.2306,0.0827,2.2228,2.1328,0,2000,2000,1,0,4
1,1,4,2000,0,516,8.967,0.0086,0.2186,0.027,2.7939,2.4951,1,2000,2000,1,29,4
1,1,4,2000,0,517,3.6411,0.0086,0.2186,0.0457,2.0562,2.0035,0,2000,2000,1,0,4
1,1,4,2000,0,518,3.5647,0.0086,0.2186,0.0452,2.0471,1.9957,0,2000,2000,1,0,4
1,1,4,2000,0,519,4.3575,0.0086,0.2186,0.0638,2.2609,2.1901,0,2000,2000,1,0,4
1,1,4,2000,0,520,5.1961,0.0104,0.3377,0.0283,2.8373,2.3958,1,2000,2000,1,42,4
1,1,4,2000,0,521,3.8476,0.0104,0.3377,0.0594,2.1569,2.0894,0,2000,2000,1,0,4
1,1,4,2000,0,522,3.6444,0.0104,0.3377,0.0516,2.0235,1.9654,0,2000,2000,1,0,4
1,1,4,2000,0,523,8.9621,0.0083,0.2297,0.0283,2.3912,2.0714,1,2000,2000,1,39,4
1,1,4,2000,0,524,7.3287,0.0083,0.2297,0.0431,1.9699,1.9213,0,2000,2000,1,0,4
1,1,4,2000,0,525,8.9066,0.0113,0.2091,0.0266,2.4551,2.1614,1,2000,2000,1,17,4
1,1,4,2000,0,526,3.6836,0.0113,0.2091,0.0451,2.1191,2.0683,0,2000,2000,1,0,4
1,1,4,2000,0,527,4.2024,0.0113,0.2091,0.0463,2.0475,1.9952,0,2000,2000,1,0,4
1,1,4,2000,0,528,4.045,0.0113,0.2091,0.0436,2.0448,1.9951,0,2000,2000,1,0,4
1,1,4,2000,0,529,5.1145,0.0095,0.3002,0.0265,2.7406,2.3441,1,2000,2000,1,28,4
1,1,4,2000,0,530,3.6434,0.0095,0.3002,0.0453,2.0201,1.9696,0,2000,2000,1,0,4
1,1,4,2000,0,531,3.9699,0.0095,0.3002,0.0585,2.0926,2.0266,0,2000,2000,1,0,4
1,1,4,2000,0,532,4.2229,0.0095,0.3002,0.05,2.1771,2.1215,0,2000,2000,1,0,4
1,1,4,2000,0,533,4.6919,0.0169,0.2326,0.0273,2.4711,2.145,1,2000,2000,1,19,4
1,1,4,2000,0,534,3.6234,0.0169,0.2326,0.0453,2.0681,2.0174,0,2000,2000,1,0,4
1,1,4,2000,0,535,4.2567,0.0169,0.2326,0.0452,2.2214,2.1708,0,2000,2000,1,0,4
1,1,4,2000,0,536,4.0684,0.0169,0.2326,0.0565,2.0643,2.0022,0,2000,2000,1,0,4
1,1,4,2000,0,537,4.555,0.0117,0.2088,0.025,2.4698,2.1789,1,2000,2000,1,35,4
1,1,4,2000,0,538,3.5406,0.0117,0.2088,0.041,1.9839,1.9374,0,2000,2000,1,0,4
1,1,4,2000,0,539,8.5057,0.0117,0.2088,0.0508,2.1875,2.1304,0,2000,2000,1,0,4
1,1,4,2000,0,540,5.3264,0.0134,0.1832,0.0274,2.6325,2.3573,1,2000,2000,1,31,4
1,1,4,2000,0,541,7.5629,0.0134,0.1832,0.0609,2.3689,2.3009,0,2000,2000,1,0,4
1,1,4,2000,0,542,8.6338,0.0103,0.2089,0.0266,2.6754,2.3758,1,2000,2000,1,36,4
1,1,4,2000,0,543,3.7099,0.0103,0.2089,0.0525,2.0561,1.9975,0,2000,2000,1,0,4
1,1,4,2000,0,544,4.1326,0.0103,0.2089,0.0522,2.2841,2.2258,0,2000,2000,1,0,4
1,1,4,2000,0,545,4.0536,0.0103,0.2089,0.052,2.2843,2.2247,0,2000,2000,1,0,4
1,1,4,2000,0,546,4.3807,0.0108,0.189,0.0282,2.4637,2.1843,1,2000,2000,1,34,4
1,1,4,2000,0,547,3.8095,0.0108,0.189,0.0474,2.1132,2.0605,0,2000,2000,1,0,4
1,1,4,2000,0,548,4.259,0.0108,0.189,0.0405,2.2081,2.1616,0,2000,2000,1,0,4
1,1,4,2000,0,549,4.1698,0.0108,0.189,0.0474,2.1107,2.0581,0,2000,2000,1,0,4
1,1,4,2000,0,550,4.9528,0.0103,0.1918,0.0264,2.3616,2.085,1,2000,2000,1,26,4
2,0,27,2000,0,151,9.6199,0.0528,1.2383,0.0271,3.4642,2.025,1,2000,2000,1,0,27
2,0,27,2000,0,152,6.7544,0,0,0.0726,1.9871,1.9006,0,2000,2000,1,0,27
2,0,27,2000,0,153,9.1514,0.0501,0.8036,0.0255,2.9362,1.9673,1,2000,2000,1,0,27
2,0,27,2000,0,154,7.7572,0,0,0.1217,2.22,2.0792,0,2000,2000,1,0,27
2,0,27,2000,0,155,9.0441,0.0499,0.8287,0.0283,3.0702,2.0687,1,2000,2000,1,0,27
2,0,27,2000,0,156,3.9319,0,0,0.0932,2.0403,1.935,0,2000,2000,1,0,27
2,0,27,2000,0,157,3.9122,0,0,0.1249,2.2012,2.0624,0,2000,2000,1,0,27
2,0,27,2000,0,158,3.7086,0,0,0.0636,2.0669,1.9917,0,2000,2000,1,0,27
2,0,27,2000,0,159,4.7843,0.0594,0.7423,0.0291,2.9686,2.0335,1,2000,2000,1,0,27
2,0,27,2000,0,160,4.1042,0,0,0.0754,1.8678,1.7808,0,2000,2000,1,0,27
2,0,27,2000,0,161,3.3523,0,0,0.057,1.8357,1.7683,0,2000,2000,1,0,27
2,0,27,2000,0,162,4.5761,0,0,0.0826,2.0617,1.9584,0,2000,2000,1,0,27
2,0,27,2000,0,163,9.4317,0.0561,0.8568,0.0272,2.9592,1.9013,1,2000,2000,1,0,27
2,0,27,2000,0,164,7.7457,0,0,0.0897,2.2102,2.1093,0,2000,2000,1,0,27
2,0,27,2000,0,165,9.0105,0.0421,0.8943,0.0282,3.0744,2.0246,1,2000,2000,1,0,27
2,0,27,2000,0,166,6.7385,0,0,0.077,1.8293,1.742,0,2000,2000,1,0,27
2,0,27,2000,0,167,5.3198,0.0622,1.0157,0.0282,3.1635,1.9699,1,2000,2000,1,0,27
2,0,27,2000,0,168,3.9929,0,0,0.0974,2.1243,2.0171,0,2000,2000,1,0,27
2,0,27,2000,0,169,3.6147,0,0,0.0565,1.8429,1.7772,0,2000,2000,1,0,27
2,0,27,2000,0,170,9.1098,0.0881,0.9717,0.0265,3.2407,2.0558,1,2000,2000,1,0,27
2,0,27,2000,0,171,4.0223,0,0,0.0758,1.924,1.8374,0,2000,2000,1,0,27
2,0,27,2000,0,172,3.6814,0,0,0.0704,2.017,1.9353,0,2000,2000,1,0,27
2,0,27,2000,0,173,3.616,0,0,0.0719,1.9807,1.8955,0,2000,2000,1,0,27
2,0,27,2000,0,174,5.3365,0.0738,0.9936,0.0297,3.2241,2.0282,1,2000,2000,1,0,27
2,0,27,2000,0,175,7.5086,0,0,0.0899,1.9989,1.8976,0,2000,2000,1,0,27
2,0,27,2000,0,176,3.8925,0,0,0.0495,2.015,1.9465,0,2000,2000,1,0,27
2,0,27,2000,0,177,5.2622,0.0569,1.1186,0.0272,3.2819,1.9554,1,2000,2000,1,0,27
2,0,27,2000,0,178,3.8922,0,0,0.0973,2.0902,1.9842,0,2000,2000,1,0,27
2,0,27,2000,0,179,3.2844,0,0,0.0515,1.7795,1.7191,0,2000,2000,1,0,27
2,0,27,2000,0,180,4.4108,0,0,0.0614,2.0408,1.9692,0,2000,2000,1,0,27
2,0,27,2000,0,181,5.6316,0.1324,1.429,0.0285,3.566,1.8594,1,2000,2000,1,0,27
2,0,27,2000,0,182,4.0371,0,0,0.0968,2.1604,2.053,0,2000,2000,1,0,27
2,0,27,2000,0,183,6.8184,0,0,0.079,1.9674,1.8742,0,2000,2000,1,0,27
2,0,27,2000,0,184,5.6277,0.0702,1.0333,0.0265,3.3999,2.172,1,2000,2000,1,0,27
2,0,27,2000,0,185,7.1193,0,0,0.0556,2.0013,1.9348,0,2000,2000,1,0,27
2,0,27,2000,0,186,3.55,0,0,0.0627,1.8634,1.7916,0,2000,2000,1,0,27
2,0,27,2000,0,187,6.4869,0.061,1.234,0.0262,4.041,2.5803,1,2000,2000,1,0,27
2,0,27,2000,0,188,6.3185,0,0,0.067,1.8582,1.7813,0,2000,2000,1,0,27
2,0,27,2000,0,189,4.1719,0,0,0.0536,1.8659,1.7976,0,2000,2000,1,0,27
2,0,27,2000,0,190,5.2161,0.0596,0.8708,0.0272,3.1693,2.1083,1,2000,2000,1,0,27
2,0,27,2000,0,191,3.9451,0,0,0.0676,2.0578,1.9767,0,2000,2000,1,0,27
2,0,27,2000,0,192,3.3208,0,0,0.0531,1.8312,1.7699,0,2000,2000,1,0,27
2,0,27,2000,0,193,4.1358,0,0,0.0523,1.9192,1.8561,0,2000,2000,1,0,27
2,0,27,2000,0,194,9.7378,0.0593,0.8623,0.0492,2.9246,1.8379,1,2000,2000,1,0,27
2,0,27,2000,0,195,3.5117,0,0,0.0566,1.8246,1.7579,0,2000,2000,1,0,27
2,0,27,2000,0,196,3.359,0,0,0.0509,1.8159,1.7552,0,2000,2000,1,0,27
2,0,27,2000,0,197,9.5393,0.0483,0.7648,0.0264,2.8739,1.9285,1,2000,2000,1,0,27
2,0,27,2000,0,198,3.8577,0,0,0.0824,1.9858,1.8915,0,2000,2000,1,0,27
2,0,27,2000,0,199,8.626,0.059,0.9981,0.0312,3.2396,2.0433,1,2000,2000,1,0,27
2,0,27,2000,0,200,3.8917,0,0,0.0829,2.0908,1.9971,0,2000,2000,1,0,27
2,0,27,2000,0,201,3.5939,0,0,0.0684,1.9609,1.8807,0,2000,2000,1,0,27
2,0,27,2000,0,202,9.481,0.0936,0.9836,0.0295,3.2737,2.0365,1,2000,2000,1,0,27
2,0,27,2000,0,203,3.7861,0,0,0.0683,1.9976,1.9157,0,2000,2000,1,0,27
2,0,27,2000,0,204,3.2908,0,0,0.0546,1.8376,1.7739,0,2000,2000,1,0,27
2,0,27,2000,0,205,4.1252,0,0,0.1122,2.0173,1.8922,0,2000,2000,1,0,27
2,0,27,2000,0,206,5.1364,0.0718,0.9415,0.0272,3.1387,1.987,1,2000,2000,1,0,27
2,0,27,2000,0,207,4.0493,0,0,0.0914,1.9648,1.8615,0,2000,2000,1,0,27
2,0,27,2000,0,208,3.3928,0,0,0.0615,1.8298,1.7579,0,2000,2000,1,0,27
2,0,27,2000,0,209,9.4807,0.0397,0.8666,0.0272,3.1875,2.1259,1,2000,2000,1,0,27
2,0,27,2000,0,210,7.5271,0,0,0.0616,2.2233,2.1498,0,2000,2000,1,0,27
2,0,27,2000,0,211,3.546,0,0,0.0672,1.9743,1.8959,0,2000,2000,1,0,27
2,0,27,2000,0,212,5.5342,0.0652,0.9854,0.0316,3.2804,2.1018,1,2000,2000,1,0,27
2,0,27,2000,0,213,3.8852,0,0,0.0766,2.0813,1.9905,0,2000,2000,1,0,27
2,0,27,2000,0,214,4.0237,0,0,0.0692,2.0751,1.9952,0,2000,2000,1,0,27
2,0,27,2000,0,215,3.3063,0,0,0.0594,1.8833,1.8137,0,2000,2000,1,0,27
2,0,27,2000,0,216,5.3976,0.0664,0.9034,0.0328,3.1916,2.0508,1,2000,2000,1,0,27
2,0,27,2000,0,217,3.6351,0,0,0.0741,1.8888,1.8059,0,2000,2000,1,0,27
2,0,27,2000,0,218,3.8984,0,0,0.0798,2.2209,2.1254,0,2000,2000,1,0,27
2,0,27,2000,0,219,3.7712,0,0,0.0905,2.07,1.9612,0,2000,2000,1,0,27
2,0,27,2000,0,220,5.3141,0.0601,0.7063,0.0372,3.0551,2.1337,1,2000,2000,1,0,27
2,0,27,2000,0,221,4.8876,0,0,0.093,2.2528,2.1488,0,2000,2000,1,0,27
2,0,27,2000,0,222,6.6393,0,0,0.0563,2.0075,1.9325,0,2000,2000,1,0,27
2,0,27,2000,0,223,5.3,0.0654,0.8936,0.035,3.1805,2.0833,1,2000,2000,1,0,27
2,0,27,2000,0,224,3.8296,0,0,0.0748,1.904,1.8178,0,2000,2000,1,0,27
2,0,27,2000,0,225,3.4468,0,0,0.0725,1.9076,1.8246,0,2000,2000,1,0,27
2,0,27,2000,0,226,3.9254,0,0,0.0527,1.7808,1.7181,0,2000,2000,1,0,27
2,0,27,2000,0,227,5.9848,0.0735,0.9901,0.0291,3.5191,2.0901,1,2000,2000,1,0,27
2,0,27,2000,0,228,3.8748,0,0,0.088,2.1017,2.0039,0,2000,2000,1,0,27
2,0,27,2000,0,229,3.5419,0,0,0.0652,1.9164,1.8379,0,2000,2000,1,0,27
2,0,27,2000,0,230,3.1902,0,0,0.0486,1.8182,1.7605,0,2000,2000,1,0,27
2,0,27,2000,0,231,6.0295,0.0645,0.9824,0.0254,3.6653,2.4787,1,2000,2000,1,0,27
2,0,27,2000,0,232,3.7431,0,0,0.087,2.0112,1.9128,0,2000,2000,1,0,27
2,0,27,2000,0,233,3.662,0,0,0.0744,1.914,1.8291,0,2000,2000,1,0,27
2,0,27,2000,0,234,9.083,0.0946,1.1228,0.0264,3.5882,2.2024,1,2000,2000,1,0,27
2,0,27,2000,0,235,6.9755,0,0,0.056,2.0022,1.9351,0,2000,2000,1,0,27
2,0,27,2000,0,236,9.9059,0.0738,1.0396,0.0296,3.4704,2.1729,1,2000,2000,1,0,27
2,0,27,2000,0,237,6.9432,0,0,0.0737,2.0515,1.9655,0,2000,2000,1,0,27
2,0,27,2000,0,238,8.965,0.0793,0.7777,0.0326,3.0383,2.0111,1,2000,2000,1,0,27
2,0,27,2000,0,239,7.3606,0,0,0.0727,1.9436,1.8606,0,2000,2000,1,0,27
2,0,27,2000,0,240,8.8629,0.0588,0.8368,0.0264,2.8305,1.8169,1,2000,2000,1,0,27
2,0,27,2000,0,241,8.2508,0,0,0.0895,2.0846,1.9809,0,2000,2000,1,0,27
2,0,27,2000,0,242,9.3636,0.0526,1.0921,0.1209,3.6091,2.154,1,2000,2000,1,0,27
2,0,27,2000,0,243,6.8479,0,0,0.0753,1.8452,1.7605,0,2000,2000,1,0,27
2,0,27,2000,0,244,8.8591,0.0487,0.6414,0.0286,2.7107,1.8868,1,2000,2000,1,0,27
2,0,27,2000,0,245,8.1805,0,0,0.1021,2.097,1.9832,0,2000,2000,1,0,27
2,0,27,2000,0,246,9.2548,0.0538,0.9219,0.029,3.1713,2.0473,1,2000,2000,1,0,27
2,0,27,2000,0,247,7.0807,0,0,0.068,1.9963,1.9168,0,2000,2000,1,0,27
2,0,27,2000,0,248,9.4552,0.0609,0.8787,0.0279,3.0731,1.9976,1,2000,2000,1,0,27
2,0,27,2000,0,249,7.3348,0,0,0.0649,2.1306,2.0568,0,2000,2000,1,0,27
2,0,27,2000,0,250,9.4176,0.0641,0.8976,0.0778,3.3142,2.1484,1,2000,2000,1,0,27
2,0,27,2000,0,251,7.1566,0,0,0.0755,1.9775,1.8909,0,2000,2000,1,0,27
2,0,27,2000,0,252,9.3843,0.0712,0.8047,0.0279,3.212,2.1588,1,2000,2000,1,0,27
2,0,27,2000,0,253,7.3899,0,0,0.1066,2.1359,2.0169,0,2000,2000,1,0,27
2,0,27,2000,0,254,3.6728,0,0,0.0565,1.9965,1.9204,0,2000,2000,1,0,27
2,0,27,2000,0,255,5.2995,0.0857,0.7431,0.0311,2.9724,1.9935,1,2000,2000,1,0,27
2,0,27,2000,0,256,4.6348,0,0,0.1057,2.0864,1.9683,0,2000,2000,1,0,27
2,0,27,2000,0,257,3.4415,0,0,0.072,1.9162,1.833,0,2000,2000,1,0,27
2,0,27,2000,0,258,3.3273,0,0,0.0471,1.8371,1.779,0,2000,2000,1,0,27
2,0,27,2000,0,259,5.451,0.0703,0.8451,0.0273,3.1658,2.1393,1,2000,2000,1,0,27
2,0,27,2000,0,260,4.0779,0,0,0.0807,1.9531,1.8607,0,2000,2000,1,0,27
2,0,27,2000,0,261,7.2086,0,0,0.0613,1.8396,1.7691,0,2000,2000,1,0,27
2,0,27,2000,0,262,9.7539,0.0434,0.9583,0.0286,3.1353,2.0154,1,2000,2000,1,0,27
2,0,27,2000,0,263,6.9755,0,0,0.067,2.0219,1.9445,0,2000,2000,1,0,27
2,0,27,2000,0,264,10.6694,0.0493,0.8719,0.0535,3.1963,2.0849,1,2000,2000,1,0,27
2,0,27,2000,0,265,5.7954,0,0,0.0398,1.8002,1.7492,0,2000,2000,1,0,27
2,0,27,2000,0,266,5.5578,0.0504,0.8052,0.0293,3.0472,2.0359,1,2000,2000,1,0,27
2,0,27,2000,0,267,7.9641,0,0,0.0709,1.9469,1.8652,0,2000,2000,1,0,27
2,0,27,2000,0,268,8.999,0.068,1.1472,0.0262,3.4725,2.1188,1,2000,2000,1,0,27
2,0,27,2000,0,269,3.9553,0,0,0.1094,2.1317,2.0081,0,2000,2000,1,0,27
2,0,27,2000,0,270,3.7897,0,0,0.0991,2.0132,1.9034,0,2000,2000,1,0,27
2,0,27,2000,0,271,3.9393,0,0,0.1009,2.121,2.0082,0,2000,2000,1,0,27
2,0,27,2000,0,272,9.5074,0.0517,0.7767,0.029,2.9565,1.9738,1,2000,2000,1,0,27
2,0,27,2000,0,273,3.6362,0,0,0.0775,1.9028,1.8159,0,2000,2000,1,0,27
2,0,27,2000,0,274,3.5415,0,0,0.0582,1.8545,1.7846,0,2000,2000,1,0,27
2,0,27,2000,0,275,4.7281,0.0827,0.8568,0.0275,3.0984,2.0513,1,2000,2000,1,0,27
2,0,27,2000,0,276,4.1188,0,0,0.097,1.9864,1.873,0,2000,2000,1,0,27
2,0,27,2000,0,277,3.5277,0,0,0.0833,1.9074,1.8132,0,2000,2000,1,0,27
2,0,27,2000,0,278,3.9889,0,0,0.102,2.4952,2.3825,0,2000,2000,1,0,27
2,0,27,2000,0,279,5.4378,0.0633,0.9126,0.029,3.2838,2.1774,1,2000,2000,1,0,27
2,0,27,2000,0,280,4.3055,0,0,0.0774,2.1551,2.0671,0,2000,2000,1,0,27
2,0,27,2000,0,281,3.4005,0,0,0.0726,1.8949,1.8103,0,2000,2000,1,0,27
2,0,27,2000,0,282,3.9012,0,0,0.0926,1.9946,1.8906,0,2000,2000,1,0,27
2,0,27,2000,0,283,4.8968,0.0597,1.0407,0.0275,3.2872,1.9121,1,2000,2000,1,0,27
2,0,27,2000,0,284,3.8525,0,0,0.1007,1.9755,1.8635,0,2000,2000,1,0,27
2,0,27,2000,0,285,3.7848,0,0,0.0861,2.0094,1.9133,0,2000,2000,1,0,27
2,0,27,2000,0,286,3.7373,0,0,0.0756,1.9809,1.8938,0,2000,2000,1,0,27
2,0,27,2000,0,287,4.9928,0.0606,0.9776,0.0255,3.1866,2.038,1,2000,2000,1,0,27
2,0,27,2000,0,288,4.096,0,0,0.0837,2.0992,2.0058,0,2000,2000,1,0,27
2,0,27,2000,0,289,3.7261,0,0,0.0723,1.8592,1.7747,0,2000,2000,1,0,27
2,0,27,2000,0,290,3.4638,0,0,0.0591,1.9142,1.8455,0,2000,2000,1,0,27
2,0,27,2000,0,291,9.7521,0.12,0.6089,0.0264,3.0476,2.1397,1,2000,2000,1,0,27
2,0,27,2000,0,292,7.0391,0,0,0.0753,2.1367,2.0457,0,2000,2000,1,0,27
2,0,27,2000,0,293,5.1669,0.0659,0.7407,0.028,3.0368,2.0816,1,2000,2000,1,0,27
2,0,27,2000,0,294,7.3598,0,0,0.0905,1.9685,1.865,0,2000,2000,1,0,27
2,0,27,2000,0,295,4.2982,0,0,0.0952,2.1782,2.071,0,2000,2000,1,0,27
2,0,27,2000,0,296,9.536,0.0593,0.8659,0.0298,3.257,2.1456,1,2000,2000,1,0,27
2,0,27,2000,0,297,6.8044,0,0,0.0837,1.9474,1.851,0,2000,2000,1,0,27
2,0,27,2000,0,298,5.1016,0.06,0.9365,0.0313,2.9942,1.8196,1,2000,2000,1,0,27
2,0,27,2000,0,299,7.95,0,0,0.1096,2.0339,1.9116,0,2000,2000,1,0,27
2,0,27,2000,0,300,3.4264,0,0,0.055,1.8183,1.7528,0,2000,2000,1,0,27
2,0,27,2000,0,301,5.5752,0.0672,0.9967,0.0282,3.2175,1.9893,1,2000,2000,1,0,27
2,0,27,2000,0,302,7.3555,0,0,0.0984,2.0827,1.9746,0,2000,2000,1,0,27
2,0,27,2000,0,303,4.0013,0,0,0.0632,1.7997,1.7266,0,2000,2000,1,0,27
2,0,27,2000,0,304,9.7904,0.075,0.7586,0.0281,3.1762,2.2156,1,2000,2000,1,0,27
2,0,27,2000,0,305,6.8467,0,0,0.0658,1.8826,1.8077,0,2000,2000,1,0,27
2,0,27,2000,0,306,9.4969,0.0443,0.933,0.03,3.1459,2.0418,1,2000,2000,1,0,27
2,0,27,2000,0,307,3.6558,0,0,0.0674,1.916,1.8377,0,2000,2000,1,0,27
2,0,27,2000,0,308,3.5993,0,0,0.0689,1.949,1.8695,0,2000,2000,1,0,27
2,0,27,2000,0,309,5.6903,0.0458,1.33,0.0266,3.4502,1.9654,1,2000,2000,1,160,27
2,0,27,2000,0,310,6.8805,0,0,0.0616,2.0556,1.9782,0,2000,2000,1,0,27
2,0,27,2000,0,311,8.9354,0.0481,0.6971,0.0275,2.8626,2.0045,1,2000,2000,1,0,27
2,0,27,2000,0,312,4.0053,0,0,0.0856,2.1395,2.0415,0,2000,2000,1,0,27
2,0,27,2000,0,313,8.02,0,0,0.1075,2.2693,2.1495,0,2000,2000,1,0,27
2,0,27,2000,0,314,4.9748,0.0585,1.0222,0.0273,3.1179,1.9276,1,2000,2000,1,0,27
2,0,27,2000,0,315,7.7353,0,0,0.0888,2.0688,1.9685,0,2000,2000,1,0,27
2,0,27,2000,0,316,10.2576,0.0519,2.2408,0.0279,4.4209,2.0238,1,2000,2000,1,320,27
2,0,27,2000,0,317,6.4895,0,0,0.0666,1.9833,1.9075,0,2000,2000,1,0,27
2,0,27,2000,0,318,8.9549,0.0505,1.0627,0.0297,3.1785,1.9623,1,2000,2000,1,0,27
2,0,27,2000,0,319,7.3587,0,0,0.0676,1.9474,1.8682,0,2000,2000,1,0,27
2,0,27,2000,0,320,3.9488,0,0,0.088,2.0239,1.924,0,2000,2000,1,0,27
2,0,27,2000,0,321,5.6783,0.0703,1.4005,0.0275,3.6079,2.0313,1,2000,2000,1,0,27
2,0,27,2000,0,322,3.828,0,0,0.1056,1.9793,1.8644,0,2000,2000,1,0,27
2,0,27,2000,0,323,3.4911,0,0,0.0609,1.9447,1.8733,0,2000,2000,1,0,27
2,0,27,2000,0,324,3.3691,0,0,0.0464,1.8465,1.7889,0,2000,2000,1,0,27
2,0,27,2000,0,325,5.9418,0.0651,1.516,0.0317,3.6477,1.9199,1,2000,2000,1,0,27
2,0,27,2000,0,326,3.9094,0,0,0.0912,1.9997,1.899,0,2000,2000,1,0,27
2,0,27,2000,0,327,3.9394,0,0,0.071,1.9136,1.8329,0,2000,2000,1,0,27
2,0,27,2000,0,328,3.3536,0,0,0.0549,1.8509,1.7868,0,2000,2000,1,0,27
2,0,27,2000,0,329,5.1759,0.0579,1.2749,0.025,3.3069,1.8677,1,2000,2000,1,160,27
2,0,27,2000,0,330,4.0469,0,0,0.081,1.9617,1.8696,0,2000,2000,1,0,27
2,0,27,2000,0,331,3.5792,0,0,0.0544,1.8557,1.7912,0,2000,2000,1,0,27
2,0,27,2000,0,332,8.869,0.0553,0.9835,0.0274,3.0581,1.9133,1,2000,2000,1,160,27
2,0,27,2000,0,333,4.281,0,0,0.0706,2.2015,2.1194,0,2000,2000,1,0,27
2,0,27,2000,0,334,3.7032,0,0,0.0869,2.0406,1.9402,0,2000,2000,1,0,27
2,0,27,2000,0,335,3.7125,0,0,0.0637,2.1204,2.0426,0,2000,2000,1,0,27
2,0,27,2000,0,336,10.1373,0.0973,1.1872,0.0291,3.5285,2.1018,1,2000,2000,1,0,27
2,0,27,2000,0,337,6.5281,0,0,0.0861,2.2231,2.1232,0,2000,2000,1,0,27
2,0,27,2000,0,338,9.4606,0.0519,0.8141,0.0289,3.068,2.0791,1,2000,2000,1,0,27
2,0,27,2000,0,339,7.0269,0,0,0.0616,1.8667,1.7955,0,2000,2000,1,0,27
2,0,27,2000,0,340,10.5985,0.0438,1.7222,0.0279,4.0733,2.1982,1,2000,2000,1,320,27
2,0,27,2000,0,341,6.0535,0,0,0.0605,2.1509,2.0737,0,2000,2000,1,0,27
2,0,27,2000,0,342,10.2247,0.1245,1.181,0.0271,3.4299,2.0164,1,2000,2000,1,160,27
2,0,27,2000,0,343,6.3916,0,0,0.0447,1.867,1.8127,0,2000,2000,1,0,27
2,0,27,2000,0,344,9.8749,0.0475,0.9331,0.0252,3.0223,1.9363,1,2000,2000,1,0,27
2,0,27,2000,0,345,6.9517,0,0,0.0686,2.0393,1.9602,0,2000,2000,1,0,27
2,0,27,2000,0,346,10.8031,0.0488,2.0144,0.027,4.3446,2.168,1,2000,2000,1,320,27
2,0,27,2000,0,347,5.7103,0,0,0.0547,1.9859,1.9208,0,2000,2000,1,0,27
2,0,27,2000,0,348,10.74,0.0547,1.2301,0.0254,3.5266,2.1285,1,2000,2000,1,160,27
2,0,27,2000,0,349,6.1178,0,0,0.0893,2.1433,2.043,0,2000,2000,1,0,27
2,0,27,2000,0,350,5.5242,0.2411,0.8323,0.0272,3.2741,2.0878,1,2000,2000,1,0,27
2,0,27,2000,0,351,7.1614,0,0,0.0673,2.2187,2.1411,0,2000,2000,1,0,27
2,0,27,2000,0,352,9.4618,0.0583,1.0309,0.0252,3.1575,1.9228,1,2000,2000,1,0,27
2,0,27,2000,0,353,7.1862,0,0,0.0835,2.0141,1.9208,0,2000,2000,1,0,27
2,0,27,2000,0,354,10.6027,0.0726,1.8913,0.0279,4.3377,2.262,1,2000,2000,1,320,27
2,0,27,2000,0,355,6.2046,0,0,0.0813,2.1751,2.0837,0,2000,2000,1,0,27
2,0,27,2000,0,356,3.5663,0,0,0.0549,1.9412,1.878,0,2000,2000,1,0,27
2,0,27,2000,0,357,6.0842,0.0622,1.8043,0.0247,3.9758,1.9772,1,2000,2000,1,144,27
2,0,27,2000,0,358,4.0788,0,0,0.0791,2.0076,1.9175,0,2000,2000,1,0,27
2,0,27,2000,0,359,6.4632,0,0,0.0475,1.9034,1.8452,0,2000,2000,1,0,27
2,0,27,2000,0,360,6.5234,0.0541,1.8057,0.0265,4.2616,2.264,1,2000,2000,1,144,27
2,0,27,2000,0,361,4.889,0,0,0.109,2.215,2.0909,0,2000,2000,1,0,27
2,0,27,2000,0,362,4.0172,0,0,0.0791,2.2405,2.1479,0,2000,2000,1,0,27
2,0,27,2000,0,363,6.2399,0.0613,2.0308,0.0268,4.5554,2.3318,1,2000,2000,1,368,27
2,0,27,2000,0,364,4.8185,0,0,0.1255,2.4024,2.2639,0,2000,2000,1,0,27
2,0,27,2000,0,365,7.7511,0,0,0.1109,2.396,2.2728,0,2000,2000,1,0,27
2,0,27,2000,0,366,6.7839,0.1631,2.5869,0.0297,5.1351,2.2676,1,2000,2000,1,213,27
2,0,27,2000,0,367,4.4144,0,0,0.0662,2.2358,2.149,0,2000,2000,1,0,27
2,0,27,2000,0,368,3.5896,0,0,0.0549,1.9337,1.866,0,2000,2000,1,0,27
2,0,27,2000,0,369,5.5823,0.0671,1.5929,0.0274,4.0223,2.2525,1,2000,2000,1,81,27
2,0,27,2000,0,370,3.9941,0,0,0.0595,2.1625,2.0858,0,2000,2000,1,0,27
2,0,27,2000,0,371,3.4407,0,0,0.0507,1.9454,1.8846,0,2000,2000,1,0,27
2,0,27,2000,0,372,3.397,0,0,0.0419,1.822,1.7711,0,2000,2000,1,0,27
2,0,27,2000,0,373,6.2664,0.1265,2.2852,0.0282,4.7671,2.2228,1,2000,2000,1,74,27
2,0,27,2000,0,374,3.8127,0,0,0.0608,1.9833,1.9127,0,2000,2000,1,0,27
2,0,27,2000,0,375,3.3403,0,0,0.0496,1.8994,1.8396,0,2000,2000,1,0,27
2,0,27,2000,0,376,3.3066,0,0,0.0395,1.8459,1.7976,0,2000,2000,1,0,27
2,0,27,2000,0,377,7.1908,0.0695,3.3292,0.0325,5.6037,2.0996,1,2000,2000,1,668,27
2,0,27,2000,0,378,4.4215,0,0,0.0818,2.282,2.1906,0,2000,2000,1,0,27
2,0,27,2000,0,379,6.1526,0,0,0.0438,1.9393,1.8855,0,2000,2000,1,0,27
2,0,27,2000,0,380,11.7622,0.0504,2.881,0.0248,4.9702,1.9422,1,2000,2000,1,338,27
2,0,27,2000,0,381,5.0211,0,0,0.0515,1.995,1.9351,0,2000,2000,1,0,27
2,0,27,2000,0,382,11.0501,0.0408,2.4605,0.0281,4.5487,1.9434,1,2000,2000,1,132,27
2,0,27,2000,0,383,5.5884,0,0,0.0598,1.9704,1.9009,0,2000,2000,1,0,27
2,0,27,2000,0,384,12.2487,0.0379,3.2976,0.029,5.5,2.0518,1,2000,2000,1,614,27
2,0,27,2000,0,385,4.6551,0,0,0.0805,2.207,2.1155,0,2000,2000,1,0,27
2,0,27,2000,0,386,14.459,0.1071,4.342,0.0311,7.2672,2.6948,1,2000,2000,1,309,27
2,0,27,2000,0,387,8.199,0.0842,3.2328,0.0309,6.1227,2.6827,1,2000,2000,1,168,27
2,0,27,2000,0,388,4.4921,0,0,0.0851,2.2549,2.1493,0,2000,2000,1,0,27
2,0,27,2000,0,389,6.7029,0,0,0.1042,2.3119,2.1955,0,2000,2000,1,0,27
2,0,27,2000,0,390,14.0145,0.0406,5.1151,0.0399,8.1644,2.8061,1,2000,2000,1,720,27
2,0,27,2000,0,391,7.9665,0.0749,3.5318,0.0869,5.7954,2.0277,1,2000,2000,1,331,27
2,0,27,2000,0,392,3.9947,0,0,0.1142,2.1728,2.0486,0,2000,2000,1,0,27
2,0,27,2000,0,393,6.8659,0,0,0.0613,2.0247,1.9528,0,2000,2000,1,0,27
2,0,27,2000,0,394,13.7623,0.0641,4.8628,0.0272,7.3765,2.3353,1,2000,2000,1,299,27
2,0,27,2000,0,395,4.026,0,0,0.0653,2.0391,1.9637,0,2000,2000,1,0,27
2,0,27,2000,0,396,12.0893,0.0396,4.5243,0.0285,6.7868,2.0986,1,2000,2000,1,830,27
2,0,27,2000,0,397,3.9388,0,0,0.0571,2.1436,2.075,0,2000,2000,1,0,27
2,0,27,2000,0,398,12.6529,0.0505,3.7709,0.0264,6.3041,2.3714,1,2000,2000,1,309,27
2,0,27,2000,0,399,4.1547,0,0,0.078,2.1339,2.045,0,2000,2000,1,0,27
2,0,27,2000,0,400,11.2401,0.0386,3.1755,0.0279,5.5086,2.1895,1,2000,2000,1,271,27
2,0,27,2000,0,401,4.4991,0,0,0.0472,1.9396,1.884,0,2000,2000,1,0,27
2,0,27,2000,0,402,12.5483,0.0397,3.3715,0.0291,5.7533,2.214,1,2000,2000,1,350,27
2,0,27,2000,0,403,4.3129,0,0,0.0374,2.0917,2.0443,0,2000,2000,1,0,27
2,0,27,2000,0,404,11.3242,0.0601,2.7251,0.0367,4.9201,2.0173,1,2000,2000,1,155,27
2,0,27,2000,0,405,5.3465,0,0,0.055,2.0336,1.9688,0,2000,2000,1,0,27
2,0,27,2000,0,406,11.2406,0.0435,2.5373,0.0255,4.7677,2.0772,1,2000,2000,1,113,27
2,0,27,2000,0,407,5.5966,0,0,0.065,2.275,2.1985,0,2000,2000,1,0,27
2,0,27,2000,0,408,11.4608,0.0363,2.3291,0.0254,5.0089,2.5278,1,2000,2000,1,121,27
2,0,27,2000,0,409,5.1864,0,0,0.0561,2.2404,2.1723,0,2000,2000,1,0,27
2,0,27,2000,0,410,12.6553,0.0974,2.9767,0.0295,5.5224,2.302,1,2000,2000,1,212,27
2,0,27,2000,0,411,5.8024,0,0,0.1312,2.7103,2.5552,0,2000,2000,1,0,27
2,0,27,2000,0,412,9.4727,0.0536,2.1724,0.025,4.5515,2.2129,1,2000,2000,1,73,27
2,0,27,2000,0,413,6.9743,0,0,0.2096,3.0815,2.836,0,2000,2000,1,0,27
2,0,27,2000,0,414,9.6234,0.0471,2.0966,0.028,4.4429,2.1914,1,2000,2000,1,81,27
2,0,27,2000,0,415,5.4928,0,0,0.0759,2.1739,2.0875,0,2000,2000,1,0,27
2,0,27,2000,0,416,6.3402,0.0553,1.9794,0.0279,4.3648,2.2031,1,2000,2000,1,79,27
2,0,27,2000,0,417,4.8352,0,0,0.0779,2.3964,2.3034,0,2000,2000,1,0,27
2,0,27,2000,0,418,3.8426,0,0,0.0893,2.158,2.0558,0,2000,2000,1,0,27
2,0,27,2000,0,419,5.938,0.0704,2.0907,0.0265,4.388,2.1165,1,2000,2000,1,90,27
2,0,27,2000,0,420,3.8464,0,0,0.043,1.9855,1.9349,0,2000,2000,1,0,27
2,0,27,2000,0,421,4.5119,0,0,0.0633,2.3267,2.2523,0,2000,2000,1,0,27
2,0,27,2000,0,422,10.4226,0.0528,2.1543,0.0245,4.402,2.076,1,2000,2000,1,78,27
2,0,27,2000,0,423,6.7291,0,0,0.111,2.2684,2.1446,0,2000,2000,1,0,27
2,0,27,2000,0,424,10.0167,0.0637,2.0744,0.027,4.5452,2.2665,1,2000,2000,1,79,27
2,0,27,2000,0,425,6.0831,0,0,0.0761,2.1071,2.0171,0,2000,2000,1,0,27
2,0,27,2000,0,426,10.6638,0.0781,2.2916,0.027,4.6819,2.1315,1,2000,2000,1,83,27
2,0,27,2000,0,427,6.0478,0,0,0.0887,2.3186,2.2191,0,2000,2000,1,0,27
2,0,27,2000,0,428,10.448,0.0543,1.7541,0.025,4.1664,2.242,1,2000,2000,1,66,27
2,0,27,2000,0,429,6.331,0,0,0.0855,2.1778,2.0813,0,2000,2000,1,0,27
2,0,27,2000,0,430,10.6807,0.0572,2.1903,0.0279,4.7207,2.3654,1,2000,2000,1,76,27
2,0,27,2000,0,431,6.3562,0,0,0.1003,2.3369,2.2252,0,2000,2000,1,0,27
2,0,27,2000,0,432,3.9814,0,0,0.1465,2.1906,2.0313,0,2000,2000,1,0,27
2,0,27,2000,0,433,6.0906,0.2337,1.8288,0.028,4.3403,2.1579,1,2000,2000,1,90,27
2,0,27,2000,0,434,4.2588,0,0,0.0753,2.0971,2.011,0,2000,2000,1,0,27
2,0,27,2000,0,435,3.7569,0,0,0.0739,2.0139,1.9313,0,2000,2000,1,0,27
2,0,27,2000,0,436,8.37,0.058,1.8632,0.0291,4.2246,2.1756,1,2000,2000,1,62,27
2,0,27,2000,0,437,6.4223,0,0,0.0689,2.2258,2.148,0,2000,2000,1,0,27
2,0,27,2000,0,438,3.7037,0,0,0.0505,1.9998,1.9391,0,2000,2000,1,0,27
2,0,27,2000,0,439,6.7117,0.0854,2.2606,0.027,4.6045,2.1521,1,2000,2000,1,67,27
2,0,27,2000,0,440,4.6404,0,0,0.0731,2.3128,2.2286,0,2000,2000,1,0,27
2,0,27,2000,0,441,5.5922,0,0,0.0656,2.0396,1.9634,0,2000,2000,1,0,27
2,0,27,2000,0,442,10.6474,0.0525,1.84,0.0264,4.2298,2.1948,1,2000,2000,1,64,27
2,0,27,2000,0,443,6.2367,0,0,0.0596,2.4267,2.3553,0,2000,2000,1,0,27
2,0,27,2000,0,444,10.6374,0.153,2.0146,0.0272,4.4096,2.1401,1,2000,2000,1,53,27
2,0,27,2000,0,445,5.9129,0,0,0.0713,2.2451,2.1644,0,2000,2000,1,0,27
2,0,27,2000,0,446,6.2226,0.0635,2.0849,0.0274,4.3926,2.1351,1,2000,2000,1,67,27
2,0,27,2000,0,447,3.7576,0,0,0.0656,2.0716,1.9972,0,2000,2000,1,0,27
2,0,27,2000,0,448,3.4253,0,0,0.0764,2.0576,1.9728,0,2000,2000,1,0,27
2,0,27,2000,0,449,9.546,0.288,1.8967,0.0245,4.4035,2.0981,1,2000,2000,1,38,27
2,0,27,2000,0,450,4.1862,0,0,0.1284,2.2767,2.1353,0,2000,2000,1,0,27
2,0,27,2000,0,451,3.8762,0,0,0.0637,2.0156,1.9429,0,2000,2000,1,0,27
2,0,27,2000,0,452,3.4723,0,0,0.0578,1.9967,1.9295,0,2000,2000,1,0,27
2,0,27,2000,0,453,5.3881,0.0602,1.6964,0.0267,3.919,2.0476,1,2000,2000,1,51,27
2,0,27,2000,0,454,4.1243,0,0,0.129,2.4299,2.2871,0,2000,2000,1,0,27
2,0,27,2000,0,455,3.6004,0,0,0.0632,2.0222,1.95,0,2000,2000,1,0,27
2,0,27,2000,0,456,3.5733,0,0,0.0636,2.0244,1.9522,0,2000,2000,1,0,27
2,0,27,2000,0,457,5.573,0.0563,1.7541,0.0283,3.894,1.9825,1,2000,2000,1,59,27
2,0,27,2000,0,458,5.8889,0,0,0.0596,2.233,2.1631,0,2000,2000,1,0,27
2,0,27,2000,0,459,9.8285,0.0589,1.624,0.0282,3.9863,2.0526,1,2000,2000,1,40,27
2,0,27,2000,0,460,6.6931,0,0,0.0787,2.2104,2.1206,0,2000,2000,1,0,27
2,0,27,2000,0,461,4.0539,0,0,0.0596,2.2085,2.1394,0,2000,2000,1,0,27
2,0,27,2000,0,462,5.6949,0.0671,1.5362,0.029,3.9763,2.2727,1,2000,2000,1,33,27
2,0,27,2000,0,463,4.3135,0,0,0.0884,2.389,2.2898,0,2000,2000,1,0,27
2,0,27,2000,0,464,3.5497,0,0,0.0791,2.0039,1.9156,0,2000,2000,1,0,27
2,0,27,2000,0,465,9.5686,0.0495,1.8013,0.0268,4.2803,2.3246,1,2000,2000,1,43,27
2,0,27,2000,0,466,7.2552,0,0,0.1158,2.4728,2.3411,0,2000,2000,1,0,27
2,0,27,2000,0,467,8.5683,0.0547,1.4353,0.0272,3.8594,2.1961,1,2000,2000,1,45,27
2,0,27,2000,0,468,4.1387,0,0,0.1113,2.1334,2.0115,0,2000,2000,1,0,27
2,0,27,2000,0,469,4.1559,0,0,0.1158,2.1647,2.0399,0,2000,2000,1,0,27
2,0,27,2000,0,470,3.6502,0,0,0.0693,2.0774,1.9998,0,2000,2000,1,0,27
2,0,27,2000,0,471,5.7162,0.0726,1.6194,0.0315,4.1501,2.345,1,2000,2000,1,23,27
2,0,27,2000,0,472,3.8677,0,0,0.0832,2.0914,1.9974,0,2000,2000,1,0,27
2,0,27,2000,0,473,3.6542,0,0,0.0608,2.0708,2.0011,0,2000,2000,1,0,27
2,0,27,2000,0,474,3.6396,0,0,0.0659,2.0885,2.0143,0,2000,2000,1,0,27
2,0,27,2000,0,475,5.4053,0.2834,1.3535,0.0279,3.9012,2.1517,1,2000,2000,1,34,27
2,0,27,2000,0,476,3.8888,0,0,0.0674,2.145,2.0669,0,2000,2000,1,0,27
2,0,27,2000,0,477,3.6184,0,0,0.0831,2.0585,1.9675,0,2000,2000,1,0,27
2,0,27,2000,0,478,3.5612,0,0,0.0672,2.0679,1.9877,0,2000,2000,1,0,27
2,0,27,2000,0,479,5.9544,0.0818,2.0387,0.028,4.5531,2.3223,1,2000,2000,1,25,27
2,0,27,2000,0,480,4.0339,0,0,0.0683,2.1114,2.0325,0,2000,2000,1,0,27
2,0,27,2000,0,481,3.7848,0,0,0.0549,2.014,1.95,0,2000,2000,1,0,27
2,0,27,2000,0,482,4.9754,0.0596,1.4564,0.0265,3.6115,2.0033,1,2000,2000,1,29,27
2,0,27,2000,0,483,5.4456,0,0,0.0624,2.124,2.0502,0,2000,2000,1,0,27
2,0,27,2000,0,484,8.0343,0,0,0.0638,2.0767,1.9991,0,2000,2000,1,0,27
2,0,27,2000,0,485,10.4304,0.0491,1.5252,0.0327,4.0391,2.3123,1,2000,2000,1,31,27
2,0,27,2000,0,486,4.0324,0,0,0.0807,2.196,2.0969,0,2000,2000,1,0,27
2,0,27,2000,0,487,8.0872,0.0535,1.3687,0.0286,3.8016,2.2715,1,2000,2000,1,34,27
2,0,27,2000,0,488,3.836,0,0,0.0772,2.069,1.9824,0,2000,2000,1,0,27
2,0,27,2000,0,489,3.5132,0,0,0.0572,2.007,1.9406,0,2000,2000,1,0,27
2,0,27,2000,0,490,3.8557,0,0,0.0764,2.1404,2.0545,0,2000,2000,1,0,27
2,0,27,2000,0,491,5.3658,0.0691,1.3417,0.0272,3.653,2.132,1,2000,2000,1,28,27
2,0,27,2000,0,492,3.7954,0,0,0.0657,2.0938,2.0186,0,2000,2000,1,0,27
2,0,27,2000,0,493,3.6037,0,0,0.0556,2.0595,1.9933,0,2000,2000,1,0,27
2,0,27,2000,0,494,10.0559,0.0503,1.8436,0.0282,4.1633,2.0586,1,2000,2000,1,30,27
2,0,27,2000,0,495,6.475,0,0,0.0635,2.2474,2.1722,0,2000,2000,1,0,27
2,0,27,2000,0,496,9.6091,0.0449,1.522,0.027,3.8712,2.1995,1,2000,2000,1,26,27
2,0,27,2000,0,497,7.1378,0,0,0.0738,2.5011,2.414,0,2000,2000,1,0,27
2,0,27,2000,0,498,3.9263,0,0,0.0711,2.1828,2.1009,0,2000,2000,1,0,27
2,0,27,2000,0,499,10.3227,0.0535,1.4829,0.029,4.057,2.4077,1,2000,2000,1,22,27
2,0,27,2000,0,500,6.0012,0,0,0.0601,2.0901,2.0186,0,2000,2000,1,0,27
2,0,27,2000,0,501,10.4362,0.0374,1.3,0.028,3.8336,2.3847,1,2000,2000,1,25,27
2,0,27,2000,0,502,3.6814,0,0,0.0664,2.0825,2.0056,0,2000,2000,1,0,27
2,0,27,2000,0,503,9.198,0.0722,1.605,0.0272,4.0844,2.2857,1,2000,2000,1,11,27
2,0,27,2000,0,504,6.265,0,0,0.0833,2.2856,2.1906,0,2000,2000,1,0,27
2,0,27,2000,0,505,3.5555,0,0,0.063,2.0686,1.996,0,2000,2000,1,0,27
2,0,27,2000,0,506,5.6549,0.0552,1.396,0.0283,3.6395,2.081,1,2000,2000,1,36,27
2,0,27,2000,0,507,4.3106,0,0,0.1041,2.2694,2.1549,0,2000,2000,1,0,27
2,0,27,2000,0,508,6.6625,0,0,0.049,2.0208,1.9624,0,2000,2000,1,0,27
2,0,27,2000,0,509,5.8407,0.0603,1.5149,0.0265,3.7796,2.0954,1,2000,2000,1,21,27
2,0,27,2000,0,510,4.1642,0,0,0.1075,2.1879,2.0693,0,2000,2000,1,0,27
2,0,27,2000,0,511,3.5024,0,0,0.0589,2.0514,1.9823,0,2000,2000,1,0,27
2,0,27,2000,0,512,3.5862,0,0,0.066,2.0694,1.9945,0,2000,2000,1,0,27
2,0,27,2000,0,513,6.0662,0.0585,1.5063,0.0284,4.1599,2.4822,1,2000,2000,1,22,27
2,0,27,2000,0,514,6.3882,0,0,0.0781,2.1798,2.0908,0,2000,2000,1,0,27
2,0,27,2000,0,515,4.1115,0,0,0.0834,2.2379,2.1444,0,2000,2000,1,0,27
2,0,27,2000,0,516,5.8933,0.0569,1.4216,0.0287,4.0064,2.4197,1,2000,2000,1,16,27
2,0,27,2000,0,517,4.1031,0,0,0.0794,2.2394,2.1504,0,2000,2000,1,0,27
2,0,27,2000,0,518,3.6583,0,0,0.0725,2.0299,1.9488,0,2000,2000,1,0,27
2,0,27,2000,0,519,3.8105,0,0,0.09,2.1172,2.0172,0,2000,2000,1,0,27
2,0,27,2000,0,520,9.6137,0.05,1.3657,0.0272,4.0195,2.4861,1,2000,2000,1,16,27
2,0,27,2000,0,521,6.242,0,0,0.0611,2.1511,2.0806,0,2000,2000,1,0,27
2,0,27,2000,0,522,6.093,0.0579,1.5752,0.028,4.1091,2.3367,1,2000,2000,1,27,27
2,0,27,2000,0,523,6.4834,0,0,0.0473,2.2572,2.1952,0,2000,2000,1,0,27
2,0,27,2000,0,524,10.0207,0.0568,1.3371,0.0283,3.9483,2.4326,1,2000,2000,1,21,27
2,0,27,2000,0,525,4.5934,0,0,0.111,2.4485,2.3207,0,2000,2000,1,0,27
2,0,27,2000,0,526,4.1468,0,0,0.0773,2.2963,2.2039,0,2000,2000,1,0,27
2,0,27,2000,0,527,7.8733,0.0586,1.6296,0.0291,4.0604,2.2609,1,2000,2000,1,22,27
2,0,27,2000,0,528,4.0526,0,0,0.0862,2.17,2.0733,0,2000,2000,1,0,27
2,0,27,2000,0,529,3.7223,0,0,0.0632,2.0797,2.0085,0,2000,2000,1,0,27
2,0,27,2000,0,530,3.832,0,0,0.0771,2.1107,2.0228,0,2000,2000,1,0,27
2,0,27,2000,0,531,5.7509,0.2394,1.8178,0.0262,4.3359,2.1382,1,2000,2000,1,12,27
2,0,27,2000,0,532,4.0991,0,0,0.0731,2.0983,2.0148,0,2000,2000,1,0,27
2,0,27,2000,0,533,3.4735,0,0,0.0546,2.0261,1.9598,0,2000,2000,1,0,27
2,0,27,2000,0,534,3.6324,0,0,0.0786,2.1196,2.0328,0,2000,2000,1,0,27
2,0,27,2000,0,535,5.1298,0.0507,1.3611,0.0278,3.7716,2.2284,1,2000,2000,1,10,27
2,0,27,2000,0,536,4.5397,0,0,0.0712,2.3253,2.2424,0,2000,2000,1,0,27
2,0,27,2000,0,537,3.9106,0,0,0.0579,2.3412,2.2706,0,2000,2000,1,0,27
2,0,27,2000,0,538,5.1527,0.0903,1.244,0.029,3.6379,2.1948,1,2000,2000,1,16,27
2,0,27,2000,0,539,3.9416,0,0,0.055,2.0478,1.9815,0,2000,2000,1,0,27
2,0,27,2000,0,540,3.468,0,0,0.0518,1.9815,1.9199,0,2000,2000,1,0,27
2,0,27,2000,0,541,3.6829,0,0,0.0779,2.1407,2.0529,0,2000,2000,1,0,27
2,0,27,2000,0,542,7.9563,0.0527,1.4089,0.0282,3.7501,2.1738,1,2000,2000,1,19,27
2,0,27,2000,0,543,7.3255,0,0,0.0671,2.3205,2.2347,0,2000,2000,1,0,27
2,0,27,2000,0,544,9.8231,0.0653,1.454,0.0262,3.8496,2.2177,1,2000,2000,1,11,27
2,0,27,2000,0,545,6.8897,0,0,0.0654,2.1132,2.0387,0,2000,2000,1,0,27
2,0,27,2000,0,546,9.7836,0.0548,1.4614,0.028,3.9132,2.2371,1,2000,2000,1,12,27
2,0,27,2000,0,547,6.7119,0,0,0.0593,2.1805,2.1102,0,2000,2000,1,0,27
2,0,27,2000,0,548,9.5665,0.0545,1.3363,0.0245,3.5689,2.0688,1,2000,2000,1,9,27
2,0,27,2000,0,549,7.082,0,0,0.0691,2.3289,2.2478,0,2000,2000,1,0,27
2,0,27,2000,0,550,3.9709,0,0,0.0761,2.147,2.059,0,2000,2000,1,0,27
3,1,27,2000,0,151,7.7328,0.0537,0.1067,0.0529,2.1759,2.1174,0,2000,2000,1,0,27
3,1,27,2000,0,152,8.81,0.072,0.1734,0.0265,2.5701,2.2327,1,2000,2000,1,0,27
3,1,27,2000,0,153,7.9776,0.072,0.1734,0.0665,2.1364,2.0617,0,2000,2000,1,0,27
3,1,27,2000,0,154,8.8094,0.0526,0.1472,0.0261,2.5589,2.2702,1,2000,2000,1,0,27
3,1,27,2000,0,155,7.6507,0.0526,0.1472,0.0568,2.1223,2.0597,0,2000,2000,1,0,27
3,1,27,2000,0,156,8.8436,0.047,0.1555,0.0261,2.5428,2.2369,1,2000,2000,1,0,27
3,1,27,2000,0,157,8.3071,0.047,0.1555,0.0568,2.4947,2.4319,0,2000,2000,1,0,27
3,1,27,2000,0,158,8.3094,0.0429,0.1401,0.0255,2.3954,2.1357,1,2000,2000,1,0,27
3,1,27,2000,0,159,8.8076,0.0429,0.1401,0.0663,2.1162,2.0435,0,2000,2000,1,0,27
3,1,27,2000,0,160,8.1387,0.0543,0.1492,0.0282,2.8362,2.526,1,2000,2000,1,0,27
3,1,27,2000,0,161,7.4796,0.0543,0.1492,0.0954,2.0762,1.9747,0,2000,2000,1,0,27
3,1,27,2000,0,162,5.1025,0.0633,0.1796,0.0276,2.6747,2.3426,1,2000,2000,1,0,27
3,1,27,2000,0,163,8.1492,0.0531,0.1634,0.0903,2.5625,2.4645,0,2000,2000,1,0,27
3,1,27,2000,0,164,4.1005,0.0531,0.1634,0.0702,2.2676,2.1902,0,2000,2000,1,0,27
3,1,27,2000,0,165,4.0486,0.0755,0.0966,0.0264,2.3419,2.0823,1,2000,2000,1,0,27
3,1,27,2000,0,166,3.8665,0.0517,0.0748,0.0526,2.1796,2.1214,0,2000,2000,1,0,27
3,1,27,2000,0,167,8.3594,0.0517,0.0748,0.0922,2.1652,2.0669,0,2000,2000,1,0,27
3,1,27,2000,0,168,8.8231,0.0316,0.0889,0.0272,2.4265,2.2165,1,2000,2000,1,0,27
3,1,27,2000,0,169,7.9117,0.0316,0.0889,0.1002,2.1787,2.0728,0,2000,2000,1,0,27
3,1,27,2000,0,170,8.8522,0.0385,0.1203,0.028,2.5263,2.2808,1,2000,2000,1,0,27
3,1,27,2000,0,171,7.4613,0.0385,0.1203,0.0599,1.9581,1.8932,0,2000,2000,1,0,27
3,1,27,2000,0,172,9.8752,0.1125,0.1104,0.0278,2.884,2.548,1,2000,2000,1,0,27
3,1,27,2000,0,173,7.2022,0.1125,0.1104,0.0808,2.2207,2.1345,0,2000,2000,1,0,27
3,1,27,2000,0,174,9.1287,0.048,0.0966,0.0274,2.8095,2.5629,1,2000,2000,1,0,27
3,1,27,2000,0,175,7.5646,0.048,0.0966,0.0683,2.3049,2.23,0,2000,2000,1,0,27
3,1,27,2000,0,176,8.4653,0.0533,0.169,0.0253,2.7264,2.4233,1,2000,2000,1,0,27
3,1,27,2000,0,177,8.0131,0.0526,0.1083,0.0623,2.0587,1.9912,0,2000,2000,1,0,27
3,1,27,2000,0,178,8.7911,0.0422,0.1426,0.0267,2.7028,2.4304,1,2000,2000,1,0,27
3,1,27,2000,0,179,3.7634,0.0422,0.1426,0.0691,2.0648,1.9903,0,2000,2000,1,0,27
3,1,27,2000,0,180,4.7202,0.0422,0.1426,0.066,2.1288,2.0567,0,2000,2000,1,0,27
3,1,27,2000,0,181,4.9754,0.0522,0.1535,0.0267,2.3705,2.0764,1,2000,2000,1,0,27
3,1,27,2000,0,182,7.4997,0.0668,0.086,0.0522,1.9061,1.8473,0,2000,2000,1,0,27
3,1,27,2000,0,183,3.6734,0.0668,0.086,0.0801,1.9828,1.897,0,2000,2000,1,0,27
3,1,27,2000,0,184,4.8119,0.1943,0.1399,0.0245,3.0104,2.5937,1,2000,2000,1,0,27
3,1,27,2000,0,185,7.6794,0.0439,0.0898,0.057,2.0847,2.0213,0,2000,2000,1,0,27
3,1,27,2000,0,186,10.4957,0.058,0.1517,0.0344,3.1847,2.8584,1,2000,2000,1,0,27
3,1,27,2000,0,187,10.3522,0.0568,0.2505,0.0692,2.5976,2.5211,0,2000,2000,1,0,27
3,1,27,2000,0,188,5.6411,0.0626,0.1432,0.0337,2.9093,2.5934,1,2000,2000,1,0,27
3,1,27,2000,0,189,7.8682,0.0515,0.4126,0.056,2.259,2.1955,0,2000,2000,1,0,27
3,1,27,2000,0,190,7.2347,0.0548,0.1582,0.0273,2.3999,2.0915,1,2000,2000,1,0,27
3,1,27,2000,0,191,3.9235,0.0548,0.1582,0.0887,2.2105,2.1124,0,2000,2000,1,0,27
3,1,27,2000,0,192,8.5946,0.0401,0.1512,0.0593,2.2485,2.1825,0,2000,2000,1,0,27
3,1,27,2000,0,193,8.902,0.0551,0.1423,0.0275,3.046,2.7348,1,2000,2000,1,0,27
3,1,27,2000,0,194,8.0623,0.0441,0.1475,0.0711,2.4216,2.3428,0,2000,2000,1,0,27
3,1,27,2000,0,195,8.3961,0.0442,0.1248,0.0315,2.7398,2.4548,1,2000,2000,1,0,27
3,1,27,2000,0,196,7.9615,0.0443,0.1499,0.0618,2.2458,2.1766,0,2000,2000,1,0,27
3,1,27,2000,0,197,4.7743,0.0542,0.1437,0.0292,2.7161,2.4075,1,2000,2000,1,0,27
3,1,27,2000,0,198,8.0406,0.0602,0.1963,0.0588,2.3651,2.2987,0,2000,2000,1,0,27
3,1,27,2000,0,199,4.1642,0.0602,0.1963,0.1319,2.4573,2.3158,0,2000,2000,1,0,27
3,1,27,2000,0,200,8.7034,0.0625,0.1487,0.03,3.1671,2.8289,1,2000,2000,1,0,27
3,1,27,2000,0,201,7.7761,0.0488,0.1372,0.1316,2.334,2.1919,0,2000,2000,1,0,27
3,1,27,2000,0,202,8.5105,0.0635,0.2098,0.0283,2.8024,2.3635,1,2000,2000,1,0,27
3,1,27,2000,0,203,7.9168,0.0513,0.1606,0.0937,2.1308,2.0294,0,2000,2000,1,0,27
3,1,27,2000,0,204,9.7757,0.0922,0.1533,0.0283,3.5021,3.1035,1,2000,2000,1,0,27
3,1,27,2000,0,205,8.435,0.2465,0.1304,0.0903,2.9823,2.8831,0,2000,2000,1,0,27
3,1,27,2000,0,206,7.93,0.0714,0.1355,0.0275,3.4314,3.1159,1,2000,2000,1,0,27
3,1,27,2000,0,207,8.0131,0.0806,0.2685,0.0677,2.1467,2.0717,0,2000,2000,1,0,27
3,1,27,2000,0,208,7.967,0.0489,0.2134,0.0318,2.7611,2.3308,1,2000,2000,1,0,27
3,1,27,2000,0,209,7.8475,0.0467,0.147,0.0686,2.0716,1.9949,0,2000,2000,1,0,27
3,1,27,2000,0,210,8.8269,0.0476,0.1233,0.0255,2.7745,2.5123,1,2000,2000,1,0,27
3,1,27,2000,0,211,7.9009,0.0435,0.1141,0.1119,2.086,1.9638,0,2000,2000,1,0,27
3,1,27,2000,0,212,8.6043,0.0529,0.1397,0.0262,2.6198,2.329,1,2000,2000,1,0,27
3,1,27,2000,0,213,8.0032,0.0513,0.0434,0.0783,2.0446,1.9375,0,2000,2000,1,0,27
3,1,27,2000,0,214,8.7151,0.055,0.1488,0.0254,2.5598,2.2494,1,2000,2000,1,0,27
3,1,27,2000,0,215,8.3318,0.0499,0.0706,0.0718,2.382,2.3046,0,2000,2000,1,0,27
3,1,27,2000,0,216,8.8565,0.0448,0.1071,0.0264,2.6905,2.4394,1,2000,2000,1,1,27
3,1,27,2000,0,217,8.0504,0.0448,0.1071,0.1361,2.8047,2.6588,0,2000,2000,1,0,27
3,1,27,2000,0,218,9.3175,0.0758,0.1155,0.0274,2.6058,2.3169,1,2000,2000,1,0,27
3,1,27,2000,0,219,7.3776,0.0758,0.1155,0.0597,2.3744,2.3086,0,2000,2000,1,0,27
3,1,27,2000,0,220,4.2382,0.0554,0.1106,0.0284,2.413,2.1596,1,2000,2000,1,1,27
3,1,27,2000,0,221,4.2121,0.1132,0.1826,0.1052,2.2437,2.1299,0,2000,2000,1,0,27
3,1,27,2000,0,222,7.2707,0.1132,0.1826,0.0972,2.0139,1.9101,0,2000,2000,1,0,27
3,1,27,2000,0,223,9.527,0.0472,0.1469,0.0491,2.9085,2.6052,1,2000,2000,1,0,27
3,1,27,2000,0,224,7.893,0.0472,0.1469,0.0444,1.8486,1.7991,0,2000,2000,1,0,27
3,1,27,2000,0,225,4.0368,0.0668,0.1553,0.0279,2.5862,2.2701,1,2000,2000,1,0,27
3,1,27,2000,0,226,3.9082,0.0564,0.045,0.0477,2,1.9469,0,2000,2000,1,0,27
3,1,27,2000,0,227,4.3009,0.0564,0.045,0.0564,2.4381,2.3762,0,2000,2000,1,0,27
3,1,27,2000,0,228,8.3928,0.0491,0.0879,0.0265,2.4079,2.1818,1,2000,2000,1,0,27
3,1,27,2000,0,229,3.4995,0.0491,0.0879,0.0472,1.9695,1.9171,0,2000,2000,1,0,27
3,1,27,2000,0,230,5.0563,0.0841,0.4262,0.0485,2.0643,2.0096,0,2000,2000,1,0,27
3,1,27,2000,0,231,3.4629,0.0841,0.4262,0.0535,1.9029,1.8448,0,2000,2000,1,0,27
3,1,27,2000,0,232,4.5715,0.0522,0.102,0.0274,2.4788,2.2376,1,2000,2000,1,0,27
3,1,27,2000,0,233,3.546,0.0522,0.102,0.0477,1.981,1.9284,0,2000,2000,1,0,27
3,1,27,2000,0,234,4.3116,0.055,0.0766,0.066,1.9082,1.8366,0,2000,2000,1,0,27
3,1,27,2000,0,235,4.151,0.055,0.0766,0.0722,1.9465,1.8681,0,2000,2000,1,0,27
3,1,27,2000,0,236,4.6085,0.0638,0.1024,0.0282,2.4947,2.2414,1,2000,2000,1,0,27
3,1,27,2000,0,237,3.6393,0.0638,0.1024,0.0988,1.9952,1.891,0,2000,2000,1,0,27
3,1,27,2000,0,238,4.4144,0.043,0.0755,0.0526,2.0622,2.0027,0,2000,2000,1,0,27
3,1,27,2000,0,239,3.8394,0.043,0.0755,0.0465,1.8654,1.8136,0,2000,2000,1,0,27
3,1,27,2000,0,240,4.5545,0.0638,0.1042,0.0275,2.3322,2.0768,1,2000,2000,1,0,27
3,1,27,2000,0,241,8.1918,0.0427,0.0785,0.0729,1.9528,1.8728,0,2000,2000,1,0,27
3,1,27,2000,0,242,4.0428,0.0427,0.0785,0.0758,1.9333,1.852,0,2000,2000,1,0,27
3,1,27,2000,0,243,4.6525,0.0676,0.1062,0.0268,2.4152,2.1428,1,2000,2000,1,0,27
3,1,27,2000,0,244,8.012,0.0433,0.046,0.0488,2.0616,2.0066,0,2000,2000,1,0,27
3,1,27,2000,0,245,3.8886,0.0433,0.046,0.0438,1.8627,1.8141,0,2000,2000,1,0,27
3,1,27,2000,0,246,9.3826,0.0399,0.1157,0.0252,2.2516,2.0107,1,2000,2000,1,0,27
3,1,27,2000,0,247,4.3563,0.0399,0.1157,0.0395,1.8974,1.8528,0,2000,2000,1,0,27
3,1,27,2000,0,248,8.0613,0.0924,0.0979,0.0265,2.8943,2.6147,1,2000,2000,1,0,27
3,1,27,2000,0,249,7.6094,0.0432,0.0669,0.0415,2.0039,1.9561,0,2000,2000,1,0,27
3,1,27,2000,0,250,9.1638,0.0435,0.2647,0.0246,2.6499,2.254,1,2000,2000,1,160,27
3,1,27,2000,0,251,4.013,0.0391,0.0526,0.0401,2.0553,2.0092,0,2000,2000,1,0,27
3,1,27,2000,0,252,3.452,0.0391,0.0526,0.0443,1.9004,1.8513,0,2000,2000,1,0,27
3,1,27,2000,0,253,4.0219,0.0391,0.0526,0.0457,1.9419,1.8908,0,2000,2000,1,0,27
3,1,27,2000,0,254,4.7402,0.0593,0.1097,0.0253,2.6388,2.3805,1,2000,2000,1,0,27
3,1,27,2000,0,255,3.4612,0.0593,0.1097,0.0546,1.8989,1.8387,0,2000,2000,1,0,27
3,1,27,2000,0,256,4.5536,0.0588,0.0538,0.0494,1.9749,1.9199,0,2000,2000,1,0,27
3,1,27,2000,0,257,4.0085,0.0588,0.0538,0.047,1.9349,1.8833,0,2000,2000,1,0,27
3,1,27,2000,0,258,4.5713,0.0499,0.1124,0.0282,2.5732,2.325,1,2000,2000,1,0,27
3,1,27,2000,0,259,4.9446,0.0421,0.4183,0.0457,2.0284,1.9775,0,2000,2000,1,0,27
3,1,27,2000,0,260,3.4286,0.0421,0.4183,0.0554,1.9377,1.8766,0,2000,2000,1,0,27
3,1,27,2000,0,261,3.7334,0.0421,0.4183,0.058,2.2112,2.1471,0,2000,2000,1,0,27
3,1,27,2000,0,262,4.6488,0.0522,0.1747,0.0283,2.566,2.2503,1,2000,2000,1,0,27
3,1,27,2000,0,263,4.4508,0.0435,0.2022,0.0735,2.3949,2.3144,0,2000,2000,1,0,27
3,1,27,2000,0,264,8.1308,0.0435,0.2022,0.0545,2.1719,2.1102,0,2000,2000,1,0,27
3,1,27,2000,0,265,5.0984,0.0647,0.3458,0.0265,3.0739,2.5842,1,2000,2000,1,320,27
3,1,27,2000,0,266,3.982,0.0478,0.0762,0.0524,1.9617,1.9034,0,2000,2000,1,0,27
3,1,27,2000,0,267,3.8714,0.0478,0.0762,0.0519,2.1576,2.1,0,2000,2000,1,0,27
3,1,27,2000,0,268,3.7548,0.0478,0.0762,0.0533,2.1638,2.1048,0,2000,2000,1,0,27
3,1,27,2000,0,269,4.2565,0.0814,0.1596,0.031,2.7777,2.4421,1,2000,2000,1,0,27
3,1,27,2000,0,270,4.1684,0.0461,0.1033,0.0482,2.2698,2.2152,0,2000,2000,1,0,27
3,1,27,2000,0,271,3.9017,0.0461,0.1033,0.0511,2.3251,2.2687,0,2000,2000,1,0,27
3,1,27,2000,0,272,3.6844,0.0461,0.1033,0.0462,2.0487,1.9968,0,2000,2000,1,0,27
3,1,27,2000,0,273,4.8225,0.0601,0.153,0.0264,2.7733,2.4769,1,2000,2000,1,0,27
3,1,27,2000,0,274,3.4245,0.0601,0.153,0.0623,1.9629,1.8943,0,2000,2000,1,0,27
3,1,27,2000,0,275,5.4803,0.0575,0.0849,0.0696,2.6404,2.563,0,2000,2000,1,0,27
3,1,27,2000,0,276,7.8725,0.0545,0.116,0.0273,2.8235,2.5668,1,2000,2000,1,0,27
3,1,27,2000,0,277,3.9384,0.0602,0.1683,0.0507,1.9855,1.9292,0,2000,2000,1,0,27
3,1,27,2000,0,278,4.0388,0.0602,0.1683,0.0486,2.2853,2.2311,0,2000,2000,1,0,27
3,1,27,2000,0,279,3.7249,0.0602,0.1683,0.0488,1.9813,1.9254,0,2000,2000,1,0,27
3,1,27,2000,0,280,5.1901,0.0641,0.3198,0.0283,2.9509,2.4698,1,2000,2000,1,160,27
3,1,27,2000,0,281,7.7305,0.0588,0.0742,0.0633,2.0725,2.0023,0,2000,2000,1,0,27
3,1,27,2000,0,282,9.3334,0.0637,0.2381,0.0267,2.7748,2.3808,1,2000,2000,1,160,27
3,1,27,2000,0,283,7.595,0.0413,0.0622,0.0978,2.4465,2.3391,0,2000,2000,1,0,27
3,1,27,2000,0,284,8.5296,0.0553,0.1429,0.0272,2.7236,2.4331,1,2000,2000,1,0,27
3,1,27,2000,0,285,4.1215,0.0443,0.0654,0.0553,2.0274,1.9659,0,2000,2000,1,0,27
3,1,27,2000,0,286,3.4652,0.0443,0.0654,0.0522,1.9853,1.9285,0,2000,2000,1,0,27
3,1,27,2000,0,287,4.1626,0.0443,0.0654,0.056,1.9831,1.9216,0,2000,2000,1,0,27
3,1,27,2000,0,288,4.7726,0.0656,0.1192,0.0274,2.6738,2.4021,1,2000,2000,1,0,27
3,1,27,2000,0,289,4.1751,0.0657,0.2519,0.0784,2.0904,2.0063,0,2000,2000,1,0,27
3,1,27,2000,0,290,3.5482,0.0657,0.2519,0.0539,1.9872,1.9282,0,2000,2000,1,0,27
3,1,27,2000,0,291,4.1006,0.0657,0.2519,0.0625,2.0784,2.0099,0,2000,2000,1,0,27
3,1,27,2000,0,292,5.368,0.0526,0.5779,0.0282,3.2757,2.5529,1,2000,2000,1,320,27
3,1,27,2000,0,293,4.5626,0.0624,0.302,0.0558,2.1655,2.1027,0,2000,2000,1,0,27
3,1,27,2000,0,294,6.9416,0.0624,0.302,0.0697,2.1364,2.0468,0,2000,2000,1,0,27
3,1,27,2000,0,295,9.1619,0.0477,0.2441,0.0266,3.1594,2.78,1,2000,2000,1,160,27
3,1,27,2000,0,296,4.1358,0.0458,0.0779,0.0652,2.2313,2.16,0,2000,2000,1,0,27
3,1,27,2000,0,297,3.7229,0.0458,0.0779,0.0491,2.1482,2.0929,0,2000,2000,1,0,27
3,1,27,2000,0,298,4.4835,0.0599,0.1336,0.025,2.933,2.6485,1,2000,2000,1,0,27
3,1,27,2000,0,299,4.282,0.0432,0.2891,0.0498,1.9982,1.9423,0,2000,2000,1,0,27
3,1,27,2000,0,300,3.6986,0.0432,0.2891,0.0557,2.0737,2.0133,0,2000,2000,1,0,27
3,1,27,2000,0,301,3.804,0.0432,0.2891,0.0583,2.2324,2.1681,0,2000,2000,1,0,27
3,1,27,2000,0,302,5.3995,0.055,0.6824,0.0282,3.5342,2.7109,1,2000,2000,1,608,27
3,1,27,2000,0,303,7.1485,0.0497,0.0934,0.0641,2.1878,2.1185,0,2000,2000,1,0,27
3,1,27,2000,0,304,3.7765,0.0497,0.0934,0.0534,1.9908,1.9318,0,2000,2000,1,0,27
3,1,27,2000,0,305,5.1434,0.0471,0.3294,0.0265,2.9768,2.5158,1,2000,2000,1,160,27
3,1,27,2000,0,306,4.0616,0.0488,0.0445,0.0507,2.1838,2.1267,0,2000,2000,1,0,27
3,1,27,2000,0,307,3.4877,0.0488,0.0445,0.0485,1.9287,1.8755,0,2000,2000,1,0,27
3,1,27,2000,0,308,4.2873,0.0488,0.0445,0.0964,2.3173,2.2131,0,2000,2000,1,0,27
3,1,27,2000,0,309,9.6145,0.0506,0.2408,0.0265,2.9164,2.5471,1,2000,2000,1,134,27
3,1,27,2000,0,310,6.8648,0.0506,0.2408,0.0504,2.109,2.053,0,2000,2000,1,0,27
3,1,27,2000,0,311,4.9581,0.0584,0.2168,0.0264,2.87,2.5124,1,2000,2000,1,0,27
3,1,27,2000,0,312,3.9006,0.0411,0.1576,0.0441,2.1483,2.0976,0,2000,2000,1,0,27
3,1,27,2000,0,313,7.8979,0.0411,0.1576,0.0509,1.9301,1.8735,0,2000,2000,1,0,27
3,1,27,2000,0,314,9.6232,0.0734,0.3819,0.0299,3.389,2.8445,1,2000,2000,1,320,27
3,1,27,2000,0,315,3.9625,0.0766,0.1428,0.0505,2.0261,1.97,0,2000,2000,1,0,27
3,1,27,2000,0,316,3.4459,0.0766,0.1428,0.0501,1.9693,1.9144,0,2000,2000,1,0,27
3,1,27,2000,0,317,4.6207,0.0502,0.3073,0.0262,3.0044,2.5597,1,2000,2000,1,160,27
3,1,27,2000,0,318,4.4681,0.0408,0.4115,0.0513,2.0211,1.9637,0,2000,2000,1,0,27
3,1,27,2000,0,319,3.6053,0.0408,0.4115,0.0576,2.1356,2.0721,0,2000,2000,1,0,27
3,1,27,2000,0,320,3.9568,0.0408,0.4115,0.0578,2.2528,2.1888,0,2000,2000,1,0,27
3,1,27,2000,0,321,5.0936,0.0751,0.3868,0.029,3.3196,2.7713,1,2000,2000,1,0,27
3,1,27,2000,0,322,4.3334,0.0632,0.1695,0.053,2.1862,2.1278,0,2000,2000,1,0,27
3,1,27,2000,0,323,3.9863,0.0632,0.1695,0.055,2.1511,2.0905,0,2000,2000,1,0,27
3,1,27,2000,0,324,3.6808,0.0632,0.1695,0.0593,2.1708,2.1054,0,2000,2000,1,0,27
3,1,27,2000,0,325,5.2996,0.0684,0.4886,0.0276,3.4287,2.778,1,2000,2000,1,464,27
3,1,27,2000,0,326,8.8924,0.0716,0.4532,0.0839,2.9654,2.8719,0,2000,2000,1,0,27
3,1,27,2000,0,327,8.0426,0.2067,0.2947,0.0265,4.0552,3.4683,1,2000,2000,1,156,27
3,1,27,2000,0,328,6.9332,0.0441,0.0417,0.0492,2.2993,2.2444,0,2000,2000,1,0,27
3,1,27,2000,0,329,8.8317,0.0652,0.2882,0.0562,3.1435,2.6772,1,2000,2000,1,1,27
3,1,27,2000,0,330,7.7574,0.0428,0.2839,0.0527,2.1973,2.1384,0,2000,2000,1,0,27
3,1,27,2000,0,331,8.9413,0.0504,0.2569,0.0273,3.3955,2.9577,1,2000,2000,1,0,27
3,1,27,2000,0,332,7.7732,0.0465,0.0855,0.0731,2.6524,2.5727,0,2000,2000,1,0,27
3,1,27,2000,0,333,8.863,0.0685,0.565,0.0258,3.4329,2.689,1,2000,2000,1,323,27
3,1,27,2000,0,334,7.5389,0.0514,0.1829,0.0772,2.2778,2.1928,0,2000,2000,1,0,27
3,1,27,2000,0,335,8.9604,0.0476,0.3698,0.0262,3.1864,2.6939,1,2000,2000,1,172,27
3,1,27,2000,0,336,7.9523,0.047,0.3289,0.0462,2.2568,2.2048,0,2000,2000,1,0,27
3,1,27,2000,0,337,8.888,0.0618,0.2558,0.0254,3.3278,2.9263,1,2000,2000,1,149,27
3,1,27,2000,0,338,7.6852,0.0363,0.0729,0.0497,2.3888,2.3324,0,2000,2000,1,0,27
3,1,27,2000,0,339,3.4691,0.0363,0.0729,0.0459,1.9643,1.9131,0,2000,2000,1,0,27
3,1,27,2000,0,340,6.877,0.0995,0.4995,0.025,4.6935,4.0106,1,2000,2000,1,361,27
3,1,27,2000,0,341,7.0083,0.1173,0.2128,0.1279,2.6735,2.5385,0,2000,2000,1,0,27
3,1,27,2000,0,342,8.4524,0.0555,0.3096,0.0246,3.574,3.1306,1,2000,2000,1,129,27
3,1,27,2000,0,343,7.5924,0.0548,0.1421,0.0565,2.3965,2.3327,0,2000,2000,1,0,27
3,1,27,2000,0,344,9.49,0.0487,0.4519,0.0278,3.8863,3.304,1,2000,2000,1,223,27
3,1,27,2000,0,345,6.8474,0.0469,0.0612,0.0898,2.196,2.0996,0,2000,2000,1,0,27
3,1,27,2000,0,346,9.4187,0.0474,0.4926,0.0261,3.5385,2.9248,1,2000,2000,1,322,27
3,1,27,2000,0,347,7.1939,0.0498,0.0779,0.0526,2.0756,2.0168,0,2000,2000,1,0,27
3,1,27,2000,0,348,4.0996,0.0498,0.0779,0.0672,2.2983,2.2248,0,2000,2000,1,0,27
3,1,27,2000,0,349,5.3424,0.0494,0.553,0.0291,3.4991,2.8189,1,2000,2000,1,353,27
3,1,27,2000,0,350,4.4158,0.0509,0.2966,0.053,2.1408,2.0817,0,2000,2000,1,0,27
3,1,27,2000,0,351,3.5149,0.0509,0.2966,0.046,2.0448,1.9935,0,2000,2000,1,0,27
3,1,27,2000,0,352,3.6519,0.0509,0.2966,0.0833,2.2011,2.1128,0,2000,2000,1,0,27
3,1,27,2000,0,353,5.9348,0.0606,0.969,0.0288,4.0327,2.9139,1,2000,2000,1,190,27
3,1,27,2000,0,354,4.404,0.0536,0.2609,0.0341,2.1056,2.0662,0,2000,2000,1,0,27
3,1,27,2000,0,355,5.6585,0.0536,0.2609,0.0568,2.1172,2.055,0,2000,2000,1,0,27
3,1,27,2000,0,356,7.0973,0.0724,1.4911,0.0257,4.5076,2.8676,1,2000,2000,1,493,27
3,1,27,2000,0,357,6.0424,0.0427,0.187,0.0682,2.2815,2.2056,0,2000,2000,1,0,27
3,1,27,2000,0,358,9.627,0.0544,0.609,0.0264,3.8451,3.1031,1,2000,2000,1,482,27
3,1,27,2000,0,359,8.1249,0.0657,0.1153,0.0781,3.1802,3.094,0,2000,2000,1,0,27
3,1,27,2000,0,360,6.6372,0.0657,0.1153,0.2018,3.6357,3.4192,0,2000,2000,1,0,27
3,1,27,2000,0,361,11.9975,0.0754,0.8161,0.0298,5.0602,4.0691,1,2000,2000,1,333,27
3,1,27,2000,0,362,12.052,0.0673,1.0149,0.0272,4.9903,3.8188,1,2000,2000,1,357,27
3,1,27,2000,0,363,6.6105,0.0527,0.1447,0.0961,3.0565,2.9529,0,2000,2000,1,0,27
3,1,27,2000,0,364,7.496,0.0745,1.4215,0.025,5.3592,3.7831,1,2000,2000,1,355,27
3,1,27,2000,0,365,4.243,0.0375,0.0413,0.0481,2.3502,2.2966,0,2000,2000,1,0,27
3,1,27,2000,0,366,9.5455,0.0486,0.5047,0.0283,3.7869,3.1428,1,2000,2000,1,279,27
3,1,27,2000,0,367,6.8501,0.0369,0.0892,0.0632,2.3353,2.2653,0,2000,2000,1,0,27
3,1,27,2000,0,368,3.9154,0.0369,0.0892,0.057,2.2735,2.2103,0,2000,2000,1,0,27
3,1,27,2000,0,369,5.7931,0.0586,0.5853,0.0294,4.0054,3.273,1,2000,2000,1,288,27
3,1,27,2000,0,370,7.4051,0.0442,0.0998,0.0515,2.161,2.1033,0,2000,2000,1,0,27
3,1,27,2000,0,371,3.8498,0.0442,0.0998,0.0652,2.3915,2.3212,0,2000,2000,1,0,27
3,1,27,2000,0,372,9.6774,0.0605,0.453,0.0264,3.968,3.377,1,2000,2000,1,238,27
3,1,27,2000,0,373,6.9887,0.037,0.1701,0.0425,2.2844,2.2363,0,2000,2000,1,0,27
3,1,27,2000,0,374,10.0594,0.0627,0.5439,0.0282,4.0581,3.3516,1,2000,2000,1,243,27
3,1,27,2000,0,375,6.901,0.0708,0.0078,0.0642,2.5684,2.4982,0,2000,2000,1,0,27
3,1,27,2000,0,376,9.2842,0.0638,0.3778,0.0272,3.8211,3.3044,1,2000,2000,1,197,27
3,1,27,2000,0,377,7.3309,0.0532,0.4278,0.0466,2.1545,2.1012,0,2000,2000,1,0,27
3,1,27,2000,0,378,9.1343,0.0497,0.4897,0.0265,3.5913,2.9761,1,2000,2000,1,204,27
3,1,27,2000,0,379,7.09,0.0447,0.0414,0.0818,2.1971,2.1084,0,2000,2000,1,0,27
3,1,27,2000,0,380,9.5015,0.0631,0.3571,0.0273,3.4702,2.9692,1,2000,2000,1,184,27
3,1,27,2000,0,381,7.1124,0.0371,0.0739,0.053,2.1006,2.0419,0,2000,2000,1,0,27
3,1,27,2000,0,382,5.9686,0.4497,0.3618,0.0252,4.0854,3.2003,1,2000,2000,1,155,27
3,1,27,2000,0,383,6.8021,0.0471,0.3336,0.047,2.1986,2.1463,0,2000,2000,1,0,27
3,1,27,2000,0,384,8.9783,0.0506,0.3484,0.0267,3.285,2.8067,1,2000,2000,1,157,27
3,1,27,2000,0,385,7.5189,0.0535,0.0409,0.0732,2.2108,2.131,0,2000,2000,1,0,27
3,1,27,2000,0,386,9.4689,0.0573,0.3269,0.0282,3.5178,3.0411,1,2000,2000,1,137,27
3,1,27,2000,0,387,7.0709,0.0465,0.0763,0.0526,2.1219,2.0637,0,2000,2000,1,0,27
3,1,27,2000,0,388,9.7096,0.0677,0.336,0.0253,3.5094,3.0203,1,2000,2000,1,141,27
3,1,27,2000,0,389,7.3729,0.0601,0.0817,0.0498,2.4378,2.382,0,2000,2000,1,0,27
3,1,27,2000,0,390,10.0968,0.0868,0.4426,0.0278,4.3354,3.7141,1,2000,2000,1,93,27
3,1,27,2000,0,391,6.606,0.0556,0.1293,0.0974,2.4948,2.3897,0,2000,2000,1,0,27
3,1,27,2000,0,392,9.1555,0.059,0.4396,0.0273,3.5887,2.9894,1,2000,2000,1,103,27
3,1,27,2000,0,393,12.7022,0.0456,0.2194,0.0432,2.0743,2.0263,0,2000,2000,1,0,27
3,1,27,2000,0,394,4.8759,0.0472,0.2894,0.0267,3.3797,2.9668,1,2000,2000,1,88,27
3,1,27,2000,0,395,6.5025,0.0352,0.1035,0.0678,2.1699,2.0966,0,2000,2000,1,0,27
3,1,27,2000,0,396,9.415,0.0555,0.2636,0.0258,3.5774,3.1813,1,2000,2000,1,86,27
3,1,27,2000,0,397,7.0909,0.0396,0.0892,0.0571,2.1256,2.0635,0,2000,2000,1,0,27
3,1,27,2000,0,398,9.5343,0.0508,0.2572,0.0245,3.2411,2.8592,1,2000,2000,1,90,27
3,1,27,2000,0,399,7.3427,0.0397,0.0838,0.0435,2.2185,2.1697,0,2000,2000,1,0,27
3,1,27,2000,0,400,8.9691,0.0469,0.2385,0.026,3.182,2.8187,1,2000,2000,1,82,27
3,1,27,2000,0,401,7.4852,0.0407,0.0741,0.0622,2.1926,2.1236,0,2000,2000,1,0,27
3,1,27,2000,0,402,4.0352,0.0407,0.0741,0.0673,2.2421,2.1691,0,2000,2000,1,0,27
3,1,27,2000,0,403,9.7918,0.0554,0.2213,0.0334,3.2409,2.8854,1,2000,2000,1,76,27
3,1,27,2000,0,404,6.803,0.0554,0.2213,0.0438,2.0648,2.0148,0,2000,2000,1,0,27
3,1,27,2000,0,405,9.6037,0.0551,0.2454,0.0246,2.9293,2.5574,1,2000,2000,1,52,27
3,1,27,2000,0,406,7.4031,0.0551,0.2454,0.0676,2.0672,1.9935,0,2000,2000,1,0,27
3,1,27,2000,0,407,9.7858,0.0415,0.2555,0.0252,3.2832,2.9056,1,2000,2000,1,67,27
3,1,27,2000,0,408,6.7835,0.0415,0.2555,0.0527,2.0963,2.0375,0,2000,2000,1,0,27
3,1,27,2000,0,409,4.4416,0.057,0.2164,0.0254,2.9895,2.6434,1,2000,2000,1,56,27
3,1,27,2000,0,410,4.0807,0.0425,0.0652,0.0443,2.2654,2.2157,0,2000,2000,1,0,27
3,1,27,2000,0,411,3.9233,0.0425,0.0652,0.0487,2.1709,2.117,0,2000,2000,1,0,27
3,1,27,2000,0,412,8.8205,0.0525,0.2087,0.0253,2.9882,2.6544,1,2000,2000,1,54,27
3,1,27,2000,0,413,8.4418,0.0444,0.2557,0.09,2.4704,2.3733,0,2000,2000,1,0,27
3,1,27,2000,0,414,8.439,0.0595,0.2525,0.0265,2.9693,2.5723,1,2000,2000,1,37,27
3,1,27,2000,0,415,7.7014,0.0441,0.0682,0.0637,2.338,2.2692,0,2000,2000,1,0,27
3,1,27,2000,0,416,9.3705,0.0463,0.4038,0.0273,3.4809,2.9478,1,2000,2000,1,39,27
3,1,27,2000,0,417,7.3557,0.0591,0.2382,0.0567,2.173,2.1106,0,2000,2000,1,0,27
3,1,27,2000,0,418,8.9463,0.0513,0.1836,0.0258,3.35,3.0384,1,2000,2000,1,38,27
3,1,27,2000,0,419,8.2262,0.0474,0.1382,0.0467,2.2392,2.1861,0,2000,2000,1,0,27
3,1,27,2000,0,420,8.5211,0.0577,0.1957,0.0272,3.135,2.8015,1,2000,2000,1,49,27
3,1,27,2000,0,421,7.6319,0.0407,0.1158,0.0433,2.2474,2.1987,0,2000,2000,1,0,27
3,1,27,2000,0,422,8.857,0.0484,0.2932,0.0447,3.0588,2.6111,1,2000,2000,1,43,27
3,1,27,2000,0,423,7.7523,0.0326,0.0762,0.0486,2.3337,2.2791,0,2000,2000,1,0,27
3,1,27,2000,0,424,3.8421,0.0326,0.0762,0.0452,2.2794,2.2293,0,2000,2000,1,0,27
3,1,27,2000,0,425,4.6339,0.0569,0.2006,0.0281,2.8533,2.5175,1,2000,2000,1,27,27
3,1,27,2000,0,426,7.9306,0.0334,0.0821,0.0443,2.0856,2.0365,0,2000,2000,1,0,27
3,1,27,2000,0,427,4.2655,0.0334,0.0821,0.0795,2.1137,2.0289,0,2000,2000,1,0,27
3,1,27,2000,0,428,9.4109,0.0409,0.2434,0.027,2.8765,2.5156,1,2000,2000,1,33,27
3,1,27,2000,0,429,7.8545,0.0409,0.2434,0.06,2.501,2.4344,0,2000,2000,1,0,27
3,1,27,2000,0,430,8.2268,0.0614,0.2212,0.0245,2.8533,2.4967,1,2000,2000,1,27,27
3,1,27,2000,0,431,4.1116,0.0452,0.1214,0.0696,2.3169,2.2414,0,2000,2000,1,0,27
3,1,27,2000,0,432,9.1246,0.0839,0.2376,0.0288,3.6628,3.167,1,2000,2000,1,31,27
3,1,27,2000,0,433,7.1638,0.0785,0.0067,0.0634,2.2672,2.1981,0,2000,2000,1,0,27
3,1,27,2000,0,434,4.4281,0.0785,0.0067,0.048,2.4476,2.3947,0,2000,2000,1,0,27
3,1,27,2000,0,435,9.5996,0.0509,0.2082,0.0268,3.2485,2.9103,1,2000,2000,1,31,27
3,1,27,2000,0,436,6.7709,0.0509,0.2082,0.048,2.1987,2.1459,0,2000,2000,1,0,27
3,1,27,2000,0,437,9.3925,0.0519,0.1989,0.0245,2.9806,2.6596,1,2000,2000,1,26,27
3,1,27,2000,0,438,7.3647,0.0519,0.1989,0.046,2.2729,2.222,0,2000,2000,1,0,27
3,1,27,2000,0,439,9.4234,0.0321,0.2078,0.0272,3.2051,2.8714,1,2000,2000,1,29,27
3,1,27,2000,0,440,7.0258,0.0321,0.2078,0.0474,2.232,2.1789,0,2000,2000,1,0,27
3,1,27,2000,0,441,5.0482,0.0662,0.2552,0.0285,2.9601,2.5626,1,2000,2000,1,32,27
3,1,27,2000,0,442,7.8511,0.0531,0.1751,0.0574,2.3783,2.3147,0,2000,2000,1,0,27
3,1,27,2000,0,443,3.9988,0.0531,0.1751,0.0535,2.2037,2.1446,0,2000,2000,1,0,27
3,1,27,2000,0,444,4.6204,0.0655,0.2456,0.0259,3.0236,2.6345,1,2000,2000,1,23,27
3,1,27,2000,0,445,7.7112,0.0456,0.0749,0.0576,2.1996,2.1361,0,2000,2000,1,0,27
3,1,27,2000,0,446,8.9792,0.0506,0.2701,0.0262,3.0552,2.6515,1,2000,2000,1,27,27
3,1,27,2000,0,447,8.3553,0.0415,0.0485,0.086,2.8391,2.7447,0,2000,2000,1,0,27
3,1,27,2000,0,448,9.0357,0.0599,0.2036,0.0283,3.6128,3.2614,1,2000,2000,1,26,27
3,1,27,2000,0,449,7.1883,0.0401,0.0424,0.0695,2.3711,2.2938,0,2000,2000,1,0,27
3,1,27,2000,0,450,4.0207,0.0401,0.0424,0.054,2.2343,2.1738,0,2000,2000,1,0,27
3,1,27,2000,0,451,5.6661,0.0539,0.2208,0.0252,3.1141,2.7703,1,2000,2000,1,30,27
3,1,27,2000,0,452,6.7161,0.0392,0.0891,0.0562,2.2082,2.1456,0,2000,2000,1,0,27
3,1,27,2000,0,453,8.888,0.0498,0.2644,0.0255,3.1348,2.7357,1,2000,2000,1,24,27
3,1,27,2000,0,454,8.0845,0.0693,0.3187,0.0558,2.3223,2.2599,0,2000,2000,1,0,27
3,1,27,2000,0,455,3.663,0.0693,0.3187,0.0556,2.1623,2.1016,0,2000,2000,1,0,27
3,1,27,2000,0,456,4.8013,0.074,0.2169,0.0282,2.9363,2.5588,1,2000,2000,1,20,27
3,1,27,2000,0,457,4.504,0.05,0.3513,0.0571,2.4281,2.3651,0,2000,2000,1,0,27
3,1,27,2000,0,458,3.9656,0.05,0.3513,0.0543,2.3755,2.3151,0,2000,2000,1,0,27
3,1,27,2000,0,459,8.4082,0.0462,0.2669,0.0282,2.9899,2.5753,1,2000,2000,1,17,27
3,1,27,2000,0,460,7.6819,0.0396,0.1654,0.0515,2.2893,2.2319,0,2000,2000,1,0,27
3,1,27,2000,0,461,9.0756,0.0522,0.2141,0.0301,3.1126,2.7478,1,2000,2000,1,16,27
3,1,27,2000,0,462,8.1769,0.041,0.1003,0.0481,2.3919,2.3374,0,2000,2000,1,0,27
3,1,27,2000,0,463,8.9971,0.0762,0.2891,0.0294,3.6366,3.1734,1,2000,2000,1,15,27
3,1,27,2000,0,464,7.1188,0.0555,0.0352,0.0656,2.3154,2.244,0,2000,2000,1,0,27
3,1,27,2000,0,465,4.0345,0.0555,0.0352,0.065,2.2647,2.1939,0,2000,2000,1,0,27
3,1,27,2000,0,466,5.8319,0.1016,0.2283,0.0288,3.7132,3.2927,1,2000,2000,1,23,27
3,1,27,2000,0,467,5.2256,0.0803,0.1686,0.1285,2.7998,2.6621,0,2000,2000,1,0,27
3,1,27,2000,0,468,6.0445,0.0803,0.1686,0.1186,2.5298,2.4046,0,2000,2000,1,0,27
3,1,27,2000,0,469,10.2243,0.0533,0.2469,0.0412,3.8676,3.4578,1,2000,2000,1,21,27
3,1,27,2000,0,470,6.8621,0.0533,0.2469,0.1064,3.0227,2.9071,0,2000,2000,1,0,27
3,1,27,2000,0,471,8.182,0.0506,0.2988,0.0273,2.9857,2.5427,1,2000,2000,1,15,27
3,1,27,2000,0,472,7.6855,0.0548,0.0771,0.0549,2.2346,2.1736,0,2000,2000,1,0,27
3,1,27,2000,0,473,9.1691,0.0658,0.1824,0.0283,3.1103,2.7832,1,2000,2000,1,19,27
3,1,27,2000,0,474,3.9867,0.0531,0.0546,0.0496,2.0571,2.0013,0,2000,2000,1,0,27
3,1,27,2000,0,475,4.4236,0.0531,0.0546,0.0583,2.2825,2.2188,0,2000,2000,1,0,27
3,1,27,2000,0,476,8.9552,0.0611,0.1608,0.0266,3.0655,2.7624,1,2000,2000,1,15,27
3,1,27,2000,0,477,6.9684,0.0611,0.1608,0.0622,2.1939,2.1269,0,2000,2000,1,0,27
3,1,27,2000,0,478,9.8601,0.0532,0.1977,0.029,3.353,3.022,1,2000,2000,1,25,27
3,1,27,2000,0,479,6.5383,0.0532,0.1977,0.0608,2.211,2.1451,0,2000,2000,1,0,27
3,1,27,2000,0,480,4.9185,0.059,0.2227,0.0283,3.0251,2.6596,1,2000,2000,1,14,27
3,1,27,2000,0,481,4.0655,0.0365,0.1057,0.0475,2.358,2.3046,0,2000,2000,1,0,27
3,1,27,2000,0,482,4.1039,0.0365,0.1057,0.0708,2.3665,2.2894,0,2000,2000,1,0,27
3,1,27,2000,0,483,4.2809,0.0365,0.1057,0.1197,2.6555,2.5285,0,2000,2000,1,0,27
3,1,27,2000,0,484,8.6227,0.0738,0.3053,0.0274,3.2373,2.7748,1,2000,2000,1,13,27
3,1,27,2000,0,485,4.5745,0.0382,0.1955,0.0448,2.2796,2.2291,0,2000,2000,1,0,27
3,1,27,2000,0,486,3.7551,0.0382,0.1955,0.044,2.054,2.0047,0,2000,2000,1,0,27
3,1,27,2000,0,487,4.3268,0.0666,0.1933,0.0266,2.8196,2.4814,1,2000,2000,1,23,27
3,1,27,2000,0,488,4.0867,0.0537,0.2197,0.0518,2.1512,2.0938,0,2000,2000,1,0,27
3,1,27,2000,0,489,4.109,0.0537,0.2197,0.0492,2.4328,2.3781,0,2000,2000,1,0,27
3,1,27,2000,0,490,3.9417,0.0537,0.2197,0.0537,2.3002,2.2414,0,2000,2000,1,0,27
3,1,27,2000,0,491,4.4323,0.0654,0.2063,0.032,3.0579,2.6955,1,2000,2000,1,23,27
3,1,27,2000,0,492,7.8289,0.0567,0.081,0.0513,2.5411,2.4839,0,2000,2000,1,0,27
3,1,27,2000,0,493,8.6843,0.0595,0.1634,0.0267,3.0055,2.712,1,2000,2000,1,14,27
3,1,27,2000,0,494,7.9597,0.046,0.1042,0.0799,2.3383,2.2501,0,2000,2000,1,0,27
3,1,27,2000,0,495,9.0668,0.0766,0.1952,0.0267,2.9141,2.5579,1,2000,2000,1,18,27
3,1,27,2000,0,496,7.5578,0.0454,0.0943,0.0786,2.5296,2.4455,0,2000,2000,1,0,27
3,1,27,2000,0,497,8.8036,0.0513,0.1831,0.0266,3.0719,2.7584,1,2000,2000,1,12,27
3,1,27,2000,0,498,8.1732,0.1002,0.1957,0.0662,2.6457,2.5723,0,2000,2000,1,0,27
3,1,27,2000,0,499,8.4616,0.0667,0.24,0.0297,3.1692,2.7578,1,2000,2000,1,11,27
3,1,27,2000,0,500,4.4173,0.0706,0.1568,0.0503,2.2062,2.15,0,2000,2000,1,0,27
3,1,27,2000,0,501,3.7393,0.0706,0.1568,0.0546,2.1462,2.0862,0,2000,2000,1,0,27
3,1,27,2000,0,502,4.5859,0.0706,0.1568,0.0675,2.2895,2.2156,0,2000,2000,1,0,27
3,1,27,2000,0,503,8.6918,0.0681,0.1726,0.0267,3.1205,2.7967,1,2000,2000,1,14,27
3,1,27,2000,0,504,6.8586,0.0681,0.1726,0.063,2.1908,2.1216,0,2000,2000,1,0,27
3,1,27,2000,0,505,9.975,0.0417,0.185,0.0254,3.077,2.7658,1,2000,2000,1,9,27
3,1,27,2000,0,506,6.9985,0.0417,0.185,0.0636,2.2923,2.2235,0,2000,2000,1,0,27
3,1,27,2000,0,507,9.6228,0.0468,0.2309,0.0262,3.0695,2.7207,1,2000,2000,1,16,27
3,1,27,2000,0,508,6.7916,0.0468,0.2309,0.051,2.1593,2.1037,0,2000,2000,1,0,27
3,1,27,2000,0,509,10.4592,0.0435,0.1821,0.0255,3.3065,2.988,1,2000,2000,1,9,27
3,1,27,2000,0,510,6.4095,0.0435,0.1821,0.0489,2.4976,2.4421,0,2000,2000,1,0,27
3,1,27,2000,0,511,4.742,0.0498,0.2095,0.0263,2.9188,2.5793,1,2000,2000,1,12,27
3,1,27,2000,0,512,4.1173,0.0482,0.0734,0.0665,2.3724,2.2995,0,2000,2000,1,0,27
3,1,27,2000,0,513,3.7296,0.0482,0.0734,0.0538,2.1092,2.0504,0,2000,2000,1,0,27
3,1,27,2000,0,514,9.2766,0.0485,0.1918,0.0282,2.918,2.5903,1,2000,2000,1,17,27
3,1,27,2000,0,515,7.0476,0.0543,0.0521,0.0507,2.1181,2.0619,0,2000,2000,1,0,27
3,1,27,2000,0,516,9.1795,0.0552,0.1821,0.0282,3.2403,2.9089,1,2000,2000,1,11,27
3,1,27,2000,0,517,7.8373,0.0524,0.1563,0.0538,2.2239,2.1644,0,2000,2000,1,0,27
3,1,27,2000,0,518,4.1414,0.0524,0.1563,0.0755,2.4322,2.3463,0,2000,2000,1,0,27
3,1,27,2000,0,519,4.8465,0.0609,0.1625,0.0295,3.1147,2.8054,1,2000,2000,1,12,27
3,1,27,2000,0,520,7.4233,0.0492,0.2101,0.0834,2.1731,2.0826,0,2000,2000,1,0,27
3,1,27,2000,0,521,8.687,0.0546,0.1831,0.0281,2.8912,2.5654,1,2000,2000,1,12,27
3,1,27,2000,0,522,8.5182,0.0442,0.124,0.057,2.2463,2.1822,0,2000,2000,1,0,27
3,1,27,2000,0,523,3.725,0.0442,0.124,0.0472,2.0534,2.001,0,2000,2000,1,0,27
3,1,27,2000,0,524,4.6882,0.0615,0.1601,0.026,2.9426,2.6325,1,2000,2000,1,16,27
3,1,27,2000,0,525,8.4002,0.0604,0.2037,0.0605,2.5256,2.4488,0,2000,2000,1,0,27
3,1,27,2000,0,526,8.2934,0.0548,0.1753,0.0269,2.8771,2.5665,1,2000,2000,1,10,27
3,1,27,2000,0,527,7.7317,0.0333,0.0356,0.0467,2.2444,2.1916,0,2000,2000,1,0,27
3,1,27,2000,0,528,3.8168,0.0333,0.0356,0.0697,2.0479,1.9707,0,2000,2000,1,0,27
3,1,27,2000,0,529,5.248,0.1635,0.1697,0.0261,2.9085,2.4924,1,2000,2000,1,9,27
3,1,27,2000,0,530,8.2123,0.045,0.2568,0.0475,2.2598,2.2063,0,2000,2000,1,0,27
3,1,27,2000,0,531,8.3385,0.0581,0.1542,0.0259,2.7559,2.4649,1,2000,2000,1,10,27
3,1,27,2000,0,532,7.9352,0.0497,0.0899,0.0459,2.2926,2.2406,0,2000,2000,1,0,27
3,1,27,2000,0,533,9.3644,0.0689,0.1436,0.0272,3.0226,2.7255,1,2000,2000,1,7,27
3,1,27,2000,0,534,7.3656,0.047,0.0759,0.0728,2.3345,2.255,0,2000,2000,1,0,27
3,1,27,2000,0,535,3.7829,0.047,0.0759,0.0594,2.1889,2.1236,0,2000,2000,1,0,27
3,1,27,2000,0,536,4.5846,0.0687,0.1892,0.0303,2.8684,2.5142,1,2000,2000,1,10,27
3,1,27,2000,0,537,4.6101,0.0479,0.4677,0.0619,2.3624,2.2938,0,2000,2000,1,0,27
3,1,27,2000,0,538,3.8459,0.0479,0.4677,0.0504,2.1194,2.0642,0,2000,2000,1,0,27
3,1,27,2000,0,539,3.7635,0.0479,0.4677,0.052,2.0934,2.0368,0,2000,2000,1,0,27
3,1,27,2000,0,540,4.5998,0.0717,0.2342,0.033,2.7733,2.3656,1,2000,2000,1,11,27
3,1,27,2000,0,541,3.8715,0.0454,0.0463,0.0496,2.1364,2.0813,0,2000,2000,1,0,27
3,1,27,2000,0,542,3.7004,0.0454,0.0463,0.0554,2.1037,2.0431,0,2000,2000,1,0,27
3,1,27,2000,0,543,4.1079,0.0454,0.0463,0.0469,2.1441,2.0924,0,2000,2000,1,0,27
3,1,27,2000,0,544,4.9752,0.0564,0.1676,0.0291,2.9948,2.6826,1,2000,2000,1,13,27
3,1,27,2000,0,545,4.0481,0.045,0.0821,0.0485,2.2685,2.2144,0,2000,2000,1,0,27
3,1,27,2000,0,546,7.6617,0.045,0.0821,0.0482,2.1247,2.0708,0,2000,2000,1,0,27
3,1,27,2000,0,547,9.2949,0.0545,0.2198,0.0275,2.8735,2.5012,1,2000,2000,1,9,27
3,1,27,2000,0,548,8.0173,0.0436,0.2341,0.0707,2.1228,2.0457,0,2000,2000,1,0,27
3,1,27,2000,0,549,9.3606,0.0816,0.1655,0.0262,3.4326,3.1037,1,2000,2000,1,10,27
3,1,27,2000,0,550,7.2026,0.0525,0.1986,0.0674,2.3834,2.3096,0,2000,2000,1,0,27
4,0,4,2000,1,151,4.2922,0,0,0.0604,2.0995,2.0141,0,2000,2000,1,0,4
4,0,4,2000,1,152,4.2047,0,0,0.0642,2.0698,1.9921,0,2000,2000,1,0,4
4,0,4,2000,1,153,4.8499,0.0141,0.6127,0.0272,2.7452,2.0174,1,2000,2000,1,0,4
4,0,4,2000,1,154,3.5267,0,0,0.0726,1.9117,1.8292,0,2000,2000,1,0,4
4,0,4,2000,1,155,4.3574,0,0,0.0588,2.434,2.3613,0,2000,2000,1,0,4
4,0,4,2000,1,156,4.1274,0,0,0.0709,2.0636,1.9814,0,2000,2000,1,0,4
4,0,4,2000,1,157,4.4023,0.0145,0.5238,0.0283,2.648,1.9927,1,2000,2000,1,0,4
4,0,4,2000,1,158,3.5803,0,0,0.0612,1.9279,1.8567,0,2000,2000,1,0,4
4,0,4,2000,1,159,8.6036,0,0,0.0851,2.0643,1.9677,0,2000,2000,1,0,4
4,0,4,2000,1,160,4.5084,0.0134,0.5183,0.0264,2.4753,1.846,1,2000,2000,1,0,4
4,0,4,2000,1,161,7.8571,0,0,0.1159,2.0134,1.8868,0,2000,2000,1,0,4
4,0,4,2000,1,162,4.7096,0,0,0.0772,2.0961,2.0053,0,2000,2000,1,0,4
4,0,4,2000,1,163,12.919,0.0168,0.5339,0.0273,2.6174,1.913,1,2000,2000,1,0,4
4,0,4,2000,1,164,4.9237,0.0177,0.5546,0.0282,2.8106,2.0952,1,2000,2000,1,0,4
4,0,4,2000,1,165,6.873,0,0,0.09,2.0836,1.9811,0,2000,2000,1,0,4
4,0,4,2000,1,166,8.2755,0,0,0.1013,2.017,1.9042,0,2000,2000,1,0,4
4,0,4,2000,1,167,4.8408,0.023,0.6465,0.0274,3.0395,2.2158,1,2000,2000,1,0,4
4,0,4,2000,1,168,3.7001,0,0,0.0825,1.979,1.887,0,2000,2000,1,0,4
4,0,4,2000,1,169,3.7365,0,0,0.0595,2.0778,2.0081,0,2000,2000,1,0,4
4,0,4,2000,1,170,4.1676,0,0,0.0528,1.9592,1.897,0,2000,2000,1,0,4
4,0,4,2000,1,171,4.9335,0.0156,0.5655,0.0265,2.7684,2.0788,1,2000,2000,1,0,4
4,0,4,2000,1,172,3.3889,0,0,0.063,1.8696,1.7979,0,2000,2000,1,0,4
4,0,4,2000,1,173,4.3647,0,0,0.0854,2.1141,2.0183,0,2000,2000,1,0,4
4,0,4,2000,1,174,4.3973,0,0,0.0813,2.0645,1.9735,0,2000,2000,1,0,4
4,0,4,2000,1,175,4.5535,0.0172,0.5971,0.0307,2.7243,1.9692,1,2000,2000,1,0,4
4,0,4,2000,1,176,3.5454,0,0,0.0638,1.8987,1.8249,0,2000,2000,1,0,4
4,0,4,2000,1,177,3.8721,0,0,0.0692,1.9168,1.8384,0,2000,2000,1,0,4
4,0,4,2000,1,178,4.3082,0,0,0.0581,1.9942,1.9239,0,2000,2000,1,0,4
4,0,4,2000,1,179,5.7085,0.0284,0.5467,0.0283,3.0327,2.3307,1,2000,2000,1,0,4
4,0,4,2000,1,180,4.4331,0,0,0.2102,2.6224,2.398,0,2000,2000,1,0,4
4,0,4,2000,1,181,6.6794,0,0,0.0866,2.0806,1.9816,0,2000,2000,1,0,4
4,0,4,2000,1,182,4.4869,0.0135,0.5516,0.0272,2.6613,1.9971,1,2000,2000,1,0,4
4,0,4,2000,1,183,3.4666,0,0,0.0523,1.876,1.8143,0,2000,2000,1,0,4
4,0,4,2000,1,184,4.2632,0,0,0.0532,1.9357,1.8734,0,2000,2000,1,0,4
4,0,4,2000,1,185,4.2558,0,0,0.0776,1.9783,1.8913,0,2000,2000,1,0,4
4,0,4,2000,1,186,5.2227,0.0151,0.8422,0.0296,3.0145,2.0396,1,2000,2000,1,0,4
4,0,4,2000,1,187,3.5701,0,0,0.0862,1.953,1.8576,0,2000,2000,1,0,4
4,0,4,2000,1,188,3.3982,0,0,0.0458,1.899,1.8424,0,2000,2000,1,0,4
4,0,4,2000,1,189,4.9572,0,0,0.0946,1.9949,1.8888,0,2000,2000,1,0,4
4,0,4,2000,1,190,3.9993,0.1012,0.4232,0.029,2.5507,1.8997,1,2000,2000,1,0,4
4,0,4,2000,1,191,3.8212,0,0,0.0534,1.9146,1.8499,0,2000,2000,1,0,4
4,0,4,2000,1,192,4.1102,0,0,0.0512,2.1115,2.0495,0,2000,2000,1,0,4
4,0,4,2000,1,193,4.236,0,0,0.1079,1.9394,1.8215,0,2000,2000,1,0,4
4,0,4,2000,1,194,8.9734,0.0154,0.5851,0.0282,2.6601,1.9282,1,2000,2000,1,0,4
4,0,4,2000,1,195,7.7788,0,0,0.0705,1.9608,1.8801,0,2000,2000,1,0,4
4,0,4,2000,1,196,9.159,0.0163,0.6658,0.0287,2.9068,2.0458,1,2000,2000,1,0,4
4,0,4,2000,1,197,3.4479,0,0,0.0643,1.8941,1.8204,0,2000,2000,1,0,4
4,0,4,2000,1,198,3.8997,0,0,0.0644,1.8889,1.8124,0,2000,2000,1,0,4
4,0,4,2000,1,199,4.7316,0.0234,0.5699,0.0282,2.6508,1.9565,1,2000,2000,1,0,4
4,0,4,2000,1,200,3.7311,0,0,0.0824,2.0472,1.9529,0,2000,2000,1,0,4
4,0,4,2000,1,201,4.5711,0,0,0.0809,2.2085,2.114,0,2000,2000,1,0,4
4,0,4,2000,1,202,8.7296,0.0098,0.5173,0.0264,2.6146,1.9678,1,2000,2000,1,0,4
4,0,4,2000,1,203,3.8126,0,0,0.0643,2.1525,2.0763,0,2000,2000,1,0,4
4,0,4,2000,1,204,8.2286,0,0,0.0768,2.0291,1.9414,0,2000,2000,1,0,4
4,0,4,2000,1,205,8.9684,0.0137,0.5166,0.0266,2.8077,2.1635,1,2000,2000,1,0,4
4,0,4,2000,1,206,3.5531,0,0,0.0688,1.8813,1.8039,0,2000,2000,1,0,4
4,0,4,2000,1,207,3.8459,0,0,0.0665,2.0363,1.9597,0,2000,2000,1,0,4
4,0,4,2000,1,208,5.091,0.0137,0.6726,0.0719,3.0454,2.1724,1,2000,2000,1,0,4
4,0,4,2000,1,209,3.6597,0,0,0.0628,1.9649,1.8925,0,2000,2000,1,0,4
4,0,4,2000,1,210,3.9524,0,0,0.0499,2.2995,2.238,0,2000,2000,1,0,4
4,0,4,2000,1,211,3.9963,0,0,0.0602,1.8642,1.7946,0,2000,2000,1,0,4
4,0,4,2000,1,212,4.8474,0.016,0.6246,0.029,2.6994,1.9533,1,2000,2000,1,0,4
4,0,4,2000,1,213,3.9631,0,0,0.0815,1.9297,1.8369,0,2000,2000,1,0,4
4,0,4,2000,1,214,3.5683,0,0,0.0629,1.9583,1.886,0,2000,2000,1,0,4
4,0,4,2000,1,215,4.9669,0,0,0.0735,2.0946,2.0091,0,2000,2000,1,0,4
4,0,4,2000,1,216,4.1842,0.0148,0.5795,0.0283,2.6452,1.9432,1,2000,2000,1,0,4
4,0,4,2000,1,217,7.1858,0,0,0.0653,1.8433,1.7686,0,2000,2000,1,0,4
4,0,4,2000,1,218,4.5226,0,0,0.074,1.8854,1.8011,0,2000,2000,1,0,4
4,0,4,2000,1,219,4.669,0.0158,0.6233,0.0275,2.645,1.9001,1,2000,2000,1,0,4
4,0,4,2000,1,220,3.6581,0,0,0.0587,1.8866,1.8176,0,2000,2000,1,0,4
4,0,4,2000,1,221,8.6709,0,0,0.0898,1.989,1.8852,0,2000,2000,1,0,4
4,0,4,2000,1,222,8.6638,0.024,0.7604,0.0274,2.8039,1.9086,1,2000,2000,1,0,4
4,0,4,2000,1,223,7.8316,0,0,0.063,1.848,1.7753,0,2000,2000,1,0,4
4,0,4,2000,1,224,8.6296,0.053,0.4781,0.0266,2.5143,1.8755,1,2000,2000,1,0,4
4,0,4,2000,1,225,8.4713,0,0,0.14,2.2136,2.0631,0,2000,2000,1,0,4
4,0,4,2000,1,226,4.8022,0.0151,0.5043,0.0651,2.6531,1.9709,1,2000,2000,1,0,4
4,0,4,2000,1,227,3.7275,0,0,0.0748,1.9705,1.8759,0,2000,2000,1,0,4
4,0,4,2000,1,228,3.4442,0,0,0.0643,1.9111,1.8377,0,2000,2000,1,0,4
4,0,4,2000,1,229,4.1025,0,0,0.0605,1.9023,1.8322,0,2000,2000,1,0,4
4,0,4,2000,1,230,4.7426,0.0179,0.5255,0.0264,2.6585,2.0047,1,2000,2000,1,0,4
4,0,4,2000,1,231,3.4635,0,0,0.0578,1.898,1.8302,0,2000,2000,1,0,4
4,0,4,2000,1,232,4.373,0,0,0.0697,2.0161,1.9372,0,2000,2000,1,0,4
4,0,4,2000,1,233,4.3884,0,0,0.0864,2.085,1.9887,0,2000,2000,1,0,4
4,0,4,2000,1,234,4.4492,0.0171,0.51,0.028,2.6636,2.0252,1,2000,2000,1,0,4
4,0,4,2000,1,235,3.5878,0,0,0.0734,1.8983,1.8167,0,2000,2000,1,0,4
4,0,4,2000,1,236,3.8731,0,0,0.0496,1.8315,1.7721,0,2000,2000,1,0,4
4,0,4,2000,1,237,5.1838,0,0,0.0781,2.4024,2.309,0,2000,2000,1,0,4
4,0,4,2000,1,238,3.8967,0.0242,0.4934,0.029,2.4428,1.8218,1,2000,2000,1,0,4
4,0,4,2000,1,239,3.4479,0,0,0.0571,1.8696,1.8042,0,2000,2000,1,0,4
4,0,4,2000,1,240,8.6502,0,0,0.0755,1.9845,1.8955,0,2000,2000,1,0,4
4,0,4,2000,1,241,5.0914,0.0257,0.5234,0.0291,2.8535,2.1743,1,2000,2000,1,0,4
4,0,4,2000,1,242,7.9508,0,0,0.063,2.4077,2.3309,0,2000,2000,1,0,4
4,0,4,2000,1,243,4.3813,0,0,0.0769,2.1094,2.0223,0,2000,2000,1,0,4
4,0,4,2000,1,244,9.2588,0.0217,0.5388,0.0253,2.7066,2.0296,1,2000,2000,1,0,4
4,0,4,2000,1,245,7.0629,0,0,0.123,2.0796,1.9452,0,2000,2000,1,0,4
4,0,4,2000,1,246,8.8661,0.016,0.5835,0.029,2.7298,2.0159,1,2000,2000,1,0,4
4,0,4,2000,1,247,3.6046,0,0,0.0737,1.8916,1.8076,0,2000,2000,1,0,4
4,0,4,2000,1,248,3.5524,0,0,0.0612,1.8249,1.7551,0,2000,2000,1,0,4
4,0,4,2000,1,249,5.1115,0.0187,0.5049,0.029,2.5427,1.9147,1,2000,2000,1,0,4
4,0,4,2000,1,250,7.6371,0,0,0.0665,1.9025,1.8244,0,2000,2000,1,0,4
4,0,4,2000,1,251,4.1753,0,0,0.0743,1.9436,1.8583,0,2000,2000,1,0,4
4,0,4,2000,1,252,4.3967,0.016,0.4812,0.027,2.4333,1.8293,1,2000,2000,1,0,4
4,0,4,2000,1,253,3.9934,0,0,0.058,2.2485,2.177,0,2000,2000,1,0,4
4,0,4,2000,1,254,3.6959,0,0,0.0703,1.8893,1.8073,0,2000,2000,1,0,4
4,0,4,2000,1,255,5.1849,0,0,0.0889,2.0037,1.9039,0,2000,2000,1,0,4
4,0,4,2000,1,256,9.0143,0.02,0.6199,0.029,3.0426,2.2515,1,2000,2000,1,0,4
4,0,4,2000,1,257,7.3061,0,0,0.1129,2.1818,2.0569,0,2000,2000,1,0,4
4,0,4,2000,1,258,4.6733,0.0152,0.5343,0.0282,2.9331,2.2734,1,2000,2000,1,0,4
4,0,4,2000,1,259,4.2183,0,0,0.101,2.0454,1.9294,0,2000,2000,1,0,4
4,0,4,2000,1,260,3.4561,0,0,0.0617,1.8567,1.7864,0,2000,2000,1,0,4
4,0,4,2000,1,261,4.1324,0,0,0.0974,2.0795,1.9713,0,2000,2000,1,0,4
4,0,4,2000,1,262,4.6772,0.0148,0.528,0.0282,2.7009,2.0521,1,2000,2000,1,0,4
4,0,4,2000,1,263,3.6023,0,0,0.076,1.9629,1.8763,0,2000,2000,1,0,4
4,0,4,2000,1,264,3.8185,0,0,0.056,1.9993,1.9328,0,2000,2000,1,0,4
4,0,4,2000,1,265,4.5628,0,0,0.0801,2.067,1.9748,0,2000,2000,1,0,4
4,0,4,2000,1,266,4.3991,0.0143,0.5314,0.0355,2.6433,1.9078,1,2000,2000,1,0,4
4,0,4,2000,1,267,3.3897,0,0,0.0523,1.8352,1.7721,0,2000,2000,1,0,4
4,0,4,2000,1,268,4.4928,0,0,0.0595,1.9828,1.9058,0,2000,2000,1,0,4
4,0,4,2000,1,269,4.2504,0,0,0.0619,1.9277,1.8567,0,2000,2000,1,0,4
4,0,4,2000,1,270,4.8388,0.014,0.5366,0.0282,2.7152,2.0405,1,2000,2000,1,0,4
4,0,4,2000,1,271,7.9622,0,0,0.1569,2.363,2.193,0,2000,2000,1,0,4
4,0,4,2000,1,272,3.9819,0,0,0.0813,1.9309,1.8395,0,2000,2000,1,0,4
4,0,4,2000,1,273,8.5572,0.014,0.4772,0.0265,2.4921,1.8912,1,2000,2000,1,0,4
4,0,4,2000,1,274,8.2468,0,0,0.0767,2.1252,2.0373,0,2000,2000,1,0,4
4,0,4,2000,1,275,8.762,0.0133,0.5724,0.0247,2.6883,1.9913,1,2000,2000,1,0,4
4,0,4,2000,1,276,3.3613,0,0,0.0608,1.9045,1.8341,0,2000,2000,1,0,4
4,0,4,2000,1,277,4.2659,0,0,0.0669,2.0554,1.978,0,2000,2000,1,0,4
4,0,4,2000,1,278,4.686,0.015,0.5032,0.0274,2.6927,2.0619,1,2000,2000,1,0,4
4,0,4,2000,1,279,7.8758,0,0,0.0664,1.8938,1.8169,0,2000,2000,1,0,4
4,0,4,2000,1,280,4.7942,0,0,0.094,2.1561,2.0499,0,2000,2000,1,0,4
4,0,4,2000,1,281,4.4135,0.0257,0.5197,0.0272,2.5848,1.9307,1,2000,2000,1,0,4
4,0,4,2000,1,282,3.6113,0,0,0.0768,1.9028,1.8167,0,2000,2000,1,0,4
4,0,4,2000,1,283,3.527,0,0,0.0452,1.92,1.8639,0,2000,2000,1,0,4
4,0,4,2000,1,284,4.8954,0,0,0.1037,2.3675,2.2526,0,2000,2000,1,0,4
4,0,4,2000,1,285,4.3471,0.0167,0.5626,0.0275,2.5704,1.8555,1,2000,2000,1,0,4
4,0,4,2000,1,286,7.642,0,0,0.0629,2.1159,2.036,0,2000,2000,1,0,4
4,0,4,2000,1,287,4.486,0,0,0.0912,2.0704,1.9677,0,2000,2000,1,0,4
4,0,4,2000,1,288,8.8039,0.0172,0.5326,0.029,2.8089,2.1286,1,2000,2000,1,0,4
4,0,4,2000,1,289,4.1051,0,0,0.0765,1.9532,1.8609,0,2000,2000,1,0,4
4,0,4,2000,1,290,8.5738,0.0114,0.5882,0.0265,2.8191,2.0782,1,2000,2000,1,0,4
4,0,4,2000,1,291,3.8195,0,0,0.0675,1.9344,1.8566,0,2000,2000,1,0,4
4,0,4,2000,1,292,7.5578,0,0,0.0557,1.8543,1.786,0,2000,2000,1,0,4
4,0,4,2000,1,293,5.8567,0.0124,0.5583,0.0279,2.7415,2.0563,1,2000,2000,1,0,4
4,0,4,2000,1,294,3.6346,0,0,0.069,1.8821,1.8038,0,2000,2000,1,0,4
4,0,4,2000,1,295,7.6487,0,0,0.079,2.0504,1.962,0,2000,2000,1,0,4
4,0,4,2000,1,296,4.5497,0.0133,0.5119,0.0273,2.4969,1.8653,1,2000,2000,1,0,4
4,0,4,2000,1,297,7.3773,0,0,0.0699,1.8575,1.7781,0,2000,2000,1,0,4
4,0,4,2000,1,298,4.8505,0,0,0.0911,1.9019,1.7997,0,2000,2000,1,0,4
4,0,4,2000,1,299,8.7061,0.0129,0.6001,0.0281,2.7737,1.946,1,2000,2000,1,0,4
4,0,4,2000,1,300,7.8593,0,0,0.0811,2.039,1.9457,0,2000,2000,1,0,4
4,0,4,2000,1,301,4.3977,0.0139,0.4859,0.0273,2.5721,1.9712,1,2000,2000,1,0,4
4,0,4,2000,1,302,7.7233,0,0,0.0873,2.0282,1.9296,0,2000,2000,1,0,4
4,0,4,2000,1,303,4.6423,0,0,0.1229,2.0907,1.9566,0,2000,2000,1,0,4
4,0,4,2000,1,304,7.0316,0.0187,0.7005,0.0282,3.217,2.3617,1,2000,2000,1,0,4
4,0,4,2000,1,305,5.3801,0,0,0.0974,2.2063,2.0953,0,2000,2000,1,0,4
4,0,4,2000,1,306,9.8907,0.0228,0.7668,0.0272,3.3142,2.3625,1,2000,2000,1,0,4
4,0,4,2000,1,307,6.5398,0,0,0.0673,2.1576,2.0787,0,2000,2000,1,0,4
4,0,4,2000,1,308,10.0055,0.0118,0.5517,0.0349,3.1493,2.4424,1,2000,2000,1,0,4
4,0,4,2000,1,309,6.7505,0,0,0.0873,2.1341,2.032,0,2000,2000,1,0,4
4,0,4,2000,1,310,9.4157,0.0133,0.4507,0.029,2.714,2.129,1,2000,2000,1,0,4
4,0,4,2000,1,311,6.905,0,0,0.0515,1.8279,1.7672,0,2000,2000,1,0,4
4,0,4,2000,1,312,9.0934,0.0107,0.4733,0.0281,2.4578,1.8607,1,2000,2000,1,0,4
4,0,4,2000,1,313,7.6017,0,0,0.0548,2.0196,1.9479,0,2000,2000,1,0,4
4,0,4,2000,1,314,4.7517,0,0,0.3072,2.4376,2.1194,0,2000,2000,1,0,4
4,0,4,2000,1,315,3.9967,0.0144,0.5037,0.0265,2.4844,1.8653,1,2000,2000,1,0,4
4,0,4,2000,1,316,3.4902,0,0,0.0523,1.8933,1.8314,0,2000,2000,1,0,4
4,0,4,2000,1,317,4.7206,0,0,0.0837,1.9645,1.8708,0,2000,2000,1,0,4
4,0,4,2000,1,318,4.6148,0,0,0.1092,2.1575,2.0388,0,2000,2000,1,0,4
4,0,4,2000,1,319,8.1595,0.0142,0.5088,0.0281,2.4871,1.8621,1,2000,2000,1,0,4
4,0,4,2000,1,320,3.7106,0,0,0.0532,1.9763,1.9129,0,2000,2000,1,0,4
4,0,4,2000,1,321,4.4536,0,0,0.1005,2.1181,2.0066,0,2000,2000,1,0,4
4,0,4,2000,1,322,4.3299,0.0203,0.4961,0.0265,2.4567,1.8419,1,2000,2000,1,0,4
4,0,4,2000,1,323,3.6945,0,0,0.0513,2.105,2.0433,0,2000,2000,1,0,4
4,0,4,2000,1,324,4.6926,0,0,0.0583,2.2356,2.1643,0,2000,2000,1,0,4
4,0,4,2000,1,325,9.217,0.0135,0.5614,0.0273,2.8534,2.1486,1,2000,2000,1,0,4
4,0,4,2000,1,326,7.5246,0,0,0.3072,2.3442,2.0222,0,2000,2000,1,0,4
4,0,4,2000,1,327,3.9848,0,0,0.0679,1.977,1.8966,0,2000,2000,1,0,4
4,0,4,2000,1,328,4.1891,0.0161,0.5185,0.0267,2.5606,1.9199,1,2000,2000,1,0,4
4,0,4,2000,1,329,3.5738,0,0,0.0606,1.9033,1.8318,0,2000,2000,1,0,4
4,0,4,2000,1,330,4.0517,0,0,0.0625,1.8929,1.8198,0,2000,2000,1,0,4
4,0,4,2000,1,331,4.7025,0,0,0.0765,2.0653,1.9781,0,2000,2000,1,0,4
4,0,4,2000,1,332,4.468,0.0162,0.5842,0.0282,2.7735,2.0717,1,2000,2000,1,0,4
4,0,4,2000,1,333,3.7941,0,0,0.0579,2.2211,2.1524,0,2000,2000,1,0,4
4,0,4,2000,1,334,3.5791,0,0,0.0543,1.8239,1.7594,0,2000,2000,1,0,4
4,0,4,2000,1,335,4.7339,0,0,0.0747,2.1858,2.0988,0,2000,2000,1,0,4
4,0,4,2000,1,336,4.5011,0.0156,0.5141,0.0268,2.5947,1.9595,1,2000,2000,1,0,4
4,0,4,2000,1,337,3.9862,0,0,0.165,2.4029,2.2254,0,2000,2000,1,0,4
4,0,4,2000,1,338,3.6996,0,0,0.0546,1.8694,1.8024,0,2000,2000,1,0,4
4,0,4,2000,1,339,4.3254,0,0,0.0635,2.0451,1.9715,0,2000,2000,1,0,4
4,0,4,2000,1,340,4.7952,0.0125,0.8287,0.0265,2.8573,1.9188,1,2000,2000,1,160,4
4,0,4,2000,1,341,3.7834,0,0,0.0682,2.0122,1.9347,0,2000,2000,1,0,4
4,0,4,2000,1,342,8.4982,0,0,0.1043,2.1366,2.0211,0,2000,2000,1,0,4
4,0,4,2000,1,343,8.9652,0.0216,0.6327,0.0283,3.1292,2.3187,1,2000,2000,1,0,4
4,0,4,2000,1,344,7.8288,0,0,0.0891,2.1502,2.0503,0,2000,2000,1,0,4
4,0,4,2000,1,345,4.3794,0.0159,0.5116,0.0265,2.6004,1.9735,1,2000,2000,1,0,4
4,0,4,2000,1,346,3.6103,0,0,0.0575,1.8857,1.8194,0,2000,2000,1,0,4
4,0,4,2000,1,347,3.8652,0,0,0.052,1.9434,1.8821,0,2000,2000,1,0,4
4,0,4,2000,1,348,4.4791,0,0,0.0685,1.9805,1.9014,0,2000,2000,1,0,4
4,0,4,2000,1,349,5.1882,0.0154,1.1374,0.0288,3.3183,2.055,1,2000,2000,1,320,4
4,0,4,2000,1,350,3.7085,0,0,0.0689,1.9893,1.9113,0,2000,2000,1,0,4
4,0,4,2000,1,351,4.403,0,0,0.0753,1.9562,1.8709,0,2000,2000,1,0,4
4,0,4,2000,1,352,3.4165,0,0,0.0532,1.8766,1.8091,0,2000,2000,1,0,4
4,0,4,2000,1,353,9.0291,0.0164,0.929,0.0265,3.018,1.9624,1,2000,2000,1,0,4
4,0,4,2000,1,354,7.7097,0,0,0.0988,2.191,2.0824,0,2000,2000,1,0,4
4,0,4,2000,1,355,4.6265,0.0129,0.6409,0.025,2.6824,1.9288,1,2000,2000,1,0,4
4,0,4,2000,1,356,3.6755,0,0,0.06,2.0326,1.963,0,2000,2000,1,0,4
4,0,4,2000,1,357,3.8382,0,0,0.0547,1.9216,1.8575,0,2000,2000,1,0,4
4,0,4,2000,1,358,4.5637,0,0,0.0823,2.0786,1.9866,0,2000,2000,1,0,4
4,0,4,2000,1,359,8.7346,0.0127,0.72,0.0275,2.9288,2.0671,1,2000,2000,1,0,4
4,0,4,2000,1,360,3.7009,0,0,0.0582,1.9944,1.9273,0,2000,2000,1,0,4
4,0,4,2000,1,361,4.0527,0,0,0.0587,2.187,2.1039,0,2000,2000,1,0,4
4,0,4,2000,1,362,6.1009,0.0139,0.9042,0.0316,4.0536,2.997,1,2000,2000,1,160,4
4,0,4,2000,1,363,6.1057,0,0,0.2215,2.9411,2.7056,0,2000,2000,1,0,4
4,0,4,2000,1,364,5.1098,0,0,0.1904,2.3902,2.1845,0,2000,2000,1,0,4
4,0,4,2000,1,365,8.7879,0.0248,0.9299,0.0387,3.3127,2.2189,1,2000,2000,1,160,4
4,0,4,2000,1,366,5.7297,0,0,0.0995,2.4877,2.3722,0,2000,2000,1,0,4
4,0,4,2000,1,367,5.2892,0.0204,0.7297,0.0353,3.1742,2.2908,1,2000,2000,1,0,4
4,0,4,2000,1,368,3.9974,0,0,0.0728,2.1716,2.0829,0,2000,2000,1,0,4
4,0,4,2000,1,369,4.1138,0,0,0.0614,2.2898,2.217,0,2000,2000,1,0,4
4,0,4,2000,1,370,4.9128,0,0,0.0804,2.5088,2.4156,0,2000,2000,1,0,4
4,0,4,2000,1,371,5.6849,0.0273,0.9454,0.0314,3.5449,2.4439,1,2000,2000,1,0,4
4,0,4,2000,1,372,4.634,0,0,0.0725,2.0857,2.002,0,2000,2000,1,0,4
4,0,4,2000,1,373,4.5804,0,0,0.0905,2.0383,1.9333,0,2000,2000,1,0,4
4,0,4,2000,1,374,5.5032,0.0183,1.4144,0.0277,3.8815,2.321,1,2000,2000,1,320,4
4,0,4,2000,1,375,4.0984,0,0,0.0895,2.1316,2.0272,0,2000,2000,1,0,4
4,0,4,2000,1,376,3.9168,0,0,0.0725,2.1721,2.088,0,2000,2000,1,0,4
4,0,4,2000,1,377,4.0168,0,0,0.0588,2.1162,2.0468,0,2000,2000,1,0,4
4,0,4,2000,1,378,4.6099,0.0156,0.9128,0.0264,3.0732,2.0571,1,2000,2000,1,160,4
4,0,4,2000,1,379,3.4359,0,0,0.047,1.8768,1.82,0,2000,2000,1,0,4
4,0,4,2000,1,380,3.5818,0,0,0.044,1.972,1.9185,0,2000,2000,1,0,4
4,0,4,2000,1,381,4.1169,0,0,0.0662,2.1118,2.0349,0,2000,2000,1,0,4
4,0,4,2000,1,382,4.5135,0.0172,0.6913,0.0306,2.8499,2.0449,1,2000,2000,1,0,4
4,0,4,2000,1,383,3.6167,0,0,0.0539,1.9228,1.8622,0,2000,2000,1,0,4
4,0,4,2000,1,384,5.5169,0,0,0.0467,1.8489,1.7922,0,2000,2000,1,0,4
4,0,4,2000,1,385,11.0815,0.0174,1.3019,0.0282,3.4966,2.0696,1,2000,2000,1,320,4
4,0,4,2000,1,386,5.1698,0,0,0.0989,2.4028,2.2884,0,2000,2000,1,0,4
4,0,4,2000,1,387,4.378,0,0,0.0668,2.2125,2.1334,0,2000,2000,1,0,4
4,0,4,2000,1,388,4.8795,0.0156,1.0483,0.028,3.3238,2.1697,1,2000,2000,1,160,4
4,0,4,2000,1,389,4.0314,0,0,0.0512,1.8809,1.821,0,2000,2000,1,0,4
4,0,4,2000,1,390,4.9706,0,0,0.1777,2.7064,2.5168,0,2000,2000,1,0,4
4,0,4,2000,1,391,8.9448,0.0137,0.7812,0.0245,3.1584,2.2199,1,2000,2000,1,0,4
4,0,4,2000,1,392,3.8081,0,0,0.0804,2.0231,1.9332,0,2000,2000,1,0,4
4,0,4,2000,1,393,3.373,0,0,0.0549,2.0022,1.9353,0,2000,2000,1,0,4
4,0,4,2000,1,394,4.0238,0,0,0.0555,2.1149,2.0488,0,2000,2000,1,0,4
4,0,4,2000,1,395,4.7892,0.0162,0.5876,0.0255,2.9995,2.2996,1,2000,2000,1,0,4
4,0,4,2000,1,396,3.7888,0,0,0.0698,1.9991,1.9195,0,2000,2000,1,0,4
4,0,4,2000,1,397,4.6828,0,0,0.0975,2.5136,2.4047,0,2000,2000,1,0,4
4,0,4,2000,1,398,4.2861,0,0,0.0827,2.3513,2.2595,0,2000,2000,1,0,4
4,0,4,2000,1,399,5.486,0.0133,1.2294,0.0273,3.4481,2.096,1,2000,2000,1,320,4
4,0,4,2000,1,400,3.8838,0,0,0.1084,1.9647,1.8474,0,2000,2000,1,0,4
4,0,4,2000,1,401,7.0806,0,0,0.0927,2.2939,2.1915,0,2000,2000,1,0,4
4,0,4,2000,1,402,9.2827,0.0145,1.3265,0.0281,3.6491,2.1986,1,2000,2000,1,144,4
4,0,4,2000,1,403,6.8855,0,0,0.1216,2.2332,2.1018,0,2000,2000,1,0,4
4,0,4,2000,1,404,4.9093,0.0151,0.9739,0.0273,3.1083,2.0187,1,2000,2000,1,144,4
4,0,4,2000,1,405,7.0707,0,0,0.0529,1.9741,1.9111,0,2000,2000,1,0,4
4,0,4,2000,1,406,11.0797,0.0156,1.4738,0.0272,4.1808,2.5672,1,2000,2000,1,368,4
4,0,4,2000,1,407,4.532,0,0,0.0782,2.1878,2.0969,0,2000,2000,1,0,4
4,0,4,2000,1,408,6.2806,0,0,0.0702,2.3448,2.2619,0,2000,2000,1,0,4
4,0,4,2000,1,409,5.513,0.0159,1.5817,0.0274,3.8233,2.1163,1,2000,2000,1,213,4
4,0,4,2000,1,410,3.7768,0,0,0.0751,2.016,1.9324,0,2000,2000,1,0,4
4,0,4,2000,1,411,4.0658,0,0,0.1013,2.3104,2.1977,0,2000,2000,1,0,4
4,0,4,2000,1,412,5.1188,0.0164,1.2687,0.0264,3.599,2.213,1,2000,2000,1,81,4
4,0,4,2000,1,413,3.6795,0,0,0.0713,2.0325,1.9517,0,2000,2000,1,0,4
4,0,4,2000,1,414,3.722,0,0,0.0649,2.0236,1.9484,0,2000,2000,1,0,4
4,0,4,2000,1,415,3.9793,0,0,0.0884,2.1329,2.0345,0,2000,2000,1,0,4
4,0,4,2000,1,416,5.483,0.0153,1.6122,0.0264,3.932,2.2008,1,2000,2000,1,74,4
4,0,4,2000,1,417,3.7935,0,0,0.0752,1.9995,1.9159,0,2000,2000,1,0,4
4,0,4,2000,1,418,6.3754,0,0,0.0779,2.2743,2.1843,0,2000,2000,1,0,4
4,0,4,2000,1,419,11.2882,0.013,2.9643,0.027,5.3073,2.2208,1,2000,2000,1,668,4
4,0,4,2000,1,420,3.9503,0,0,0.0742,2.1221,2.0354,0,2000,2000,1,0,4
4,0,4,2000,1,421,3.7545,0,0,0.0528,1.9905,1.9264,0,2000,2000,1,0,4
4,0,4,2000,1,422,5.995,0.0143,2.1989,0.0309,4.4088,2.0865,1,2000,2000,1,338,4
4,0,4,2000,1,423,3.9444,0,0,0.0624,2.094,2.0234,0,2000,2000,1,0,4
4,0,4,2000,1,424,3.4515,0,0,0.0477,2.0356,1.978,0,2000,2000,1,0,4
4,0,4,2000,1,425,3.9011,0,0,0.0482,2.198,2.1378,0,2000,2000,1,0,4
4,0,4,2000,1,426,6.1809,0.0135,2.2694,0.029,4.6541,2.2554,1,2000,2000,1,132,4
4,0,4,2000,1,427,4.1242,0,0,0.0713,2.0346,1.9541,0,2000,2000,1,0,4
4,0,4,2000,1,428,3.9505,0,0,0.0866,2.2542,2.1585,0,2000,2000,1,0,4
4,0,4,2000,1,429,3.4413,0,0,0.0624,1.9697,1.8978,0,2000,2000,1,0,4
4,0,4,2000,1,430,6.8134,0.0515,2.3509,0.0291,4.8533,2.334,1,2000,2000,1,614,4
4,0,4,2000,1,431,3.9259,0,0,0.072,2.0818,1.9987,0,2000,2000,1,0,4
4,0,4,2000,1,432,3.9906,0,0,0.0617,2.2308,2.1586,0,2000,2000,1,0,4
4,0,4,2000,1,433,5.995,0.0133,2.1302,0.0253,4.5025,2.2548,1,2000,2000,1,309,4
4,0,4,2000,1,434,3.9629,0,0,0.0815,2.2144,2.12,0,2000,2000,1,0,4
4,0,4,2000,1,435,4.1781,0,0,0.0493,2.6493,2.5824,0,2000,2000,1,0,4
4,0,4,2000,1,436,8.3757,0,0,0.1721,4.5229,4.3277,0,2000,2000,1,0,4
4,0,4,2000,1,437,8.3564,0.5644,2.3062,0.0345,5.5047,2.4715,1,2000,2000,1,168,4
4,0,4,2000,1,438,4.6448,0,0,0.0766,2.4504,2.3573,0,2000,2000,1,0,4
4,0,4,2000,1,439,8.3083,0.0154,2.9775,0.0409,6.1647,3.0359,1,2000,2000,1,720,4
4,0,4,2000,1,440,4.6056,0,0,0.0699,2.6248,2.5447,0,2000,2000,1,0,4
4,0,4,2000,1,441,7.7961,0.0183,2.7255,0.0345,5.2742,2.4136,1,2000,2000,1,331,4
4,0,4,2000,1,442,4.0476,0,0,0.0585,2.3256,2.2568,0,2000,2000,1,0,4
4,0,4,2000,1,443,4.0428,0,0,0.0579,2.0789,2.0103,0,2000,2000,1,0,4
4,0,4,2000,1,444,10.817,0.0186,2.2583,0.0267,4.503,2.1145,1,2000,2000,1,299,4
4,0,4,2000,1,445,6.2889,0,0,0.1306,2.6433,2.5019,0,2000,2000,1,0,4
4,0,4,2000,1,446,11.7638,0.0106,3.0052,0.0262,5.4342,2.305,1,2000,2000,1,830,4
4,0,4,2000,1,447,3.8069,0,0,0.0698,2.0844,2.005,0,2000,2000,1,0,4
4,0,4,2000,1,448,3.8562,0,0,0.0527,2.0894,2.0257,0,2000,2000,1,0,4
4,0,4,2000,1,449,6.9921,0.0162,2.4792,0.0322,5.3198,2.6552,1,2000,2000,1,309,4
4,0,4,2000,1,450,3.8899,0,0,0.0831,2.2202,2.1269,0,2000,2000,1,0,4
4,0,4,2000,1,451,4.6726,0,0,0.0793,2.4297,2.3366,0,2000,2000,1,0,4
4,0,4,2000,1,452,6.0332,0.0158,2.0413,0.029,4.3475,2.1828,1,2000,2000,1,271,4
4,0,4,2000,1,453,3.8647,0,0,0.0527,2.0721,2.0107,0,2000,2000,1,0,4
4,0,4,2000,1,454,3.9776,0,0,0.0411,2.4661,2.4132,0,2000,2000,1,0,4
4,0,4,2000,1,455,4.0026,0,0,0.0578,2.0003,1.9339,0,2000,2000,1,0,4
4,0,4,2000,1,456,6.86,0.0131,2.1096,0.0292,4.3211,2.0927,1,2000,2000,1,350,4
4,0,4,2000,1,457,4.0462,0,0,0.0854,2.2151,2.1195,0,2000,2000,1,0,4
4,0,4,2000,1,458,4.0802,0,0,0.0725,2.1228,2.0418,0,2000,2000,1,0,4
4,0,4,2000,1,459,8.2697,0.0123,1.7664,0.0273,3.9807,2.1075,1,2000,2000,1,155,4
4,0,4,2000,1,460,4.0599,0,0,0.0896,2.2016,2.1034,0,2000,2000,1,0,4
4,0,4,2000,1,461,6.7666,0,0,0.0631,2.1731,2.1002,0,2000,2000,1,0,4
4,0,4,2000,1,462,10.5742,0.0146,1.9628,0.0294,4.4121,2.3157,1,2000,2000,1,113,4
4,0,4,2000,1,463,6.5487,0,0,0.0668,2.2027,2.1212,0,2000,2000,1,0,4
4,0,4,2000,1,464,5.4102,0.0165,1.4108,0.0273,3.5996,2.0696,1,2000,2000,1,121,4
4,0,4,2000,1,465,4.2121,0,0,0.0963,2.1268,2.0204,0,2000,2000,1,0,4
4,0,4,2000,1,466,4.0222,0,0,0.0796,2.2032,2.114,0,2000,2000,1,0,4
4,0,4,2000,1,467,5.2928,0.0138,1.5182,0.0283,3.7153,2.0767,1,2000,2000,1,212,4
4,0,4,2000,1,468,3.6826,0,0,0.0572,2.1226,2.055,0,2000,2000,1,0,4
4,0,4,2000,1,469,3.9248,0,0,0.0822,2.0935,2.0028,0,2000,2000,1,0,4
4,0,4,2000,1,470,6.4637,0,0,0.0596,2.3214,2.2516,0,2000,2000,1,0,4
4,0,4,2000,1,471,9.5096,0.0157,1.4279,0.0256,3.6791,2.1307,1,2000,2000,1,73,4
4,0,4,2000,1,472,3.9231,0,0,0.0761,2.0868,2.0017,0,2000,2000,1,0,4
4,0,4,2000,1,473,3.7141,0,0,0.0609,2.1442,2.0736,0,2000,2000,1,0,4
4,0,4,2000,1,474,9.2422,0.0145,1.2897,0.028,3.7263,2.3123,1,2000,2000,1,81,4
4,0,4,2000,1,475,4.3446,0,0,0.0834,2.2548,2.1591,0,2000,2000,1,0,4
4,0,4,2000,1,476,8.4398,0.0167,1.5764,0.0281,4.1392,2.3959,1,2000,2000,1,79,4
4,0,4,2000,1,477,3.8686,0,0,0.0662,2.1101,2.0349,0,2000,2000,1,0,4
4,0,4,2000,1,478,3.7751,0,0,0.1364,2.1567,2.012,0,2000,2000,1,0,4
4,0,4,2000,1,479,5.5594,0.0168,1.2201,0.0284,3.8808,2.5395,1,2000,2000,1,90,4
4,0,4,2000,1,480,4.0167,0,0,0.0711,2.123,2.0426,0,2000,2000,1,0,4
4,0,4,2000,1,481,5.653,0,0,0.0403,2.1193,2.0675,0,2000,2000,1,0,4
4,0,4,2000,1,482,10.4017,0.0089,1.4931,0.028,3.8043,2.2037,1,2000,2000,1,78,4
4,0,4,2000,1,483,3.8318,0,0,0.0668,2.0949,2.02,0,2000,2000,1,0,4
4,0,4,2000,1,484,3.8708,0,0,0.0709,2.0774,1.9973,0,2000,2000,1,0,4
4,0,4,2000,1,485,4.288,0,0,0.0668,2.6067,2.5282,0,2000,2000,1,0,4
4,0,4,2000,1,486,5.8075,0.0198,1.384,0.0284,3.9642,2.4435,1,2000,2000,1,79,4
4,0,4,2000,1,487,3.9594,0,0,0.0791,2.2222,2.1302,0,2000,2000,1,0,4
4,0,4,2000,1,488,4.2914,0,0,0.0578,2.4734,2.4025,0,2000,2000,1,0,4
4,0,4,2000,1,489,5.5999,0.0288,1.3628,0.0273,3.8101,2.3184,1,2000,2000,1,83,4
4,0,4,2000,1,490,4.612,0,0,0.0824,2.6073,2.5017,0,2000,2000,1,0,4
4,0,4,2000,1,491,3.709,0,0,0.0548,2.0906,2.0281,0,2000,2000,1,0,4
4,0,4,2000,1,492,4.736,0,0,0.1167,2.7548,2.6122,0,2000,2000,1,0,4
4,0,4,2000,1,493,9.6996,0.0239,1.2053,0.029,3.7807,2.4306,1,2000,2000,1,66,4
4,0,4,2000,1,494,6.8616,0,0,0.0911,2.3875,2.2806,0,2000,2000,1,0,4
4,0,4,2000,1,495,9.5404,0.0128,1.6611,0.0259,4.013,2.2394,1,2000,2000,1,76,4
4,0,4,2000,1,496,6.5128,0,0,0.0628,2.1136,2.0365,0,2000,2000,1,0,4
4,0,4,2000,1,497,9.5895,0.0169,1.1025,0.0265,3.3745,2.149,1,2000,2000,1,90,4
4,0,4,2000,1,498,4.6278,0,0,0.1193,2.2143,2.0842,0,2000,2000,1,0,4
4,0,4,2000,1,499,5.0404,0.0144,1.2787,0.0289,3.6097,2.2074,1,2000,2000,1,62,4
4,0,4,2000,1,500,3.774,0,0,0.0661,2.1419,2.0668,0,2000,2000,1,0,4
4,0,4,2000,1,501,3.6302,0,0,0.076,2.0492,1.9643,0,2000,2000,1,0,4
4,0,4,2000,1,502,4.2856,0,0,0.0943,2.2648,2.161,0,2000,2000,1,0,4
4,0,4,2000,1,503,7.6342,0.0135,1.0941,0.0261,3.3103,2.102,1,2000,2000,1,67,4
4,0,4,2000,1,504,3.8508,0,0,0.0665,2.09,2.0154,0,2000,2000,1,0,4
4,0,4,2000,1,505,4.202,0,0,0.0844,2.3004,2.2066,0,2000,2000,1,0,4
4,0,4,2000,1,506,4.2623,0,0,0.0685,2.1453,2.0656,0,2000,2000,1,0,4
4,0,4,2000,1,507,5.3471,0.0161,1.2267,0.0292,3.4649,2.1139,1,2000,2000,1,64,4
4,0,4,2000,1,508,4.1762,0,0,0.0677,2.457,2.3778,0,2000,2000,1,0,4
4,0,4,2000,1,509,6.5331,0,0,0.0674,2.2389,2.1611,0,2000,2000,1,0,4
4,0,4,2000,1,510,4.9532,0.0153,1.1732,0.0265,3.3816,2.0904,1,2000,2000,1,53,4
4,0,4,2000,1,511,4.0406,0,0,0.0692,2.3065,2.2262,0,2000,2000,1,0,4
4,0,4,2000,1,512,3.8617,0,0,0.082,2.2234,2.1313,0,2000,2000,1,0,4
4,0,4,2000,1,513,4.362,0,0,0.0941,2.3415,2.2341,0,2000,2000,1,0,4
4,0,4,2000,1,514,8.8637,0.0162,1.2637,0.0273,3.5849,2.195,1,2000,2000,1,67,4
4,0,4,2000,1,515,7.1528,0,0,0.0714,2.2646,2.1834,0,2000,2000,1,0,4
4,0,4,2000,1,516,4.8575,0.0165,1.0357,0.0273,3.2635,2.1125,1,2000,2000,1,38,4
4,0,4,2000,1,517,4.0148,0,0,0.0861,2.2446,2.1495,0,2000,2000,1,0,4
4,0,4,2000,1,518,3.7108,0,0,0.0607,2.0488,1.9789,0,2000,2000,1,0,4
4,0,4,2000,1,519,3.6568,0,0,0.0505,2.0393,1.9791,0,2000,2000,1,0,4
4,0,4,2000,1,520,5.3981,0.0188,1.1018,0.0265,3.3084,2.0904,1,2000,2000,1,51,4
4,0,4,2000,1,521,3.932,0,0,0.0713,2.1428,2.0558,0,2000,2000,1,0,4
4,0,4,2000,1,522,3.759,0,0,0.058,2.1929,2.1229,0,2000,2000,1,0,4
4,0,4,2000,1,523,3.5212,0,0,0.0485,2.0125,1.9541,0,2000,2000,1,0,4
4,0,4,2000,1,524,5.8918,0.0149,1.1896,0.0261,3.5968,2.2853,1,2000,2000,1,59,4
4,0,4,2000,1,525,6.9643,0,0,0.0661,2.1287,2.0536,0,2000,2000,1,0,4
4,0,4,2000,1,526,9.7408,0.0093,1.1817,0.0273,3.506,2.2067,1,2000,2000,1,40,4
4,0,4,2000,1,527,6.9534,0,0,0.0746,2.1933,2.1084,0,2000,2000,1,0,4
4,0,4,2000,1,528,10.0298,0.0147,1.0912,0.0293,3.4255,2.212,1,2000,2000,1,33,4
4,0,4,2000,1,529,6.562,0,0,0.0513,2.1144,2.0526,0,2000,2000,1,0,4
4,0,4,2000,1,530,4.4376,0,0,0.0758,2.2565,2.1701,0,2000,2000,1,0,4
4,0,4,2000,1,531,5.2712,0.0163,1.2085,0.0272,3.5224,2.1856,1,2000,2000,1,43,4
4,0,4,2000,1,532,3.8575,0,0,0.0914,2.1311,2.0305,0,2000,2000,1,0,4
4,0,4,2000,1,533,3.8059,0,0,0.1036,2.2214,2.1084,0,2000,2000,1,0,4
4,0,4,2000,1,534,4.1041,0,0,0.0631,2.3259,2.2514,0,2000,2000,1,0,4
4,0,4,2000,1,535,4.8971,0.0193,1.0697,0.0283,3.4298,2.2394,1,2000,2000,1,45,4
4,0,4,2000,1,536,3.8111,0,0,0.0717,2.1327,2.0525,0,2000,2000,1,0,4
4,0,4,2000,1,537,3.9135,0,0,0.0709,2.1175,2.0348,0,2000,2000,1,0,4
4,0,4,2000,1,538,5.9592,0.0099,1.2089,0.0273,3.5157,2.1903,1,2000,2000,1,23,4
4,0,4,2000,1,539,3.7545,0,0,0.0911,2.1544,2.0546,0,2000,2000,1,0,4
4,0,4,2000,1,540,6.0749,0,0,0.0527,2.1717,2.1094,0,2000,2000,1,0,4
4,0,4,2000,1,541,9.8733,0.011,1.1165,0.0264,3.4041,2.1703,1,2000,2000,1,34,4
4,0,4,2000,1,542,3.9377,0,0,0.0885,2.1693,2.071,0,2000,2000,1,0,4
4,0,4,2000,1,543,4.0674,0,0,0.0873,2.2773,2.1794,0,2000,2000,1,0,4
4,0,4,2000,1,544,3.5609,0,0,0.0653,2.0697,1.994,0,2000,2000,1,0,4
4,0,4,2000,1,545,5.2317,0.0154,1.3637,0.0279,3.7946,2.2875,1,2000,2000,1,25,4
4,0,4,2000,1,546,3.7319,0,0,0.0648,2.0787,2.0059,0,2000,2000,1,0,4
4,0,4,2000,1,547,3.9218,0,0,0.1668,2.3533,2.177,0,2000,2000,1,0,4
4,0,4,2000,1,548,4.0632,0,0,0.074,2.3301,2.245,0,2000,2000,1,0,4
4,0,4,2000,1,549,5.3163,0.0263,1.1333,0.0262,3.5025,2.2351,1,2000,2000,1,29,4
4,0,4,2000,1,550,4.1157,0,0,0.072,2.2558,2.1712,0,2000,2000,1,0,4
5,1,4,2000,1,151,8.3233,0.0228,0.0963,0.026,2.4594,2.2607,1,2000,2000,1,0,4
5,1,4,2000,1,152,8.5577,0.0488,0.21,0.0707,2.3067,2.2299,0,2000,2000,1,0,4
5,1,4,2000,1,153,8.7423,0.0406,0.1374,0.0265,2.413,2.1554,1,2000,2000,1,0,4
5,1,4,2000,1,154,7.6568,0.0586,0.1137,0.0423,2.0641,2.0166,0,2000,2000,1,0,4
5,1,4,2000,1,155,8.1245,0.0217,0.1581,0.0266,2.2344,1.973,1,2000,2000,1,1,4
5,1,4,2000,1,156,8.9223,0.1707,0.0068,0.0511,2.17,2.113,0,2000,2000,1,0,4
5,1,4,2000,1,157,8.2602,0.0122,0.1678,0.026,2.1536,1.8963,1,2000,2000,1,0,4
5,1,4,2000,1,158,8.0306,0.0525,0.0463,0.0545,2.2192,2.1594,0,2000,2000,1,0,4
5,1,4,2000,1,159,8.2148,0.0222,0.1516,0.0261,2.2711,2.0197,1,2000,2000,1,0,4
5,1,4,2000,1,160,8.3963,0.0454,0.0889,0.0649,2.0755,2.0051,0,2000,2000,1,0,4
5,1,4,2000,1,161,9.0512,0.0975,0.0976,0.0246,2.8028,2.5279,1,2000,2000,1,0,4
5,1,4,2000,1,162,8.1034,0.0727,0.1303,0.0562,2.1643,2.1002,0,2000,2000,1,0,4
5,1,4,2000,1,163,7.9771,0.0281,0.1249,0.0262,2.3807,2.143,1,2000,2000,1,0,4
5,1,4,2000,1,164,3.5806,0.0508,0.035,0.0514,1.9065,1.8485,0,2000,2000,1,0,4
5,1,4,2000,1,165,4.4664,0.0508,0.035,0.0559,2.1899,2.1284,0,2000,2000,1,0,4
5,1,4,2000,1,166,4.3332,0.0207,0.1819,0.0267,2.3144,2.0278,1,2000,2000,1,1,4
5,1,4,2000,1,167,3.7348,0.0207,0.1819,0.0696,2.0774,2.002,0,2000,2000,1,0,4
5,1,4,2000,1,168,4.8137,0.0518,0.1022,0.0535,2.1051,2.0456,0,2000,2000,1,0,4
5,1,4,2000,1,169,4.2415,0.0518,0.1022,0.071,2.2321,2.1556,0,2000,2000,1,0,4
5,1,4,2000,1,170,7.9021,0.015,0.1214,0.0262,2.2612,2.0362,1,2000,2000,1,0,4
5,1,4,2000,1,171,4.7055,0.0553,0.1082,0.0493,2.3255,2.2694,0,2000,2000,1,0,4
5,1,4,2000,1,172,3.6262,0.0553,0.1082,0.051,1.843,1.787,0,2000,2000,1,0,4
5,1,4,2000,1,173,8.3557,0.0165,0.1364,0.0255,2.2815,2.0536,1,2000,2000,1,0,4
5,1,4,2000,1,174,8.7863,0.062,0.2212,0.0748,2.0586,1.9767,0,2000,2000,1,0,4
5,1,4,2000,1,175,7.7625,0.0143,0.1399,0.0263,2.1662,1.9302,1,2000,2000,1,0,4
5,1,4,2000,1,176,5.2536,0.1064,0.1205,0.087,2.4613,2.3657,0,2000,2000,1,0,4
5,1,4,2000,1,177,4.0255,0.0211,0.099,0.0264,2.1402,1.9298,1,2000,2000,1,0,4
5,1,4,2000,1,178,7.6318,0.0211,0.099,0.0524,2.1179,2.0598,0,2000,2000,1,0,4
5,1,4,2000,1,179,4.2368,0.0383,0.068,0.0652,2.1182,2.0475,0,2000,2000,1,0,4
5,1,4,2000,1,180,7.9837,0.0141,0.1095,0.0255,2.2343,2.0305,1,2000,2000,1,0,4
5,1,4,2000,1,181,8.727,0.0342,0.0868,0.0563,2.0783,2.0145,0,2000,2000,1,0,4
5,1,4,2000,1,182,8.2199,0.0129,0.1284,0.0269,2.4886,2.2498,1,2000,2000,1,0,4
5,1,4,2000,1,183,8.8269,0.0399,0.1735,0.0438,2.0582,2.0082,0,2000,2000,1,0,4
5,1,4,2000,1,184,3.9559,0.0399,0.1735,0.0537,1.9267,1.8679,0,2000,2000,1,0,4
5,1,4,2000,1,185,4.2273,0.0137,0.1223,0.0255,2.6753,2.4537,1,2000,2000,1,0,4
5,1,4,2000,1,186,4.2149,0.0137,0.1223,0.0528,1.9132,1.8548,0,2000,2000,1,0,4
5,1,4,2000,1,187,8.0065,0.0522,0.0857,0.0415,2.1817,2.1353,0,2000,2000,1,0,4
5,1,4,2000,1,188,8.7016,0.0288,0.1138,0.0253,2.3573,2.1382,1,2000,2000,1,0,4
5,1,4,2000,1,189,7.8432,0.0517,0.0376,0.0604,2.1213,2.0551,0,2000,2000,1,0,4
5,1,4,2000,1,190,8.3385,0.0184,0.1285,0.028,2.3896,2.156,1,2000,2000,1,0,4
5,1,4,2000,1,191,9.0505,0.0521,0.0907,0.0532,2.3705,2.3102,0,2000,2000,1,0,4
5,1,4,2000,1,192,7.7391,0.0148,0.1266,0.0246,2.4227,2.1982,1,2000,2000,1,0,4
5,1,4,2000,1,193,4.2057,0.0474,0.1318,0.0596,2.3034,2.2373,0,2000,2000,1,0,4
5,1,4,2000,1,194,3.7394,0.0474,0.1318,0.0618,2.0638,1.9957,0,2000,2000,1,0,4
5,1,4,2000,1,195,4.3831,0.0134,0.2392,0.026,2.3332,1.9966,1,2000,2000,1,0,4
5,1,4,2000,1,196,3.687,0.0134,0.2392,0.0797,1.9266,1.8395,0,2000,2000,1,0,4
5,1,4,2000,1,197,4.7469,0.0508,0.1161,0.0511,1.9027,1.8463,0,2000,2000,1,0,4
5,1,4,2000,1,198,8.1898,0.0153,0.1318,0.0275,2.136,1.9029,1,2000,2000,1,0,4
5,1,4,2000,1,199,3.9877,0.0153,0.1318,0.0533,2.2293,2.17,0,2000,2000,1,0,4
5,1,4,2000,1,200,4.4138,0.047,0.1141,0.048,1.9063,1.8519,0,2000,2000,1,0,4
5,1,4,2000,1,201,4.4875,0.047,0.1141,0.0759,2.4854,2.4029,0,2000,2000,1,0,4
5,1,4,2000,1,202,8.3994,0.0154,0.1455,0.0265,2.5334,2.291,1,2000,2000,1,0,4
5,1,4,2000,1,203,3.9307,0.0482,0.0827,0.0596,2.0404,1.9741,0,2000,2000,1,0,4
5,1,4,2000,1,204,3.7342,0.0482,0.0827,0.0549,1.923,1.8605,0,2000,2000,1,0,4
5,1,4,2000,1,205,4.253,0.0172,0.1061,0.0265,2.2782,2.0667,1,2000,2000,1,0,4
5,1,4,2000,1,206,4.3086,0.0172,0.1061,0.0479,2.114,2.061,0,2000,2000,1,0,4
5,1,4,2000,1,207,8.5593,0.0358,0.0858,0.044,2.0238,1.9744,0,2000,2000,1,0,4
5,1,4,2000,1,208,8.4229,0.0162,0.1658,0.029,2.4137,2.1437,1,2000,2000,1,0,4
5,1,4,2000,1,209,7.5583,0.0352,0.055,0.0528,1.821,1.7615,0,2000,2000,1,0,4
5,1,4,2000,1,210,8.8929,0.0212,0.1225,0.0262,2.2484,2.0178,1,2000,2000,1,0,4
5,1,4,2000,1,211,8.8552,0.0474,0.0578,0.0554,2.1889,2.1268,0,2000,2000,1,0,4
5,1,4,2000,1,212,7.8944,0.026,0.1262,0.0269,2.2333,2.0043,1,2000,2000,1,0,4
5,1,4,2000,1,213,9.0844,0.0534,0.1193,0.0478,2.2922,2.2332,0,2000,2000,1,0,4
5,1,4,2000,1,214,8.646,0.0182,0.098,0.0273,3.1818,2.9784,1,2000,2000,1,0,4
5,1,4,2000,1,215,7.029,0.0485,0.0469,0.0718,2.1684,2.0907,0,2000,2000,1,0,4
5,1,4,2000,1,216,8.8943,0.0145,0.128,0.029,2.3325,2.1033,1,2000,2000,1,0,4
5,1,4,2000,1,217,7.832,0.0512,0.101,0.0493,1.9181,1.863,0,2000,2000,1,0,4
5,1,4,2000,1,218,4.7018,0.017,0.1293,0.0257,2.1305,1.905,1,2000,2000,1,0,4
5,1,4,2000,1,219,3.5414,0.017,0.1293,0.0484,1.9019,1.8483,0,2000,2000,1,0,4
5,1,4,2000,1,220,4.4689,0.043,0.2905,0.0594,2.1537,2.0875,0,2000,2000,1,0,4
5,1,4,2000,1,221,8.2597,0.0163,0.1103,0.0272,2.4064,2.1944,1,2000,2000,1,0,4
5,1,4,2000,1,222,3.917,0.0163,0.1103,0.0683,2.1063,2.0322,0,2000,2000,1,0,4
5,1,4,2000,1,223,4.8781,0.0545,0.5401,0.055,2.1359,2.0752,0,2000,2000,1,0,4
5,1,4,2000,1,224,7.9924,0.0254,0.2623,0.0264,2.4199,2.0446,1,2000,2000,1,0,4
5,1,4,2000,1,225,3.7649,0.0254,0.2623,0.0536,1.9161,1.8581,0,2000,2000,1,0,4
5,1,4,2000,1,226,8.6756,0.0525,0.1231,0.0499,2.0176,1.961,0,2000,2000,1,0,4
5,1,4,2000,1,227,4.5739,0.0132,0.1676,0.0273,2.368,2.0981,1,2000,2000,1,0,4
5,1,4,2000,1,228,7.5893,0.0657,0.005,0.0641,2.1211,2.0507,0,2000,2000,1,0,4
5,1,4,2000,1,229,3.832,0.0657,0.005,0.0615,2.0566,1.9881,0,2000,2000,1,0,4
5,1,4,2000,1,230,4.8374,0.022,0.1306,0.0274,2.3284,2.0801,1,2000,2000,1,0,4
5,1,4,2000,1,231,8.0337,0.0551,0.1233,0.0738,2.1429,2.0629,0,2000,2000,1,0,4
5,1,4,2000,1,232,3.7526,0.0551,0.1233,0.0514,1.966,1.9084,0,2000,2000,1,0,4
5,1,4,2000,1,233,4.472,0.0149,0.1333,0.0253,2.309,2.0793,1,2000,2000,1,0,4
5,1,4,2000,1,234,3.94,0.0149,0.1333,0.0672,1.941,1.8674,0,2000,2000,1,0,4
5,1,4,2000,1,235,4.4583,0.0539,0.1053,0.0527,1.9493,1.89,0,2000,2000,1,0,4
5,1,4,2000,1,236,4.0792,0.0539,0.1053,0.0724,2.2484,2.1697,0,2000,2000,1,0,4
5,1,4,2000,1,237,4.9186,0.0123,0.1405,0.0266,2.2509,2.0172,1,2000,2000,1,0,4
5,1,4,2000,1,238,3.4708,0.0123,0.1405,0.0464,1.8869,1.8351,0,2000,2000,1,0,4
5,1,4,2000,1,239,4.3969,0.0476,0.1169,0.0572,2.0898,2.0263,0,2000,2000,1,0,4
5,1,4,2000,1,240,3.9209,0.0476,0.1169,0.0653,1.9259,1.8543,0,2000,2000,1,0,4
5,1,4,2000,1,241,4.3712,0.0158,0.1137,0.0291,2.21,1.9882,1,2000,2000,1,0,4
5,1,4,2000,1,242,3.5344,0.0158,0.1137,0.0438,1.8645,1.8155,0,2000,2000,1,0,4
5,1,4,2000,1,243,5.8039,0.054,0.1374,0.0579,2.4118,2.3466,0,2000,2000,1,0,4
5,1,4,2000,1,244,7.126,0.0122,0.1334,0.0265,2.2029,1.9713,1,2000,2000,1,0,4
5,1,4,2000,1,245,9.2821,0.052,0.104,0.0592,2.5307,2.4655,0,2000,2000,1,0,4
5,1,4,2000,1,246,8.0217,0.0273,0.1362,0.0265,2.5801,2.3299,1,2000,2000,1,0,4
5,1,4,2000,1,247,3.9658,0.0273,0.1362,0.0483,2.052,1.9986,0,2000,2000,1,0,4
5,1,4,2000,1,248,8.894,0.0493,0.0853,0.0737,2.7542,2.6722,0,2000,2000,1,0,4
5,1,4,2000,1,249,8.1516,0.0216,0.1086,0.0262,2.2998,2.0679,1,2000,2000,1,0,4
5,1,4,2000,1,250,7.7281,0.0398,0.0826,0.0503,2.0959,2.0392,0,2000,2000,1,0,4
5,1,4,2000,1,251,8.0668,0.0148,0.097,0.0267,2.1838,1.9887,1,2000,2000,1,0,4
5,1,4,2000,1,252,9.0608,0.0378,0.1188,0.0452,2.0923,2.0409,0,2000,2000,1,0,4
5,1,4,2000,1,253,8.1952,0.0138,0.2755,0.0279,2.4944,2.122,1,2000,2000,1,160,4
5,1,4,2000,1,254,3.6456,0.0416,0.0437,0.0558,1.9714,1.9098,0,2000,2000,1,0,4
5,1,4,2000,1,255,8.1003,0.0146,0.0983,0.025,2.0616,1.8772,1,2000,2000,1,0,4
5,1,4,2000,1,256,8.6616,0.0428,0.0545,0.0613,2.1576,2.0898,0,2000,2000,1,0,4
5,1,4,2000,1,257,3.7475,0.0428,0.0545,0.0632,1.8764,1.8063,0,2000,2000,1,0,4
5,1,4,2000,1,258,4.4188,0.0271,0.18,0.0284,2.2469,1.9515,1,2000,2000,1,0,4
5,1,4,2000,1,259,3.9241,0.0271,0.18,0.058,2.0685,2.005,0,2000,2000,1,0,4
5,1,4,2000,1,260,4.6095,0.128,0.009,0.0483,1.9977,1.9425,0,2000,2000,1,0,4
5,1,4,2000,1,261,3.7694,0.128,0.009,0.057,1.9669,1.9045,0,2000,2000,1,0,4
5,1,4,2000,1,262,4.7713,0.0237,0.1447,0.0272,2.4859,2.233,1,2000,2000,1,0,4
5,1,4,2000,1,263,3.562,0.0237,0.1447,0.0645,1.9867,1.9168,0,2000,2000,1,0,4
5,1,4,2000,1,264,4.3872,0.0497,0.1051,0.0433,2.0073,1.9581,0,2000,2000,1,0,4
5,1,4,2000,1,265,4.4411,0.0497,0.1051,0.0648,2.194,2.1217,0,2000,2000,1,0,4
5,1,4,2000,1,266,4.1915,0.0145,0.3183,0.0262,2.3744,1.9674,1,2000,2000,1,320,4
5,1,4,2000,1,267,8.2342,0.0479,0.09,0.0433,2.1202,2.0713,0,2000,2000,1,0,4
5,1,4,2000,1,268,8.398,0.0189,0.1729,0.0272,2.4568,2.1784,1,2000,2000,1,0,4
5,1,4,2000,1,269,8.6569,0.0492,0.0682,0.0722,2.0968,2.0177,0,2000,2000,1,0,4
5,1,4,2000,1,270,4.0264,0.0492,0.0682,0.0577,2.2871,2.2239,0,2000,2000,1,0,4
5,1,4,2000,1,271,3.8533,0.0157,0.1832,0.0282,2.2887,2.007,1,2000,2000,1,0,4
5,1,4,2000,1,272,3.9005,0.0157,0.1832,0.0428,2.0661,2.0177,0,2000,2000,1,0,4
5,1,4,2000,1,273,4.4141,0.0583,0.0776,0.0441,2.0035,1.9538,0,2000,2000,1,0,4
5,1,4,2000,1,274,8.2051,0.0153,0.1079,0.0266,2.1933,1.9941,1,2000,2000,1,0,4
5,1,4,2000,1,275,4.1664,0.0153,0.1079,0.0459,2.0289,1.977,0,2000,2000,1,0,4
5,1,4,2000,1,276,9.4454,0.0503,0.3002,0.0491,2.2753,2.2195,0,2000,2000,1,0,4
5,1,4,2000,1,277,7.5855,0.0155,0.2474,0.0282,2.3787,2.0335,1,2000,2000,1,160,4
5,1,4,2000,1,278,3.9333,0.0542,0.0941,0.0455,2.0878,2.0361,0,2000,2000,1,0,4
5,1,4,2000,1,279,3.9058,0.0542,0.0941,0.0513,1.911,1.8543,0,2000,2000,1,0,4
5,1,4,2000,1,280,4.3776,0.0133,0.1953,0.0258,2.1959,1.9091,1,2000,2000,1,160,4
5,1,4,2000,1,281,3.7531,0.0133,0.1953,0.055,1.9113,1.8515,0,2000,2000,1,0,4
5,1,4,2000,1,282,4.5654,0.0611,0.0727,0.0534,2.1733,2.1126,0,2000,2000,1,0,4
5,1,4,2000,1,283,3.6747,0.0611,0.0727,0.0527,1.8728,1.8144,0,2000,2000,1,0,4
5,1,4,2000,1,284,4.5889,0.0171,0.2177,0.0258,2.2914,1.9802,1,2000,2000,1,0,4
5,1,4,2000,1,285,4.0283,0.0171,0.2177,0.059,1.9595,1.894,0,2000,2000,1,0,4
5,1,4,2000,1,286,4.4816,0.0511,0.089,0.0465,2.1282,2.0752,0,2000,2000,1,0,4
5,1,4,2000,1,287,3.6016,0.0511,0.089,0.0676,1.9106,1.8375,0,2000,2000,1,0,4
5,1,4,2000,1,288,4.936,0.0258,0.1113,0.0273,2.2216,2.0027,1,2000,2000,1,0,4
5,1,4,2000,1,289,3.3607,0.0258,0.1113,0.0428,1.8913,1.8435,0,2000,2000,1,0,4
5,1,4,2000,1,290,4.9094,0.0562,0.1315,0.0542,2.1359,2.0747,0,2000,2000,1,0,4
5,1,4,2000,1,291,3.8104,0.0562,0.1315,0.0495,2.1956,2.1393,0,2000,2000,1,0,4
5,1,4,2000,1,292,8.9748,0.0139,0.426,0.025,2.5984,2.0817,1,2000,2000,1,320,4
5,1,4,2000,1,293,4.2967,0.0671,0.1458,0.0641,2.2088,2.137,0,2000,2000,1,0,4
5,1,4,2000,1,294,3.7622,0.0671,0.1458,0.0504,2.0673,2.0115,0,2000,2000,1,0,4
5,1,4,2000,1,295,4.1599,0.0186,0.241,0.0265,2.4474,2.1157,1,2000,2000,1,160,4
5,1,4,2000,1,296,4.0225,0.0186,0.241,0.0515,2.181,2.1239,0,2000,2000,1,0,4
5,1,4,2000,1,297,4.4485,0.06,0.1703,0.0444,2.1858,2.135,0,2000,2000,1,0,4
5,1,4,2000,1,298,3.5228,0.06,0.1703,0.0465,1.8915,1.8399,0,2000,2000,1,0,4
5,1,4,2000,1,299,4.4026,0.0168,0.1194,0.0267,2.2053,1.9965,1,2000,2000,1,0,4
5,1,4,2000,1,300,3.86,0.0168,0.1194,0.0421,1.8842,1.8372,0,2000,2000,1,0,4
5,1,4,2000,1,301,8.5825,0.0541,0.0504,0.0494,1.9431,1.8884,0,2000,2000,1,0,4
5,1,4,2000,1,302,5.1087,0.0158,0.6696,0.0281,2.7725,2.0122,1,2000,2000,1,608,4
5,1,4,2000,1,303,7.1925,0.0345,0.0556,0.0473,1.8908,1.8379,0,2000,2000,1,0,4
5,1,4,2000,1,304,9.014,0.0142,0.3781,0.0372,2.7345,2.2401,1,2000,2000,1,160,4
5,1,4,2000,1,305,7.7046,0.0359,0.0553,0.0565,2.0375,1.9748,0,2000,2000,1,0,4
5,1,4,2000,1,306,8.8924,0.0139,0.2541,0.0264,2.3824,2.0389,1,2000,2000,1,135,4
5,1,4,2000,1,307,7.8428,0.0309,0.0749,0.0469,1.9075,1.8554,0,2000,2000,1,0,4
5,1,4,2000,1,308,8.7666,0.0139,0.3195,0.0279,2.3353,1.9214,1,2000,2000,1,0,4
5,1,4,2000,1,309,8.1699,0.0437,0.0707,0.0533,2.2271,2.1669,0,2000,2000,1,0,4
5,1,4,2000,1,310,8.616,0.0145,0.3677,0.0267,2.4046,1.9483,1,2000,2000,1,320,4
5,1,4,2000,1,311,8.3129,0.1251,0.0092,0.0615,2.3995,2.331,0,2000,2000,1,0,4
5,1,4,2000,1,312,9.13,0.0364,0.2679,0.0276,2.8827,2.4884,1,2000,2000,1,161,4
5,1,4,2000,1,313,6.891,0.0352,0.0827,0.0458,1.9229,1.8718,0,2000,2000,1,0,4
5,1,4,2000,1,314,8.778,0.0149,0.1517,0.0254,2.3896,2.1434,1,2000,2000,1,0,4
5,1,4,2000,1,315,8.2906,0.0392,0.0847,0.0457,2.1524,2.1004,0,2000,2000,1,0,4
5,1,4,2000,1,316,9.069,0.0127,0.4505,0.0272,2.7045,2.1695,1,2000,2000,1,464,4
5,1,4,2000,1,317,7.8473,0.0418,0.0719,0.0517,2.1831,2.1247,0,2000,2000,1,0,4
5,1,4,2000,1,318,3.6796,0.0418,0.0719,0.071,2.1043,2.026,0,2000,2000,1,0,4
5,1,4,2000,1,319,4.7276,0.3075,0.2642,0.0267,2.7683,2.1149,1,2000,2000,1,153,4
5,1,4,2000,1,320,3.6351,0.3075,0.2642,0.05,2.0278,1.9719,0,2000,2000,1,0,4
5,1,4,2000,1,321,4.179,0.042,0.0755,0.0726,2.2794,2.2005,0,2000,2000,1,0,4
5,1,4,2000,1,322,4.8265,0.042,0.0755,0.0867,2.7442,2.65,0,2000,2000,1,0,4
5,1,4,2000,1,323,8.1282,0.0209,0.1432,0.025,2.4519,2.2121,1,2000,2000,1,1,4
5,1,4,2000,1,324,8.2847,0.0362,0.0827,0.0556,2.2885,2.227,0,2000,2000,1,0,4
5,1,4,2000,1,325,8.8574,0.0117,0.437,0.0264,2.8237,2.3004,1,2000,2000,1,321,4
5,1,4,2000,1,326,8.024,0.0459,0.1608,0.0968,2.542,2.4371,0,2000,2000,1,0,4
5,1,4,2000,1,327,8.5229,0.0142,0.3268,0.0282,2.7169,2.3037,1,2000,2000,1,167,4
5,1,4,2000,1,328,4.2898,0.0531,0.0487,0.0573,2.2847,2.2214,0,2000,2000,1,0,4
5,1,4,2000,1,329,3.7751,0.0531,0.0487,0.0612,2.137,2.0707,0,2000,2000,1,0,4
5,1,4,2000,1,330,4.2801,0.0275,0.2104,0.026,2.4048,2.0979,1,2000,2000,1,9,4
5,1,4,2000,1,331,3.6408,0.0275,0.2104,0.0467,1.9956,1.9434,0,2000,2000,1,0,4
5,1,4,2000,1,332,5.0523,0.0597,0.1593,0.0566,2.3609,2.2984,0,2000,2000,1,0,4
5,1,4,2000,1,333,3.9384,0.0597,0.1593,0.0537,2.1285,2.0701,0,2000,2000,1,0,4
5,1,4,2000,1,334,4.1142,0.0221,0.4427,0.0273,2.6087,2.0714,1,2000,2000,1,174,4
5,1,4,2000,1,335,3.7706,0.0221,0.4427,0.056,2.1075,2.0467,0,2000,2000,1,0,4
5,1,4,2000,1,336,5.1499,0.1248,0.0693,0.0574,2.3488,2.2841,0,2000,2000,1,0,4
5,1,4,2000,1,337,4.7144,0.0163,0.547,0.0282,2.8069,2.1607,1,2000,2000,1,430,4
5,1,4,2000,1,338,3.9518,0.0163,0.547,0.0569,2.1199,2.0552,0,2000,2000,1,0,4
5,1,4,2000,1,339,3.7451,0.0163,0.547,0.0577,2.1721,2.1094,0,2000,2000,1,0,4
5,1,4,2000,1,340,4.2525,0.0493,0.0769,0.0709,2.3346,2.2558,0,2000,2000,1,0,4
5,1,4,2000,1,341,4.3631,0.0133,0.4067,0.0279,2.6432,2.1503,1,2000,2000,1,243,4
5,1,4,2000,1,342,4.1276,0.0133,0.4067,0.0728,2.143,2.0626,0,2000,2000,1,0,4
5,1,4,2000,1,343,7.3818,0.0462,0.1009,0.0679,2.2364,2.1625,0,2000,2000,1,0,4
5,1,4,2000,1,344,8.1996,0.0197,0.3354,0.0247,2.5668,2.1417,1,2000,2000,1,117,4
5,1,4,2000,1,345,9.0063,0.0652,0.299,0.0805,2.3919,2.3011,0,2000,2000,1,0,4
5,1,4,2000,1,346,8.464,0.0236,0.6339,0.0506,3.0041,2.2242,1,2000,2000,1,471,4
5,1,4,2000,1,347,4.068,0.0236,0.6339,0.0558,2.1665,2.105,0,2000,2000,1,0,4
5,1,4,2000,1,348,3.952,0.0605,0.0625,0.058,2.2182,2.1547,0,2000,2000,1,0,4
5,1,4,2000,1,349,3.808,0.0605,0.0625,0.0609,2.1697,2.1032,0,2000,2000,1,0,4
5,1,4,2000,1,350,4.4316,0.0191,0.5531,0.029,2.9449,2.2964,1,2000,2000,1,394,4
5,1,4,2000,1,351,3.6908,0.0191,0.5531,0.0589,2.1766,2.1124,0,2000,2000,1,0,4
5,1,4,2000,1,352,4.0391,0.069,0.2101,0.0441,2.1796,2.1297,0,2000,2000,1,0,4
5,1,4,2000,1,353,3.6866,0.069,0.2101,0.0546,2.0277,1.968,0,2000,2000,1,0,4
5,1,4,2000,1,354,4.8675,0.0171,0.3125,0.0268,2.7198,2.3102,1,2000,2000,1,187,4
5,1,4,2000,1,355,3.6238,0.0171,0.3125,0.0486,2.1117,2.0573,0,2000,2000,1,0,4
5,1,4,2000,1,356,4.5371,0.0447,0.0628,0.0724,2.283,2.2031,0,2000,2000,1,0,4
5,1,4,2000,1,357,3.5564,0.0447,0.0628,0.0488,2.0135,1.9597,0,2000,2000,1,0,4
5,1,4,2000,1,358,5.3478,0.0179,0.5211,0.0272,2.9109,2.297,1,2000,2000,1,484,4
5,1,4,2000,1,359,3.7252,0.0179,0.5211,0.0498,2.0737,2.0189,0,2000,2000,1,0,4
5,1,4,2000,1,360,4.1297,0.0991,0.0077,0.0516,2.1194,2.0617,0,2000,2000,1,0,4
5,1,4,2000,1,361,4.244,0.0991,0.0077,0.0543,2.2625,2.2028,0,2000,2000,1,0,4
5,1,4,2000,1,362,8.7936,0.0153,0.5518,0.0312,3.0093,2.3618,1,2000,2000,1,330,4
5,1,4,2000,1,363,3.9116,0.0481,0.0454,0.0607,2.1891,2.1231,0,2000,2000,1,0,4
5,1,4,2000,1,364,4.0022,0.0481,0.0454,0.0503,2.3522,2.2973,0,2000,2000,1,0,4
5,1,4,2000,1,365,8.381,0.0138,0.5486,0.0272,2.775,2.1394,1,2000,2000,1,267,4
5,1,4,2000,1,366,4.5674,0.0505,0.164,0.0472,2.1053,2.051,0,2000,2000,1,0,4
5,1,4,2000,1,367,8.1062,0.0159,0.4662,0.0292,2.829,2.2664,1,2000,2000,1,297,4
5,1,4,2000,1,368,3.8274,0.0159,0.4662,0.0599,2.1937,2.1286,0,2000,2000,1,0,4
5,1,4,2000,1,369,8.7387,0.082,0.11,0.0742,2.4319,2.3501,0,2000,2000,1,0,4
5,1,4,2000,1,370,8.4568,0.0169,0.5011,0.027,2.9406,2.3494,1,2000,2000,1,272,4
5,1,4,2000,1,371,4.1856,0.0545,0.0746,0.0599,2.3003,2.2351,0,2000,2000,1,0,4
5,1,4,2000,1,372,4.3586,0.0545,0.0746,0.0659,2.584,2.5109,0,2000,2000,1,0,4
5,1,4,2000,1,373,8.168,0.0174,0.4386,0.0264,2.9769,2.4463,1,2000,2000,1,253,4
5,1,4,2000,1,374,4.1343,0.0572,0.087,0.0798,2.3378,2.252,0,2000,2000,1,0,4
5,1,4,2000,1,375,3.6237,0.0572,0.087,0.0523,2.0609,2.0034,0,2000,2000,1,0,4
5,1,4,2000,1,376,4.2303,0.016,0.4086,0.033,2.6319,2.1168,1,2000,2000,1,230,4
5,1,4,2000,1,377,4.1002,0.016,0.4086,0.0501,2.3994,2.3437,0,2000,2000,1,0,4
5,1,4,2000,1,378,4.6768,0.0632,0.2765,0.0488,2.6484,2.5933,0,2000,2000,1,0,4
5,1,4,2000,1,379,3.8716,0.0632,0.2765,0.054,2.1491,2.0899,0,2000,2000,1,0,4
5,1,4,2000,1,380,4.3289,0.0176,0.4002,0.0264,2.6007,2.1082,1,2000,2000,1,197,4
5,1,4,2000,1,381,3.6093,0.0176,0.4002,0.0499,2.055,2.0004,0,2000,2000,1,0,4
5,1,4,2000,1,382,4.3229,0.077,0.1057,0.0509,2.0857,2.0288,0,2000,2000,1,0,4
5,1,4,2000,1,383,3.5519,0.077,0.1057,0.0564,2.0204,1.9587,0,2000,2000,1,0,4
5,1,4,2000,1,384,4.8722,0.0146,0.3414,0.0257,2.5877,2.1569,1,2000,2000,1,196,4
5,1,4,2000,1,385,3.6813,0.0146,0.3414,0.0537,2.1783,2.1186,0,2000,2000,1,0,4
5,1,4,2000,1,386,5.0355,0.0572,0.1108,0.0678,2.5876,2.5129,0,2000,2000,1,0,4
5,1,4,2000,1,387,3.871,0.0572,0.1108,0.0531,2.0902,2.032,0,2000,2000,1,0,4
5,1,4,2000,1,388,4.141,0.0138,0.3559,0.0284,2.6155,2.1554,1,2000,2000,1,183,4
5,1,4,2000,1,389,8.1328,0.0393,0.0863,0.0447,2.2574,2.2061,0,2000,2000,1,0,4
5,1,4,2000,1,390,8.7813,0.0138,0.4417,0.0275,2.9041,2.3728,1,2000,2000,1,190,4
5,1,4,2000,1,391,8.3818,0.0513,0.1757,0.1307,2.4544,2.3136,0,2000,2000,1,0,4
5,1,4,2000,1,392,8.3727,0.0201,0.4014,0.0283,2.9462,2.4511,1,2000,2000,1,159,4
5,1,4,2000,1,393,4.1262,0.0201,0.4014,0.0513,2.2012,2.1444,0,2000,2000,1,0,4
5,1,4,2000,1,394,3.9532,0.0515,0.1822,0.0478,2.1138,2.0605,0,2000,2000,1,0,4
5,1,4,2000,1,395,3.7966,0.0515,0.1822,0.0604,2.2187,2.1529,0,2000,2000,1,0,4
5,1,4,2000,1,396,4.5589,0.0167,0.4162,0.1997,2.9371,2.2424,1,2000,2000,1,147,4
5,1,4,2000,1,397,3.9288,0.0167,0.4162,0.0479,2.112,2.0587,0,2000,2000,1,0,4
5,1,4,2000,1,398,4.272,0.0568,0.1075,0.0675,2.5161,2.4416,0,2000,2000,1,0,4
5,1,4,2000,1,399,4.1003,0.0568,0.1075,0.0603,2.236,2.1692,0,2000,2000,1,0,4
5,1,4,2000,1,400,4.7308,0.0174,0.3162,0.0302,3.0154,2.601,1,2000,2000,1,113,4
5,1,4,2000,1,401,4.3434,0.0174,0.3162,0.0635,2.3797,2.3084,0,2000,2000,1,0,4
5,1,4,2000,1,402,4.7805,0.0584,0.1314,0.0541,2.5649,2.5049,0,2000,2000,1,0,4
5,1,4,2000,1,403,4.3091,0.0231,0.2738,0.0294,2.543,2.1674,1,2000,2000,1,115,4
5,1,4,2000,1,404,3.8453,0.0231,0.2738,0.0433,2.1238,2.0747,0,2000,2000,1,0,4
5,1,4,2000,1,405,3.4425,0.0231,0.2738,0.0439,2.0766,2.0278,0,2000,2000,1,0,4
5,1,4,2000,1,406,3.9302,0.0817,0.0314,0.0465,2.3653,2.3122,0,2000,2000,1,0,4
5,1,4,2000,1,407,3.6305,0.0817,0.0314,0.0456,2.052,2.0016,0,2000,2000,1,0,4
5,1,4,2000,1,408,8.4379,0.0129,0.3251,0.0257,2.521,2.1112,1,2000,2000,1,99,4
5,1,4,2000,1,409,4.1588,0.0448,0.0853,0.0491,2.1119,2.056,0,2000,2000,1,0,4
5,1,4,2000,1,410,8.4924,0.012,0.3168,0.0284,2.6222,2.214,1,2000,2000,1,84,4
5,1,4,2000,1,411,3.8961,0.012,0.3168,0.052,2.2967,2.2386,0,2000,2000,1,0,4
5,1,4,2000,1,412,4.1811,0.0474,0.1543,0.0441,2.1626,2.1125,0,2000,2000,1,0,4
5,1,4,2000,1,413,8.7443,0.0138,0.2925,0.0284,2.6709,2.2892,1,2000,2000,1,102,4
5,1,4,2000,1,414,3.875,0.0138,0.2925,0.0665,2.2096,2.1366,0,2000,2000,1,0,4
5,1,4,2000,1,415,8.5912,0.0494,0.0545,0.0606,2.4654,2.3966,0,2000,2000,1,0,4
5,1,4,2000,1,416,4.6134,0.0174,0.2604,0.0283,2.8466,2.4825,1,2000,2000,1,80,4
5,1,4,2000,1,417,7.9522,0.065,0.2269,0.0491,2.2053,2.1505,0,2000,2000,1,0,4
5,1,4,2000,1,418,8.1768,0.017,0.2766,0.0282,2.6525,2.2751,1,2000,2000,1,75,4
5,1,4,2000,1,419,3.7106,0.017,0.2766,0.0577,2.098,2.0348,0,2000,2000,1,0,4
5,1,4,2000,1,420,4.2492,0.0637,0.1028,0.0639,2.1458,2.0747,0,2000,2000,1,0,4
5,1,4,2000,1,421,3.8758,0.0637,0.1028,0.0466,2.0716,2.0201,0,2000,2000,1,0,4
5,1,4,2000,1,422,5.2,0.3797,0.2743,0.0291,3.0035,2.2675,1,2000,2000,1,62,4
5,1,4,2000,1,423,3.8814,0.3797,0.2743,0.0523,2.2497,2.1917,0,2000,2000,1,0,4
5,1,4,2000,1,424,4.31,0.053,0.2586,0.067,2.5429,2.4687,0,2000,2000,1,0,4
5,1,4,2000,1,425,3.7977,0.053,0.2586,0.0562,2.2509,2.1884,0,2000,2000,1,0,4
5,1,4,2000,1,426,4.5678,0.016,0.3224,0.0326,2.9326,2.5026,1,2000,2000,1,86,4
5,1,4,2000,1,427,8.3617,0.0558,0.0647,0.0923,2.7538,2.6549,0,2000,2000,1,0,4
5,1,4,2000,1,428,8.3127,0.0145,0.397,0.0301,2.877,2.3708,1,2000,2000,1,66,4
5,1,4,2000,1,429,7.9525,0.0431,0.1018,0.0706,2.4313,2.3531,0,2000,2000,1,0,4
5,1,4,2000,1,430,8.952,0.0142,0.3176,0.0262,2.7998,2.3803,1,2000,2000,1,60,4
5,1,4,2000,1,431,8.115,0.0797,0.0229,0.0931,2.5964,2.4951,0,2000,2000,1,0,4
5,1,4,2000,1,432,8.8859,0.0218,0.2758,0.0267,3.2761,2.901,1,2000,2000,1,75,4
5,1,4,2000,1,433,7.7477,0.0433,0.2485,0.0614,2.3899,2.3213,0,2000,2000,1,0,4
5,1,4,2000,1,434,3.7464,0.0433,0.2485,0.0494,2.1734,2.1187,0,2000,2000,1,0,4
5,1,4,2000,1,435,3.9442,0.015,0.2214,0.0257,2.3422,2.0356,1,2000,2000,1,65,4
5,1,4,2000,1,436,4.5996,0.015,0.2214,0.0677,2.3121,2.239,0,2000,2000,1,0,4
5,1,4,2000,1,437,3.7865,0.0515,0.0687,0.0468,2.0759,2.0232,0,2000,2000,1,0,4
5,1,4,2000,1,438,4.0563,0.0515,0.0687,0.0692,2.1006,2.0258,0,2000,2000,1,0,4
5,1,4,2000,1,439,9.1645,0.015,0.3127,0.0273,2.7782,2.3723,1,2000,2000,1,57,4
5,1,4,2000,1,440,4.2476,0.0488,0.0789,0.0666,2.2171,2.1438,0,2000,2000,1,0,4
5,1,4,2000,1,441,7.8662,0.0153,0.2269,0.0272,2.5366,2.2187,1,2000,2000,1,49,4
5,1,4,2000,1,442,3.7496,0.0153,0.2269,0.0464,2.0301,1.9792,0,2000,2000,1,0,4
5,1,4,2000,1,443,8.6011,0.0542,0.1006,0.0666,2.2487,2.1761,0,2000,2000,1,0,4
5,1,4,2000,1,444,8.2681,0.0131,0.2255,0.0245,2.4993,2.1879,1,2000,2000,1,57,4
5,1,4,2000,1,445,3.8245,0.0527,0.0051,0.048,2.0643,2.0106,0,2000,2000,1,0,4
5,1,4,2000,1,446,4.1316,0.0527,0.0051,0.0424,2.0456,1.9982,0,2000,2000,1,0,4
5,1,4,2000,1,447,5.0695,0.0161,0.2269,0.0265,3.0141,2.6995,1,2000,2000,1,52,4
5,1,4,2000,1,448,3.812,0.0161,0.2269,0.0452,2.0795,2.0299,0,2000,2000,1,0,4
5,1,4,2000,1,449,3.8436,0.0482,0.0719,0.0466,2.1205,2.0675,0,2000,2000,1,0,4
5,1,4,2000,1,450,3.995,0.0482,0.0719,0.0487,2.0784,2.0204,0,2000,2000,1,0,4
5,1,4,2000,1,451,5.3231,0.0242,0.3008,0.0275,3.1407,2.7364,1,2000,2000,1,67,4
5,1,4,2000,1,452,7.6114,0.0458,0.0534,0.0679,2.3506,2.2741,0,2000,2000,1,0,4
5,1,4,2000,1,453,4.4558,0.0458,0.0534,0.0526,2.3613,2.3026,0,2000,2000,1,0,4
5,1,4,2000,1,454,3.9716,0.0264,0.2246,0.0259,2.4514,2.125,1,2000,2000,1,45,4
5,1,4,2000,1,455,3.6249,0.0264,0.2246,0.0535,2.0566,1.9978,0,2000,2000,1,0,4
5,1,4,2000,1,456,4.7502,0.0532,0.2265,0.0416,2.2912,2.2434,0,2000,2000,1,0,4
5,1,4,2000,1,457,3.7515,0.0532,0.2265,0.0503,2.262,2.2066,0,2000,2000,1,0,4
5,1,4,2000,1,458,4.398,0.0134,0.2162,0.0259,2.5661,2.2584,1,2000,2000,1,49,4
5,1,4,2000,1,459,4.1014,0.0134,0.2162,0.0422,2.2574,2.2097,0,2000,2000,1,0,4
5,1,4,2000,1,460,4.3626,0.0491,0.0654,0.0486,2.3028,2.2482,0,2000,2000,1,0,4
5,1,4,2000,1,461,4.3889,0.0491,0.0654,0.0446,2.4777,2.4264,0,2000,2000,1,0,4
5,1,4,2000,1,462,4.2169,0.015,0.2529,0.0274,2.6503,2.3073,1,2000,2000,1,55,4
5,1,4,2000,1,463,3.7001,0.015,0.2529,0.0523,2.1238,2.0658,0,2000,2000,1,0,4
5,1,4,2000,1,464,5.3445,0.051,0.2477,0.0571,2.496,2.4298,0,2000,2000,1,0,4
5,1,4,2000,1,465,4.3842,0.0156,0.2265,0.0284,2.6714,2.3495,1,2000,2000,1,49,4
5,1,4,2000,1,466,3.7023,0.0156,0.2265,0.0505,2.1427,2.0868,0,2000,2000,1,0,4
5,1,4,2000,1,467,3.8496,0.0156,0.2265,0.0606,2.2632,2.1975,0,2000,2000,1,0,4
5,1,4,2000,1,468,4.3142,0.0639,0.344,0.0471,2.3351,2.282,0,2000,2000,1,0,4
5,1,4,2000,1,469,3.7745,0.0639,0.344,0.0528,2.1407,2.0815,0,2000,2000,1,0,4
5,1,4,2000,1,470,8.0736,0.0271,0.2258,0.0287,2.6225,2.2813,1,2000,2000,1,36,4
5,1,4,2000,1,471,4.2796,0.12,0.0054,0.0489,2.2441,2.1892,0,2000,2000,1,0,4
5,1,4,2000,1,472,8.1488,0.0148,0.2088,0.0279,2.4256,2.1252,1,2000,2000,1,50,4
5,1,4,2000,1,473,4.0094,0.0148,0.2088,0.043,2.036,1.9881,0,2000,2000,1,0,4
5,1,4,2000,1,474,8.5883,0.0498,0.0858,0.0682,2.2378,2.1628,0,2000,2000,1,0,4
5,1,4,2000,1,475,11.2123,0.0312,0.2871,0.0321,3.9627,3.518,1,2000,2000,1,49,4
5,1,4,2000,1,476,7.4841,0.0124,0.2159,0.0258,2.7438,2.4311,1,2000,2000,1,36,4
5,1,4,2000,1,477,6.6678,0.0124,0.2159,0.0785,2.8298,2.7445,0,2000,2000,1,0,4
5,1,4,2000,1,478,9.4524,0.0995,0.0148,0.1204,3.5481,3.4108,0,2000,2000,1,0,4
5,1,4,2000,1,479,4.7445,0.0155,0.3603,0.0357,2.8482,2.3754,1,2000,2000,1,38,4
5,1,4,2000,1,480,5.1745,0.0905,0.0229,0.0564,2.211,2.1487,0,2000,2000,1,0,4
5,1,4,2000,1,481,3.8679,0.0905,0.0229,0.0548,2.1296,2.0691,0,2000,2000,1,0,4
5,1,4,2000,1,482,4.1537,0.016,0.256,0.0297,2.5619,2.2027,1,2000,2000,1,40,4
5,1,4,2000,1,483,4.3597,0.016,0.256,0.0536,2.3403,2.2803,0,2000,2000,1,0,4
5,1,4,2000,1,484,4.3746,0.0514,0.3854,0.0524,2.2528,2.1931,0,2000,2000,1,0,4
5,1,4,2000,1,485,3.8954,0.0514,0.3854,0.0553,2.2827,2.2219,0,2000,2000,1,0,4
5,1,4,2000,1,486,4.5043,0.0159,0.2384,0.032,2.6702,2.3257,1,2000,2000,1,41,4
5,1,4,2000,1,487,4.3433,0.0159,0.2384,0.0848,2.5498,2.4587,0,2000,2000,1,0,4
5,1,4,2000,1,488,6.3862,0.0569,0.1723,0.0708,3.0116,2.9303,0,2000,2000,1,0,4
5,1,4,2000,1,489,4.892,0.0148,0.2338,0.0301,2.9256,2.5797,1,2000,2000,1,27,4
5,1,4,2000,1,490,5.0761,0.0148,0.2338,0.0909,2.7098,2.6103,0,2000,2000,1,0,4
5,1,4,2000,1,491,5.3437,0.0682,0.228,0.051,2.8405,2.7831,0,2000,2000,1,0,4
5,1,4,2000,1,492,4.663,0.0682,0.228,0.0665,2.8082,2.7354,0,2000,2000,1,0,4
5,1,4,2000,1,493,5.4356,0.0166,0.2193,0.0309,2.8483,2.5129,1,2000,2000,1,29,4
5,1,4,2000,1,494,4.7705,0.0865,0.0692,0.0943,2.5775,2.4753,0,2000,2000,1,0,4
5,1,4,2000,1,495,4.5754,0.0865,0.0692,0.0816,2.5618,2.4737,0,2000,2000,1,0,4
5,1,4,2000,1,496,4.6468,0.0143,0.2023,0.028,2.7272,2.4376,1,2000,2000,1,41,4
5,1,4,2000,1,497,5.0126,0.0143,0.2023,0.057,2.2691,2.2065,0,2000,2000,1,0,4
5,1,4,2000,1,498,4.9834,0.0609,0.2406,0.0508,2.7305,2.6719,0,2000,2000,1,0,4
5,1,4,2000,1,499,7.6322,0.0141,0.2186,0.0282,2.5629,2.2461,1,2000,2000,1,26,4
5,1,4,2000,1,500,3.8809,0.0141,0.2186,0.0494,2.1196,2.0653,0,2000,2000,1,0,4
5,1,4,2000,1,501,4.2774,0.0506,0.0814,0.0639,2.2918,2.2215,0,2000,2000,1,0,4
5,1,4,2000,1,502,4.0994,0.0506,0.0814,0.0554,2.2264,2.165,0,2000,2000,1,0,4
5,1,4,2000,1,503,4.1474,0.0148,0.2195,0.0265,2.4868,2.1719,1,2000,2000,1,21,4
5,1,4,2000,1,504,8.4765,0.0456,0.1275,0.0715,2.2423,2.1648,0,2000,2000,1,0,4
5,1,4,2000,1,505,3.7935,0.0456,0.1275,0.0601,2.1412,2.0738,0,2000,2000,1,0,4
5,1,4,2000,1,506,4.4162,0.0137,0.1979,0.0265,2.4788,2.1913,1,2000,2000,1,29,4
5,1,4,2000,1,507,3.9444,0.0137,0.1979,0.061,2.0364,1.9703,0,2000,2000,1,0,4
5,1,4,2000,1,508,8.6582,0.0454,0.2453,0.0435,2.1967,2.1473,0,2000,2000,1,0,4
5,1,4,2000,1,509,8.5624,0.0135,0.2998,0.0255,2.7396,2.3417,1,2000,2000,1,31,4
5,1,4,2000,1,510,8.1028,0.0404,0.1202,0.0412,2.2016,2.1544,0,2000,2000,1,0,4
5,1,4,2000,1,511,8.2965,0.0139,0.2154,0.0261,2.4879,2.1736,1,2000,2000,1,28,4
5,1,4,2000,1,512,8.5079,0.0421,0.0877,0.0496,2.3763,2.3207,0,2000,2000,1,0,4
5,1,4,2000,1,513,8.3063,0.0158,0.1785,0.0253,2.5492,2.2837,1,2000,2000,1,30,4
5,1,4,2000,1,514,4.0792,0.0934,0.0041,0.0501,2.3025,2.2457,0,2000,2000,1,0,4
5,1,4,2000,1,515,8.7524,0.0162,0.2721,0.0269,2.82,2.4516,1,2000,2000,1,31,4
5,1,4,2000,1,516,8.4646,0.0589,0.2736,0.0437,2.3839,2.3338,0,2000,2000,1,0,4
5,1,4,2000,1,517,7.6858,0.0132,0.173,0.0259,2.4312,2.1721,1,2000,2000,1,30,4
5,1,4,2000,1,518,3.7659,0.0132,0.173,0.0428,2.2006,2.1528,0,2000,2000,1,0,4
5,1,4,2000,1,519,4.8149,0.0411,0.0935,0.0559,2.4038,2.3419,0,2000,2000,1,0,4
5,1,4,2000,1,520,8.3015,0.0151,0.2358,0.0265,2.6438,2.3176,1,2000,2000,1,29,4
5,1,4,2000,1,521,3.6496,0.0151,0.2358,0.0581,2.1,2.0371,0,2000,2000,1,0,4
5,1,4,2000,1,522,4.5142,0.0385,0.1098,0.0521,2.4453,2.388,0,2000,2000,1,0,4
5,1,4,2000,1,523,3.8051,0.0385,0.1098,0.0463,2.1305,2.0789,0,2000,2000,1,0,4
5,1,4,2000,1,524,4.4579,0.0176,0.1857,0.0273,2.5155,2.2358,1,2000,2000,1,29,4
5,1,4,2000,1,525,3.9854,0.0176,0.1857,0.0475,2.2878,2.2346,0,2000,2000,1,0,4
5,1,4,2000,1,526,4.4158,0.0421,0.0806,0.0587,2.2918,2.2276,0,2000,2000,1,0,4
5,1,4,2000,1,527,4.2474,0.0421,0.0806,0.0622,2.2171,2.1474,0,2000,2000,1,0,4
5,1,4,2000,1,528,4.2125,0.0244,0.2066,0.0267,2.7286,2.4219,1,2000,2000,1,21,4
5,1,4,2000,1,529,3.8298,0.0244,0.2066,0.0549,2.2115,2.1495,0,2000,2000,1,0,4
5,1,4,2000,1,530,5.0997,0.0558,0.0698,0.0811,2.9613,2.8731,0,2000,2000,1,0,4
5,1,4,2000,1,531,4.4594,0.0558,0.0698,0.0556,2.4371,2.3749,0,2000,2000,1,0,4
5,1,4,2000,1,532,4.106,0.0171,0.2583,0.0761,2.6115,2.2084,1,2000,2000,1,23,4
5,1,4,2000,1,533,3.9394,0.0171,0.2583,0.0473,2.2793,2.227,0,2000,2000,1,0,4
5,1,4,2000,1,534,3.9708,0.0576,0.0715,0.0571,2.2917,2.2278,0,2000,2000,1,0,4
5,1,4,2000,1,535,3.8708,0.0576,0.0715,0.0474,2.1258,2.0738,0,2000,2000,1,0,4
5,1,4,2000,1,536,4.0283,0.0237,0.2418,0.0283,2.484,2.1331,1,2000,2000,1,18,4
5,1,4,2000,1,537,3.7216,0.0237,0.2418,0.0505,2.1827,2.1277,0,2000,2000,1,0,4
5,1,4,2000,1,538,4.1706,0.0414,0.2159,0.0457,2.1351,2.0837,0,2000,2000,1,0,4
5,1,4,2000,1,539,3.9118,0.0414,0.2159,0.0463,2.1017,2.0495,0,2000,2000,1,0,4
5,1,4,2000,1,540,9.0507,0.0154,0.2355,0.0283,2.6949,2.3422,1,2000,2000,1,21,4
5,1,4,2000,1,541,8.0815,0.0505,0.0656,0.0455,2.2075,2.1561,0,2000,2000,1,0,4
5,1,4,2000,1,542,4.6803,0.0163,0.3436,0.0262,2.816,2.3796,1,2000,2000,1,22,4
5,1,4,2000,1,543,3.8581,0.0163,0.3436,0.0345,2.0882,2.0485,0,2000,2000,1,0,4
5,1,4,2000,1,544,7.9735,0.0475,0.0562,0.0446,2.2645,2.1983,0,2000,2000,1,0,4
5,1,4,2000,1,545,8.4123,0.0135,0.2159,0.0272,2.4357,2.1276,1,2000,2000,1,16,4
5,1,4,2000,1,546,8.5776,0.0452,0.0836,0.054,2.3119,2.2511,0,2000,2000,1,0,4
5,1,4,2000,1,547,8.8171,0.0153,0.3354,0.025,2.6921,2.27,1,2000,2000,1,24,4
5,1,4,2000,1,548,7.617,0.04,0.0674,0.064,2.186,2.1157,0,2000,2000,1,0,4
5,1,4,2000,1,549,8.7983,0.0133,0.1799,0.0283,2.7768,2.4908,1,2000,2000,1,15,4
5,1,4,2000,1,550,7.9389,0.0413,0.0633,0.054,2.2187,2.1588,0,2000,2000,1,0,4
6,0,27,2000,1,151,8.9037,0.0558,0.9929,0.0275,3.1803,2.0047,1,2000,2000,1,0,27
6,0,27,2000,1,152,7.5143,0,0,0.0822,2.091,1.9981,0,2000,2000,1,0,27
6,0,27,2000,1,153,8.83,0.0531,1.0538,0.0264,3.0184,1.8047,1,2000,2000,1,0,27
6,0,27,2000,1,154,7.9547,0,0,0.1285,2.0546,1.9166,0,2000,2000,1,0,27
6,0,27,2000,1,155,9.701,0.0919,1.2891,0.028,3.6767,2.1638,1,2000,2000,1,0,27
6,0,27,2000,1,156,7.3727,0,0,0.1091,2.2096,2.0893,0,2000,2000,1,0,27
6,0,27,2000,1,157,4.7564,0.0587,0.8282,0.0263,3.1562,2.1398,1,2000,2000,1,0,27
6,0,27,2000,1,158,3.6369,0,0,0.0859,1.9498,1.8536,0,2000,2000,1,0,27
6,0,27,2000,1,159,4.0986,0,0,0.0947,2.0735,1.9683,0,2000,2000,1,0,27
6,0,27,2000,1,160,3.8349,0,0,0.0846,2.0166,1.9213,0,2000,2000,1,0,27
6,0,27,2000,1,161,4.9474,0.0655,0.9956,0.0266,3.2227,2.0043,1,2000,2000,1,0,27
6,0,27,2000,1,162,3.5226,0,0,0.0846,1.926,1.8317,0,2000,2000,1,0,27
6,0,27,2000,1,163,3.8366,0,0,0.091,1.9273,1.8274,0,2000,2000,1,0,27
6,0,27,2000,1,164,4.7133,0,0,0.2359,2.1238,1.8767,0,2000,2000,1,0,27
6,0,27,2000,1,165,4.827,0.0752,0.9701,0.0282,3.1482,1.9623,1,2000,2000,1,0,27
6,0,27,2000,1,166,3.7255,0,0,0.0852,2.1302,2.0343,0,2000,2000,1,0,27
6,0,27,2000,1,167,7.6676,0,0,0.0856,1.9906,1.8937,0,2000,2000,1,0,27
6,0,27,2000,1,168,4.633,0.0654,0.8035,0.0273,2.9142,1.9403,1,2000,2000,1,0,27
6,0,27,2000,1,169,7.3274,0,0,0.0889,1.9267,1.8262,0,2000,2000,1,0,27
6,0,27,2000,1,170,9.811,0.1198,0.7938,0.0566,3.141,1.9624,1,2000,2000,1,0,27
6,0,27,2000,1,171,7.362,0,0,0.1277,2.3642,2.2242,0,2000,2000,1,0,27
6,0,27,2000,1,172,9.2537,0.0429,1.0481,0.0264,3.272,2.0602,1,2000,2000,1,0,27
6,0,27,2000,1,173,7.0551,0,0,0.083,2.1761,2.0797,0,2000,2000,1,0,27
6,0,27,2000,1,174,10.1732,0.0778,0.8351,0.0337,2.9986,1.951,1,2000,2000,1,0,27
6,0,27,2000,1,175,6.4719,0,0,0.058,2.0454,1.9747,0,2000,2000,1,0,27
6,0,27,2000,1,176,4.3639,0,0,0.0745,2.1303,2.0455,0,2000,2000,1,0,27
6,0,27,2000,1,177,5.2927,0.0646,1.1012,0.0292,3.3935,2.0969,1,2000,2000,1,0,27
6,0,27,2000,1,178,6.8658,0,0,0.0683,1.9331,1.8505,0,2000,2000,1,0,27
6,0,27,2000,1,179,4.3805,0,0,0.0707,1.947,1.8636,0,2000,2000,1,0,27
6,0,27,2000,1,180,9.3679,0.0417,0.8708,0.0282,2.9784,1.9504,1,2000,2000,1,0,27
6,0,27,2000,1,181,7.586,0,0,0.0906,2.1897,2.0842,0,2000,2000,1,0,27
6,0,27,2000,1,182,5.0633,0.0476,1.1618,0.028,3.4184,2.0724,1,2000,2000,1,0,27
6,0,27,2000,1,183,3.7343,0,0,0.0849,2.0089,1.914,0,2000,2000,1,0,27
6,0,27,2000,1,184,3.8795,0,0,0.1011,2.0236,1.9131,0,2000,2000,1,0,27
6,0,27,2000,1,185,4.2878,0,0,0.0916,2.2729,2.1712,0,2000,2000,1,0,27
6,0,27,2000,1,186,4.4828,0.0555,0.8044,0.029,3.0185,2.0449,1,2000,2000,1,0,27
6,0,27,2000,1,187,3.5797,0,0,0.0789,1.9834,1.8957,0,2000,2000,1,0,27
6,0,27,2000,1,188,3.4674,0,0,0.0544,1.9335,1.8698,0,2000,2000,1,0,27
6,0,27,2000,1,189,5.087,0,0,0.1949,2.3343,2.1232,0,2000,2000,1,0,27
6,0,27,2000,1,190,5.4697,0.0782,0.8407,0.0292,3.222,2.1199,1,2000,2000,1,0,27
6,0,27,2000,1,191,6.8072,0,0,0.1027,2.2053,2.0924,0,2000,2000,1,0,27
6,0,27,2000,1,192,4.3149,0,0,0.1026,2.1464,2.032,0,2000,2000,1,0,27
6,0,27,2000,1,193,5.116,0.0808,0.9486,0.0254,3.3317,2.1408,1,2000,2000,1,0,27
6,0,27,2000,1,194,3.9086,0,0,0.096,2.0124,1.9074,0,2000,2000,1,0,27
6,0,27,2000,1,195,3.729,0,0,0.0867,2.0163,1.9204,0,2000,2000,1,0,27
6,0,27,2000,1,196,4.3903,0,0,0.1065,2.2333,2.116,0,2000,2000,1,0,27
6,0,27,2000,1,197,5.7546,0.0522,1.5586,0.0272,3.8892,2.1236,1,2000,2000,1,0,27
6,0,27,2000,1,198,6.2675,0,0,0.0766,2.5022,2.4146,0,2000,2000,1,0,27
6,0,27,2000,1,199,9.4634,0.0418,0.7634,0.0324,3.1041,2.1372,1,2000,2000,1,0,27
6,0,27,2000,1,200,4.0043,0,0,0.0827,2.2853,2.1935,0,2000,2000,1,0,27
6,0,27,2000,1,201,8.7273,0,0,0.1066,3.604,3.4819,0,2000,2000,1,0,27
6,0,27,2000,1,202,8.5887,0.182,0.7758,0.0389,4.0265,2.9252,1,2000,2000,1,0,27
6,0,27,2000,1,203,6.953,0,0,0.1072,2.4868,2.369,0,2000,2000,1,0,27
6,0,27,2000,1,204,8.6862,0.0681,0.9107,0.0266,3.3466,2.2347,1,2000,2000,1,0,27
6,0,27,2000,1,205,7.6799,0,0,0.0796,1.9305,1.8418,0,2000,2000,1,0,27
6,0,27,2000,1,206,4.7689,0.0666,0.9458,0.0275,3.0951,1.9271,1,2000,2000,1,0,27
6,0,27,2000,1,207,7.1101,0,0,0.0905,2.1145,2.0129,0,2000,2000,1,0,27
6,0,27,2000,1,208,4.6251,0,0,0.0897,2.157,2.0513,0,2000,2000,1,0,27
6,0,27,2000,1,209,9.0961,0.0666,0.9903,0.0294,3.258,2.0166,1,2000,2000,1,0,27
6,0,27,2000,1,210,3.4318,0,0,0.0713,1.8834,1.8024,0,2000,2000,1,0,27
6,0,27,2000,1,211,3.7212,0,0,0.0612,1.9149,1.8449,0,2000,2000,1,0,27
6,0,27,2000,1,212,5.3326,0.0578,1.1873,0.0272,3.375,1.9668,1,2000,2000,1,0,27
6,0,27,2000,1,213,3.9479,0,0,0.0749,2.0165,1.9317,0,2000,2000,1,0,27
6,0,27,2000,1,214,3.158,0,0,0.0466,1.8383,1.7821,0,2000,2000,1,0,27
6,0,27,2000,1,215,10.6686,0.0361,1.2095,0.0271,3.9089,2.5379,1,2000,2000,1,0,27
6,0,27,2000,1,216,6.6842,0,0,0.0751,2.2956,2.2112,0,2000,2000,1,0,27
6,0,27,2000,1,217,9.5022,0.038,0.8855,0.0253,3.1229,2.0428,1,2000,2000,1,0,27
6,0,27,2000,1,218,6.7376,0,0,0.0763,1.9912,1.9057,0,2000,2000,1,0,27
6,0,27,2000,1,219,4.3023,0,0,0.0728,1.944,1.8618,0,2000,2000,1,0,27
6,0,27,2000,1,220,9.6507,0.0483,1.0689,0.0309,3.3064,2.0275,1,2000,2000,1,0,27
6,0,27,2000,1,221,7.1027,0,0,0.1005,2.1652,2.0547,0,2000,2000,1,0,27
6,0,27,2000,1,222,9.2227,0.0617,0.9536,0.0272,3.2259,2.0964,1,2000,2000,1,0,27
6,0,27,2000,1,223,7.1611,0,0,0.0621,1.9569,1.8847,0,2000,2000,1,0,27
6,0,27,2000,1,224,9.6523,0.0492,1.0555,0.0272,3.3333,2.0578,1,2000,2000,1,0,27
6,0,27,2000,1,225,3.6046,0,0,0.0775,1.8739,1.7874,0,2000,2000,1,0,27
6,0,27,2000,1,226,4.2298,0,0,0.0734,2.3923,2.3078,0,2000,2000,1,0,27
6,0,27,2000,1,227,8.9257,0.0563,1.029,0.0261,3.2601,2.0435,1,2000,2000,1,0,27
6,0,27,2000,1,228,7.6365,0,0,0.143,2.3458,2.1913,0,2000,2000,1,0,27
6,0,27,2000,1,229,9.3528,0.0612,1.3101,0.0272,3.5618,2.067,1,2000,2000,1,0,27
6,0,27,2000,1,230,7.0404,0,0,0.1236,2.1403,2.0069,0,2000,2000,1,0,27
6,0,27,2000,1,231,4.61,0.0617,1.0717,0.0281,3.1339,1.8847,1,2000,2000,1,0,27
6,0,27,2000,1,232,3.5333,0,0,0.0682,1.8437,1.7662,0,2000,2000,1,0,27
6,0,27,2000,1,233,3.4129,0,0,0.0522,1.8476,1.7864,0,2000,2000,1,0,27
6,0,27,2000,1,234,4.5717,0,0,0.083,1.9813,1.8897,0,2000,2000,1,0,27
6,0,27,2000,1,235,5.118,0.0489,0.9528,0.0274,3.0423,1.9075,1,2000,2000,1,0,27
6,0,27,2000,1,236,3.4403,0,0,0.0623,1.8746,1.8034,0,2000,2000,1,0,27
6,0,27,2000,1,237,3.82,0,0,0.0606,2.0364,1.9666,0,2000,2000,1,0,27
6,0,27,2000,1,238,4.3374,0,0,0.0745,1.9527,1.8678,0,2000,2000,1,0,27
6,0,27,2000,1,239,9.6005,0.2071,0.7648,0.0296,3.192,2.0778,1,2000,2000,1,0,27
6,0,27,2000,1,240,7.6942,0,0,0.0859,2.3383,2.2428,0,2000,2000,1,0,27
6,0,27,2000,1,241,8.9189,0.0534,0.8564,0.0279,3.158,2.1292,1,2000,2000,1,0,27
6,0,27,2000,1,242,4.1065,0,0,0.1012,2.1245,2.0143,0,2000,2000,1,0,27
6,0,27,2000,1,243,3.6446,0,0,0.0698,1.8658,1.787,0,2000,2000,1,0,27
6,0,27,2000,1,244,8.7325,0.0541,0.7107,0.0306,2.9649,2.0714,1,2000,2000,1,0,27
6,0,27,2000,1,245,8.0724,0,0,0.0875,2.0731,1.9739,0,2000,2000,1,0,27
6,0,27,2000,1,246,8.8679,0.0555,1.0073,0.0255,3.3859,2.1757,1,2000,2000,1,0,27
6,0,27,2000,1,247,7.331,0,0,0.0937,2.0996,1.9962,0,2000,2000,1,0,27
6,0,27,2000,1,248,4.9325,0.0515,1.2599,0.0253,3.3172,1.8863,1,2000,2000,1,0,27
6,0,27,2000,1,249,4.1138,0,0,0.071,2.3977,2.3127,0,2000,2000,1,0,27
6,0,27,2000,1,250,8.634,0,0,0.1322,2.0249,1.8836,0,2000,2000,1,0,27
6,0,27,2000,1,251,8.2539,0.2059,0.8857,0.0279,3.2042,1.9644,1,2000,2000,1,0,27
6,0,27,2000,1,252,7.2999,0,0,0.0821,2.1021,2.008,0,2000,2000,1,0,27
6,0,27,2000,1,253,4.9565,0.0523,0.8498,0.0272,3.0799,1.9695,1,2000,2000,1,0,27
6,0,27,2000,1,254,3.6173,0,0,0.0739,1.9305,1.8477,0,2000,2000,1,0,27
6,0,27,2000,1,255,3.2331,0,0,0.0464,1.8558,1.7978,0,2000,2000,1,0,27
6,0,27,2000,1,256,5.1507,0,0,0.0959,2.1014,1.9952,0,2000,2000,1,0,27
6,0,27,2000,1,257,4.6716,0.0605,0.948,0.0284,3.1953,2.0735,1,2000,2000,1,0,27
6,0,27,2000,1,258,3.5342,0,0,0.0675,1.8701,1.7943,0,2000,2000,1,0,27
6,0,27,2000,1,259,3.3924,0,0,0.0509,1.8474,1.7882,0,2000,2000,1,0,27
6,0,27,2000,1,260,4.9635,0,0,0.0789,2.2767,2.1877,0,2000,2000,1,0,27
6,0,27,2000,1,261,5.4086,0.0537,1.7221,0.0259,3.8916,1.9667,1,2000,2000,1,160,27
6,0,27,2000,1,262,6.6821,0,0,0.0616,1.9332,1.8584,0,2000,2000,1,0,27
6,0,27,2000,1,263,10.0523,0.0485,0.8665,0.0282,3.2673,2.1668,1,2000,2000,1,0,27
6,0,27,2000,1,264,6.7237,0,0,0.0798,2.106,2.0137,0,2000,2000,1,0,27
6,0,27,2000,1,265,9.8642,0.0447,1.0175,0.0283,3.2946,2.0635,1,2000,2000,1,0,27
6,0,27,2000,1,266,6.8827,0,0,0.1103,2.2105,2.0904,0,2000,2000,1,0,27
6,0,27,2000,1,267,4.0266,0,0,0.0712,2.197,2.1156,0,2000,2000,1,0,27
6,0,27,2000,1,268,5.7448,0.2104,1.6067,0.0263,3.8522,1.9258,1,2000,2000,1,320,27
6,0,27,2000,1,269,3.5359,0,0,0.0781,1.9479,1.8609,0,2000,2000,1,0,27
6,0,27,2000,1,270,3.9673,0,0,0.0776,2.4344,2.3473,0,2000,2000,1,0,27
6,0,27,2000,1,271,4.4618,0,0,0.0949,2.3963,2.2908,0,2000,2000,1,0,27
6,0,27,2000,1,272,5.5625,0.0666,1.0953,0.032,3.3407,2.07,1,2000,2000,1,0,27
6,0,27,2000,1,273,5.7603,0,0,0.0541,2.0726,2.008,0,2000,2000,1,0,27
6,0,27,2000,1,274,4.5365,0,0,0.089,2.1846,2.0853,0,2000,2000,1,0,27
6,0,27,2000,1,275,9.0257,0.0541,1.1155,0.0279,3.2211,1.9189,1,2000,2000,1,0,27
6,0,27,2000,1,276,7.801,0,0,0.0784,2.0155,1.928,0,2000,2000,1,0,27
6,0,27,2000,1,277,10.1502,0.0565,1.1249,0.0269,3.2965,1.9714,1,2000,2000,1,0,27
6,0,27,2000,1,278,6.1079,0,0,0.069,2.1186,2.0387,0,2000,2000,1,0,27
6,0,27,2000,1,279,5.4363,0.0551,1.3087,0.0291,3.5577,2.0818,1,2000,2000,1,160,27
6,0,27,2000,1,280,3.8794,0,0,0.0757,1.998,1.913,0,2000,2000,1,0,27
6,0,27,2000,1,281,7.5053,0,0,0.0836,2.1937,2.0998,0,2000,2000,1,0,27
6,0,27,2000,1,282,10.3962,0.0932,1.8709,0.0262,4.2961,2.2211,1,2000,2000,1,160,27
6,0,27,2000,1,283,7.1289,0,0,0.0996,2.2168,2.1069,0,2000,2000,1,0,27
6,0,27,2000,1,284,4.7087,0.2909,0.5591,0.029,3.0469,2.0858,1,2000,2000,1,0,27
6,0,27,2000,1,285,3.9483,0,0,0.074,2.1064,2.0213,0,2000,2000,1,0,27
6,0,27,2000,1,286,4.2116,0,0,0.0771,2.0684,1.9821,0,2000,2000,1,0,27
6,0,27,2000,1,287,3.9518,0,0,0.0775,2.133,2.0456,0,2000,2000,1,0,27
6,0,27,2000,1,288,5.0035,0.0617,0.9496,0.0314,3.3011,2.1709,1,2000,2000,1,0,27
6,0,27,2000,1,289,4.0296,0,0,0.0743,2.2491,2.1654,0,2000,2000,1,0,27
6,0,27,2000,1,290,3.6613,0,0,0.0693,2.0997,2.0169,0,2000,2000,1,0,27
6,0,27,2000,1,291,3.533,0,0,0.0598,2.1083,2.038,0,2000,2000,1,0,27
6,0,27,2000,1,292,10.2524,0.1065,1.8557,0.0281,4.016,1.9462,1,2000,2000,1,320,27
6,0,27,2000,1,293,6.2229,0,0,0.0633,2.0894,2.0163,0,2000,2000,1,0,27
6,0,27,2000,1,294,8.9102,0.0492,1.1483,0.0252,3.3634,2.0629,1,2000,2000,1,160,27
6,0,27,2000,1,295,3.693,0,0,0.0716,1.9893,1.9085,0,2000,2000,1,0,27
6,0,27,2000,1,296,9.7462,0.039,1.3631,0.0261,3.8744,2.3646,1,2000,2000,1,0,27
6,0,27,2000,1,297,6.3872,0,0,0.0744,2.1253,2.0407,0,2000,2000,1,0,27
6,0,27,2000,1,298,10.7229,0.0418,2.015,0.0282,4.235,2.0541,1,2000,2000,1,320,27
6,0,27,2000,1,299,3.767,0,0,0.0774,2.0062,1.9192,0,2000,2000,1,0,27
6,0,27,2000,1,300,3.7058,0,0,0.0694,2.0035,1.9256,0,2000,2000,1,0,27
6,0,27,2000,1,301,3.5955,0,0,0.0758,1.9888,1.905,0,2000,2000,1,0,27
6,0,27,2000,1,302,4.9746,0.0509,1.2355,0.0249,3.3549,1.9601,1,2000,2000,1,160,27
6,0,27,2000,1,303,3.5926,0,0,0.0677,1.9522,1.8773,0,2000,2000,1,0,27
6,0,27,2000,1,304,3.8199,0,0,0.0793,2.1861,2.098,0,2000,2000,1,0,27
6,0,27,2000,1,305,3.655,0,0,0.0687,2.1085,2.0303,0,2000,2000,1,0,27
6,0,27,2000,1,306,5.4162,0.0558,1.1027,0.0322,3.5685,2.2956,1,2000,2000,1,0,27
6,0,27,2000,1,307,3.8325,0,0,0.0802,2.0321,1.9437,0,2000,2000,1,0,27
6,0,27,2000,1,308,3.5792,0,0,0.0666,2.0325,1.9573,0,2000,2000,1,0,27
6,0,27,2000,1,309,8.6368,0.0437,0.8599,0.0268,3.0339,2.0169,1,2000,2000,1,0,27
6,0,27,2000,1,310,7.3784,0,0,0.0634,2.1601,2.0822,0,2000,2000,1,0,27
6,0,27,2000,1,311,10.5114,0.0399,1.992,0.0246,4.1101,1.9625,1,2000,2000,1,320,27
6,0,27,2000,1,312,6.0948,0,0,0.0585,2.0918,2.0214,0,2000,2000,1,0,27
6,0,27,2000,1,313,4.4498,0,0,0.0726,2.2939,2.21,0,2000,2000,1,0,27
6,0,27,2000,1,314,5.7812,0.0703,1.7234,0.029,4.121,2.2048,1,2000,2000,1,144,27
6,0,27,2000,1,315,3.9826,0,0,0.1173,2.115,1.9887,0,2000,2000,1,0,27
6,0,27,2000,1,316,4.378,0,0,0.0858,2.2922,2.1943,0,2000,2000,1,0,27
6,0,27,2000,1,317,3.9667,0,0,0.2212,2.23,1.9983,0,2000,2000,1,0,27
6,0,27,2000,1,318,5.617,0.0734,1.7854,0.0273,3.9907,2.026,1,2000,2000,1,144,27
6,0,27,2000,1,319,3.9455,0,0,0.2117,2.0785,1.86,0,2000,2000,1,0,27
6,0,27,2000,1,320,5.4587,0,0,0.0646,2.2002,2.1209,0,2000,2000,1,0,27
6,0,27,2000,1,321,11.0074,0.0716,2.1311,0.0262,4.3427,2.0319,1,2000,2000,1,368,27
6,0,27,2000,1,322,5.7228,0,0,0.0789,2.2547,2.1656,0,2000,2000,1,0,27
6,0,27,2000,1,323,6.9756,0.0651,2.3825,0.0251,5.1469,2.581,1,2000,2000,1,213,27
6,0,27,2000,1,324,5.6607,0,0,0.0702,2.5338,2.4517,0,2000,2000,1,0,27
6,0,27,2000,1,325,4.051,0,0,0.0777,2.203,2.1148,0,2000,2000,1,0,27
6,0,27,2000,1,326,5.9674,0.0549,1.9847,0.029,4.2699,2.0935,1,2000,2000,1,81,27
6,0,27,2000,1,327,4.8946,0,0,0.1053,3.1256,3.0043,0,2000,2000,1,0,27
6,0,27,2000,1,328,3.7519,0,0,0.0692,2.0157,1.9387,0,2000,2000,1,0,27
6,0,27,2000,1,329,8.1696,0.0527,2.265,0.0262,4.5373,2.0783,1,2000,2000,1,74,27
6,0,27,2000,1,330,6.289,0,0,0.1038,2.1305,2.0154,0,2000,2000,1,0,27
6,0,27,2000,1,331,4.284,0,0,0.0705,2.298,2.2173,0,2000,2000,1,0,27
6,0,27,2000,1,332,7.6801,0.0591,3.6809,0.0416,6.1411,2.2837,1,2000,2000,1,668,27
6,0,27,2000,1,333,4.5307,0,0,0.0599,2.2229,2.1533,0,2000,2000,1,0,27
6,0,27,2000,1,334,4.0979,0,0,0.0643,2.1251,2.0506,0,2000,2000,1,0,27
6,0,27,2000,1,335,7.5846,0.0595,2.9661,0.028,5.3035,2.1627,1,2000,2000,1,338,27
6,0,27,2000,1,336,4.6455,0,0,0.0533,2.0553,1.9913,0,2000,2000,1,0,27
6,0,27,2000,1,337,5.0947,0,0,0.1148,2.3607,2.2333,0,2000,2000,1,0,27
6,0,27,2000,1,338,6.3384,0.0679,2.3418,0.0284,4.6622,2.1498,1,2000,2000,1,132,27
6,0,27,2000,1,339,6.329,0,0,0.2567,2.8256,2.5562,0,2000,2000,1,0,27
6,0,27,2000,1,340,11.3516,0.2761,3.4173,0.028,6.0055,2.1918,1,2000,2000,1,614,27
6,0,27,2000,1,341,3.5752,0,0,0.0594,2.0215,1.9506,0,2000,2000,1,0,27
6,0,27,2000,1,342,3.973,0,0,0.0547,2.1738,2.1014,0,2000,2000,1,0,27
6,0,27,2000,1,343,3.5317,0,0,0.0624,1.9515,1.8803,0,2000,2000,1,0,27
6,0,27,2000,1,344,6.7395,0.0511,2.9467,0.0272,5.2444,2.1333,1,2000,2000,1,309,27
6,0,27,2000,1,345,3.9931,0,0,0.1094,2.1564,2.0386,0,2000,2000,1,0,27
6,0,27,2000,1,346,3.9243,0,0,0.0836,2.2717,2.1734,0,2000,2000,1,0,27
6,0,27,2000,1,347,6.8996,0.052,2.7126,0.0283,5.2479,2.3103,1,2000,2000,1,168,27
6,0,27,2000,1,348,3.9433,0,0,0.0532,2.2147,2.15,0,2000,2000,1,0,27
6,0,27,2000,1,349,4.4422,0,0,0.0684,2.3934,2.3114,0,2000,2000,1,0,27
6,0,27,2000,1,350,4.0618,0,0,0.0562,2.101,2.0343,0,2000,2000,1,0,27
6,0,27,2000,1,351,7.9658,0.066,4.1298,0.029,6.399,2.089,1,2000,2000,1,720,27
6,0,27,2000,1,352,4.3443,0,0,0.0598,2.3664,2.2845,0,2000,2000,1,0,27
6,0,27,2000,1,353,3.7221,0,0,0.0511,1.9985,1.9392,0,2000,2000,1,0,27
6,0,27,2000,1,354,7.4392,0.0784,3.4691,0.0308,5.828,2.1839,1,2000,2000,1,331,27
6,0,27,2000,1,355,3.6559,0,0,0.0722,2.1552,2.0755,0,2000,2000,1,0,27
6,0,27,2000,1,356,4.7008,0,0,0.0798,2.4087,2.3181,0,2000,2000,1,0,27
6,0,27,2000,1,357,7.5582,0.0422,3.6153,0.029,6.0601,2.2946,1,2000,2000,1,299,27
6,0,27,2000,1,358,3.6945,0,0,0.0453,2.0382,1.987,0,2000,2000,1,0,27
6,0,27,2000,1,359,4.8189,0,0,0.0702,2.1825,2.1032,0,2000,2000,1,0,27
6,0,27,2000,1,360,12.3807,0.0654,4.1762,0.029,6.5541,2.2137,1,2000,2000,1,830,27
6,0,27,2000,1,361,3.9489,0,0,0.0698,2.1167,2.0382,0,2000,2000,1,0,27
6,0,27,2000,1,362,7.4965,0.0631,3.4849,0.0283,5.8621,2.2059,1,2000,2000,1,309,27
6,0,27,2000,1,363,5.0021,0,0,0.0701,2.8326,2.7464,0,2000,2000,1,0,27
6,0,27,2000,1,364,5.5032,0,0,0.1073,3.0214,2.9001,0,2000,2000,1,0,27
6,0,27,2000,1,365,10.5025,0.0547,4.0356,0.0286,6.3288,2.1273,1,2000,2000,1,271,27
6,0,27,2000,1,366,5.5807,0,0,0.0973,2.6083,2.4998,0,2000,2000,1,0,27
6,0,27,2000,1,367,12.8145,0.0583,4.9216,0.0314,7.6284,2.5361,1,2000,2000,1,350,27
6,0,27,2000,1,368,5.2806,0,0,0.1068,2.962,2.844,0,2000,2000,1,0,27
6,0,27,2000,1,369,9.1341,0.0588,3.3387,0.032,5.878,2.3566,1,2000,2000,1,155,27
6,0,27,2000,1,370,5.093,0,0,0.0756,2.439,2.3468,0,2000,2000,1,0,27
6,0,27,2000,1,371,11.0693,0.0542,2.8631,0.027,5.4096,2.3348,1,2000,2000,1,113,27
6,0,27,2000,1,372,5.9056,0,0,0.0816,2.3398,2.2381,0,2000,2000,1,0,27
6,0,27,2000,1,373,10.3482,0.0523,2.3775,0.029,4.7752,2.2314,1,2000,2000,1,121,27
6,0,27,2000,1,374,6.4776,0,0,0.0918,2.3768,2.275,0,2000,2000,1,0,27
6,0,27,2000,1,375,10.708,0.0483,2.5737,0.0252,4.9125,2.1608,1,2000,2000,1,212,27
6,0,27,2000,1,376,5.6446,0,0,0.0927,2.2453,2.1392,0,2000,2000,1,0,27
6,0,27,2000,1,377,6.3713,0.0586,2.2961,0.0269,4.7471,2.2785,1,2000,2000,1,73,27
6,0,27,2000,1,378,3.5596,0,0,0.0731,2.0233,1.9414,0,2000,2000,1,0,27
6,0,27,2000,1,379,6.5084,0,0,0.1113,2.379,2.2545,0,2000,2000,1,0,27
6,0,27,2000,1,380,5.9437,0.0511,1.9293,0.0267,4.2529,2.1733,1,2000,2000,1,81,27
6,0,27,2000,1,381,6.8619,0,0,0.0868,2.3233,2.2264,0,2000,2000,1,0,27
6,0,27,2000,1,382,11.2461,0.1063,2.3801,0.0272,4.8418,2.2,1,2000,2000,1,79,27
6,0,27,2000,1,383,5.0069,0,0,0.0491,2.1525,2.0919,0,2000,2000,1,0,27
6,0,27,2000,1,384,10.4679,0.0311,1.9848,0.0252,4.2961,2.1406,1,2000,2000,1,90,27
6,0,27,2000,1,385,6.1761,0,0,0.0504,2.2074,2.1467,0,2000,2000,1,0,27
6,0,27,2000,1,386,4.2896,0,0,0.0596,2.3693,2.2965,0,2000,2000,1,0,27
6,0,27,2000,1,387,10.5111,0.0515,2.413,0.029,4.7211,2.1383,1,2000,2000,1,78,27
6,0,27,2000,1,388,6.6057,0,0,0.0768,2.6222,2.5321,0,2000,2000,1,0,27
6,0,27,2000,1,389,6.2151,0.0655,2.2232,0.025,4.505,2.1102,1,2000,2000,1,79,27
6,0,27,2000,1,390,6.5647,0,0,0.2277,2.7272,2.4846,0,2000,2000,1,0,27
6,0,27,2000,1,391,9.8124,0.0447,1.8231,0.0288,4.4502,2.4684,1,2000,2000,1,83,27
6,0,27,2000,1,392,3.97,0,0,0.0761,2.1768,2.0893,0,2000,2000,1,0,27
6,0,27,2000,1,393,4.4965,0,0,0.0655,2.7637,2.6832,0,2000,2000,1,0,27
6,0,27,2000,1,394,4.0874,0,0,0.0758,2.3618,2.2715,0,2000,2000,1,0,27
6,0,27,2000,1,395,5.7658,0.0722,1.5973,0.0306,4.0913,2.3092,1,2000,2000,1,66,27
6,0,27,2000,1,396,3.9096,0,0,0.0794,2.1622,2.0757,0,2000,2000,1,0,27
6,0,27,2000,1,397,4.4353,0,0,0.056,2.1675,2.1019,0,2000,2000,1,0,27
6,0,27,2000,1,398,6.8795,0.0733,2.5408,0.0279,4.9178,2.1971,1,2000,2000,1,76,27
6,0,27,2000,1,399,5.9469,0,0,0.0898,2.4001,2.2976,0,2000,2000,1,0,27
6,0,27,2000,1,400,4.1809,0,0,0.092,2.3161,2.2133,0,2000,2000,1,0,27
6,0,27,2000,1,401,10.0857,0.0542,1.5831,0.0275,4.011,2.267,1,2000,2000,1,90,27
6,0,27,2000,1,402,7.1023,0,0,0.1019,2.2617,2.1476,0,2000,2000,1,0,27
6,0,27,2000,1,403,10.0877,0.0495,2.0314,0.0281,4.5516,2.2992,1,2000,2000,1,62,27
6,0,27,2000,1,404,6.3048,0,0,0.0804,2.5996,2.5083,0,2000,2000,1,0,27
6,0,27,2000,1,405,5.0569,0.0568,1.3545,0.0285,3.5824,2.0607,1,2000,2000,1,67,27
6,0,27,2000,1,406,3.7315,0,0,0.074,2.1261,2.0443,0,2000,2000,1,0,27
6,0,27,2000,1,407,3.5872,0,0,0.0623,2.129,2.0582,0,2000,2000,1,0,27
6,0,27,2000,1,408,4.6387,0,0,0.0881,2.2376,2.1369,0,2000,2000,1,0,27
6,0,27,2000,1,409,9.6983,0.1069,1.8362,0.032,4.1591,2.0997,1,2000,2000,1,64,27
6,0,27,2000,1,410,6.048,0,0,0.0508,2.0899,2.0304,0,2000,2000,1,0,27
6,0,27,2000,1,411,11.118,0.0636,2.0519,0.0292,4.7204,2.477,1,2000,2000,1,53,27
6,0,27,2000,1,412,6.116,0,0,0.1132,2.3505,2.2248,0,2000,2000,1,0,27
6,0,27,2000,1,413,6.0885,0.0542,1.9099,0.0301,4.4121,2.3344,1,2000,2000,1,67,27
6,0,27,2000,1,414,6.0205,0,0,0.0572,2.1734,2.1062,0,2000,2000,1,0,27
6,0,27,2000,1,415,10.6418,0.0472,1.8502,0.0286,4.254,2.2409,1,2000,2000,1,38,27
6,0,27,2000,1,416,5.6576,0,0,0.0722,2.1172,2.0347,0,2000,2000,1,0,27
6,0,27,2000,1,417,10.5281,0.0486,1.5563,0.026,3.8437,2.1182,1,2000,2000,1,51,27
6,0,27,2000,1,418,6.5121,0,0,0.0623,2.1039,2.0322,0,2000,2000,1,0,27
6,0,27,2000,1,419,10.8842,0.0632,2.3003,0.0264,4.5883,2.1033,1,2000,2000,1,59,27
6,0,27,2000,1,420,5.8342,0,0,0.0619,2.3076,2.2363,0,2000,2000,1,0,27
6,0,27,2000,1,421,11.0387,0.0583,1.9731,0.029,4.4417,2.2946,1,2000,2000,1,40,27
6,0,27,2000,1,422,5.5837,0,0,0.0581,2.0957,2.029,0,2000,2000,1,0,27
6,0,27,2000,1,423,4.2549,0,0,0.0685,2.3636,2.2826,0,2000,2000,1,0,27
6,0,27,2000,1,424,10.4653,0.0616,1.4594,0.028,4.2753,2.5838,1,2000,2000,1,33,27
6,0,27,2000,1,425,6.4969,0,0,0.1256,2.5736,2.4373,0,2000,2000,1,0,27
6,0,27,2000,1,426,9.6992,0.0548,1.4875,0.0245,3.9047,2.2287,1,2000,2000,1,43,27
6,0,27,2000,1,427,6.769,0,0,0.0761,2.1916,2.1055,0,2000,2000,1,0,27
6,0,27,2000,1,428,5.9302,0.0613,1.7515,0.026,4.1501,2.2096,1,2000,2000,1,45,27
6,0,27,2000,1,429,3.7725,0,0,0.0705,2.0798,2.0016,0,2000,2000,1,0,27
6,0,27,2000,1,430,4.0037,0,0,0.0707,2.3174,2.237,0,2000,2000,1,0,27
6,0,27,2000,1,431,4.0504,0,0,0.0953,2.28,2.1761,0,2000,2000,1,0,27
6,0,27,2000,1,432,5.8413,0.3256,1.145,0.028,3.8514,2.2705,1,2000,2000,1,23,27
6,0,27,2000,1,433,5.5591,0,0,0.0583,2.3705,2.3018,0,2000,2000,1,0,27
6,0,27,2000,1,434,4.227,0,0,0.0716,2.492,2.4078,0,2000,2000,1,0,27
6,0,27,2000,1,435,5.6462,0.0604,1.3882,0.0292,3.894,2.3037,1,2000,2000,1,34,27
6,0,27,2000,1,436,3.9968,0,0,0.0865,2.1938,2.0965,0,2000,2000,1,0,27
6,0,27,2000,1,437,3.9647,0,0,0.0926,2.1343,2.0334,0,2000,2000,1,0,27
6,0,27,2000,1,438,3.7723,0,0,0.0691,2.0874,2.0104,0,2000,2000,1,0,27
6,0,27,2000,1,439,5.6664,0.0469,1.7804,0.0272,4.2432,2.1304,1,2000,2000,1,25,27
6,0,27,2000,1,440,5.914,0,0,0.0492,2.2736,2.2139,0,2000,2000,1,0,27
6,0,27,2000,1,441,10.2288,0.0351,1.5116,0.029,3.9335,2.2848,1,2000,2000,1,29,27
6,0,27,2000,1,442,6.5384,0,0,0.0662,2.2564,2.1798,0,2000,2000,1,0,27
6,0,27,2000,1,443,4.4259,0,0,0.092,2.3368,2.236,0,2000,2000,1,0,27
6,0,27,2000,1,444,5.6327,0.0537,1.3821,0.0272,3.9723,2.3953,1,2000,2000,1,31,27
6,0,27,2000,1,445,4.0613,0,0,0.0789,2.1294,2.0431,0,2000,2000,1,0,27
6,0,27,2000,1,446,7.3218,0,0,0.0866,2.4011,2.3041,0,2000,2000,1,0,27
6,0,27,2000,1,447,9.0453,0.2855,1.3041,0.0258,3.8897,2.171,1,2000,2000,1,34,27
6,0,27,2000,1,448,7.0049,0,0,0.0724,2.2486,2.166,0,2000,2000,1,0,27
6,0,27,2000,1,449,6.2198,0.056,1.3721,0.0268,4.5813,3.0361,1,2000,2000,1,28,27
6,0,27,2000,1,450,3.9026,0,0,0.074,2.1179,2.0355,0,2000,2000,1,0,27
6,0,27,2000,1,451,4.1042,0,0,0.0749,2.3561,2.2709,0,2000,2000,1,0,27
6,0,27,2000,1,452,3.6923,0,0,0.068,2.1817,2.1056,0,2000,2000,1,0,27
6,0,27,2000,1,453,6.0586,0.0716,1.7481,0.0317,4.3675,2.4345,1,2000,2000,1,30,27
6,0,27,2000,1,454,3.9805,0,0,0.063,2.2664,2.1915,0,2000,2000,1,0,27
6,0,27,2000,1,455,4.1287,0,0,0.058,2.2712,2.2021,0,2000,2000,1,0,27
6,0,27,2000,1,456,4.0303,0,0,0.0533,2.2598,2.1965,0,2000,2000,1,0,27
6,0,27,2000,1,457,5.4828,0.0428,1.2888,0.0293,3.766,2.33,1,2000,2000,1,26,27
6,0,27,2000,1,458,3.5994,0,0,0.0461,2.0074,1.9547,0,2000,2000,1,0,27
6,0,27,2000,1,459,4.5209,0,0,0.0541,2.1318,2.0683,0,2000,2000,1,0,27
6,0,27,2000,1,460,5.7979,0.0573,1.4821,0.0287,3.9929,2.3442,1,2000,2000,1,22,27
6,0,27,2000,1,461,3.8956,0,0,0.0709,2.1327,2.0536,0,2000,2000,1,0,27
6,0,27,2000,1,462,7.3284,0,0,0.0656,2.2407,2.1656,0,2000,2000,1,0,27
6,0,27,2000,1,463,5.6519,0.0624,1.5645,0.0273,4.0618,2.272,1,2000,2000,1,25,27
6,0,27,2000,1,464,6.7876,0,0,0.0686,2.1688,2.0897,0,2000,2000,1,0,27
6,0,27,2000,1,465,9.6646,0.0377,1.4513,0.028,3.7601,2.1266,1,2000,2000,1,11,27
6,0,27,2000,1,466,4.1008,0,0,0.0885,2.3152,2.21,0,2000,2000,1,0,27
6,0,27,2000,1,467,3.9831,0,0,0.0826,2.2319,2.1387,0,2000,2000,1,0,27
6,0,27,2000,1,468,9.2693,0.036,1.6708,0.0284,4.0796,2.2572,1,2000,2000,1,36,27
6,0,27,2000,1,469,3.7681,0,0,0.0726,2.203,2.1222,0,2000,2000,1,0,27
6,0,27,2000,1,470,4.8264,0,0,0.0873,2.4652,2.3538,0,2000,2000,1,0,27
6,0,27,2000,1,471,3.8624,0,0,0.0702,2.1805,2.1,0,2000,2000,1,0,27
6,0,27,2000,1,472,5.356,0.2264,1.2697,0.0265,3.8299,2.2375,1,2000,2000,1,21,27
6,0,27,2000,1,473,3.5991,0,0,0.0466,2.0903,2.0332,0,2000,2000,1,0,27
6,0,27,2000,1,474,3.9452,0,0,0.0702,2.1925,2.109,0,2000,2000,1,0,27
6,0,27,2000,1,475,3.6812,0,0,0.0595,2.0211,1.9554,0,2000,2000,1,0,27
6,0,27,2000,1,476,8.0141,0.0617,1.6761,0.0275,4.1614,2.3055,1,2000,2000,1,22,27
6,0,27,2000,1,477,6.6203,0,0,0.0921,2.3366,2.2339,0,2000,2000,1,0,27
6,0,27,2000,1,478,10.1448,0.0552,1.4839,0.028,3.9622,2.3091,1,2000,2000,1,16,27
6,0,27,2000,1,479,7.0609,0,0,0.1124,2.5115,2.3891,0,2000,2000,1,0,27
6,0,27,2000,1,480,9.5615,0.0561,1.4239,0.028,3.9979,2.4181,1,2000,2000,1,16,27
6,0,27,2000,1,481,3.6503,0,0,0.0777,2.102,2.0168,0,2000,2000,1,0,27
6,0,27,2000,1,482,9.2478,0.0359,1.5122,0.0283,3.7875,2.1022,1,2000,2000,1,27,27
6,0,27,2000,1,483,6.0156,0,0,0.0975,2.3643,2.2564,0,2000,2000,1,0,27
6,0,27,2000,1,484,10.1462,0.0409,1.2229,0.028,3.6597,2.2706,1,2000,2000,1,21,27
6,0,27,2000,1,485,6.2544,0,0,0.0622,2.0924,2.0211,0,2000,2000,1,0,27
6,0,27,2000,1,486,4.6912,0,0,0.0708,2.1654,2.0824,0,2000,2000,1,0,27
6,0,27,2000,1,487,5.384,0.327,1.1419,0.0261,3.8577,2.2777,1,2000,2000,1,22,27
6,0,27,2000,1,488,3.905,0,0,0.0795,2.1084,2.0218,0,2000,2000,1,0,27
6,0,27,2000,1,489,7.1013,0,0,0.0591,2.0588,1.9903,0,2000,2000,1,0,27
6,0,27,2000,1,490,9.7718,0.045,1.4071,0.0266,3.6466,2.0813,1,2000,2000,1,12,27
6,0,27,2000,1,491,7.2824,0,0,0.0942,2.3091,2.2037,0,2000,2000,1,0,27
6,0,27,2000,1,492,5.3366,0.0767,1.2612,0.0269,3.7056,2.2572,1,2000,2000,1,10,27
6,0,27,2000,1,493,3.944,0,0,0.0825,2.1895,2.0984,0,2000,2000,1,0,27
6,0,27,2000,1,494,3.5935,0,0,0.0734,2.1059,2.0245,0,2000,2000,1,0,27
6,0,27,2000,1,495,4.1687,0,0,0.0784,2.4207,2.332,0,2000,2000,1,0,27
6,0,27,2000,1,496,5.6627,0.0707,1.5561,0.0275,4.0104,2.245,1,2000,2000,1,16,27
6,0,27,2000,1,497,4.2064,0,0,0.0767,2.1748,2.0871,0,2000,2000,1,0,27
6,0,27,2000,1,498,4.4513,0,0,0.0677,2.2514,2.1726,0,2000,2000,1,0,27
6,0,27,2000,1,499,3.7822,0,0,0.0607,2.2046,2.1341,0,2000,2000,1,0,27
6,0,27,2000,1,500,6.0191,0.0661,1.9404,0.0298,4.2355,2.1285,1,2000,2000,1,19,27
6,0,27,2000,1,501,4.549,0,0,0.0508,2.451,2.3892,0,2000,2000,1,0,27
6,0,27,2000,1,502,4.0322,0,0,0.0689,2.2534,2.1727,0,2000,2000,1,0,27
6,0,27,2000,1,503,5.5141,0.2343,1.0367,0.0783,3.6772,2.2455,1,2000,2000,1,11,27
6,0,27,2000,1,504,6.6549,0,0,0.0693,2.171,2.092,0,2000,2000,1,0,27
6,0,27,2000,1,505,9.764,0.0364,1.3271,0.0286,3.5977,2.1192,1,2000,2000,1,12,27
6,0,27,2000,1,506,7.5501,0,0,0.1722,2.564,2.3747,0,2000,2000,1,0,27
6,0,27,2000,1,507,9.1246,0.0419,1.1524,0.028,3.4877,2.1749,1,2000,2000,1,9,27
6,0,27,2000,1,508,3.8159,0,0,0.0705,2.1258,2.0468,0,2000,2000,1,0,27
6,0,27,2000,1,509,3.8788,0,0,0.0718,2.1103,2.0297,0,2000,2000,1,0,27
6,0,27,2000,1,510,4.2144,0,0,0.0703,2.1826,2.1022,0,2000,2000,1,0,27
6,0,27,2000,1,511,5.2719,0.2567,0.9708,0.0272,3.467,2.1252,1,2000,2000,1,7,27
6,0,27,2000,1,512,3.6213,0,0,0.0709,2.1042,2.0245,0,2000,2000,1,0,27
6,0,27,2000,1,513,3.6889,0,0,0.0849,2.1464,2.0531,0,2000,2000,1,0,27
6,0,27,2000,1,514,4.7306,0,0,0.1038,2.3169,2.2023,0,2000,2000,1,0,27
6,0,27,2000,1,515,5.8185,0.0583,1.8168,0.028,4.0307,2.0506,1,2000,2000,1,16,27
6,0,27,2000,1,516,5.6724,0,0,0.0915,2.2543,2.1473,0,2000,2000,1,0,27
6,0,27,2000,1,517,9.9955,0.0356,1.2615,0.0269,3.8318,2.4006,1,2000,2000,1,16,27
6,0,27,2000,1,518,6.2677,0,0,0.0602,2.1134,2.0425,0,2000,2000,1,0,27
6,0,27,2000,1,519,10.1216,0.0481,1.1652,0.0275,3.4327,2.1023,1,2000,2000,1,15,27
6,0,27,2000,1,520,7.7144,0,0,0.1054,2.4313,2.3149,0,2000,2000,1,0,27
6,0,27,2000,1,521,9.3546,0.0424,1.1425,0.0273,3.6241,2.2986,1,2000,2000,1,13,27
6,0,27,2000,1,522,6.3351,0,0,0.0692,2.2749,2.1943,0,2000,2000,1,0,27
6,0,27,2000,1,523,9.5552,0.036,1.2188,0.028,3.5564,2.1842,1,2000,2000,1,9,27
6,0,27,2000,1,524,6.8235,0,0,0.0679,2.2368,2.1579,0,2000,2000,1,0,27
6,0,27,2000,1,525,10.6589,0.0411,1.3013,0.027,4.2965,2.8409,1,2000,2000,1,8,27
6,0,27,2000,1,526,6.5732,0,0,0.081,2.5362,2.4443,0,2000,2000,1,0,27
6,0,27,2000,1,527,9.751,0.0485,1.4503,0.026,3.8966,2.2726,1,2000,2000,1,15,27
6,0,27,2000,1,528,6.3309,0,0,0.0797,2.2026,2.1125,0,2000,2000,1,0,27
6,0,27,2000,1,529,10.4512,0.0509,1.5806,0.028,4.0856,2.3402,1,2000,2000,1,11,27
6,0,27,2000,1,530,6.0535,0,0,0.0519,2.068,2.0067,0,2000,2000,1,0,27
6,0,27,2000,1,531,9.9529,0.0777,1.1061,0.0265,3.4962,2.1776,1,2000,2000,1,13,27
6,0,27,2000,1,532,6.7491,0,0,0.0559,2.0285,1.9647,0,2000,2000,1,0,27
6,0,27,2000,1,533,10.2396,0.0359,1.1728,0.0265,3.5468,2.2332,1,2000,2000,1,12,27
6,0,27,2000,1,534,6.4591,0,0,0.0668,2.1373,2.061,0,2000,2000,1,0,27
6,0,27,2000,1,535,10.7248,0.0638,1.5189,0.029,3.961,2.2663,1,2000,2000,1,8,27
6,0,27,2000,1,536,6.4079,0,0,0.0617,2.17,2.0978,0,2000,2000,1,0,27
6,0,27,2000,1,537,10.2284,0.0471,1.2024,0.0281,3.6299,2.2737,1,2000,2000,1,12,27
6,0,27,2000,1,538,6.2241,0,0,0.063,2.0477,1.9767,0,2000,2000,1,0,27
6,0,27,2000,1,539,10.414,0.0396,1.3501,0.0282,3.7932,2.2679,1,2000,2000,1,15,27
6,0,27,2000,1,540,6.2977,0,0,0.0668,2.2029,2.1223,0,2000,2000,1,0,27
6,0,27,2000,1,541,9.7456,0.0363,1.2756,0.0272,3.6372,2.1836,1,2000,2000,1,5,27
6,0,27,2000,1,542,6.8091,0,0,0.0618,2.0792,2.0091,0,2000,2000,1,0,27
6,0,27,2000,1,543,9.8764,0.0416,1.1903,0.0286,3.4793,2.1408,1,2000,2000,1,8,27
6,0,27,2000,1,544,6.5581,0,0,0.0748,2.095,2.0112,0,2000,2000,1,0,27
6,0,27,2000,1,545,10.0341,0.0478,1.3021,0.0281,3.7102,2.2479,1,2000,2000,1,3,27
6,0,27,2000,1,546,6.8255,0,0,0.0815,2.2873,2.1931,0,2000,2000,1,0,27
6,0,27,2000,1,547,10.1049,0.0416,1.2759,0.0283,3.7158,2.2547,1,2000,2000,1,9,27
6,0,27,2000,1,548,6.6205,0,0,0.0721,2.1019,2.0217,0,2000,2000,1,0,27
6,0,27,2000,1,549,9.8363,0.0389,1.0921,0.0305,3.3423,2.0937,1,2000,2000,1,10,27
6,0,27,2000,1,550,11.2211,0,0,0.0869,2.2877,2.1897,0,2000,2000,1,0,27
7,1,27,2000,1,151,7.1535,0.0363,0.1053,0.0434,1.8408,1.7925,0,2000,2000,1,0,27
7,1,27,2000,1,152,9.2122,0.0387,0.1626,0.0282,2.4751,2.1516,1,2000,2000,1,0,27
7,1,27,2000,1,153,7.5568,0.0387,0.1626,0.047,1.9996,1.9461,0,2000,2000,1,0,27
7,1,27,2000,1,154,9.2279,0.0452,0.1298,0.0262,2.5057,2.2251,1,2000,2000,1,0,27
7,1,27,2000,1,155,7.4865,0.0452,0.1298,0.0554,2.1708,2.1087,0,2000,2000,1,0,27
7,1,27,2000,1,156,9.2675,0.0406,0.1303,0.0245,2.6906,2.4347,1,2000,2000,1,0,27
7,1,27,2000,1,157,7.3358,0.0406,0.1303,0.0532,2.0146,1.9557,0,2000,2000,1,0,27
7,1,27,2000,1,158,9.3021,0.0482,0.1014,0.029,2.4245,2.1781,1,2000,2000,1,0,27
7,1,27,2000,1,159,7.8129,0.0482,0.1014,0.0555,2.283,2.2207,0,2000,2000,1,0,27
7,1,27,2000,1,160,8.8059,0.0378,0.097,0.0274,2.2451,2.0216,1,2000,2000,1,0,27
7,1,27,2000,1,161,7.8184,0.0378,0.097,0.0653,2.2952,2.2231,0,2000,2000,1,0,27
7,1,27,2000,1,162,4.9095,0.0492,0.1006,0.0783,2.5591,2.2699,1,2000,2000,1,0,27
7,1,27,2000,1,163,8.1526,0.0449,0.1113,0.0895,2.4432,2.3402,0,2000,2000,1,0,27
7,1,27,2000,1,164,9.7195,0.0539,0.1069,0.0274,2.7033,2.4462,1,2000,2000,1,0,27
7,1,27,2000,1,165,6.9481,0.0398,0.0777,0.0612,2.6281,2.5603,0,2000,2000,1,0,27
7,1,27,2000,1,166,9.4508,0.0608,0.1438,0.03,2.8889,2.5911,1,2000,2000,1,0,27
7,1,27,2000,1,167,7.3111,0.0435,0.1014,0.0478,2.426,2.3711,0,2000,2000,1,0,27
7,1,27,2000,1,168,7.4929,0.0435,0.1014,0.0514,2.1813,2.1246,0,2000,2000,1,0,27
7,1,27,2000,1,169,5.1355,0.0542,0.1372,0.0265,2.5326,2.2603,1,2000,2000,1,0,27
7,1,27,2000,1,170,7.123,0.0542,0.1372,0.065,2.0961,2.0259,0,2000,2000,1,0,27
7,1,27,2000,1,171,4.3185,0.0542,0.1372,0.0598,2.0292,1.9628,0,2000,2000,1,0,27
7,1,27,2000,1,172,5.0926,0.053,0.1066,0.0275,2.6856,2.4313,1,2000,2000,1,0,27
7,1,27,2000,1,173,3.9964,0.053,0.1066,0.0535,1.9249,1.8659,0,2000,2000,1,0,27
7,1,27,2000,1,174,4.0573,0.053,0.1066,0.0577,1.939,1.8763,0,2000,2000,1,0,27
7,1,27,2000,1,175,3.6825,0.053,0.1066,0.0588,2.0573,1.9937,0,2000,2000,1,0,27
7,1,27,2000,1,176,5.5387,0.0517,0.1479,0.0293,3.0113,2.7257,1,2000,2000,1,0,27
7,1,27,2000,1,177,6.8854,0.0517,0.1479,0.0594,2.0813,2.0145,0,2000,2000,1,0,27
7,1,27,2000,1,178,4.0568,0.0517,0.1479,0.0415,2.0131,1.9662,0,2000,2000,1,0,27
7,1,27,2000,1,179,9.1224,0.0519,0.1264,0.0282,2.579,2.3114,1,2000,2000,1,0,27
7,1,27,2000,1,180,7.5669,0.0519,0.1264,0.0681,2.176,2.1022,0,2000,2000,1,0,27
7,1,27,2000,1,181,5.3825,0.0515,0.1799,0.0268,2.6766,2.3603,1,2000,2000,1,0,27
7,1,27,2000,1,182,7.1053,0.0515,0.1799,0.0598,2.0736,2.0082,0,2000,2000,1,0,27
7,1,27,2000,1,183,4.1183,0.0515,0.1799,0.058,2.0328,1.9692,0,2000,2000,1,0,27
7,1,27,2000,1,184,5.355,0.0588,0.1112,0.0283,2.6794,2.4273,1,2000,2000,1,0,27
7,1,27,2000,1,185,3.6367,0.0588,0.1112,0.0518,1.9031,1.8455,0,2000,2000,1,0,27
7,1,27,2000,1,186,3.6977,0.0588,0.1112,0.0503,2.0572,2.0016,0,2000,2000,1,0,27
7,1,27,2000,1,187,4.1166,0.0588,0.1112,0.0496,2.1478,2.0926,0,2000,2000,1,0,27
7,1,27,2000,1,188,4.4309,0.0416,0.0941,0.0268,2.3395,2.1215,1,2000,2000,1,0,27
7,1,27,2000,1,189,3.6264,0.0416,0.0941,0.0725,1.8629,1.7823,0,2000,2000,1,0,27
7,1,27,2000,1,190,4.0725,0.0416,0.0941,0.0577,1.8724,1.8098,0,2000,2000,1,0,27
7,1,27,2000,1,191,4.4085,0.0416,0.0941,0.052,2.2058,2.1489,0,2000,2000,1,0,27
7,1,27,2000,1,192,4.7696,0.0402,0.102,0.0254,2.3413,2.1202,1,2000,2000,1,0,27
7,1,27,2000,1,193,3.5347,0.0402,0.102,0.0485,1.8912,1.8376,0,2000,2000,1,0,27
7,1,27,2000,1,194,4.1284,0.0402,0.102,0.0533,2.032,1.9736,0,2000,2000,1,0,27
7,1,27,2000,1,195,4.2959,0.0402,0.102,0.056,1.9561,1.8946,0,2000,2000,1,0,27
7,1,27,2000,1,196,5.7236,0.0571,0.1097,0.0264,2.409,2.1635,1,2000,2000,1,0,27
7,1,27,2000,1,197,6.6249,0.0571,0.1097,0.0613,2.0329,1.965,0,2000,2000,1,0,27
7,1,27,2000,1,198,8.9691,0.0403,0.1179,0.0254,2.5573,2.3084,1,2000,2000,1,3,27
7,1,27,2000,1,199,3.9597,0.0403,0.1179,0.0548,2.1756,2.115,0,2000,2000,1,0,27
7,1,27,2000,1,200,4.4736,0.0403,0.1179,0.0579,2.6223,2.5592,0,2000,2000,1,0,27
7,1,27,2000,1,201,3.9187,0.0403,0.1179,0.0567,2.1363,2.0726,0,2000,2000,1,0,27
7,1,27,2000,1,202,4.5163,0.0579,0.127,0.026,2.6342,2.3556,1,2000,2000,1,0,27
7,1,27,2000,1,203,7.5883,0.0579,0.127,0.0564,2.0013,1.9392,0,2000,2000,1,0,27
7,1,27,2000,1,204,3.757,0.0579,0.127,0.0494,1.871,1.8154,0,2000,2000,1,0,27
7,1,27,2000,1,205,5.0858,0.0508,0.1248,0.0291,2.4112,2.1434,1,2000,2000,1,0,27
7,1,27,2000,1,206,3.5012,0.0508,0.1248,0.0491,1.8912,1.8366,0,2000,2000,1,0,27
7,1,27,2000,1,207,4.156,0.0508,0.1248,0.0506,2.079,2.0226,0,2000,2000,1,0,27
7,1,27,2000,1,208,4.0229,0.0508,0.1248,0.0446,1.846,1.7959,0,2000,2000,1,0,27
7,1,27,2000,1,209,5.0388,0.0367,0.157,0.0293,2.6551,2.3633,1,2000,2000,1,0,27
7,1,27,2000,1,210,3.5887,0.0367,0.157,0.0414,1.8573,1.8111,0,2000,2000,1,0,27
7,1,27,2000,1,211,8.2518,0.0367,0.157,0.0689,2.1354,2.06,0,2000,2000,1,0,27
7,1,27,2000,1,212,4.9927,0.0427,0.1268,0.0273,2.3821,2.1299,1,2000,2000,1,0,27
7,1,27,2000,1,213,7.4731,0.0427,0.1268,0.0848,2.046,1.9536,0,2000,2000,1,0,27
7,1,27,2000,1,214,4.2025,0.0427,0.1268,0.0718,1.9268,1.8495,0,2000,2000,1,0,27
7,1,27,2000,1,215,5.0098,0.0419,0.0961,0.0245,2.6542,2.432,1,2000,2000,1,0,27
7,1,27,2000,1,216,3.9474,0.0419,0.0961,0.0704,2.1674,2.0901,0,2000,2000,1,0,27
7,1,27,2000,1,217,7.69,0.0419,0.0961,0.0528,2.0341,1.9759,0,2000,2000,1,0,27
7,1,27,2000,1,218,9.454,0.0371,0.11,0.0246,2.4801,2.2476,1,2000,2000,1,0,27
7,1,27,2000,1,219,3.6508,0.0371,0.11,0.0698,1.9202,1.8449,0,2000,2000,1,0,27
7,1,27,2000,1,220,3.5988,0.0371,0.11,0.0455,1.9243,1.8741,0,2000,2000,1,0,27
7,1,27,2000,1,221,4.8892,0.0479,0.1367,0.0287,2.477,2.2033,1,2000,2000,1,0,27
7,1,27,2000,1,222,3.6273,0.0479,0.1367,0.0516,1.9606,1.9039,0,2000,2000,1,0,27
7,1,27,2000,1,223,3.9754,0.0479,0.1367,0.0434,2.0451,1.9966,0,2000,2000,1,0,27
7,1,27,2000,1,224,4.2585,0.0479,0.1367,0.0577,2.0037,1.9394,0,2000,2000,1,0,27
7,1,27,2000,1,225,4.8001,0.0462,0.1187,0.0274,2.5973,2.3356,1,2000,2000,1,1,27
7,1,27,2000,1,226,3.984,0.0462,0.1187,0.0675,2.0932,2.0186,0,2000,2000,1,0,27
7,1,27,2000,1,227,4.2989,0.0462,0.1187,0.0534,2.0759,2.0124,0,2000,2000,1,0,27
7,1,27,2000,1,228,9.1601,0.0533,0.1013,0.0276,2.7385,2.5054,1,2000,2000,1,0,27
7,1,27,2000,1,229,3.4644,0.0533,0.1013,0.0436,1.8468,1.7985,0,2000,2000,1,0,27
7,1,27,2000,1,230,7.6027,0.0533,0.1013,0.0459,2.0935,2.0426,0,2000,2000,1,0,27
7,1,27,2000,1,231,4.7259,0.051,0.1042,0.0255,2.2939,2.0566,1,2000,2000,1,0,27
7,1,27,2000,1,232,3.6412,0.051,0.1042,0.0709,1.8847,1.8068,0,2000,2000,1,0,27
7,1,27,2000,1,233,4.2955,0.051,0.1042,0.0751,1.9824,1.9018,0,2000,2000,1,0,27
7,1,27,2000,1,234,9.1839,0.0567,0.0931,0.0257,2.707,2.4608,1,2000,2000,1,0,27
7,1,27,2000,1,235,7.4463,0.0567,0.0931,0.07,2.1592,2.0842,0,2000,2000,1,0,27
7,1,27,2000,1,236,8.8858,0.0691,0.1018,0.0262,2.4589,2.2058,1,2000,2000,1,0,27
7,1,27,2000,1,237,7.7229,0.0691,0.1018,0.0589,2.0096,1.945,0,2000,2000,1,0,27
7,1,27,2000,1,238,9.0217,0.0546,0.1032,0.0263,2.4738,2.2267,1,2000,2000,1,0,27
7,1,27,2000,1,239,3.5066,0.0546,0.1032,0.048,1.8326,1.7795,0,2000,2000,1,0,27
7,1,27,2000,1,240,3.8845,0.0546,0.1032,0.0591,1.9758,1.9115,0,2000,2000,1,0,27
7,1,27,2000,1,241,4.3543,0.0546,0.1032,0.0742,2.1786,2.0978,0,2000,2000,1,0,27
7,1,27,2000,1,242,5.156,0.0588,0.1045,0.0265,2.6343,2.3765,1,2000,2000,1,0,27
7,1,27,2000,1,243,7.5587,0.0588,0.1045,0.0564,2.0446,1.9825,0,2000,2000,1,0,27
7,1,27,2000,1,244,8.7984,0.0422,0.0912,0.0245,2.5629,2.3471,1,2000,2000,1,0,27
7,1,27,2000,1,245,3.3737,0.0422,0.0912,0.0458,1.8341,1.7836,0,2000,2000,1,0,27
7,1,27,2000,1,246,4.1138,0.0422,0.0912,0.078,2.025,1.9397,0,2000,2000,1,0,27
7,1,27,2000,1,247,4.034,0.0422,0.0912,0.0605,1.9114,1.8435,0,2000,2000,1,0,27
7,1,27,2000,1,248,5.0369,0.0347,0.098,0.0285,2.3297,2.1101,1,2000,2000,1,0,27
7,1,27,2000,1,249,3.4741,0.0347,0.098,0.0473,1.8393,1.7861,0,2000,2000,1,0,27
7,1,27,2000,1,250,8.4934,0.0347,0.098,0.0451,2.0278,1.977,0,2000,2000,1,0,27
7,1,27,2000,1,251,5.8755,0.0445,0.0931,0.0265,2.446,2.2361,1,2000,2000,1,0,27
7,1,27,2000,1,252,6.3409,0.0445,0.0931,0.0469,1.8645,1.8126,0,2000,2000,1,0,27
7,1,27,2000,1,253,4.0403,0.0445,0.0931,0.0459,1.8791,1.8289,0,2000,2000,1,0,27
7,1,27,2000,1,254,5.4243,0.037,0.1167,0.0272,2.3384,2.1032,1,2000,2000,1,0,27
7,1,27,2000,1,255,7.0774,0.037,0.1167,0.0459,1.8572,1.8061,0,2000,2000,1,0,27
7,1,27,2000,1,256,4.6282,0.037,0.1167,0.0523,2.0702,2.0125,0,2000,2000,1,0,27
7,1,27,2000,1,257,4.6455,0.038,0.1626,0.028,2.6254,2.3306,1,2000,2000,1,0,27
7,1,27,2000,1,258,7.5778,0.038,0.1626,0.0541,1.9646,1.9054,0,2000,2000,1,0,27
7,1,27,2000,1,259,9.6816,0.0402,0.1773,0.0296,2.9242,2.5755,1,2000,2000,1,0,27
7,1,27,2000,1,260,7.5839,0.0402,0.1773,0.0598,2.0276,1.9626,0,2000,2000,1,0,27
7,1,27,2000,1,261,4.4061,0.0402,0.1773,0.0568,2.1585,2.0963,0,2000,2000,1,0,27
7,1,27,2000,1,262,4.5232,0.0496,0.1208,0.0262,2.5589,2.3118,1,2000,2000,1,0,27
7,1,27,2000,1,263,3.8576,0.0496,0.1208,0.0601,2.0137,1.9481,0,2000,2000,1,0,27
7,1,27,2000,1,264,3.7832,0.0496,0.1208,0.1307,2.0398,1.9021,0,2000,2000,1,0,27
7,1,27,2000,1,265,9.7306,0.0523,0.1359,0.0278,2.9802,2.6869,1,2000,2000,1,0,27
7,1,27,2000,1,266,4.0719,0.0523,0.1359,0.0584,2.0295,1.9637,0,2000,2000,1,0,27
7,1,27,2000,1,267,7.1496,0.0523,0.1359,0.0533,2.2729,2.2137,0,2000,2000,1,0,27
7,1,27,2000,1,268,4.865,0.0464,0.0869,0.0299,2.5617,2.3432,1,2000,2000,1,0,27
7,1,27,2000,1,269,7.5207,0.0464,0.0869,0.0669,2.3713,2.2984,0,2000,2000,1,0,27
7,1,27,2000,1,270,3.576,0.0464,0.0869,0.058,1.9742,1.9108,0,2000,2000,1,0,27
7,1,27,2000,1,271,5.3824,0.054,0.0985,0.0253,2.6277,2.3903,1,2000,2000,1,0,27
7,1,27,2000,1,272,3.5887,0.054,0.0985,0.0479,1.897,1.8433,0,2000,2000,1,0,27
7,1,27,2000,1,273,4.1509,0.054,0.0985,0.0641,2.2448,2.1728,0,2000,2000,1,0,27
7,1,27,2000,1,274,3.8394,0.054,0.0985,0.0463,2.0911,2.0399,0,2000,2000,1,0,27
7,1,27,2000,1,275,5.4102,0.0835,0.1386,0.0291,2.5623,2.2524,1,2000,2000,1,0,27
7,1,27,2000,1,276,3.8976,0.0835,0.1386,0.0595,2.2193,2.1525,0,2000,2000,1,0,27
7,1,27,2000,1,277,3.7661,0.0835,0.1386,0.0695,2.0113,1.934,0,2000,2000,1,0,27
7,1,27,2000,1,278,4.028,0.0835,0.1386,0.0607,2.278,2.2118,0,2000,2000,1,0,27
7,1,27,2000,1,279,4.1724,0.0405,0.0951,0.026,2.4658,2.2507,1,2000,2000,1,0,27
7,1,27,2000,1,280,8.2171,0.0405,0.0951,0.0667,2.1291,2.0569,0,2000,2000,1,0,27
7,1,27,2000,1,281,8.7714,0.0448,0.0944,0.0255,2.4122,2.1939,1,2000,2000,1,0,27
7,1,27,2000,1,282,7.6701,0.0448,0.0944,0.0519,1.9229,1.8667,0,2000,2000,1,0,27
7,1,27,2000,1,283,9.5605,0.0396,0.1088,0.0273,2.5611,2.3257,1,2000,2000,1,0,27
7,1,27,2000,1,284,7.0565,0.0396,0.1088,0.0577,2.131,2.0681,0,2000,2000,1,0,27
7,1,27,2000,1,285,4.0104,0.0396,0.1088,0.056,1.9829,1.9219,0,2000,2000,1,0,27
7,1,27,2000,1,286,5.159,0.0401,0.1083,0.0246,2.931,2.7016,1,2000,2000,1,0,27
7,1,27,2000,1,287,3.6846,0.0401,0.1083,0.0448,1.9165,1.8656,0,2000,2000,1,0,27
7,1,27,2000,1,288,3.671,0.0401,0.1083,0.0563,2.1068,2.0454,0,2000,2000,1,0,27
7,1,27,2000,1,289,4.0778,0.0401,0.1083,0.0449,2.0118,1.9617,0,2000,2000,1,0,27
7,1,27,2000,1,290,8.9412,0.0506,0.1209,0.0283,2.4283,2.1741,1,2000,2000,1,0,27
7,1,27,2000,1,291,3.8795,0.0506,0.1209,0.0495,2.0649,2.0093,0,2000,2000,1,0,27
7,1,27,2000,1,292,9.009,0.0479,0.1047,0.0264,2.4444,2.2065,1,2000,2000,1,0,27
7,1,27,2000,1,293,4.1548,0.0479,0.1047,0.066,2.4127,2.3404,0,2000,2000,1,0,27
7,1,27,2000,1,294,7.7448,0.0479,0.1047,0.0481,2.3556,2.3016,0,2000,2000,1,0,27
7,1,27,2000,1,295,8.918,0.0401,0.1063,0.0275,2.6546,2.3939,1,2000,2000,1,0,27
7,1,27,2000,1,296,3.4925,0.0401,0.1063,0.0575,1.8663,1.8032,0,2000,2000,1,0,27
7,1,27,2000,1,297,8.7936,0.0562,0.1294,0.0291,2.4907,2.2207,1,2000,2000,1,0,27
7,1,27,2000,1,298,3.8651,0.0562,0.1294,0.0563,2.188,2.126,0,2000,2000,1,0,27
7,1,27,2000,1,299,3.5942,0.0562,0.1294,0.0739,1.9723,1.8931,0,2000,2000,1,0,27
7,1,27,2000,1,300,9.4656,0.0407,0.1454,0.0298,2.8226,2.5313,1,2000,2000,1,0,27
7,1,27,2000,1,301,3.5492,0.0407,0.1454,0.0526,1.8885,1.8301,0,2000,2000,1,0,27
7,1,27,2000,1,302,8.1495,0.0407,0.1454,0.0467,2.1446,2.0932,0,2000,2000,1,0,27
7,1,27,2000,1,303,4.8631,0.0395,0.1108,0.0273,2.5105,2.2712,1,2000,2000,1,0,27
7,1,27,2000,1,304,7.3508,0.0395,0.1108,0.0468,1.9298,1.8776,0,2000,2000,1,0,27
7,1,27,2000,1,305,9.1185,0.0351,0.1518,0.0284,2.6798,2.3505,1,2000,2000,1,0,27
7,1,27,2000,1,306,8.1518,0.0351,0.1518,0.0489,2.1255,2.0681,0,2000,2000,1,0,27
7,1,27,2000,1,307,8.7363,0.0427,0.099,0.0273,2.6432,2.4191,1,2000,2000,1,0,27
7,1,27,2000,1,308,3.7403,0.0427,0.099,0.0527,1.9719,1.9135,0,2000,2000,1,0,27
7,1,27,2000,1,309,3.3897,0.0427,0.099,0.0512,1.8616,1.8053,0,2000,2000,1,0,27
7,1,27,2000,1,310,4.4018,0.0427,0.099,0.0446,2.0668,2.017,0,2000,2000,1,0,27
7,1,27,2000,1,311,5.5027,0.0539,0.1307,0.0358,2.7821,2.5047,1,2000,2000,1,0,27
7,1,27,2000,1,312,3.7507,0.0539,0.1307,0.0466,2.0837,2.032,0,2000,2000,1,0,27
7,1,27,2000,1,313,3.5754,0.0539,0.1307,0.0606,2.0606,1.9939,0,2000,2000,1,0,27
7,1,27,2000,1,314,3.7942,0.0539,0.1307,0.0422,2.0688,2.0213,0,2000,2000,1,0,27
7,1,27,2000,1,315,4.8141,0.0479,0.1293,0.0257,2.447,2.1874,1,2000,2000,1,0,27
7,1,27,2000,1,316,3.8039,0.0479,0.1293,0.0451,1.9483,1.8973,0,2000,2000,1,0,27
7,1,27,2000,1,317,3.896,0.0479,0.1293,0.0586,2.0312,1.9671,0,2000,2000,1,0,27
7,1,27,2000,1,318,4.5016,0.0479,0.1293,0.0524,2.2072,2.1494,0,2000,2000,1,0,27
7,1,27,2000,1,319,4.5088,0.0575,0.1049,0.0258,2.4196,2.1743,1,2000,2000,1,0,27
7,1,27,2000,1,320,3.6498,0.0575,0.1049,0.0477,1.8857,1.8328,0,2000,2000,1,0,27
7,1,27,2000,1,321,3.9274,0.0575,0.1049,0.0473,2.0662,2.0138,0,2000,2000,1,0,27
7,1,27,2000,1,322,4.2035,0.0575,0.1049,0.0753,2.0654,1.9832,0,2000,2000,1,0,27
7,1,27,2000,1,323,4.5818,0.0423,0.1237,0.0272,2.3229,2.0681,1,2000,2000,1,0,27
7,1,27,2000,1,324,3.6426,0.0423,0.1237,0.0482,1.9551,1.902,0,2000,2000,1,0,27
7,1,27,2000,1,325,4.3333,0.0423,0.1237,0.051,2.0766,2.02,0,2000,2000,1,0,27
7,1,27,2000,1,326,4.4519,0.0423,0.1237,0.0628,2.0937,2.0239,0,2000,2000,1,0,27
7,1,27,2000,1,327,5.0207,0.0419,0.2227,0.0295,2.892,2.529,1,2000,2000,1,160,27
7,1,27,2000,1,328,7.4559,0.0419,0.2227,0.0496,2.2654,2.2094,0,2000,2000,1,0,27
7,1,27,2000,1,329,4.3004,0.0419,0.2227,0.0527,2.0169,1.959,0,2000,2000,1,0,27
7,1,27,2000,1,330,4.3733,0.0359,0.1187,0.0273,2.402,2.1501,1,2000,2000,1,0,27
7,1,27,2000,1,331,3.6176,0.0359,0.1187,0.0494,2.1472,2.0912,0,2000,2000,1,0,27
7,1,27,2000,1,332,6.7141,0.0359,0.1187,0.0658,3.1223,3.0471,0,2000,2000,1,0,27
7,1,27,2000,1,333,4.1046,0.0872,0.1307,0.0282,2.4645,2.1597,1,2000,2000,1,0,27
7,1,27,2000,1,334,3.9102,0.0553,0.2248,0.0576,1.9789,1.9165,0,2000,2000,1,0,27
7,1,27,2000,1,335,3.4682,0.0553,0.2248,0.0403,1.8389,1.7933,0,2000,2000,1,0,27
7,1,27,2000,1,336,6.8511,0.0553,0.2248,0.05,1.9433,1.8879,0,2000,2000,1,0,27
7,1,27,2000,1,337,9.2064,0.0455,0.1349,0.0272,2.5668,2.2989,1,2000,2000,1,1,27
7,1,27,2000,1,338,3.6795,0.0455,0.1349,0.0457,2.0392,1.9877,0,2000,2000,1,0,27
7,1,27,2000,1,339,3.9242,0.0455,0.1349,0.0643,2.0973,2.0256,0,2000,2000,1,0,27
7,1,27,2000,1,340,9.3027,0.0395,0.4909,0.028,3.085,2.425,1,2000,2000,1,320,27
7,1,27,2000,1,341,7.3149,0.0395,0.4909,0.0848,2.2709,2.1785,0,2000,2000,1,0,27
7,1,27,2000,1,342,9.4355,0.0452,0.1717,0.0277,2.9056,2.5956,1,2000,2000,1,0,27
7,1,27,2000,1,343,4.3539,0.0452,0.1717,0.0533,2.1089,2.0507,0,2000,2000,1,0,27
7,1,27,2000,1,344,4.7653,0.0909,0.1996,0.0253,3.2042,2.8187,1,2000,2000,1,0,27
7,1,27,2000,1,345,6.8712,0.0531,0.1952,0.0465,2.0977,2.0452,0,2000,2000,1,0,27
7,1,27,2000,1,346,8.0135,0.0531,0.1952,0.0616,2.222,2.1538,0,2000,2000,1,0,27
7,1,27,2000,1,347,4.5093,0.0489,0.1475,0.0267,2.6026,2.3211,1,2000,2000,1,0,27
7,1,27,2000,1,348,4.3733,0.0489,0.1475,0.0715,2.3071,2.2284,0,2000,2000,1,0,27
7,1,27,2000,1,349,5.4181,0.0489,0.1475,0.0628,2.769,2.6991,0,2000,2000,1,0,27
7,1,27,2000,1,350,7.8447,0.0486,0.2963,0.0302,3.1997,2.7645,1,2000,2000,1,160,27
7,1,27,2000,1,351,6.874,0.0486,0.2963,0.0593,2.0819,2.0176,0,2000,2000,1,0,27
7,1,27,2000,1,352,9.3574,0.0486,0.2003,0.0272,2.7096,2.3738,1,2000,2000,1,160,27
7,1,27,2000,1,353,7.0604,0.0486,0.2003,0.0456,1.8903,1.8394,0,2000,2000,1,0,27
7,1,27,2000,1,354,9.1904,0.0795,0.1163,0.0273,2.6282,2.348,1,2000,2000,1,0,27
7,1,27,2000,1,355,7.7669,0.0795,0.1163,0.0891,2.1193,2.022,0,2000,2000,1,0,27
7,1,27,2000,1,356,9.1449,0.0385,0.144,0.0265,2.7653,2.4344,1,2000,2000,1,0,27
7,1,27,2000,1,357,3.7485,0.0385,0.144,0.0464,1.9749,1.9229,0,2000,2000,1,0,27
7,1,27,2000,1,358,3.7617,0.0385,0.144,0.0512,1.9109,1.8547,0,2000,2000,1,0,27
7,1,27,2000,1,359,3.8461,0.0385,0.144,0.0489,2.0581,2.0044,0,2000,2000,1,0,27
7,1,27,2000,1,360,5.5931,0.0456,0.4505,0.0249,3.0927,2.5193,1,2000,2000,1,320,27
7,1,27,2000,1,361,3.8345,0.0456,0.4505,0.0622,2.0056,1.9384,0,2000,2000,1,0,27
7,1,27,2000,1,362,3.5561,0.0456,0.4505,0.0491,2.0016,1.9467,0,2000,2000,1,0,27
7,1,27,2000,1,363,3.9196,0.0456,0.4505,0.0625,2.194,2.1251,0,2000,2000,1,0,27
7,1,27,2000,1,364,4.6967,0.0431,0.1914,0.0265,2.6889,2.3757,1,2000,2000,1,160,27
7,1,27,2000,1,365,3.4855,0.0431,0.1914,0.0601,1.9783,1.9136,0,2000,2000,1,0,27
7,1,27,2000,1,366,4.2619,0.0431,0.1914,0.0584,2.1287,2.0636,0,2000,2000,1,0,27
7,1,27,2000,1,367,9.9127,0.0589,0.1389,0.0274,3.3666,3.0805,1,2000,2000,1,0,27
7,1,27,2000,1,368,6.7413,0.0589,0.1389,0.0562,2.166,2.103,0,2000,2000,1,0,27
7,1,27,2000,1,369,4.0465,0.0589,0.1389,0.0513,2.0054,1.9487,0,2000,2000,1,0,27
7,1,27,2000,1,370,5.9271,0.0377,0.6944,0.0282,3.5697,2.7536,1,2000,2000,1,608,27
7,1,27,2000,1,371,3.583,0.0377,0.6944,0.0586,2.0793,2.0147,0,2000,2000,1,0,27
7,1,27,2000,1,372,4.646,0.0377,0.6944,0.0659,2.4002,2.3261,0,2000,2000,1,0,27
7,1,27,2000,1,373,8.1272,0.0501,0.4133,0.0261,3.0701,2.5281,1,2000,2000,1,160,27
7,1,27,2000,1,374,7.1083,0.0501,0.4133,0.0552,2.106,2.0453,0,2000,2000,1,0,27
7,1,27,2000,1,375,3.8798,0.0501,0.4133,0.0559,1.9512,1.8898,0,2000,2000,1,0,27
7,1,27,2000,1,376,5.1923,0.0368,0.2567,0.0262,2.8005,2.4285,1,2000,2000,1,134,27
7,1,27,2000,1,377,7.4236,0.0368,0.2567,0.0439,1.9658,1.9169,0,2000,2000,1,0,27
7,1,27,2000,1,378,9.219,0.0473,0.1958,0.0266,2.6594,2.3357,1,2000,2000,1,0,27
7,1,27,2000,1,379,7.6659,0.0473,0.1958,0.0504,2.1568,2.1,0,2000,2000,1,0,27
7,1,27,2000,1,380,9.9868,0.046,0.4647,0.0287,3.5854,2.9884,1,2000,2000,1,320,27
7,1,27,2000,1,381,3.9638,0.046,0.4647,0.0574,2.1854,2.1227,0,2000,2000,1,0,27
7,1,27,2000,1,382,6.8584,0.046,0.4647,0.0548,2.1105,2.0501,0,2000,2000,1,0,27
7,1,27,2000,1,383,5.4659,0.0546,0.2685,0.0282,3.107,2.7044,1,2000,2000,1,161,27
7,1,27,2000,1,384,3.6788,0.0546,0.2685,0.0444,2.0092,1.9597,0,2000,2000,1,0,27
7,1,27,2000,1,385,3.4687,0.0546,0.2685,0.0658,2.0348,1.9627,0,2000,2000,1,0,27
7,1,27,2000,1,386,4.0138,0.0546,0.2685,0.047,2.1215,2.0688,0,2000,2000,1,0,27
7,1,27,2000,1,387,5.466,0.0413,0.199,0.0282,2.8048,2.4827,1,2000,2000,1,0,27
7,1,27,2000,1,388,3.7007,0.0413,0.199,0.0522,2.055,1.9979,0,2000,2000,1,0,27
7,1,27,2000,1,389,3.6202,0.0413,0.199,0.0448,1.9747,1.9249,0,2000,2000,1,0,27
7,1,27,2000,1,390,3.6607,0.0413,0.199,0.048,2.0517,1.9981,0,2000,2000,1,0,27
7,1,27,2000,1,391,5.7482,0.0413,0.582,0.0273,3.2591,2.5591,1,2000,2000,1,464,27
7,1,27,2000,1,392,7.303,0.0413,0.582,0.1126,2.5831,2.464,0,2000,2000,1,0,27
7,1,27,2000,1,393,9.1765,0.0456,0.344,0.0265,3.0907,2.6228,1,2000,2000,1,153,27
7,1,27,2000,1,394,7.259,0.0456,0.344,0.0983,2.1401,2.0335,0,2000,2000,1,0,27
7,1,27,2000,1,395,9.2368,0.037,0.1624,0.0272,2.8029,2.516,1,2000,2000,1,3,27
7,1,27,2000,1,396,3.6801,0.037,0.1624,0.0494,1.9891,1.9348,0,2000,2000,1,0,27
7,1,27,2000,1,397,3.6949,0.037,0.1624,0.0483,2.084,2.0303,0,2000,2000,1,0,27
7,1,27,2000,1,398,4.0754,0.037,0.1624,0.065,2.2947,2.2231,0,2000,2000,1,0,27
7,1,27,2000,1,399,5.4003,0.0472,0.4728,0.0264,3.2231,2.6292,1,2000,2000,1,320,27
7,1,27,2000,1,400,3.5966,0.0472,0.4728,0.0474,2.0666,2.0141,0,2000,2000,1,0,27
7,1,27,2000,1,401,3.6474,0.0472,0.4728,0.0467,2.0553,2.0035,0,2000,2000,1,0,27
7,1,27,2000,1,402,4.3967,0.0472,0.4728,0.0644,2.5322,2.4621,0,2000,2000,1,0,27
7,1,27,2000,1,403,4.97,0.0463,0.2751,0.0271,3.1685,2.768,1,2000,2000,1,165,27
7,1,27,2000,1,404,3.8019,0.0463,0.2751,0.0558,2.121,2.0602,0,2000,2000,1,0,27
7,1,27,2000,1,405,3.8212,0.0463,0.2751,0.0482,2.0927,2.0395,0,2000,2000,1,0,27
7,1,27,2000,1,406,3.6821,0.0463,0.2751,0.0477,2.0243,1.9713,0,2000,2000,1,0,27
7,1,27,2000,1,407,5.0519,0.0604,0.298,0.0301,2.9894,2.5488,1,2000,2000,1,12,27
7,1,27,2000,1,408,7.4814,0.0604,0.298,0.0512,2.2584,2.2012,0,2000,2000,1,0,27
7,1,27,2000,1,409,14.0851,0.0375,0.3214,0.0271,3.5327,3.0926,1,2000,2000,1,175,27
7,1,27,2000,1,410,3.696,0.0375,0.3214,0.0483,2.0235,1.9704,0,2000,2000,1,0,27
7,1,27,2000,1,411,8.8596,0.0464,0.5311,0.026,3.4271,2.7834,1,2000,2000,1,438,27
7,1,27,2000,1,412,6.9434,0.0464,0.5311,0.0635,2.2628,2.1931,0,2000,2000,1,0,27
7,1,27,2000,1,413,9.1589,0.0367,0.3484,0.0273,3.2239,2.7634,1,2000,2000,1,249,27
7,1,27,2000,1,414,3.7985,0.0367,0.3484,0.0596,2.2916,2.2267,0,2000,2000,1,0,27
7,1,27,2000,1,415,3.7244,0.0367,0.3484,0.0599,2.1249,2.059,0,2000,2000,1,0,27
7,1,27,2000,1,416,4.1844,0.0367,0.3484,0.0474,2.1615,2.1068,0,2000,2000,1,0,27
7,1,27,2000,1,417,5.0843,0.0435,0.4095,0.0282,3.2007,2.6695,1,2000,2000,1,114,27
7,1,27,2000,1,418,4.3564,0.0435,0.4095,0.0477,2.104,2.0494,0,2000,2000,1,0,27
7,1,27,2000,1,419,3.9224,0.0435,0.4095,0.06,2.0765,2.0108,0,2000,2000,1,0,27
7,1,27,2000,1,420,6.3774,0.1056,0.7161,0.0257,4.5514,3.6518,1,2000,2000,1,464,27
7,1,27,2000,1,421,4.2026,0.0637,0.051,0.051,2.1126,2.0539,0,2000,2000,1,0,27
7,1,27,2000,1,422,3.5862,0.0637,0.051,0.0439,1.9835,1.9348,0,2000,2000,1,0,27
7,1,27,2000,1,423,3.6025,0.0637,0.051,0.0409,2.0032,1.9572,0,2000,2000,1,0,27
7,1,27,2000,1,424,4.7931,0.0573,0.5805,0.0322,3.4186,2.6896,1,2000,2000,1,416,27
7,1,27,2000,1,425,4.5561,0.1202,0.0878,0.0428,2.4707,2.422,0,2000,2000,1,0,27
7,1,27,2000,1,426,5.0236,0.1202,0.0878,0.1046,2.1815,2.0695,0,2000,2000,1,0,27
7,1,27,2000,1,427,4.6231,0.1202,0.0878,0.0561,2.2661,2.2041,0,2000,2000,1,0,27
7,1,27,2000,1,428,9.11,0.0496,0.3393,0.0475,3.1769,2.6832,1,2000,2000,1,163,27
7,1,27,2000,1,429,3.8886,0.0496,0.3393,0.0476,2.1091,2.0562,0,2000,2000,1,0,27
7,1,27,2000,1,430,3.6385,0.0496,0.3393,0.0568,2.0578,1.9958,0,2000,2000,1,0,27
7,1,27,2000,1,431,5.763,0.0385,0.7019,0.0266,3.6556,2.8334,1,2000,2000,1,484,27
7,1,27,2000,1,432,6.2883,0.0385,0.7019,0.0549,2.2108,2.1505,0,2000,2000,1,0,27
7,1,27,2000,1,433,4.6834,0.0385,0.7019,0.0547,2.2796,2.2192,0,2000,2000,1,0,27
7,1,27,2000,1,434,9.918,0.0406,0.4951,0.0255,3.6839,3.0749,1,2000,2000,1,337,27
7,1,27,2000,1,435,6.5222,0.0406,0.4951,0.0482,2.2338,2.1808,0,2000,2000,1,0,27
7,1,27,2000,1,436,6.2011,0.0385,0.9545,0.0283,4.1246,3.0494,1,2000,2000,1,278,27
7,1,27,2000,1,437,5.9116,0.0385,0.9545,0.0487,2.0444,1.9904,0,2000,2000,1,0,27
7,1,27,2000,1,438,4.5927,0.0385,0.9545,0.0524,2.2017,2.1434,0,2000,2000,1,0,27
7,1,27,2000,1,439,9.6764,0.0508,0.5197,0.0273,3.5209,2.8813,1,2000,2000,1,257,27
7,1,27,2000,1,440,7.0251,0.0508,0.5197,0.0473,2.4635,2.4104,0,2000,2000,1,0,27
7,1,27,2000,1,441,9.912,0.035,0.4293,0.0245,3.5725,3.0297,1,2000,2000,1,258,27
7,1,27,2000,1,442,3.8139,0.035,0.4293,0.0433,2.1702,2.1215,0,2000,2000,1,0,27
7,1,27,2000,1,443,8.2697,0.0369,0.4953,0.0259,3.4763,2.8786,1,2000,2000,1,249,27
7,1,27,2000,1,444,3.7684,0.0369,0.4953,0.0481,2.0686,2.0152,0,2000,2000,1,0,27
7,1,27,2000,1,445,7.556,0.0369,0.4953,0.0479,2.2924,2.2389,0,2000,2000,1,0,27
7,1,27,2000,1,446,5.5344,0.0461,0.3873,0.0272,3.6281,3.116,1,2000,2000,1,230,27
7,1,27,2000,1,447,6.8556,0.0461,0.3873,0.0578,2.2127,2.1497,0,2000,2000,1,0,27
7,1,27,2000,1,448,4.0049,0.0461,0.3873,0.0431,2.2053,2.1565,0,2000,2000,1,0,27
7,1,27,2000,1,449,5.6867,0.0523,0.4487,0.029,3.533,2.9485,1,2000,2000,1,231,27
7,1,27,2000,1,450,7.131,0.0523,0.4487,0.0457,2.2315,2.1807,0,2000,2000,1,0,27
7,1,27,2000,1,451,3.9674,0.0523,0.4487,0.0457,2.0796,2.0291,0,2000,2000,1,0,27
7,1,27,2000,1,452,5.4069,0.0412,0.3712,0.025,3.2707,2.7807,1,2000,2000,1,209,27
7,1,27,2000,1,453,6.8975,0.0412,0.3712,0.0483,2.0945,2.0403,0,2000,2000,1,0,27
7,1,27,2000,1,454,4.3555,0.0412,0.3712,0.0404,2.2405,2.1944,0,2000,2000,1,0,27
7,1,27,2000,1,455,5.9711,0.0454,0.3669,0.0267,3.8341,3.3396,1,2000,2000,1,190,27
7,1,27,2000,1,456,4.2634,0.0454,0.3669,0.04,2.134,2.089,0,2000,2000,1,0,27
7,1,27,2000,1,457,3.8689,0.0454,0.3669,0.0442,2.0607,2.0116,0,2000,2000,1,0,27
7,1,27,2000,1,458,5.6808,0.3773,0.398,0.0258,4.1376,3.2707,1,2000,2000,1,187,27
7,1,27,2000,1,459,4.264,0.0499,0.0505,0.0804,2.2878,2.2014,0,2000,2000,1,0,27
7,1,27,2000,1,460,3.9463,0.0499,0.0505,0.054,2.1222,2.0627,0,2000,2000,1,0,27
7,1,27,2000,1,461,3.6771,0.0499,0.0505,0.0451,2.0336,1.9837,0,2000,2000,1,0,27
7,1,27,2000,1,462,4.9768,0.0604,0.3592,0.0272,3.328,2.8156,1,2000,2000,1,155,27
7,1,27,2000,1,463,4.5011,0.0666,0.2594,0.0709,2.243,2.1648,0,2000,2000,1,0,27
7,1,27,2000,1,464,3.6269,0.0666,0.2594,0.0563,2.0368,1.9749,0,2000,2000,1,0,27
7,1,27,2000,1,465,3.9046,0.0666,0.2594,0.0591,2.154,2.0892,0,2000,2000,1,0,27
7,1,27,2000,1,466,4.7839,0.0619,0.3486,0.0258,3.1731,2.6794,1,2000,2000,1,146,27
7,1,27,2000,1,467,4.2773,0.0457,0.1208,0.0506,2.1854,2.1286,0,2000,2000,1,0,27
7,1,27,2000,1,468,3.7552,0.0457,0.1208,0.0719,2.0881,2.0097,0,2000,2000,1,0,27
7,1,27,2000,1,469,4.1278,0.0457,0.1208,0.0626,2.2799,2.2117,0,2000,2000,1,0,27
7,1,27,2000,1,470,5.4873,0.0601,0.4723,0.026,3.7916,3.1742,1,2000,2000,1,134,27
7,1,27,2000,1,471,4.1035,0.0577,0.1802,0.0454,2.2334,2.1815,0,2000,2000,1,0,27
7,1,27,2000,1,472,8.13,0.0577,0.1802,0.0652,2.3788,2.308,0,2000,2000,1,0,27
7,1,27,2000,1,473,5.4108,0.0677,0.2885,0.0273,3.3305,2.8967,1,2000,2000,1,133,27
7,1,27,2000,1,474,3.8571,0.0677,0.2885,0.0585,2.147,2.0839,0,2000,2000,1,0,27
7,1,27,2000,1,475,3.6644,0.0677,0.2885,0.0569,2.0804,2.0177,0,2000,2000,1,0,27
7,1,27,2000,1,476,3.9777,0.0677,0.2885,0.0687,2.4247,2.3501,0,2000,2000,1,0,27
7,1,27,2000,1,477,5.4021,0.0428,0.2787,0.0259,3.3435,2.9444,1,2000,2000,1,113,27
7,1,27,2000,1,478,6.881,0.0428,0.2787,0.0377,2.1893,2.1465,0,2000,2000,1,0,27
7,1,27,2000,1,479,10.0345,0.0368,0.2983,0.0273,3.6914,3.2756,1,2000,2000,1,110,27
7,1,27,2000,1,480,7.2837,0.0368,0.2983,0.0591,2.322,2.2567,0,2000,2000,1,0,27
7,1,27,2000,1,481,9.3131,0.0568,0.3078,0.0282,3.6538,3.1953,1,2000,2000,1,101,27
7,1,27,2000,1,482,6.5453,0.0568,0.3078,0.0543,2.3176,2.2579,0,2000,2000,1,0,27
7,1,27,2000,1,483,4.3723,0.0568,0.3078,0.0579,2.1558,2.0911,0,2000,2000,1,0,27
7,1,27,2000,1,484,9.5236,0.0551,0.3541,0.0273,3.4602,2.9757,1,2000,2000,1,84,27
7,1,27,2000,1,485,6.9426,0.0551,0.3541,0.0585,2.2656,2.2015,0,2000,2000,1,0,27
7,1,27,2000,1,486,5.8232,0.0387,0.5078,0.0274,3.3125,2.6872,1,2000,2000,1,96,27
7,1,27,2000,1,487,6.8205,0.0387,0.5078,0.0655,2.283,2.2119,0,2000,2000,1,0,27
7,1,27,2000,1,488,9.5871,0.0386,0.2951,0.026,3.1682,2.7468,1,2000,2000,1,80,27
7,1,27,2000,1,489,7.3195,0.0386,0.2951,0.0469,2.3463,2.2933,0,2000,2000,1,0,27
7,1,27,2000,1,490,4.0905,0.0386,0.2951,0.0988,2.1927,2.0882,0,2000,2000,1,0,27
7,1,27,2000,1,491,9.1523,0.0417,0.3288,0.0275,3.1668,2.718,1,2000,2000,1,76,27
7,1,27,2000,1,492,7.1659,0.0417,0.3288,0.0657,2.2345,2.1628,0,2000,2000,1,0,27
7,1,27,2000,1,493,9.7404,0.0489,0.3435,0.0253,3.2365,2.7625,1,2000,2000,1,73,27
7,1,27,2000,1,494,7.0152,0.0489,0.3435,0.0598,2.2419,2.1772,0,2000,2000,1,0,27
7,1,27,2000,1,495,5.0936,0.037,0.2905,0.0802,2.9747,2.5176,1,2000,2000,1,77,27
7,1,27,2000,1,496,3.877,0.037,0.2905,0.0625,2.1647,2.0963,0,2000,2000,1,0,27
7,1,27,2000,1,497,3.6456,0.037,0.2905,0.0466,2.0631,2.0115,0,2000,2000,1,0,27
7,1,27,2000,1,498,9.5455,0.0502,0.2414,0.0253,3.2027,2.8372,1,2000,2000,1,62,27
7,1,27,2000,1,499,7.1166,0.0502,0.2414,0.0651,2.1273,2.0567,0,2000,2000,1,0,27
7,1,27,2000,1,500,10.4662,0.042,0.2766,0.0269,3.5806,3.1851,1,2000,2000,1,68,27
7,1,27,2000,1,501,6.0617,0.042,0.2766,0.0557,2.2297,2.1694,0,2000,2000,1,0,27
7,1,27,2000,1,502,4.5,0.042,0.2766,0.0531,2.0974,2.037,0,2000,2000,1,0,27
7,1,27,2000,1,503,5.1754,0.0428,0.2653,0.0282,3.4958,3.107,1,2000,2000,1,67,27
7,1,27,2000,1,504,4.0899,0.0428,0.2653,0.0456,2.3241,2.2726,0,2000,2000,1,0,27
7,1,27,2000,1,505,7.9072,0.0428,0.2653,0.0594,2.2687,2.2032,0,2000,2000,1,0,27
7,1,27,2000,1,506,8.8406,0.0343,0.2776,0.0265,3.3247,2.9354,1,2000,2000,1,62,27
7,1,27,2000,1,507,3.8609,0.0343,0.2776,0.0496,2.124,2.0694,0,2000,2000,1,0,27
7,1,27,2000,1,508,4.8427,0.0677,0.2749,0.0389,3.2097,2.6617,1,2000,2000,1,53,27
7,1,27,2000,1,509,4.1081,0.0504,0.0401,0.0627,2.2946,2.2264,0,2000,2000,1,0,27
7,1,27,2000,1,510,3.4908,0.0504,0.0401,0.0558,2.0336,1.9725,0,2000,2000,1,0,27
7,1,27,2000,1,511,3.7061,0.0504,0.0401,0.0459,2.0793,2.0278,0,2000,2000,1,0,27
7,1,27,2000,1,512,3.6578,0.0504,0.0401,0.0448,2.0686,2.0189,0,2000,2000,1,0,27
7,1,27,2000,1,513,5.4331,0.0406,0.2944,0.0282,3.3666,2.948,1,2000,2000,1,53,27
7,1,27,2000,1,514,6.9681,0.0406,0.2944,0.0883,2.3179,2.2225,0,2000,2000,1,0,27
7,1,27,2000,1,515,9.6182,0.0366,0.2916,0.0273,3.3225,2.9097,1,2000,2000,1,51,27
7,1,27,2000,1,516,7.0266,0.0366,0.2916,0.0634,2.1868,2.1176,0,2000,2000,1,0,27
7,1,27,2000,1,517,10.9863,0.287,0.2244,0.0267,4.0637,3.469,1,2000,2000,1,63,27
7,1,27,2000,1,518,5.8994,0.287,0.2244,0.0461,2.2768,2.2247,0,2000,2000,1,0,27
7,1,27,2000,1,519,4.7784,0.287,0.2244,0.0913,2.6082,2.5099,0,2000,2000,1,0,27
7,1,27,2000,1,520,5.6641,0.0409,0.403,0.0296,3.3473,2.7537,1,2000,2000,1,41,27
7,1,27,2000,1,521,6.6299,0.0409,0.403,0.1943,2.6796,2.4744,0,2000,2000,1,0,27
7,1,27,2000,1,522,9.3334,0.0444,0.2478,0.0288,3.5149,3.1401,1,2000,2000,1,63,27
7,1,27,2000,1,523,7.0265,0.0444,0.2478,0.1108,2.49,2.3723,0,2000,2000,1,0,27
7,1,27,2000,1,524,9.4025,0.0418,0.2513,0.0348,3.2061,2.8124,1,2000,2000,1,52,27
7,1,27,2000,1,525,3.6241,0.0418,0.2513,0.0524,2.0823,2.0245,0,2000,2000,1,0,27
7,1,27,2000,1,526,3.6762,0.0418,0.2513,0.0665,2.1132,2.0409,0,2000,2000,1,0,27
7,1,27,2000,1,527,3.9629,0.0418,0.2513,0.0515,2.1388,2.0823,0,2000,2000,1,0,27
7,1,27,2000,1,528,4.8055,0.0524,0.2386,0.0292,2.9324,2.5522,1,2000,2000,1,40,27
7,1,27,2000,1,529,3.7839,0.0524,0.2386,0.0578,2.1714,2.1073,0,2000,2000,1,0,27
7,1,27,2000,1,530,3.9687,0.0524,0.2386,0.0622,2.2489,2.1796,0,2000,2000,1,0,27
7,1,27,2000,1,531,4.0511,0.0524,0.2386,0.0592,2.2561,2.1896,0,2000,2000,1,0,27
7,1,27,2000,1,532,6.345,0.1825,0.3002,0.0272,4.3033,3.7311,1,2000,2000,1,45,27
7,1,27,2000,1,533,4.1214,0.1825,0.3002,0.047,2.1815,2.1299,0,2000,2000,1,0,27
7,1,27,2000,1,534,3.5642,0.1825,0.3002,0.0392,2.0273,1.9832,0,2000,2000,1,0,27
7,1,27,2000,1,535,5.4932,0.3624,0.2686,0.0267,3.7957,3.0661,1,2000,2000,1,40,27
7,1,27,2000,1,536,4.3402,0.067,0.2673,0.0523,2.2198,2.1602,0,2000,2000,1,0,27
7,1,27,2000,1,537,3.5564,0.067,0.2673,0.044,2.0221,1.9732,0,2000,2000,1,0,27
7,1,27,2000,1,538,3.5375,0.067,0.2673,0.0505,2.0103,1.9542,0,2000,2000,1,0,27
7,1,27,2000,1,539,4.555,0.0589,0.2095,0.0267,3.009,2.6721,1,2000,2000,1,39,27
7,1,27,2000,1,540,6.6166,0.0455,0.3162,0.0552,2.2205,2.1589,0,2000,2000,1,0,27
7,1,27,2000,1,541,8.055,0.0455,0.3162,0.0669,2.3174,2.2448,0,2000,2000,1,0,27
7,1,27,2000,1,542,5.4427,0.0424,0.2174,0.026,3.2792,2.9409,1,2000,2000,1,42,27
7,1,27,2000,1,543,6.6427,0.0424,0.2174,0.0412,2.0427,1.9963,0,2000,2000,1,0,27
7,1,27,2000,1,544,9.7576,0.0453,0.2498,0.0256,3.0764,2.7031,1,2000,2000,1,29,27
7,1,27,2000,1,545,7.4487,0.0453,0.2498,0.0899,2.3506,2.2546,0,2000,2000,1,0,27
7,1,27,2000,1,546,9.3496,0.0477,0.2488,0.028,3.3579,2.9804,1,2000,2000,1,42,27
7,1,27,2000,1,547,6.8234,0.0477,0.2488,0.0773,2.081,1.9981,0,2000,2000,1,0,27
7,1,27,2000,1,548,11.4053,0.0576,0.236,0.0264,3.4938,3.1118,1,2000,2000,1,39,27
7,1,27,2000,1,549,7.8258,0.0576,0.236,0.0762,2.5285,2.4454,0,2000,2000,1,0,27
7,1,27,2000,1,550,11.7096,0.062,0.2615,0.0316,3.5036,3.086,1,2000,2000,1,17,27
8,0,4,2000,2,151,3.8178,0,0,0.073,2.1208,2.0379,0,2000,2000,1,0,4
8,0,4,2000,2,152,4.5773,0.0208,0.5244,0.0264,2.6077,1.9451,1,2000,2000,1,0,4
8,0,4,2000,2,153,3.4338,0,0,0.0525,1.886,1.8249,0,2000,2000,1,0,4
8,0,4,2000,2,154,4.9485,0,0,0.0945,2.0896,1.983,0,2000,2000,1,0,4
8,0,4,2000,2,155,3.4774,0,0,0.0576,1.9589,1.892,0,2000,2000,1,0,4
8,0,4,2000,2,156,5.052,0.0164,0.6195,0.0366,2.8078,2.0433,1,2000,2000,1,0,4
8,0,4,2000,2,157,3.5668,0,0,0.0655,1.8682,1.7896,0,2000,2000,1,0,4
8,0,4,2000,2,158,8.2647,0,0,0.0688,2.0025,1.914,0,2000,2000,1,0,4
8,0,4,2000,2,159,8.7569,0.019,0.5351,0.0265,2.5917,1.9307,1,2000,2000,1,0,4
8,0,4,2000,2,160,3.827,0,0,0.071,2.1123,2.0302,0,2000,2000,1,0,4
8,0,4,2000,2,161,3.7985,0,0,0.0612,1.9014,1.8322,0,2000,2000,1,0,4
8,0,4,2000,2,162,4.7178,0.0132,0.5162,0.0275,2.5649,1.9278,1,2000,2000,1,0,4
8,0,4,2000,2,163,3.9642,0,0,0.0548,2.3576,2.2901,0,2000,2000,1,0,4
8,0,4,2000,2,164,4.4412,0,0,0.1686,2.3207,2.13,0,2000,2000,1,0,4
8,0,4,2000,2,165,8.8724,0.0174,0.6621,0.0283,2.9239,2.1212,1,2000,2000,1,0,4
8,0,4,2000,2,166,3.6446,0,0,0.0674,1.9856,1.9089,0,2000,2000,1,0,4
8,0,4,2000,2,167,4.1392,0,0,0.0808,2.0094,1.9187,0,2000,2000,1,0,4
8,0,4,2000,2,168,3.4969,0,0,0.057,2.0256,1.9575,0,2000,2000,1,0,4
8,0,4,2000,2,169,5.3933,0.0154,0.6361,0.0272,2.9557,2.1785,1,2000,2000,1,0,4
8,0,4,2000,2,170,3.6844,0,0,0.0681,1.8887,1.8121,0,2000,2000,1,0,4
8,0,4,2000,2,171,4.3369,0,0,0.0691,2.028,1.9462,0,2000,2000,1,0,4
8,0,4,2000,2,172,3.3172,0,0,0.0513,1.8247,1.7628,0,2000,2000,1,0,4
8,0,4,2000,2,173,5.104,0.0156,0.6391,0.028,2.9416,2.1443,1,2000,2000,1,0,4
8,0,4,2000,2,174,3.4896,0,0,0.0646,1.8743,1.8009,0,2000,2000,1,0,4
8,0,4,2000,2,175,4.2253,0,0,0.0678,1.8901,1.8108,0,2000,2000,1,0,4
8,0,4,2000,2,176,8.9931,0.0237,0.5633,0.0281,2.715,2.0026,1,2000,2000,1,0,4
8,0,4,2000,2,177,7.9778,0,0,0.0775,1.9307,1.8428,0,2000,2000,1,0,4
8,0,4,2000,2,178,8.5435,0.0218,0.5649,0.0272,2.7086,2.0085,1,2000,2000,1,0,4
8,0,4,2000,2,179,7.9817,0,0,0.0832,2.0659,1.969,0,2000,2000,1,0,4
8,0,4,2000,2,180,8.7028,0.0155,0.5381,0.0282,2.6477,1.9847,1,2000,2000,1,0,4
8,0,4,2000,2,181,8.1213,0,0,0.0795,2.115,2.0251,0,2000,2000,1,0,4
8,0,4,2000,2,182,8.5433,0.0163,0.5192,0.0282,2.7747,2.1239,1,2000,2000,1,0,4
8,0,4,2000,2,183,7.9807,0,0,0.0977,2.1103,2.0031,0,2000,2000,1,0,4
8,0,4,2000,2,184,3.8785,0,0,0.0568,2.0535,1.9848,0,2000,2000,1,0,4
8,0,4,2000,2,185,4.7766,0.0149,0.596,0.0273,2.7058,1.9801,1,2000,2000,1,0,4
8,0,4,2000,2,186,3.7229,0,0,0.0911,2.1078,2.0078,0,2000,2000,1,0,4
8,0,4,2000,2,187,4.4335,0,0,0.079,2.0612,1.9721,0,2000,2000,1,0,4
8,0,4,2000,2,188,3.7973,0,0,0.0522,2.1168,2.0549,0,2000,2000,1,0,4
8,0,4,2000,2,189,4.778,0.0164,0.5723,0.0273,2.7208,2.0265,1,2000,2000,1,0,4
8,0,4,2000,2,190,3.9063,0,0,0.0783,2.1367,2.0492,0,2000,2000,1,0,4
8,0,4,2000,2,191,4.0559,0,0,0.0661,2.1246,2.0483,0,2000,2000,1,0,4
8,0,4,2000,2,192,4.2394,0,0,0.0798,2.1689,2.0788,0,2000,2000,1,0,4
8,0,4,2000,2,193,4.564,0.0175,0.7047,0.0274,2.8011,1.9705,1,2000,2000,1,0,4
8,0,4,2000,2,194,3.7064,0,0,0.07,1.9982,1.9188,0,2000,2000,1,0,4
8,0,4,2000,2,195,5.1677,0,0,0.0749,2.6662,2.5793,0,2000,2000,1,0,4
8,0,4,2000,2,196,4.4553,0.0147,0.5762,0.028,2.8566,2.1344,1,2000,2000,1,0,4
8,0,4,2000,2,197,3.5919,0,0,0.0794,1.873,1.786,0,2000,2000,1,0,4
8,0,4,2000,2,198,3.5262,0,0,0.0637,1.8722,1.8,0,2000,2000,1,0,4
8,0,4,2000,2,199,4.5614,0,0,0.11,2.0836,1.963,0,2000,2000,1,0,4
8,0,4,2000,2,200,8.075,0.0128,0.5261,0.0245,2.5689,1.9058,1,2000,2000,1,0,4
8,0,4,2000,2,201,8.8685,0,0,0.1401,2.3653,2.2111,0,2000,2000,1,0,4
8,0,4,2000,2,202,4.7838,0.0184,0.6724,0.0273,3.0149,2.1786,1,2000,2000,1,0,4
8,0,4,2000,2,203,6.6215,0,0,0.0779,2.049,1.9622,0,2000,2000,1,0,4
8,0,4,2000,2,204,4.4182,0,0,0.0903,2.1416,2.0398,0,2000,2000,1,0,4
8,0,4,2000,2,205,3.6476,0,0,0.0528,1.8482,1.7854,0,2000,2000,1,0,4
8,0,4,2000,2,206,5.0061,0.0158,0.5928,0.0282,2.7147,1.9973,1,2000,2000,1,0,4
8,0,4,2000,2,207,3.8163,0,0,0.0717,2.0038,1.9232,0,2000,2000,1,0,4
8,0,4,2000,2,208,4.5857,0,0,0.088,2.1537,2.0563,0,2000,2000,1,0,4
8,0,4,2000,2,209,3.3855,0,0,0.0548,1.8281,1.7628,0,2000,2000,1,0,4
8,0,4,2000,2,210,4.9223,0.0176,0.5469,0.0287,2.5268,1.8347,1,2000,2000,1,0,4
8,0,4,2000,2,211,8.1394,0,0,0.0915,1.9437,1.8425,0,2000,2000,1,0,4
8,0,4,2000,2,212,3.8576,0,0,0.064,2.0877,2.0123,0,2000,2000,1,0,4
8,0,4,2000,2,213,4.5137,0.0171,0.5185,0.027,2.4966,1.8516,1,2000,2000,1,0,4
8,0,4,2000,2,214,3.6567,0,0,0.1236,1.9657,1.8325,0,2000,2000,1,0,4
8,0,4,2000,2,215,9.001,0,0,0.073,2.0486,1.958,0,2000,2000,1,0,4
8,0,4,2000,2,216,8.1905,0.0135,0.5256,0.0275,2.5672,1.9188,1,2000,2000,1,0,4
8,0,4,2000,2,217,7.8228,0,0,0.0684,2.013,1.9352,0,2000,2000,1,0,4
8,0,4,2000,2,218,4.9811,0.0176,0.4994,0.0257,2.7344,2.082,1,2000,2000,1,0,4
8,0,4,2000,2,219,3.6473,0,0,0.0771,1.8886,1.8033,0,2000,2000,1,0,4
8,0,4,2000,2,220,4.0489,0,0,0.0578,1.9173,1.8509,0,2000,2000,1,0,4
8,0,4,2000,2,221,9.0789,0.0279,0.6724,0.029,3.0091,2.1987,1,2000,2000,1,0,4
8,0,4,2000,2,222,3.6994,0,0,0.0636,1.8779,1.8054,0,2000,2000,1,0,4
8,0,4,2000,2,223,4.1848,0,0,0.06,1.9566,1.8875,0,2000,2000,1,0,4
8,0,4,2000,2,224,8.6987,0.0224,0.5089,0.0287,2.6158,1.9518,1,2000,2000,1,0,4
8,0,4,2000,2,225,3.5344,0,0,0.0708,1.9299,1.8494,0,2000,2000,1,0,4
8,0,4,2000,2,226,8.6737,0,0,0.0949,2.208,2.1006,0,2000,2000,1,0,4
8,0,4,2000,2,227,4.7568,0.0156,0.5705,0.0282,2.8336,2.1338,1,2000,2000,1,0,4
8,0,4,2000,2,228,8.2541,0,0,0.0916,2.095,1.9911,0,2000,2000,1,0,4
8,0,4,2000,2,229,8.0416,0.0219,0.6303,0.029,2.7406,1.9634,1,2000,2000,1,0,4
8,0,4,2000,2,230,8.1679,0,0,0.1028,2.3439,2.2311,0,2000,2000,1,0,4
8,0,4,2000,2,231,3.6797,0,0,0.0652,2.0179,1.9426,0,2000,2000,1,0,4
8,0,4,2000,2,232,6.2683,0.0162,0.5376,0.0286,2.6109,1.949,1,2000,2000,1,0,4
8,0,4,2000,2,233,6.5034,0,0,0.0703,2.2429,2.1594,0,2000,2000,1,0,4
8,0,4,2000,2,234,8.7714,0.0208,0.6962,0.0273,2.9408,2.0944,1,2000,2000,1,0,4
8,0,4,2000,2,235,9.9718,0,0,0.3691,2.4872,2.1014,0,2000,2000,1,0,4
8,0,4,2000,2,236,6.8789,0.0161,0.5151,0.0274,2.9513,2.2827,1,2000,2000,1,0,4
8,0,4,2000,2,237,8.2482,0,0,0.1075,2.7141,2.5876,0,2000,2000,1,0,4
8,0,4,2000,2,238,8.205,0.0163,0.4885,0.0283,2.8892,2.2517,1,2000,2000,1,0,4
8,0,4,2000,2,239,3.7283,0,0,0.0827,2.0797,1.9874,0,2000,2000,1,0,4
8,0,4,2000,2,240,4.2958,0,0,0.1159,2.4722,2.3402,0,2000,2000,1,0,4
8,0,4,2000,2,241,4.6731,0,0,0.1562,2.7403,2.5654,0,2000,2000,1,0,4
8,0,4,2000,2,242,8.1936,0.0181,0.548,0.0245,2.7591,2.0695,1,2000,2000,1,0,4
8,0,4,2000,2,243,3.9489,0,0,0.0879,2.0255,1.928,0,2000,2000,1,0,4
8,0,4,2000,2,244,3.3979,0,0,0.0538,1.8938,1.8314,0,2000,2000,1,0,4
8,0,4,2000,2,245,4.9551,0.0158,0.5145,0.0269,2.5754,1.9301,1,2000,2000,1,0,4
8,0,4,2000,2,246,3.3744,0,0,0.0545,1.8566,1.794,0,2000,2000,1,0,4
8,0,4,2000,2,247,5.3193,0,0,0.1031,2.3509,2.2335,0,2000,2000,1,0,4
8,0,4,2000,2,248,8.3017,0.0153,0.5284,0.0276,2.7504,2.0802,1,2000,2000,1,0,4
8,0,4,2000,2,249,7.8629,0,0,0.0899,2.3194,2.2155,0,2000,2000,1,0,4
8,0,4,2000,2,250,8.6848,0.0172,0.583,0.0279,2.7881,2.0759,1,2000,2000,1,0,4
8,0,4,2000,2,251,8.1818,0,0,0.1173,2.5238,2.3874,0,2000,2000,1,0,4
8,0,4,2000,2,252,9.1043,0.0158,0.7208,0.0282,3.1202,2.2457,1,2000,2000,1,0,4
8,0,4,2000,2,253,7.3201,0,0,0.0775,2.2399,2.1493,0,2000,2000,1,0,4
8,0,4,2000,2,254,8.992,0.0153,0.5268,0.0246,2.8139,2.1614,1,2000,2000,1,0,4
8,0,4,2000,2,255,7.9069,0,0,0.1153,2.0947,1.9682,0,2000,2000,1,0,4
8,0,4,2000,2,256,8.3923,0.0141,0.5326,0.0282,2.8792,2.2245,1,2000,2000,1,0,4
8,0,4,2000,2,257,7.7454,0,0,0.1031,2.0833,1.9685,0,2000,2000,1,0,4
8,0,4,2000,2,258,11.1699,0.0134,0.6635,0.0283,4.8801,4.0695,1,2000,2000,1,0,4
8,0,4,2000,2,259,6.5622,0,0,0.0947,2.4336,2.3145,0,2000,2000,1,0,4
8,0,4,2000,2,260,8.6516,0.0178,0.6245,0.0302,3.2527,2.48,1,2000,2000,1,0,4
8,0,4,2000,2,261,8.9223,0,0,0.1159,3.0576,2.9273,0,2000,2000,1,0,4
8,0,4,2000,2,262,7.6227,0.0166,0.6282,0.0307,3.3544,2.5778,1,2000,2000,1,0,4
8,0,4,2000,2,263,7.8595,0,0,0.1714,2.4724,2.2832,0,2000,2000,1,0,4
8,0,4,2000,2,264,8.2722,0.0134,0.4988,0.0258,2.8499,2.1988,1,2000,2000,1,0,4
8,0,4,2000,2,265,7.803,0,0,0.0909,2.2012,2.0936,0,2000,2000,1,0,4
8,0,4,2000,2,266,8.9367,0.0131,0.5507,0.0273,2.887,2.1552,1,2000,2000,1,0,4
8,0,4,2000,2,267,7.9811,0,0,0.0849,2.3718,2.2744,0,2000,2000,1,0,4
8,0,4,2000,2,268,5.4826,0.0181,0.6,0.0275,2.8447,2.0131,1,2000,2000,1,0,4
8,0,4,2000,2,269,7.4297,0,0,0.0563,1.9331,1.8675,0,2000,2000,1,0,4
8,0,4,2000,2,270,7.8617,0,0,0.1084,2.4852,2.3575,0,2000,2000,1,0,4
8,0,4,2000,2,271,9.4872,0.0313,0.6077,0.0278,3.3309,2.5527,1,2000,2000,1,0,4
8,0,4,2000,2,272,7.7307,0,0,0.2217,2.4869,2.251,0,2000,2000,1,0,4
8,0,4,2000,2,273,8.5742,0.0163,0.5817,0.0273,3.3445,2.624,1,2000,2000,1,0,4
8,0,4,2000,2,274,4.5314,0,0,0.1,2.5137,2.402,0,2000,2000,1,0,4
8,0,4,2000,2,275,7.5333,0.0151,0.625,0.0281,2.9693,2.1992,1,2000,2000,1,0,4
8,0,4,2000,2,276,4.0395,0,0,0.0588,2.4975,2.4288,0,2000,2000,1,0,4
8,0,4,2000,2,277,7.8255,0,0,0.0881,2.1961,2.0984,0,2000,2000,1,0,4
8,0,4,2000,2,278,4.2791,0.0162,0.5062,0.0264,2.5856,1.9598,1,2000,2000,1,0,4
8,0,4,2000,2,279,4.1644,0,0,0.0611,2.4661,2.3936,0,2000,2000,1,0,4
8,0,4,2000,2,280,8.5352,0,0,0.0841,2.2283,2.1341,0,2000,2000,1,0,4
8,0,4,2000,2,281,5.0904,0.0157,0.5329,0.0281,2.7915,2.1237,1,2000,2000,1,0,4
8,0,4,2000,2,282,7.2811,0,0,0.1016,2.1754,2.0605,0,2000,2000,1,0,4
8,0,4,2000,2,283,3.6696,0,0,0.0637,2.0614,1.9885,0,2000,2000,1,0,4
8,0,4,2000,2,284,4.9957,0.0203,0.6284,0.0275,2.8472,2.0835,1,2000,2000,1,0,4
8,0,4,2000,2,285,4.0859,0,0,0.0774,2.1691,2.081,0,2000,2000,1,0,4
8,0,4,2000,2,286,3.9684,0,0,0.0784,2.1679,2.0801,0,2000,2000,1,0,4
8,0,4,2000,2,287,3.9247,0,0,0.0642,2.2878,2.2141,0,2000,2000,1,0,4
8,0,4,2000,2,288,5.9534,0.0166,0.5442,0.03,3.5165,2.8349,1,2000,2000,1,0,4
8,0,4,2000,2,289,4.1368,0,0,0.0775,2.2337,2.1456,0,2000,2000,1,0,4
8,0,4,2000,2,290,4.5111,0,0,0.0926,2.3843,2.2685,0,2000,2000,1,0,4
8,0,4,2000,2,291,6.8416,0.017,0.6515,0.0274,2.8653,2.0604,1,2000,2000,1,0,4
8,0,4,2000,2,292,3.7353,0,0,0.0706,1.9927,1.912,0,2000,2000,1,0,4
8,0,4,2000,2,293,3.5102,0,0,0.0544,1.8765,1.8124,0,2000,2000,1,0,4
8,0,4,2000,2,294,4.2837,0,0,0.0564,2.0286,1.962,0,2000,2000,1,0,4
8,0,4,2000,2,295,4.9015,0.0155,0.5783,0.0282,2.7714,2.0679,1,2000,2000,1,0,4
8,0,4,2000,2,296,3.6065,0,0,0.0706,2.0298,1.95,0,2000,2000,1,0,4
8,0,4,2000,2,297,4.2141,0,0,0.0688,2.0464,1.968,0,2000,2000,1,0,4
8,0,4,2000,2,298,3.9578,0,0,0.0579,1.9216,1.8512,0,2000,2000,1,0,4
8,0,4,2000,2,299,8.7361,0.0148,0.5298,0.0265,2.5366,1.8839,1,2000,2000,1,0,4
8,0,4,2000,2,300,4.129,0,0,0.0948,2.1859,2.0806,0,2000,2000,1,0,4
8,0,4,2000,2,301,4.2142,0,0,0.1312,2.1545,2.0111,0,2000,2000,1,0,4
8,0,4,2000,2,302,4.5148,0.0165,0.8292,0.0264,2.8678,1.9134,1,2000,2000,1,160,4
8,0,4,2000,2,303,7.6255,0,0,0.0535,2.0331,1.971,0,2000,2000,1,0,4
8,0,4,2000,2,304,9.143,0.0161,0.7021,0.0265,2.7951,1.9444,1,2000,2000,1,0,4
8,0,4,2000,2,305,7.7025,0,0,0.0653,2.1481,2.0722,0,2000,2000,1,0,4
8,0,4,2000,2,306,3.9801,0,0,0.0656,2.0497,1.9753,0,2000,2000,1,0,4
8,0,4,2000,2,307,4.7479,0.0164,0.7001,0.0264,2.7657,1.9463,1,2000,2000,1,0,4
8,0,4,2000,2,308,3.7223,0,0,0.0713,1.9697,1.8898,0,2000,2000,1,0,4
8,0,4,2000,2,309,5.1516,0,0,0.0805,2.1409,2.0486,0,2000,2000,1,0,4
8,0,4,2000,2,310,5.1749,0.016,1.5103,0.0274,3.5393,1.9093,1,2000,2000,1,320,4
8,0,4,2000,2,311,3.6867,0,0,0.0756,1.9276,1.8435,0,2000,2000,1,0,4
8,0,4,2000,2,312,3.7818,0,0,0.1222,2.109,1.9788,0,2000,2000,1,0,4
8,0,4,2000,2,313,3.8683,0,0,0.0737,2.0909,2.0074,0,2000,2000,1,0,4
8,0,4,2000,2,314,3.4721,0,0,0.0589,1.9288,1.8601,0,2000,2000,1,0,4
8,0,4,2000,2,315,5.5418,0.0187,0.8103,0.0322,3.2682,2.3139,1,2000,2000,1,0,4
8,0,4,2000,2,316,7.9084,0,0,0.0935,2.2862,2.1799,0,2000,2000,1,0,4
8,0,4,2000,2,317,8.3808,0.0163,0.7403,0.0265,3.2467,2.368,1,2000,2000,1,0,4
8,0,4,2000,2,318,7.3598,0,0,0.1186,2.2706,2.1402,0,2000,2000,1,0,4
8,0,4,2000,2,319,8.8944,0.0152,0.5679,0.0265,2.9828,2.2558,1,2000,2000,1,0,4
8,0,4,2000,2,320,8.0483,0,0,0.1209,2.4632,2.3302,0,2000,2000,1,0,4
8,0,4,2000,2,321,9.1605,0.015,0.7836,0.0262,3.5946,2.6769,1,2000,2000,1,160,4
8,0,4,2000,2,322,7.2711,0,0,0.1087,2.2647,2.145,0,2000,2000,1,0,4
8,0,4,2000,2,323,9.5033,0.0146,0.7573,0.0274,3.56,2.6726,1,2000,2000,1,160,4
8,0,4,2000,2,324,7.2152,0,0,0.0834,2.2716,2.1759,0,2000,2000,1,0,4
8,0,4,2000,2,325,8.9808,0.0134,0.745,0.0302,3.2302,2.3377,1,2000,2000,1,0,4
8,0,4,2000,2,326,8.2462,0,0,0.1192,2.7914,2.659,0,2000,2000,1,0,4
8,0,4,2000,2,327,10.0146,0.0144,0.7202,0.0265,3.2641,2.4054,1,2000,2000,1,0,4
8,0,4,2000,2,328,6.5208,0,0,0.1544,2.6056,2.4355,0,2000,2000,1,0,4
8,0,4,2000,2,329,9.2934,0.0153,1.2677,0.0262,3.8772,2.4779,1,2000,2000,1,320,4
8,0,4,2000,2,330,7.5525,0,0,0.0515,1.912,1.8509,0,2000,2000,1,0,4
8,0,4,2000,2,331,9.3984,0.0145,0.7964,0.0281,3.1045,2.1769,1,2000,2000,1,160,4
8,0,4,2000,2,332,8.0487,0,0,0.0844,2.5239,2.4019,0,2000,2000,1,0,4
8,0,4,2000,2,333,8.3181,0.0211,0.7691,0.0254,2.9723,2.056,1,2000,2000,1,0,4
8,0,4,2000,2,334,7.4409,0,0,0.0608,2.1147,2.044,0,2000,2000,1,0,4
8,0,4,2000,2,335,9.3223,0.0117,1.1733,0.0262,3.3798,2.0867,1,2000,2000,1,320,4
8,0,4,2000,2,336,6.8472,0,0,0.0811,2.217,2.1239,0,2000,2000,1,0,4
8,0,4,2000,2,337,9.9831,0.0158,0.9205,0.0269,3.13,2.0849,1,2000,2000,1,160,4
8,0,4,2000,2,338,7.733,0,0,0.202,3.105,2.8859,0,2000,2000,1,0,4
8,0,4,2000,2,339,7.8118,0.0165,0.7232,0.0275,3.0884,2.2334,1,2000,2000,1,0,4
8,0,4,2000,2,340,8.0979,0,0,0.0843,2.1273,2.0322,0,2000,2000,1,0,4
8,0,4,2000,2,341,8.6132,0.0136,0.7991,0.0272,3.0285,2.083,1,2000,2000,1,0,4
8,0,4,2000,2,342,7.3936,0,0,0.1098,2.0247,1.9055,0,2000,2000,1,0,4
8,0,4,2000,2,343,9.5595,0.0165,1.1863,0.0288,3.3678,2.048,1,2000,2000,1,320,4
8,0,4,2000,2,344,7.0594,0,0,0.0777,2.0457,1.9575,0,2000,2000,1,0,4
8,0,4,2000,2,345,10.0058,0.0211,1.4052,0.0283,3.7428,2.0896,1,2000,2000,1,144,4
8,0,4,2000,2,346,7.0219,0,0,0.1033,2.2807,2.1619,0,2000,2000,1,0,4
8,0,4,2000,2,347,3.7195,0,0,0.0494,2.0674,2.0062,0,2000,2000,1,0,4
8,0,4,2000,2,348,9.86,0.0171,0.9596,0.0284,3.263,2.1688,1,2000,2000,1,144,4
8,0,4,2000,2,349,7.2689,0,0,0.0672,2.119,2.042,0,2000,2000,1,0,4
8,0,4,2000,2,350,5.5212,0.0147,1.3842,0.0264,3.9038,2.3959,1,2000,2000,1,368,4
8,0,4,2000,2,351,4.2733,0,0,0.2194,2.5124,2.2833,0,2000,2000,1,0,4
8,0,4,2000,2,352,6.9965,0,0,0.068,2.1596,2.0809,0,2000,2000,1,0,4
8,0,4,2000,2,353,9.5628,0.0159,1.4041,0.0266,3.5696,2.04,1,2000,2000,1,213,4
8,0,4,2000,2,354,6.9379,0,0,0.0952,2.1051,1.9997,0,2000,2000,1,0,4
8,0,4,2000,2,355,5.1901,0.0128,1.307,0.0288,3.565,2.1332,1,2000,2000,1,81,4
8,0,4,2000,2,356,3.7967,0,0,0.0624,2.1283,2.0579,0,2000,2000,1,0,4
8,0,4,2000,2,357,7.5435,0,0,0.0657,2.2419,2.1629,0,2000,2000,1,0,4
8,0,4,2000,2,358,10.3529,0.0242,1.4305,0.0281,3.6981,2.1224,1,2000,2000,1,74,4
8,0,4,2000,2,359,6.5213,0,0,0.0697,2.4402,2.3568,0,2000,2000,1,0,4
8,0,4,2000,2,360,6.488,0.014,2.4073,0.0263,4.8032,2.2659,1,2000,2000,1,668,4
8,0,4,2000,2,361,3.8699,0,0,0.0744,2.1083,2.0231,0,2000,2000,1,0,4
8,0,4,2000,2,362,5.3141,0,0,0.0734,2.6955,2.6067,0,2000,2000,1,0,4
8,0,4,2000,2,363,6.9589,0.0159,2.5621,0.0327,5.128,2.4258,1,2000,2000,1,338,4
8,0,4,2000,2,364,4.16,0,0,0.0695,2.2074,2.1276,0,2000,2000,1,0,4
8,0,4,2000,2,365,4.6282,0,0,0.0831,2.9044,2.8042,0,2000,2000,1,0,4
8,0,4,2000,2,366,6.0624,0.0112,1.6253,0.0262,4.06,2.3101,1,2000,2000,1,132,4
8,0,4,2000,2,367,4.0673,0,0,0.0714,2.0444,1.9644,0,2000,2000,1,0,4
8,0,4,2000,2,368,4.1037,0,0,0.0443,2.1205,2.0698,0,2000,2000,1,0,4
8,0,4,2000,2,369,4.6788,0,0,0.0649,2.3372,2.2571,0,2000,2000,1,0,4
8,0,4,2000,2,370,6.9822,0.0414,2.6516,0.0304,5.2498,2.4427,1,2000,2000,1,614,4
8,0,4,2000,2,371,4.4418,0,0,0.0713,2.4161,2.3251,0,2000,2000,1,0,4
8,0,4,2000,2,372,4.4056,0,0,0.0677,2.1188,2.0405,0,2000,2000,1,0,4
8,0,4,2000,2,373,5.8682,0.0137,1.9651,0.0283,4.1753,2.0841,1,2000,2000,1,309,4
8,0,4,2000,2,374,3.6114,0,0,0.0487,2.0179,1.9598,0,2000,2000,1,0,4
8,0,4,2000,2,375,4.7013,0,0,0.0564,2.2242,2.1572,0,2000,2000,1,0,4
8,0,4,2000,2,376,5.7321,0.0229,1.7264,0.028,4.1539,2.2868,1,2000,2000,1,168,4
8,0,4,2000,2,377,4.3416,0,0,0.0709,2.1225,2.0416,0,2000,2000,1,0,4
8,0,4,2000,2,378,3.6829,0,0,0.0513,2.023,1.9618,0,2000,2000,1,0,4
8,0,4,2000,2,379,4.1141,0,0,0.0738,2.4111,2.3268,0,2000,2000,1,0,4
8,0,4,2000,2,380,6.6455,0.0132,2.55,0.0289,5.0204,2.3439,1,2000,2000,1,720,4
8,0,4,2000,2,381,4.0186,0,0,0.064,2.2669,2.1936,0,2000,2000,1,0,4
8,0,4,2000,2,382,3.7576,0,0,0.0691,2.0739,1.9959,0,2000,2000,1,0,4
8,0,4,2000,2,383,3.6746,0,0,0.063,2.1206,2.0496,0,2000,2000,1,0,4
8,0,4,2000,2,384,6.2565,0.0153,2.3356,0.0273,4.6907,2.2315,1,2000,2000,1,331,4
8,0,4,2000,2,385,4.3043,0,0,0.078,2.1932,2.1064,0,2000,2000,1,0,4
8,0,4,2000,2,386,3.4746,0,0,0.0387,1.9692,1.9218,0,2000,2000,1,0,4
8,0,4,2000,2,387,5.7478,0.0131,2.0091,0.0278,4.3262,2.1891,1,2000,2000,1,299,4
8,0,4,2000,2,388,5.3678,0,0,0.0639,2.187,2.1128,0,2000,2000,1,0,4
8,0,4,2000,2,389,4.92,0,0,0.0853,2.3127,2.2164,0,2000,2000,1,0,4
8,0,4,2000,2,390,7.0056,0.0162,2.9047,0.0272,5.1732,2.1488,1,2000,2000,1,830,4
8,0,4,2000,2,391,4.4449,0,0,0.0673,2.3035,2.2252,0,2000,2000,1,0,4
8,0,4,2000,2,392,4.6138,0,0,0.0718,2.4078,2.3247,0,2000,2000,1,0,4
8,0,4,2000,2,393,4.1023,0,0,0.0599,2.3077,2.2385,0,2000,2000,1,0,4
8,0,4,2000,2,394,6.8442,0.0158,2.621,0.0329,5.1522,2.3884,1,2000,2000,1,309,4
8,0,4,2000,2,395,3.7816,0,0,0.0744,2.0483,1.9671,0,2000,2000,1,0,4
8,0,4,2000,2,396,3.3692,0,0,0.036,1.8837,1.841,0,2000,2000,1,0,4
8,0,4,2000,2,397,5.5104,0.0105,1.9112,0.0254,4.2317,2.2011,1,2000,2000,1,271,4
8,0,4,2000,2,398,5.2487,0,0,0.0606,2.2063,2.1364,0,2000,2000,1,0,4
8,0,4,2000,2,399,4.8148,0,0,0.072,2.2512,2.1695,0,2000,2000,1,0,4
8,0,4,2000,2,400,3.6635,0,0,0.0747,2.1082,2.0257,0,2000,2000,1,0,4
8,0,4,2000,2,401,6.4016,0.0149,1.8994,0.0267,4.2502,2.2239,1,2000,2000,1,350,4
8,0,4,2000,2,402,3.9845,0,0,0.088,2.1698,2.0742,0,2000,2000,1,0,4
8,0,4,2000,2,403,6.7007,0,0,0.0918,2.3526,2.25,0,2000,2000,1,0,4
8,0,4,2000,2,404,6.186,0.021,1.9341,0.029,4.4365,2.3398,1,2000,2000,1,155,4
8,0,4,2000,2,405,6.2364,0,0,0.1203,2.4134,2.2812,0,2000,2000,1,0,4
8,0,4,2000,2,406,4.5441,0,0,0.0662,2.9035,2.8169,0,2000,2000,1,0,4
8,0,4,2000,2,407,9.6996,0.3504,1.6068,0.0272,4.4238,2.3571,1,2000,2000,1,113,4
8,0,4,2000,2,408,4.0703,0,0,0.0723,2.1734,2.0907,0,2000,2000,1,0,4
8,0,4,2000,2,409,5.4504,0.0179,1.5418,0.0266,3.7256,2.0681,1,2000,2000,1,121,4
8,0,4,2000,2,410,5.8413,0,0,0.0849,2.8019,2.7054,0,2000,2000,1,0,4
8,0,4,2000,2,411,4.7854,0,0,0.0938,2.5912,2.4877,0,2000,2000,1,0,4
8,0,4,2000,2,412,9.367,0.0248,2.2438,0.0278,4.6092,2.2224,1,2000,2000,1,212,4
8,0,4,2000,2,413,6.4058,0,0,0.1003,2.3451,2.235,0,2000,2000,1,0,4
8,0,4,2000,2,414,3.8447,0,0,0.0674,2.1512,2.0731,0,2000,2000,1,0,4
8,0,4,2000,2,415,5.9172,0.0157,1.5021,0.0292,3.8693,2.232,1,2000,2000,1,73,4
8,0,4,2000,2,416,3.9926,0,0,0.0661,2.232,2.1583,0,2000,2000,1,0,4
8,0,4,2000,2,417,4.4582,0,0,0.1053,2.6821,2.5632,0,2000,2000,1,0,4
8,0,4,2000,2,418,5.7431,0.0157,1.3174,0.0306,3.819,2.3799,1,2000,2000,1,81,4
8,0,4,2000,2,419,3.9089,0,0,0.0557,2.2116,2.1434,0,2000,2000,1,0,4
8,0,4,2000,2,420,3.9315,0,0,0.0579,2.2765,2.2044,0,2000,2000,1,0,4
8,0,4,2000,2,421,4.4466,0,0,0.1115,2.4849,2.3602,0,2000,2000,1,0,4
8,0,4,2000,2,422,5.6659,0.0144,1.4822,0.0289,3.9473,2.3204,1,2000,2000,1,79,4
8,0,4,2000,2,423,4.3961,0,0,0.1691,2.4005,2.2161,0,2000,2000,1,0,4
8,0,4,2000,2,424,4.8607,0,0,0.0822,2.177,2.0862,0,2000,2000,1,0,4
8,0,4,2000,2,425,5.2739,0.0154,1.3674,0.0265,3.7218,2.2366,1,2000,2000,1,90,4
8,0,4,2000,2,426,3.5817,0,0,0.0796,2.0481,1.9597,0,2000,2000,1,0,4
8,0,4,2000,2,427,3.815,0,0,0.0929,2.3808,2.2786,0,2000,2000,1,0,4
8,0,4,2000,2,428,3.7772,0,0,0.0772,2.086,1.9998,0,2000,2000,1,0,4
8,0,4,2000,2,429,8.1639,0.0166,1.283,0.0246,3.495,2.0902,1,2000,2000,1,78,4
8,0,4,2000,2,430,3.9401,0,0,0.0758,2.1491,2.0656,0,2000,2000,1,0,4
8,0,4,2000,2,431,7.3116,0,0,0.0572,2.1182,2.0518,0,2000,2000,1,0,4
8,0,4,2000,2,432,9.9591,0.0169,1.2491,0.0265,3.5516,2.1744,1,2000,2000,1,79,4
8,0,4,2000,2,433,7.1054,0,0,0.0975,2.4288,2.3207,0,2000,2000,1,0,4
8,0,4,2000,2,434,5.3684,0.0266,1.227,0.0255,3.72,2.3594,1,2000,2000,1,83,4
8,0,4,2000,2,435,3.7728,0,0,0.0771,2.1343,2.0488,0,2000,2000,1,0,4
8,0,4,2000,2,436,7.0812,0,0,0.0835,2.3367,2.2426,0,2000,2000,1,0,4
8,0,4,2000,2,437,5.6477,0.0139,1.1871,0.0274,3.6678,2.3553,1,2000,2000,1,66,4
8,0,4,2000,2,438,3.8438,0,0,0.0769,2.1109,2.0264,0,2000,2000,1,0,4
8,0,4,2000,2,439,4.4342,0,0,0.1108,2.2514,2.1326,0,2000,2000,1,0,4
8,0,4,2000,2,440,5.0268,0.0161,1.2126,0.028,3.4307,2.0945,1,2000,2000,1,76,4
8,0,4,2000,2,441,4.0417,0,0,0.0659,2.1446,2.0689,0,2000,2000,1,0,4
8,0,4,2000,2,442,3.7208,0,0,0.0682,2.1106,2.0335,0,2000,2000,1,0,4
8,0,4,2000,2,443,3.8099,0,0,0.0663,2.1158,2.0414,0,2000,2000,1,0,4
8,0,4,2000,2,444,5.4167,0.0157,1.4078,0.0336,4.0388,2.5037,1,2000,2000,1,90,4
8,0,4,2000,2,445,4.0649,0,0,0.0665,2.265,2.1885,0,2000,2000,1,0,4
8,0,4,2000,2,446,3.8612,0,0,0.0604,2.2517,2.1827,0,2000,2000,1,0,4
8,0,4,2000,2,447,6.3606,0,0,0.0595,2.2649,2.1971,0,2000,2000,1,0,4
8,0,4,2000,2,448,5.6096,0.0147,1.2569,0.0266,3.6446,2.2545,1,2000,2000,1,62,4
8,0,4,2000,2,449,6.8793,0,0,0.1206,2.4495,2.3168,0,2000,2000,1,0,4
8,0,4,2000,2,450,4.0017,0,0,0.0594,2.1389,2.0662,0,2000,2000,1,0,4
8,0,4,2000,2,451,9.441,0.0169,1.1265,0.0246,3.3456,2.1008,1,2000,2000,1,67,4
8,0,4,2000,2,452,7.3118,0,0,0.0761,2.2385,2.1519,0,2000,2000,1,0,4
8,0,4,2000,2,453,5.499,0.0146,1.2572,0.0281,3.7228,2.3409,1,2000,2000,1,64,4
8,0,4,2000,2,454,3.9385,0,0,0.0729,2.1457,2.0653,0,2000,2000,1,0,4
8,0,4,2000,2,455,4.0152,0,0,0.0849,2.3116,2.2171,0,2000,2000,1,0,4
8,0,4,2000,2,456,5.9796,0.0144,1.4457,0.029,3.9792,2.4069,1,2000,2000,1,53,4
8,0,4,2000,2,457,4.2372,0,0,0.0797,2.5091,2.4065,0,2000,2000,1,0,4
8,0,4,2000,2,458,3.8561,0,0,0.1055,2.0484,1.9363,0,2000,2000,1,0,4
8,0,4,2000,2,459,6.3704,0,0,0.078,2.229,2.1387,0,2000,2000,1,0,4
8,0,4,2000,2,460,9.5586,0.0265,1.4065,0.0302,4.2191,2.6704,1,2000,2000,1,67,4
8,0,4,2000,2,461,5.4068,0,0,0.084,2.5842,2.482,0,2000,2000,1,0,4
8,0,4,2000,2,462,5.7191,0.06,1.0322,0.0288,3.671,2.4226,1,2000,2000,1,38,4
8,0,4,2000,2,463,3.8498,0,0,0.0657,2.2228,2.1465,0,2000,2000,1,0,4
8,0,4,2000,2,464,4.8146,0,0,0.0804,3.0373,2.9433,0,2000,2000,1,0,4
8,0,4,2000,2,465,5.3021,0.0185,1.1548,0.0296,3.5186,2.2358,1,2000,2000,1,51,4
8,0,4,2000,2,466,5.9769,0,0,0.1793,4.0597,3.8422,0,2000,2000,1,0,4
8,0,4,2000,2,467,5.5992,0,0,0.1027,2.7783,2.6628,0,2000,2000,1,0,4
8,0,4,2000,2,468,4.58,0.0143,1.03,0.0273,3.155,2.0282,1,2000,2000,1,59,4
8,0,4,2000,2,469,3.6303,0,0,0.0744,2.099,2.0156,0,2000,2000,1,0,4
8,0,4,2000,2,470,3.7668,0,0,0.0688,2.2731,2.1954,0,2000,2000,1,0,4
8,0,4,2000,2,471,5.1716,0,0,0.0806,2.7771,2.6851,0,2000,2000,1,0,4
8,0,4,2000,2,472,8.0347,0.0169,1.1124,0.0284,3.4805,2.2408,1,2000,2000,1,40,4
8,0,4,2000,2,473,4.026,0,0,0.0764,2.2145,2.1238,0,2000,2000,1,0,4
8,0,4,2000,2,474,3.8169,0,0,0.0685,2.1218,2.0445,0,2000,2000,1,0,4
8,0,4,2000,2,475,3.6274,0,0,0.0619,2.0875,2.016,0,2000,2000,1,0,4
8,0,4,2000,2,476,5.3948,0.0166,1.2188,0.0255,3.6601,2.3189,1,2000,2000,1,33,4
8,0,4,2000,2,477,4.3149,0,0,0.1126,2.3238,2.2019,0,2000,2000,1,0,4
8,0,4,2000,2,478,4.1086,0,0,0.0825,2.2091,2.1188,0,2000,2000,1,0,4
8,0,4,2000,2,479,4.9452,0.0155,1.1359,0.0273,3.3106,2.0534,1,2000,2000,1,43,4
8,0,4,2000,2,480,3.6324,0,0,0.0654,2.0685,1.9948,0,2000,2000,1,0,4
8,0,4,2000,2,481,3.695,0,0,0.0927,2.1542,2.0532,0,2000,2000,1,0,4
8,0,4,2000,2,482,3.7499,0,0,0.0715,2.144,2.0622,0,2000,2000,1,0,4
8,0,4,2000,2,483,5.609,0.014,1.693,0.0272,3.9772,2.1644,1,2000,2000,1,45,4
8,0,4,2000,2,484,5.7687,0,0,0.0569,2.1769,2.1097,0,2000,2000,1,0,4
8,0,4,2000,2,485,4.435,0,0,0.0678,2.1205,2.0441,0,2000,2000,1,0,4
8,0,4,2000,2,486,3.6176,0,0,0.05,2.0386,1.98,0,2000,2000,1,0,4
8,0,4,2000,2,487,5.8627,0.0151,1.2352,0.0265,3.5898,2.2085,1,2000,2000,1,23,4
8,0,4,2000,2,488,4.0719,0,0,0.08,2.1799,2.0912,0,2000,2000,1,0,4
8,0,4,2000,2,489,4.4628,0,0,0.0825,2.2701,2.1761,0,2000,2000,1,0,4
8,0,4,2000,2,490,5.2305,0.0148,1.2787,0.0279,3.6261,2.2306,1,2000,2000,1,34,4
8,0,4,2000,2,491,3.8188,0,0,0.0687,2.1659,2.0872,0,2000,2000,1,0,4
8,0,4,2000,2,492,4.6376,0,0,0.0865,2.7322,2.6267,0,2000,2000,1,0,4
8,0,4,2000,2,493,4.3174,0,0,0.1089,2.3398,2.2171,0,2000,2000,1,0,4
8,0,4,2000,2,494,6.5961,0.0204,1.0318,0.029,3.4582,2.2982,1,2000,2000,1,25,4
8,0,4,2000,2,495,3.8287,0,0,0.0711,2.1518,2.0727,0,2000,2000,1,0,4
8,0,4,2000,2,496,7.5082,0,0,0.0628,2.0655,1.9933,0,2000,2000,1,0,4
8,0,4,2000,2,497,9.7641,0.0154,1.3264,0.0281,3.6442,2.1805,1,2000,2000,1,29,4
8,0,4,2000,2,498,7.2579,0,0,0.0756,2.1888,2.1024,0,2000,2000,1,0,4
8,0,4,2000,2,499,9.2756,0.0319,1.0975,0.0265,3.5215,2.2617,1,2000,2000,1,31,4
8,0,4,2000,2,500,3.8837,0,0,0.0777,2.1424,2.056,0,2000,2000,1,0,4
8,0,4,2000,2,501,3.6404,0,0,0.0587,2.1481,2.0802,0,2000,2000,1,0,4
8,0,4,2000,2,502,5.707,0.0138,1.2765,0.0296,3.7844,2.385,1,2000,2000,1,34,4
8,0,4,2000,2,503,3.8771,0,0,0.0883,2.1376,2.0411,0,2000,2000,1,0,4
8,0,4,2000,2,504,4.2121,0,0,0.0808,2.3001,2.2086,0,2000,2000,1,0,4
8,0,4,2000,2,505,5.1765,0.0167,1.1839,0.0272,3.5904,2.2602,1,2000,2000,1,28,4
8,0,4,2000,2,506,3.7013,0,0,0.0611,2.0915,2.0202,0,2000,2000,1,0,4
8,0,4,2000,2,507,3.6419,0,0,0.1134,2.1462,2.0252,0,2000,2000,1,0,4
8,0,4,2000,2,508,3.9162,0,0,0.0718,2.2945,2.215,0,2000,2000,1,0,4
8,0,4,2000,2,509,5.2181,0.015,1.2625,0.0273,3.6342,2.246,1,2000,2000,1,30,4
8,0,4,2000,2,510,6.063,0,0,0.0533,2.4277,2.3572,0,2000,2000,1,0,4
8,0,4,2000,2,511,8.7544,0,0,0.1347,2.7383,2.5903,0,2000,2000,1,0,4
8,0,4,2000,2,512,5.513,0.0148,1.2886,0.0272,3.9439,2.4686,1,2000,2000,1,26,4
8,0,4,2000,2,513,4.0539,0,0,0.0746,2.1787,2.0957,0,2000,2000,1,0,4
8,0,4,2000,2,514,4.1813,0,0,0.0664,2.3157,2.2382,0,2000,2000,1,0,4
8,0,4,2000,2,515,5.5605,0.0127,0.9813,0.028,3.4345,2.3356,1,2000,2000,1,22,4
8,0,4,2000,2,516,3.9898,0,0,0.0606,2.3135,2.2392,0,2000,2000,1,0,4
8,0,4,2000,2,517,4.2911,0,0,0.0647,2.402,2.3246,0,2000,2000,1,0,4
8,0,4,2000,2,518,4.6986,0,0,0.0919,2.5747,2.46,0,2000,2000,1,0,4
8,0,4,2000,2,519,5.643,0.0158,1.1149,0.0298,3.7285,2.4826,1,2000,2000,1,25,4
8,0,4,2000,2,520,4.0395,0,0,0.0802,2.3103,2.2202,0,2000,2000,1,0,4
8,0,4,2000,2,521,3.8489,0,0,0.0444,2.1837,2.1317,0,2000,2000,1,0,4
8,0,4,2000,2,522,3.7254,0,0,0.0513,2.2946,2.2344,0,2000,2000,1,0,4
8,0,4,2000,2,523,9.2776,0.014,1.168,0.0289,3.4361,2.1472,1,2000,2000,1,11,4
8,0,4,2000,2,524,7.5323,0,0,0.0795,2.1539,2.0631,0,2000,2000,1,0,4
8,0,4,2000,2,525,9.5628,0.0237,1.1005,0.0269,3.4717,2.2163,1,2000,2000,1,36,4
8,0,4,2000,2,526,7.3248,0,0,0.0707,2.3775,2.2969,0,2000,2000,1,0,4
8,0,4,2000,2,527,9.4661,0.018,1.186,0.027,3.7347,2.4177,1,2000,2000,1,21,4
8,0,4,2000,2,528,7.0052,0,0,0.065,2.2137,2.1375,0,2000,2000,1,0,4
8,0,4,2000,2,529,9.5213,0.0149,1.2206,0.0279,3.7625,2.4257,1,2000,2000,1,22,4
8,0,4,2000,2,530,7.0884,0,0,0.064,2.2364,2.1633,0,2000,2000,1,0,4
8,0,4,2000,2,531,9.5295,0.0177,1.3497,0.0301,3.682,2.1949,1,2000,2000,1,16,4
8,0,4,2000,2,532,6.9601,0,0,0.0786,2.2946,2.2054,0,2000,2000,1,0,4
8,0,4,2000,2,533,9.5757,0.0153,1.0245,0.029,3.3723,2.2283,1,2000,2000,1,16,4
8,0,4,2000,2,534,6.9155,0,0,0.0575,2.0944,2.0274,0,2000,2000,1,0,4
8,0,4,2000,2,535,9.4589,0.0122,1.0271,0.0264,3.4639,2.3181,1,2000,2000,1,27,4
8,0,4,2000,2,536,7.0687,0,0,0.0577,2.0151,1.9472,0,2000,2000,1,0,4
8,0,4,2000,2,537,9.811,0.0245,1.1721,0.0283,3.5149,2.2035,1,2000,2000,1,21,4
8,0,4,2000,2,538,7.0397,0,0,0.075,2.2354,2.1511,0,2000,2000,1,0,4
8,0,4,2000,2,539,9.6301,0.022,1.1547,0.0269,3.5165,2.2073,1,2000,2000,1,22,4
8,0,4,2000,2,540,6.9718,0,0,0.077,2.2166,2.1306,0,2000,2000,1,0,4
8,0,4,2000,2,541,9.3802,0.0158,1.0215,0.0274,3.2464,2.0982,1,2000,2000,1,12,4
8,0,4,2000,2,542,7.3862,0,0,0.0825,2.2623,2.163,0,2000,2000,1,0,4
8,0,4,2000,2,543,9.3761,0.0117,1.0766,0.0264,3.4328,2.2345,1,2000,2000,1,10,4
8,0,4,2000,2,544,12.7073,0.0091,0.9311,0.0273,3.3476,2.2899,1,2000,2000,1,16,4
8,0,4,2000,2,545,7.107,0,0,0.064,2.0732,1.9992,0,2000,2000,1,0,4
8,0,4,2000,2,546,9.2725,0.0127,1.1631,0.0265,3.3819,2.095,1,2000,2000,1,19,4
8,0,4,2000,2,547,7.1099,0,0,0.0725,2.2234,2.1332,0,2000,2000,1,0,4
8,0,4,2000,2,548,9.8441,0.0103,0.9915,0.0245,3.2056,2.1021,1,2000,2000,1,11,4
8,0,4,2000,2,549,7.5164,0,0,0.0962,2.4156,2.3072,0,2000,2000,1,0,4
8,0,4,2000,2,550,9.1129,0.0191,0.9629,0.0263,3.3473,2.2383,1,2000,2000,1,12,4
9,1,4,2000,2,151,4.824,0.0526,0.0562,0.0643,2.1028,2.0317,0,2000,2000,1,0,4
9,1,4,2000,2,152,3.4481,0.0526,0.0562,0.0477,1.9024,1.8501,0,2000,2000,1,0,4
9,1,4,2000,2,153,4.6709,0.0165,0.1064,0.0331,2.2198,2.0063,1,2000,2000,1,0,4
9,1,4,2000,2,154,4.1441,0.133,0.0662,0.0544,1.9587,1.898,0,2000,2000,1,0,4
9,1,4,2000,2,155,3.641,0.133,0.0662,0.0515,2.0331,1.9757,0,2000,2000,1,0,4
9,1,4,2000,2,156,4.1275,0.133,0.0662,0.0482,2.1894,2.1357,0,2000,2000,1,0,4
9,1,4,2000,2,157,4.5145,0.0177,0.1196,0.0301,2.3979,2.1696,1,2000,2000,1,0,4
9,1,4,2000,2,158,3.7656,0.0177,0.1196,0.0455,2.0757,2.0255,0,2000,2000,1,0,4
9,1,4,2000,2,159,5.0675,0.0577,0.1939,0.0481,2.1469,2.0917,0,2000,2000,1,0,4
9,1,4,2000,2,160,3.7169,0.0577,0.1939,0.0481,2.0606,2.0056,0,2000,2000,1,0,4
9,1,4,2000,2,161,3.9373,0.0153,0.1165,0.0282,2.3405,2.1232,1,2000,2000,1,0,4
9,1,4,2000,2,162,3.8478,0.0153,0.1165,0.0763,2.0395,1.9572,0,2000,2000,1,0,4
9,1,4,2000,2,163,8.5257,0.058,0.043,0.0509,1.9365,1.8792,0,2000,2000,1,0,4
9,1,4,2000,2,164,8.6281,0.0148,0.2088,0.0282,2.4339,2.0713,1,2000,2000,1,0,4
9,1,4,2000,2,165,8.6108,0.0495,0.0909,0.0677,2.5554,2.4811,0,2000,2000,1,0,4
9,1,4,2000,2,166,7.7625,0.0124,0.1142,0.0275,2.1308,1.9197,1,2000,2000,1,0,4
9,1,4,2000,2,167,9.9976,0.2147,0.0275,0.0805,2.6906,2.602,0,2000,2000,1,0,4
9,1,4,2000,2,168,7.5802,0.0133,0.2058,0.0265,2.4582,2.1113,1,2000,2000,1,0,4
9,1,4,2000,2,169,7.6697,0.0533,0.0356,0.0908,2.2521,2.1528,0,2000,2000,1,0,4
9,1,4,2000,2,170,9.7542,0.0124,0.1152,0.0259,2.2703,2.0626,1,2000,2000,1,0,4
9,1,4,2000,2,171,6.6716,0.0124,0.1152,0.0882,2.2254,2.1299,0,2000,2000,1,0,4
9,1,4,2000,2,172,8.6235,0.0145,0.1713,0.0254,2.4029,2.135,1,2000,2000,1,0,4
9,1,4,2000,2,173,10.2143,0.0105,0.1844,0.0265,2.5864,2.2962,1,2000,2000,1,0,4
9,1,4,2000,2,174,6.2192,0.0105,0.1844,0.0475,2.0595,2.0061,0,2000,2000,1,0,4
9,1,4,2000,2,175,5.7309,0.2118,0.0084,0.0524,2.025,1.966,0,2000,2000,1,0,4
9,1,4,2000,2,176,8.5119,0.0141,0.1206,0.0291,2.397,2.168,1,2000,2000,1,0,4
9,1,4,2000,2,177,8.808,0.0595,0.2724,0.0709,2.2395,2.1622,0,2000,2000,1,0,4
9,1,4,2000,2,178,6.3672,0.0143,0.0893,0.0282,2.1566,1.9732,1,2000,2000,1,0,4
9,1,4,2000,2,179,3.7384,0.0143,0.0893,0.0431,1.9983,1.95,0,2000,2000,1,0,4
9,1,4,2000,2,180,9.2922,0.0961,0.1012,0.0666,2.1969,2.1239,0,2000,2000,1,0,4
9,1,4,2000,2,181,8.1287,0.028,0.1384,0.0281,2.5357,2.2778,1,2000,2000,1,0,4
9,1,4,2000,2,182,3.6901,0.0454,0.005,0.043,2.0526,2.0043,0,2000,2000,1,0,4
9,1,4,2000,2,183,4.2198,0.0454,0.005,0.0517,2.1838,2.1269,0,2000,2000,1,0,4
9,1,4,2000,2,184,3.9755,0.0238,0.1415,0.025,2.2251,1.9834,1,2000,2000,1,0,4
9,1,4,2000,2,185,4.5763,0.0238,0.1415,0.0526,2.1908,2.1301,0,2000,2000,1,0,4
9,1,4,2000,2,186,3.6613,0.0547,0.2003,0.0491,1.9367,1.8823,0,2000,2000,1,0,4
9,1,4,2000,2,187,4.4039,0.0547,0.2003,0.0765,2.1288,2.0465,0,2000,2000,1,0,4
9,1,4,2000,2,188,3.8973,0.0165,0.184,0.0273,2.1713,1.8846,1,2000,2000,1,0,4
9,1,4,2000,2,189,4.7224,0.0165,0.184,0.0512,2.1315,2.0738,0,2000,2000,1,0,4
9,1,4,2000,2,190,7.8567,0.0545,0.0547,0.0577,2.0144,1.9508,0,2000,2000,1,0,4
9,1,4,2000,2,191,8.6919,0.0115,0.1375,0.0245,2.1781,1.9444,1,2000,2000,1,3,4
9,1,4,2000,2,192,8.5087,0.0556,0.0392,0.0651,1.9835,1.9103,0,2000,2000,1,0,4
9,1,4,2000,2,193,8.3764,0.0138,0.1112,0.025,2.177,1.9647,1,2000,2000,1,0,4
9,1,4,2000,2,194,7.9882,0.0472,0.0429,0.0561,1.9611,1.8992,0,2000,2000,1,0,4
9,1,4,2000,2,195,8.7324,0.015,0.1905,0.0273,2.5728,2.2757,1,2000,2000,1,0,4
9,1,4,2000,2,196,8.1848,0.051,0.1094,0.0591,2.1704,2.1028,0,2000,2000,1,0,4
9,1,4,2000,2,197,7.7842,0.013,0.1051,0.0253,2.1464,1.9551,1,2000,2000,1,0,4
9,1,4,2000,2,198,9.4203,0.0454,0.2924,0.0561,2.149,2.0856,0,2000,2000,1,0,4
9,1,4,2000,2,199,7.5611,0.0144,0.1054,0.0273,2.2652,2.0592,1,2000,2000,1,0,4
9,1,4,2000,2,200,4.1462,0.0676,0.0055,0.0481,1.9238,1.8696,0,2000,2000,1,0,4
9,1,4,2000,2,201,3.9396,0.0676,0.0055,0.0674,2.3088,2.2352,0,2000,2000,1,0,4
9,1,4,2000,2,202,4.2981,0.0165,0.114,0.0266,2.2709,2.0546,1,2000,2000,1,0,4
9,1,4,2000,2,203,3.9018,0.0165,0.114,0.0673,2.1522,2.0795,0,2000,2000,1,0,4
9,1,4,2000,2,204,4.2643,0.0515,0.0681,0.0633,2.0453,1.9764,0,2000,2000,1,0,4
9,1,4,2000,2,205,4.2302,0.0515,0.0681,0.0477,2.1204,2.0675,0,2000,2000,1,0,4
9,1,4,2000,2,206,4.6514,0.0265,0.1704,0.0258,2.2468,1.9711,1,2000,2000,1,0,4
9,1,4,2000,2,207,3.6391,0.0265,0.1704,0.0435,1.8658,1.8176,0,2000,2000,1,0,4
9,1,4,2000,2,208,4.5852,0.0493,0.0983,0.0525,2.117,2.058,0,2000,2000,1,0,4
9,1,4,2000,2,209,3.7025,0.0493,0.0983,0.054,2.1428,2.0834,0,2000,2000,1,0,4
9,1,4,2000,2,210,4.9351,0.0197,0.1036,0.0258,2.2628,2.0519,1,2000,2000,1,0,4
9,1,4,2000,2,211,8.0348,0.0506,0.0764,0.058,2.1532,2.0876,0,2000,2000,1,0,4
9,1,4,2000,2,212,8.3769,0.0211,0.1118,0.025,2.1367,1.9312,1,2000,2000,1,1,4
9,1,4,2000,2,213,8.3618,0.0449,0.0919,0.0453,2.0882,2.0373,0,2000,2000,1,0,4
9,1,4,2000,2,214,8.3288,0.018,0.1639,0.0269,2.1672,1.907,1,2000,2000,1,0,4
9,1,4,2000,2,215,7.8891,0.0395,0.0746,0.0504,2.0398,1.9829,0,2000,2000,1,0,4
9,1,4,2000,2,216,8.6973,0.0131,0.1161,0.0265,2.3087,2.0972,1,2000,2000,1,0,4
9,1,4,2000,2,217,8.267,0.0359,0.1183,0.0599,2.1888,2.1222,0,2000,2000,1,0,4
9,1,4,2000,2,218,8.7204,0.0346,0.1202,0.0282,2.8573,2.6205,1,2000,2000,1,0,4
9,1,4,2000,2,219,8.1224,0.0528,0.062,0.0587,2.2023,2.136,0,2000,2000,1,0,4
9,1,4,2000,2,220,12.3038,0.0183,0.1444,0.0282,2.4244,2.1821,1,2000,2000,1,0,4
9,1,4,2000,2,221,3.8326,0.0462,0.0517,0.0607,2.0023,1.9349,0,2000,2000,1,0,4
9,1,4,2000,2,222,4.0307,0.0462,0.0517,0.0902,2.0637,1.9664,0,2000,2000,1,0,4
9,1,4,2000,2,223,4.5105,0.0211,0.2158,0.032,2.3238,1.9505,1,2000,2000,1,0,4
9,1,4,2000,2,224,3.9359,0.0211,0.2158,0.0438,1.8594,1.8091,0,2000,2000,1,0,4
9,1,4,2000,2,225,8.7297,0.0448,0.0908,0.0618,2.0518,1.9834,0,2000,2000,1,0,4
9,1,4,2000,2,226,8.3512,0.0197,0.1466,0.0283,2.1909,1.9281,1,2000,2000,1,0,4
9,1,4,2000,2,227,8.0699,0.0393,0.1094,0.0587,1.9854,1.9207,0,2000,2000,1,0,4
9,1,4,2000,2,228,8.5323,0.0122,0.1683,0.0358,2.1996,1.9317,1,2000,2000,1,0,4
9,1,4,2000,2,229,8.4345,0.0433,0.0937,0.1227,2.1625,2.03,0,2000,2000,1,0,4
9,1,4,2000,2,230,9.0115,0.0226,0.1527,0.0261,2.5126,2.2375,1,2000,2000,1,0,4
9,1,4,2000,2,231,8.1535,0.0691,0.2415,0.0522,2.3901,2.331,0,2000,2000,1,0,4
9,1,4,2000,2,232,7.8001,0.0236,0.1117,0.0259,2.5298,2.3012,1,2000,2000,1,0,4
9,1,4,2000,2,233,8.3651,0.0533,0.0377,0.0757,2.1553,2.0712,0,2000,2000,1,0,4
9,1,4,2000,2,234,8.1996,0.0116,0.1152,0.0274,2.2594,2.0307,1,2000,2000,1,0,4
9,1,4,2000,2,235,8.6742,0.0521,0.0478,0.0818,2.2553,2.1668,0,2000,2000,1,0,4
9,1,4,2000,2,236,8.1218,0.0152,0.0923,0.0265,2.2076,2.0141,1,2000,2000,1,0,4
9,1,4,2000,2,237,8.0755,0.0626,0.1718,0.0466,2.0098,1.9565,0,2000,2000,1,0,4
9,1,4,2000,2,238,8.1929,0.0118,0.1302,0.0267,2.1562,1.8942,1,2000,2000,1,0,4
9,1,4,2000,2,239,8.4822,0.0438,0.221,0.0557,1.9638,1.9019,0,2000,2000,1,0,4
9,1,4,2000,2,240,9.1375,0.0268,0.1464,0.0263,2.6705,2.3653,1,2000,2000,1,0,4
9,1,4,2000,2,241,8.8156,0.0075,0.1331,0.0275,2.325,2.1031,1,2000,2000,1,0,4
9,1,4,2000,2,242,6.8141,0.0075,0.1331,0.0791,2.0456,1.9594,0,2000,2000,1,0,4
9,1,4,2000,2,243,4.6653,0.062,0.0817,0.1001,2.229,2.1206,0,2000,2000,1,0,4
9,1,4,2000,2,244,12.6707,0.0175,0.1687,0.0272,2.7347,2.4313,1,2000,2000,1,0,4
9,1,4,2000,2,245,8.1636,0.0535,0.1564,0.099,2.3778,2.2701,0,2000,2000,1,0,4
9,1,4,2000,2,246,8.0986,0.0163,0.109,0.0272,2.2732,2.0547,1,2000,2000,1,0,4
9,1,4,2000,2,247,8.7364,0.0498,0.1903,0.0813,2.4871,2.3995,0,2000,2000,1,0,4
9,1,4,2000,2,248,7.9741,0.0159,0.1782,0.0327,2.4769,2.1533,1,2000,2000,1,0,4
9,1,4,2000,2,249,8.2789,0.0449,0.3,0.0566,2.0167,1.9535,0,2000,2000,1,0,4
9,1,4,2000,2,250,3.8539,0.0151,0.1246,0.029,2.1389,1.9173,1,2000,2000,1,0,4
9,1,4,2000,2,251,4.4705,0.0151,0.1246,0.0611,2.2614,2.1951,0,2000,2000,1,0,4
9,1,4,2000,2,252,3.9401,0.0506,0.0923,0.0648,2.1039,2.0326,0,2000,2000,1,0,4
9,1,4,2000,2,253,4.9938,0.0506,0.0923,0.0698,2.9404,2.8635,0,2000,2000,1,0,4
9,1,4,2000,2,254,4.933,0.017,0.1331,0.0365,2.9206,2.6671,1,2000,2000,1,0,4
9,1,4,2000,2,255,4.9145,0.0789,0.1134,0.0813,2.5294,2.4405,0,2000,2000,1,0,4
9,1,4,2000,2,256,4.1354,0.0789,0.1134,0.0474,2.1542,2.101,0,2000,2000,1,0,4
9,1,4,2000,2,257,3.9494,0.0191,0.1262,0.03,2.278,2.0528,1,2000,2000,1,0,4
9,1,4,2000,2,258,6.4599,0.0191,0.1262,0.0454,2.0985,2.0473,0,2000,2000,1,0,4
9,1,4,2000,2,259,3.8503,0.0602,0.1108,0.0467,1.9504,1.8974,0,2000,2000,1,0,4
9,1,4,2000,2,260,4.3855,0.0602,0.1108,0.0572,2.0123,1.9499,0,2000,2000,1,0,4
9,1,4,2000,2,261,5.1483,0.0149,0.107,0.0337,2.9701,2.755,1,2000,2000,1,0,4
9,1,4,2000,2,262,4.0591,0.0533,0.0529,0.0402,1.9778,1.9322,0,2000,2000,1,0,4
9,1,4,2000,2,263,3.458,0.0533,0.0529,0.0472,1.9362,1.8831,0,2000,2000,1,0,4
9,1,4,2000,2,264,9.0435,0.0227,0.1006,0.0265,2.6577,2.4444,1,2000,2000,1,0,4
9,1,4,2000,2,265,7.8455,0.0563,0.0597,0.0514,2.1594,2.1017,0,2000,2000,1,0,4
9,1,4,2000,2,266,3.7142,0.0563,0.0597,0.0663,1.925,1.8536,0,2000,2000,1,0,4
9,1,4,2000,2,267,4.3281,0.0165,0.1014,0.0263,2.2717,2.0778,1,2000,2000,1,0,4
9,1,4,2000,2,268,4.3704,0.0165,0.1014,0.0625,2.1613,2.0942,0,2000,2000,1,0,4
9,1,4,2000,2,269,8.2382,0.0635,0.1257,0.0604,2.056,1.9884,0,2000,2000,1,0,4
9,1,4,2000,2,270,7.9134,0.0134,0.1024,0.0255,2.1648,1.9761,1,2000,2000,1,0,4
9,1,4,2000,2,271,8.9802,0.0521,0.05,0.061,2.1372,2.0694,0,2000,2000,1,0,4
9,1,4,2000,2,272,3.712,0.0134,0.0983,0.0267,2.0156,1.8265,1,2000,2000,1,0,4
9,1,4,2000,2,273,8.5,0.0582,0.0625,0.0521,2.0972,2.0397,0,2000,2000,1,0,4
9,1,4,2000,2,274,4.0994,0.0582,0.0625,0.0508,2.3452,2.2893,0,2000,2000,1,0,4
9,1,4,2000,2,275,4.4514,0.014,0.1381,0.0263,2.3122,2.0788,1,2000,2000,1,0,4
9,1,4,2000,2,276,3.7274,0.014,0.1381,0.0537,2.0799,2.0208,0,2000,2000,1,0,4
9,1,4,2000,2,277,4.5919,0.052,0.0774,0.0462,2.1153,2.0633,0,2000,2000,1,0,4
9,1,4,2000,2,278,3.6258,0.052,0.0774,0.0598,1.8629,1.7955,0,2000,2000,1,0,4
9,1,4,2000,2,279,4.6485,0.0155,0.0983,0.0282,2.3012,2.1032,1,2000,2000,1,0,4
9,1,4,2000,2,280,3.5472,0.0155,0.0983,0.0471,1.9855,1.933,0,2000,2000,1,0,4
9,1,4,2000,2,281,5.4824,0.0524,0.1728,0.0568,2.4614,2.3977,0,2000,2000,1,0,4
9,1,4,2000,2,282,3.9137,0.0164,0.1016,0.027,2.1704,1.9733,1,2000,2000,1,0,4
9,1,4,2000,2,283,3.5437,0.0164,0.1016,0.0484,2.0095,1.9551,0,2000,2000,1,0,4
9,1,4,2000,2,284,4.3411,0.0164,0.1016,0.0571,2.202,2.1384,0,2000,2000,1,0,4
9,1,4,2000,2,285,4.0396,0.0534,0.1268,0.0637,2.1971,2.1271,0,2000,2000,1,0,4
9,1,4,2000,2,286,8.7171,0.0162,0.1773,0.0273,2.6641,2.3383,1,2000,2000,1,0,4
9,1,4,2000,2,287,9.1562,0.1,0.1106,0.1049,2.7601,2.6454,0,2000,2000,1,0,4
9,1,4,2000,2,288,7.0083,0.0143,0.138,0.0253,2.2542,2.0011,1,2000,2000,1,0,4
9,1,4,2000,2,289,9.3997,0.0682,0.259,0.0687,1.8949,1.8194,0,2000,2000,1,0,4
9,1,4,2000,2,290,7.7464,0.0138,0.1016,0.025,2.237,2.0399,1,2000,2000,1,0,4
9,1,4,2000,2,291,3.6869,0.0138,0.1016,0.0875,2.0204,1.9273,0,2000,2000,1,0,4
9,1,4,2000,2,292,8.8465,0.0758,0.277,0.0916,2.3776,2.2788,0,2000,2000,1,0,4
9,1,4,2000,2,293,7.9866,0.0157,0.219,0.0302,2.5123,2.1195,1,2000,2000,1,0,4
9,1,4,2000,2,294,8.1771,0.0367,0.1427,0.064,2.0879,2.0177,0,2000,2000,1,0,4
9,1,4,2000,2,295,9.6419,0.0097,0.1041,0.0253,2.1775,1.974,1,2000,2000,1,0,4
9,1,4,2000,2,296,8.1628,0.0119,0.1511,0.0245,2.5128,2.2768,1,2000,2000,1,0,4
9,1,4,2000,2,297,8.6643,0.0837,0.121,0.0496,2.1435,2.0879,0,2000,2000,1,0,4
9,1,4,2000,2,298,7.7705,0.0128,0.2658,0.0251,2.2677,1.9136,1,2000,2000,1,160,4
9,1,4,2000,2,299,7.4752,0.0128,0.2658,0.1095,2.394,2.2755,0,2000,2000,1,0,4
9,1,4,2000,2,300,8.4358,0.0468,0.0962,0.1013,2.2684,2.1592,0,2000,2000,1,0,4
9,1,4,2000,2,301,8.3391,0.0149,0.1698,0.0262,2.4737,2.2001,1,2000,2000,1,0,4
9,1,4,2000,2,302,8.9069,0.0861,0.087,0.061,2.2896,2.2208,0,2000,2000,1,0,4
9,1,4,2000,2,303,8.8354,0.008,0.1419,0.0264,2.2246,1.9898,1,2000,2000,1,1,4
9,1,4,2000,2,304,7.3679,0.008,0.1419,0.0531,1.9481,1.8885,0,2000,2000,1,0,4
9,1,4,2000,2,305,4.8796,0.0131,0.3783,0.0251,2.9076,2.4197,1,2000,2000,1,320,4
9,1,4,2000,2,306,8.117,0.0731,0.0646,0.0418,2.0195,1.9724,0,2000,2000,1,0,4
9,1,4,2000,2,307,8.524,0.0164,0.1583,0.0286,2.4152,2.1585,1,2000,2000,1,0,4
9,1,4,2000,2,308,4.4753,0.2875,0.0068,0.0667,2.4715,2.3981,0,2000,2000,1,0,4
9,1,4,2000,2,309,8.2392,0.0157,0.1826,0.0264,2.5935,2.3078,1,2000,2000,1,0,4
9,1,4,2000,2,310,7.2622,0.0157,0.1826,0.0737,2.1314,2.0516,0,2000,2000,1,0,4
9,1,4,2000,2,311,8.6658,0.0461,0.082,0.0465,2.3475,2.2952,0,2000,2000,1,0,4
9,1,4,2000,2,312,8.084,0.0141,0.1657,0.0264,2.2657,2.0067,1,2000,2000,1,0,4
9,1,4,2000,2,313,8.5009,0.0448,0.1598,0.0556,2.2626,2.1994,0,2000,2000,1,0,4
9,1,4,2000,2,314,4.1444,0.0144,0.2418,0.026,2.3159,1.984,1,2000,2000,1,160,4
9,1,4,2000,2,315,3.6317,0.0144,0.2418,0.0448,1.9506,1.9011,0,2000,2000,1,0,4
9,1,4,2000,2,316,4.7162,0.0597,0.2952,0.0569,2.0742,2.0108,0,2000,2000,1,0,4
9,1,4,2000,2,317,4.0052,0.0597,0.2952,0.0503,2.2126,2.1559,0,2000,2000,1,0,4
9,1,4,2000,2,318,3.9958,0.0493,0.1772,0.0255,2.3515,2.0476,1,2000,2000,1,160,4
9,1,4,2000,2,319,4.0437,0.0493,0.1772,0.0711,2.2559,2.1785,0,2000,2000,1,0,4
9,1,4,2000,2,320,8.6756,0.0469,0.2164,0.0541,2.1642,2.1041,0,2000,2000,1,0,4
9,1,4,2000,2,321,4.1469,0.0163,0.1634,0.0265,2.5109,2.2524,1,2000,2000,1,0,4
9,1,4,2000,2,322,3.6709,0.0163,0.1634,0.0443,2.0086,1.959,0,2000,2000,1,0,4
9,1,4,2000,2,323,4.6028,0.0614,0.1255,0.0534,2.3489,2.2896,0,2000,2000,1,0,4
9,1,4,2000,2,324,3.4718,0.0614,0.1255,0.0479,1.874,1.821,0,2000,2000,1,0,4
9,1,4,2000,2,325,4.9939,0.0169,0.1575,0.0257,2.2921,2.0473,1,2000,2000,1,0,4
9,1,4,2000,2,326,7.9376,0.062,0.06,0.0632,2.16,2.0911,0,2000,2000,1,0,4
9,1,4,2000,2,327,9.195,0.1301,0.4851,0.0255,2.8624,2.1711,1,2000,2000,1,320,4
9,1,4,2000,2,328,4.0673,0.1301,0.4851,0.0845,2.3416,2.1447,0,2000,2000,1,0,4
9,1,4,2000,2,329,3.8814,0.0494,0.1328,0.0428,2.0054,1.9569,0,2000,2000,1,0,4
9,1,4,2000,2,330,3.3369,0.0494,0.1328,0.0411,1.911,1.8654,0,2000,2000,1,0,4
9,1,4,2000,2,331,9.3525,0.0166,0.2171,0.0273,2.9794,2.662,1,2000,2000,1,160,4
9,1,4,2000,2,332,7.7786,0.0449,0.0589,0.046,2.1651,2.1131,0,2000,2000,1,0,4
9,1,4,2000,2,333,4.284,0.0137,0.1581,0.0301,2.3148,2.0623,1,2000,2000,1,0,4
9,1,4,2000,2,334,4.3789,0.0137,0.1581,0.0576,2.393,2.3285,0,2000,2000,1,0,4
9,1,4,2000,2,335,4.1587,0.0493,0.0492,0.0528,2.2187,2.1593,0,2000,2000,1,0,4
9,1,4,2000,2,336,8.4067,0.014,0.366,0.0265,2.7398,2.2704,1,2000,2000,1,320,4
9,1,4,2000,2,337,3.7177,0.014,0.366,0.0532,2.1096,2.051,0,2000,2000,1,0,4
9,1,4,2000,2,338,4.423,0.0581,0.1186,0.0486,2.3911,2.3364,0,2000,2000,1,0,4
9,1,4,2000,2,339,3.8174,0.0581,0.1186,0.0493,2.1803,2.1259,0,2000,2000,1,0,4
9,1,4,2000,2,340,4.6177,0.0152,0.3395,0.0311,2.7656,2.3201,1,2000,2000,1,160,4
9,1,4,2000,2,341,3.6667,0.0152,0.3395,0.0502,2.0608,2.0044,0,2000,2000,1,0,4
9,1,4,2000,2,342,4.3272,0.0623,0.1042,0.056,2.1064,2.0444,0,2000,2000,1,0,4
9,1,4,2000,2,343,3.7096,0.0623,0.1042,0.0424,1.9121,1.865,0,2000,2000,1,0,4
9,1,4,2000,2,344,9.0508,0.0158,0.1537,0.0265,2.4658,2.2225,1,2000,2000,1,0,4
9,1,4,2000,2,345,3.7105,0.0508,0.086,0.0556,2.0453,1.9838,0,2000,2000,1,0,4
9,1,4,2000,2,346,4.472,0.0508,0.086,0.0601,2.1085,2.0415,0,2000,2000,1,0,4
9,1,4,2000,2,347,8.3757,0.0131,0.1229,0.0259,2.3131,2.0957,1,2000,2000,1,0,4
9,1,4,2000,2,348,8.5595,0.0482,0.091,0.0576,2.2924,2.2288,0,2000,2000,1,0,4
9,1,4,2000,2,349,8.4974,0.0152,0.3888,0.0264,2.541,2.0601,1,2000,2000,1,320,4
9,1,4,2000,2,350,4.0114,0.0501,0.104,0.0437,2.214,2.1644,0,2000,2000,1,0,4
9,1,4,2000,2,351,8.2613,0.0122,0.2739,0.0258,2.4444,2.0784,1,2000,2000,1,144,4
9,1,4,2000,2,352,8.4324,0.0428,0.0735,0.0498,2.3704,2.3148,0,2000,2000,1,0,4
9,1,4,2000,2,353,8.3498,0.0146,0.2375,0.0268,2.552,2.2198,1,2000,2000,1,144,4
9,1,4,2000,2,354,3.7069,0.0146,0.2375,0.0582,2.1521,2.0884,0,2000,2000,1,0,4
9,1,4,2000,2,355,4.5436,0.0506,0.5372,0.0442,2.167,2.1174,0,2000,2000,1,0,4
9,1,4,2000,2,356,3.67,0.0506,0.5372,0.0497,1.9911,1.9359,0,2000,2000,1,0,4
9,1,4,2000,2,357,5.2621,0.0316,0.4772,0.0264,2.992,2.4009,1,2000,2000,1,368,4
9,1,4,2000,2,358,3.697,0.047,0.0554,0.0435,1.9325,1.8839,0,2000,2000,1,0,4
9,1,4,2000,2,359,7.7586,0.047,0.0554,0.0473,2.2404,2.1876,0,2000,2000,1,0,4
9,1,4,2000,2,360,5.5457,0.0172,0.3617,0.0251,3.135,2.655,1,2000,2000,1,205,4
9,1,4,2000,2,361,7.6094,0.0435,0.1567,0.055,2.1536,2.092,0,2000,2000,1,0,4
9,1,4,2000,2,362,3.5695,0.0435,0.1567,0.0507,2.0719,2.0158,0,2000,2000,1,0,4
9,1,4,2000,2,363,4.1921,0.0198,0.2583,0.0264,2.4207,2.0654,1,2000,2000,1,95,4
9,1,4,2000,2,364,3.7591,0.0198,0.2583,0.0381,2.0439,2.0003,0,2000,2000,1,0,4
9,1,4,2000,2,365,4.7603,0.1049,0.1312,0.0738,2.1257,2.046,0,2000,2000,1,0,4
9,1,4,2000,2,366,3.7986,0.1049,0.1312,0.052,2.2275,2.1701,0,2000,2000,1,0,4
9,1,4,2000,2,367,5.1247,0.0175,0.6565,0.0307,3.0864,2.3274,1,2000,2000,1,646,4
9,1,4,2000,2,368,4.9356,0.0559,0.3391,0.0416,2.6505,2.6023,0,2000,2000,1,0,4
9,1,4,2000,2,369,3.7181,0.0559,0.3391,0.0563,2.0738,2.0114,0,2000,2000,1,0,4
9,1,4,2000,2,370,4.0935,0.0143,0.4791,0.0273,2.5854,2.0177,1,2000,2000,1,399,4
9,1,4,2000,2,371,3.7178,0.0143,0.4791,0.064,2.1768,2.108,0,2000,2000,1,0,4
9,1,4,2000,2,372,3.756,0.0143,0.4791,0.0618,2.1674,2.0996,0,2000,2000,1,0,4
9,1,4,2000,2,373,3.8836,0.0428,0.0758,0.0491,2.0007,1.9457,0,2000,2000,1,0,4
9,1,4,2000,2,374,3.8662,0.0428,0.0758,0.0756,2.0548,1.9742,0,2000,2000,1,0,4
9,1,4,2000,2,375,5.1637,0.0228,0.4378,0.0289,2.6859,2.1483,1,2000,2000,1,127,4
9,1,4,2000,2,376,7.9551,0.2264,0.006,0.0496,2.2827,2.227,0,2000,2000,1,0,4
9,1,4,2000,2,377,8.6048,0.0166,0.4577,0.0278,2.8364,2.2794,1,2000,2000,1,126,4
9,1,4,2000,2,378,8.6251,0.0627,0.0869,0.0707,2.741,2.6604,0,2000,2000,1,0,4
9,1,4,2000,2,379,8.7801,0.0157,0.6646,0.0303,3.5472,2.7629,1,2000,2000,1,534,4
9,1,4,2000,2,380,4.3245,0.0509,0.0641,0.0719,2.3224,2.2435,0,2000,2000,1,0,4
9,1,4,2000,2,381,7.1937,0.0509,0.0641,0.0646,2.4393,2.3682,0,2000,2000,1,0,4
9,1,4,2000,2,382,4.9383,0.0191,0.5965,0.0273,3.0469,2.3577,1,2000,2000,1,320,4
9,1,4,2000,2,383,4.2882,0.0542,0.1295,0.0677,2.3675,2.2921,0,2000,2000,1,0,4
9,1,4,2000,2,384,3.8666,0.0542,0.1295,0.056,2.1777,2.1151,0,2000,2000,1,0,4
9,1,4,2000,2,385,3.6671,0.0542,0.1295,0.0681,2.1323,2.0579,0,2000,2000,1,0,4
9,1,4,2000,2,386,4.1232,0.0192,0.3705,0.028,2.5486,2.0802,1,2000,2000,1,196,4
9,1,4,2000,2,387,3.5405,0.0192,0.3705,0.05,2.0512,1.9969,0,2000,2000,1,0,4
9,1,4,2000,2,388,4.6946,0.0731,0.1083,0.0654,2.2493,2.1781,0,2000,2000,1,0,4
9,1,4,2000,2,389,3.7279,0.0731,0.1083,0.0741,2.1565,2.0763,0,2000,2000,1,0,4
9,1,4,2000,2,390,5.2016,0.0142,0.7948,0.0257,3.0364,2.1503,1,2000,2000,1,801,4
9,1,4,2000,2,391,3.5648,0.0142,0.7948,0.0462,2.0811,2.0296,0,2000,2000,1,0,4
9,1,4,2000,2,392,3.7905,0.0492,0.0644,0.0642,2.1125,2.0424,0,2000,2000,1,0,4
9,1,4,2000,2,393,4.376,0.0492,0.0644,0.0696,2.4472,2.3719,0,2000,2000,1,0,4
9,1,4,2000,2,394,8.7387,0.0163,0.4684,0.0273,2.7505,2.1842,1,2000,2000,1,342,4
9,1,4,2000,2,395,3.9547,0.0518,0.0583,0.0424,2.2091,2.1604,0,2000,2000,1,0,4
9,1,4,2000,2,396,8.5473,0.0147,0.4391,0.0281,2.7735,2.2337,1,2000,2000,1,252,4
9,1,4,2000,2,397,3.704,0.0147,0.4391,0.0475,2.1889,2.1358,0,2000,2000,1,0,4
9,1,4,2000,2,398,8.4576,0.0448,0.0797,0.0465,2.2614,2.2097,0,2000,2000,1,0,4
9,1,4,2000,2,399,9.5379,0.0169,0.7866,0.0273,3.2518,2.3701,1,2000,2000,1,884,4
9,1,4,2000,2,400,4.529,0.0615,0.3416,0.0555,2.2632,2.2005,0,2000,2000,1,0,4
9,1,4,2000,2,401,4.7668,0.0174,0.7141,0.0275,3.2312,2.317,1,2000,2000,1,313,4
9,1,4,2000,2,402,6.1088,0.0174,0.7141,0.0473,2.3345,2.2816,0,2000,2000,1,0,4
9,1,4,2000,2,403,5.3469,0.0642,0.3348,0.0677,2.3036,2.2284,0,2000,2000,1,0,4
9,1,4,2000,2,404,4.2379,0.0168,0.4253,0.0273,2.631,2.115,1,2000,2000,1,239,4
9,1,4,2000,2,405,3.7568,0.0168,0.4253,0.0421,2.0833,2.0361,0,2000,2000,1,0,4
9,1,4,2000,2,406,3.5353,0.0168,0.4253,0.0633,2.0671,1.9977,0,2000,2000,1,0,4
9,1,4,2000,2,407,4.2231,0.0438,0.1609,0.0465,2.1977,2.1455,0,2000,2000,1,0,4
9,1,4,2000,2,408,3.4339,0.0438,0.1609,0.0447,2.0714,2.0219,0,2000,2000,1,0,4
9,1,4,2000,2,409,5.059,0.0152,0.4917,0.0255,2.8062,2.2246,1,2000,2000,1,301,4
9,1,4,2000,2,410,3.8745,0.0152,0.4917,0.0521,2.3678,2.3105,0,2000,2000,1,0,4
9,1,4,2000,2,411,4.4546,0.0468,0.081,0.0742,2.5885,2.507,0,2000,2000,1,0,4
9,1,4,2000,2,412,4.1601,0.0468,0.081,0.0496,2.3344,2.2789,0,2000,2000,1,0,4
9,1,4,2000,2,413,4.3153,0.0174,0.405,0.0289,2.6593,2.1563,1,2000,2000,1,163,4
9,1,4,2000,2,414,3.6426,0.0174,0.405,0.0522,2.2097,2.1521,0,2000,2000,1,0,4
9,1,4,2000,2,415,4.1293,0.0442,0.1262,0.0725,2.3232,2.2444,0,2000,2000,1,0,4
9,1,4,2000,2,416,3.7447,0.0442,0.1262,0.0479,2.084,2.0295,0,2000,2000,1,0,4
9,1,4,2000,2,417,5.0228,0.0148,0.3991,0.0259,2.8963,2.3996,1,2000,2000,1,151,4
9,1,4,2000,2,418,3.8452,0.0148,0.3991,0.0601,2.1115,2.0463,0,2000,2000,1,0,4
9,1,4,2000,2,419,4.2046,0.0487,0.1894,0.0482,2.1814,2.1268,0,2000,2000,1,0,4
9,1,4,2000,2,420,4.1895,0.0487,0.1894,0.0542,2.2953,2.2357,0,2000,2000,1,0,4
9,1,4,2000,2,421,4.6424,0.0192,0.3551,0.033,2.93,2.4634,1,2000,2000,1,123,4
9,1,4,2000,2,422,4.1529,0.0192,0.3551,0.0567,2.3959,2.3319,0,2000,2000,1,0,4
9,1,4,2000,2,423,7.7315,0.0596,0.0527,0.0592,2.2734,2.2078,0,2000,2000,1,0,4
9,1,4,2000,2,424,8.6033,0.0132,0.3824,0.0257,2.7631,2.2872,1,2000,2000,1,204,4
9,1,4,2000,2,425,8.2857,0.0546,0.0988,0.0422,2.4168,2.3679,0,2000,2000,1,0,4
9,1,4,2000,2,426,5.0412,0.0154,0.3553,0.0265,3.5202,3.0618,1,2000,2000,1,96,4
9,1,4,2000,2,427,4.2531,0.0539,0.0526,0.0516,2.3549,2.2975,0,2000,2000,1,0,4
9,1,4,2000,2,428,3.6144,0.0539,0.0526,0.0527,2.0652,2.0074,0,2000,2000,1,0,4
9,1,4,2000,2,429,3.9218,0.0539,0.0526,0.0633,2.2833,2.215,0,2000,2000,1,0,4
9,1,4,2000,2,430,4.462,0.0118,0.3224,0.0361,2.7496,2.317,1,2000,2000,1,97,4
9,1,4,2000,2,431,4.9319,0.11,0.0061,0.0643,2.6556,2.5851,0,2000,2000,1,0,4
9,1,4,2000,2,432,4.7891,0.11,0.0061,0.0514,2.8042,2.7465,0,2000,2000,1,0,4
9,1,4,2000,2,433,7.3409,0.0145,0.331,0.0291,2.8423,2.4072,1,2000,2000,1,108,4
9,1,4,2000,2,434,7.2073,0.0614,0.1072,0.0408,2.2227,2.1759,0,2000,2000,1,0,4
9,1,4,2000,2,435,8.6592,0.014,0.2167,0.0259,2.6019,2.295,1,2000,2000,1,60,4
9,1,4,2000,2,436,8.3139,0.0583,0.273,0.0455,2.2885,2.237,0,2000,2000,1,0,4
9,1,4,2000,2,437,8.0576,0.0125,0.2082,0.026,2.4285,2.1305,1,2000,2000,1,86,4
9,1,4,2000,2,438,8.5488,0.0514,0.2463,0.0546,2.1568,2.0951,0,2000,2000,1,0,4
9,1,4,2000,2,439,9.1341,0.0152,0.219,0.0272,2.4961,2.1415,1,2000,2000,1,84,4
9,1,4,2000,2,440,7.6121,0.0538,0.1156,0.0471,2.0988,2.0454,0,2000,2000,1,0,4
9,1,4,2000,2,441,7.8267,0.0126,0.2246,0.0253,2.3566,2.044,1,2000,2000,1,80,4
9,1,4,2000,2,442,8.9064,0.0621,0.1353,0.0447,2.1429,2.0921,0,2000,2000,1,0,4
9,1,4,2000,2,443,8.0019,0.0134,0.2411,0.0263,2.4794,2.1465,1,2000,2000,1,70,4
9,1,4,2000,2,444,8.3946,0.0519,0.2672,0.0447,2.2273,2.177,0,2000,2000,1,0,4
9,1,4,2000,2,445,8.3746,0.0158,0.2429,0.0247,2.5152,2.1813,1,2000,2000,1,65,4
9,1,4,2000,2,446,8.118,0.1536,0.0056,0.0704,2.1814,2.1055,0,2000,2000,1,0,4
9,1,4,2000,2,447,8.677,0.0147,0.2283,0.0247,2.599,2.2848,1,2000,2000,1,64,4
9,1,4,2000,2,448,7.7895,0.0357,0.057,0.0496,2.1173,2.0623,0,2000,2000,1,0,4
9,1,4,2000,2,449,8.7521,0.0121,0.2568,0.0262,2.5798,2.2311,1,2000,2000,1,86,4
9,1,4,2000,2,450,8.0783,0.0367,0.0578,0.0778,2.2102,2.126,0,2000,2000,1,0,4
9,1,4,2000,2,451,8.3598,0.0135,0.2215,0.0283,2.4231,2.1037,1,2000,2000,1,59,4
9,1,4,2000,2,452,8.2514,0.0404,0.0881,0.0406,2.1944,2.1481,0,2000,2000,1,0,4
9,1,4,2000,2,453,8.8398,0.0138,0.2555,0.0245,2.762,2.4137,1,2000,2000,1,72,4
9,1,4,2000,2,454,8.0729,0.0392,0.0986,0.0635,2.2425,2.1733,0,2000,2000,1,0,4
9,1,4,2000,2,455,9.4586,0.0199,0.263,0.0282,3.0509,2.6484,1,2000,2000,1,63,4
9,1,4,2000,2,456,11.8825,0.0567,0.0551,0.0512,2.55,2.4926,0,2000,2000,1,0,4
9,1,4,2000,2,457,4.1882,0.0151,0.2068,0.0282,2.4725,2.1744,1,2000,2000,1,59,4
9,1,4,2000,2,458,3.6667,0.0151,0.2068,0.0565,2.1525,2.0903,0,2000,2000,1,0,4
9,1,4,2000,2,459,4.3431,0.0594,0.1402,0.0612,2.3753,2.3076,0,2000,2000,1,0,4
9,1,4,2000,2,460,3.8856,0.0594,0.1402,0.0637,2.2337,2.1646,0,2000,2000,1,0,4
9,1,4,2000,2,461,4.3126,0.0168,0.243,0.0272,2.637,2.3029,1,2000,2000,1,53,4
9,1,4,2000,2,462,4.2111,0.0168,0.243,0.0503,2.3763,2.3203,0,2000,2000,1,0,4
9,1,4,2000,2,463,4.1646,0.0569,0.1472,0.0532,2.3487,2.2895,0,2000,2000,1,0,4
9,1,4,2000,2,464,3.9838,0.0569,0.1472,0.0485,2.3596,2.3059,0,2000,2000,1,0,4
9,1,4,2000,2,465,8.2655,0.0127,0.1874,0.0268,2.3788,2.1008,1,2000,2000,1,38,4
9,1,4,2000,2,466,4.0699,0.0487,0.0757,0.0612,2.2687,2.2009,0,2000,2000,1,0,4
9,1,4,2000,2,467,4.0922,0.0487,0.0757,0.0568,2.2631,2.2,0,2000,2000,1,0,4
9,1,4,2000,2,468,8.8261,0.0147,0.2582,0.0256,2.597,2.2501,1,2000,2000,1,38,4
9,1,4,2000,2,469,8.0614,0.0571,0.0675,0.0387,2.2421,2.1979,0,2000,2000,1,0,4
9,1,4,2000,2,470,8.6101,0.0141,0.1813,0.0272,2.5761,2.2477,1,2000,2000,1,48,4
9,1,4,2000,2,471,8.2354,0.045,0.0601,0.0686,2.2749,2.1999,0,2000,2000,1,0,4
9,1,4,2000,2,472,8.7862,0.0149,0.3423,0.029,2.8583,2.4142,1,2000,2000,1,40,4
9,1,4,2000,2,473,7.7213,0.0419,0.072,0.054,2.2474,2.1869,0,2000,2000,1,0,4
9,1,4,2000,2,474,8.8829,0.0146,0.2389,0.0279,2.5482,2.2124,1,2000,2000,1,37,4
9,1,4,2000,2,475,7.8162,0.0415,0.0854,0.0589,2.233,2.1683,0,2000,2000,1,0,4
9,1,4,2000,2,476,5.0299,0.0142,0.2351,0.026,2.7755,2.4508,1,2000,2000,1,35,4
9,1,4,2000,2,477,4.2862,0.0613,0.1156,0.0498,2.2984,2.2426,0,2000,2000,1,0,4
9,1,4,2000,2,478,4.0914,0.0613,0.1156,0.087,2.3802,2.2848,0,2000,2000,1,0,4
9,1,4,2000,2,479,4.2721,0.0129,0.1757,0.0291,2.4533,2.1882,1,2000,2000,1,22,4
9,1,4,2000,2,480,4.1186,0.0129,0.1757,0.0627,2.2049,2.1349,0,2000,2000,1,0,4
9,1,4,2000,2,481,5.2405,0.0617,0.2264,0.0427,2.2871,2.2382,0,2000,2000,1,0,4
9,1,4,2000,2,482,6.0301,0.0617,0.2264,0.0714,2.1209,2.0433,0,2000,2000,1,0,4
9,1,4,2000,2,483,9.0721,0.0142,0.1913,0.0266,2.6973,2.4133,1,2000,2000,1,24,4
9,1,4,2000,2,484,8.291,0.0533,0.0727,0.059,2.5217,2.4554,0,2000,2000,1,0,4
9,1,4,2000,2,485,8.0533,0.0108,0.1546,0.0265,2.4728,2.2234,1,2000,2000,1,32,4
9,1,4,2000,2,486,3.8512,0.091,0.038,0.0439,2.2372,2.1884,0,2000,2000,1,0,4
9,1,4,2000,2,487,3.8781,0.091,0.038,0.0473,2.1328,2.0802,0,2000,2000,1,0,4
9,1,4,2000,2,488,4.7455,0.0145,0.2271,0.0299,2.6572,2.3256,1,2000,2000,1,24,4
9,1,4,2000,2,489,4.1563,0.0145,0.2271,0.0463,2.3236,2.2718,0,2000,2000,1,0,4
9,1,4,2000,2,490,9.1168,0.0708,0.2864,0.0725,2.507,2.4263,0,2000,2000,1,0,4
9,1,4,2000,2,491,7.3582,0.0151,0.1568,0.0259,2.3959,2.1392,1,2000,2000,1,23,4
9,1,4,2000,2,492,4.35,0.0484,0.0581,0.0581,2.4797,2.4156,0,2000,2000,1,0,4
9,1,4,2000,2,493,3.7585,0.0484,0.0581,0.0508,2.1802,2.124,0,2000,2000,1,0,4
9,1,4,2000,2,494,4.4781,0.0134,0.1859,0.0278,2.4197,2.1397,1,2000,2000,1,27,4
9,1,4,2000,2,495,3.8636,0.0134,0.1859,0.0534,2.048,1.9868,0,2000,2000,1,0,4
9,1,4,2000,2,496,8.3792,0.0542,0.0654,0.0557,2.0814,2.019,0,2000,2000,1,0,4
9,1,4,2000,2,497,8.6521,0.0151,0.2468,0.025,2.5675,2.23,1,2000,2000,1,25,4
9,1,4,2000,2,498,3.7489,0.0512,0.0472,0.0477,2.0766,2.0231,0,2000,2000,1,0,4
9,1,4,2000,2,499,4.4215,0.0512,0.0472,0.0549,2.5842,2.5228,0,2000,2000,1,0,4
9,1,4,2000,2,500,4.0615,0.0158,0.1525,0.0257,2.4259,2.1869,1,2000,2000,1,26,4
9,1,4,2000,2,501,4.1321,0.0158,0.1525,0.0467,2.107,2.0554,0,2000,2000,1,0,4
9,1,4,2000,2,502,4.1302,0.0463,0.0798,0.0416,2.247,2.1996,0,2000,2000,1,0,4
9,1,4,2000,2,503,4.2348,0.0463,0.0798,0.0556,2.2224,2.1615,0,2000,2000,1,0,4
9,1,4,2000,2,504,4.2921,0.0149,0.2287,0.0266,2.541,2.2212,1,2000,2000,1,28,4
9,1,4,2000,2,505,3.9223,0.0149,0.2287,0.0617,2.1578,2.0911,0,2000,2000,1,0,4
9,1,4,2000,2,506,4.3155,0.0541,0.0874,0.0432,2.2702,2.2214,0,2000,2000,1,0,4
9,1,4,2000,2,507,4.0718,0.0541,0.0874,0.0505,2.0702,2.0138,0,2000,2000,1,0,4
9,1,4,2000,2,508,4.3664,0.0181,0.2056,0.0265,2.4218,2.1238,1,2000,2000,1,18,4
9,1,4,2000,2,509,8.5054,0.0809,0.0055,0.0533,2.3496,2.2907,0,2000,2000,1,0,4
9,1,4,2000,2,510,8.4222,0.0149,0.2525,0.0264,2.6418,2.2962,1,2000,2000,1,14,4
9,1,4,2000,2,511,8.4334,0.0676,0.0947,0.0688,2.5036,2.4284,0,2000,2000,1,0,4
9,1,4,2000,2,512,8.6317,0.0163,0.2037,0.0246,2.8249,2.5199,1,2000,2000,1,25,4
9,1,4,2000,2,513,8.0661,0.048,0.0486,0.078,2.4301,2.3457,0,2000,2000,1,0,4
9,1,4,2000,2,514,8.4607,0.0194,0.199,0.0275,2.4983,2.1992,1,2000,2000,1,12,4
9,1,4,2000,2,515,8.0161,0.0427,0.0829,0.0545,2.3308,2.271,0,2000,2000,1,0,4
9,1,4,2000,2,516,8.7143,0.0139,0.1548,0.0245,2.6191,2.379,1,2000,2000,1,22,4
9,1,4,2000,2,517,7.9206,0.0445,0.1011,0.0577,2.1759,2.113,0,2000,2000,1,0,4
9,1,4,2000,2,518,8.3703,0.0133,0.1601,0.0253,2.5707,2.3238,1,2000,2000,1,23,4
9,1,4,2000,2,519,8.1252,0.0378,0.0862,0.0397,2.2306,2.1851,0,2000,2000,1,0,4
9,1,4,2000,2,520,8.6625,0.0122,0.175,0.0286,2.691,2.4199,1,2000,2000,1,28,4
9,1,4,2000,2,521,7.7866,0.0388,0.0711,0.0473,2.0359,1.9834,0,2000,2000,1,0,4
9,1,4,2000,2,522,8.9661,0.0132,0.1742,0.0262,2.5932,2.3189,1,2000,2000,1,15,4
9,1,4,2000,2,523,8.4963,0.1461,0.0078,0.0739,2.7725,2.6906,0,2000,2000,1,0,4
9,1,4,2000,2,524,12.2113,0.0162,0.1944,0.0275,2.5791,2.2905,1,2000,2000,1,12,4
9,1,4,2000,2,525,3.9953,0.098,0.0413,0.0544,2.2196,2.1599,0,2000,2000,1,0,4
9,1,4,2000,2,526,3.726,0.098,0.0413,0.0607,2.1794,2.1141,0,2000,2000,1,0,4
9,1,4,2000,2,527,4.5518,0.0207,0.1875,0.0263,2.5498,2.262,1,2000,2000,1,16,4
9,1,4,2000,2,528,4.0304,0.0207,0.1875,0.0593,2.3805,2.3152,0,2000,2000,1,0,4
9,1,4,2000,2,529,4.183,0.0522,0.1306,0.0577,2.1731,2.11,0,2000,2000,1,0,4
9,1,4,2000,2,530,3.8644,0.0522,0.1306,0.0568,2.1855,2.1239,0,2000,2000,1,0,4
9,1,4,2000,2,531,4.9699,0.0164,0.1955,0.0266,2.7596,2.4641,1,2000,2000,1,9,4
9,1,4,2000,2,532,3.899,0.0164,0.1955,0.0608,2.1997,2.1344,0,2000,2000,1,0,4
9,1,4,2000,2,533,8.4628,0.0568,0.0982,0.0652,2.4601,2.3894,0,2000,2000,1,0,4
9,1,4,2000,2,534,8.277,0.0222,0.202,0.0283,2.5135,2.2133,1,2000,2000,1,15,4
9,1,4,2000,2,535,3.9992,0.054,0.0765,0.0606,2.2358,2.1688,0,2000,2000,1,0,4
9,1,4,2000,2,536,3.9315,0.054,0.0765,0.0641,2.3434,2.2733,0,2000,2000,1,0,4
9,1,4,2000,2,537,4.3955,0.0168,0.1773,0.0253,2.6449,2.3773,1,2000,2000,1,9,4
9,1,4,2000,2,538,3.8154,0.0168,0.1773,0.0557,2.214,2.1528,0,2000,2000,1,0,4
9,1,4,2000,2,539,4.5054,0.0583,0.1049,0.0711,2.3247,2.2482,0,2000,2000,1,0,4
9,1,4,2000,2,540,4.1482,0.0583,0.1049,0.0672,2.2186,2.1454,0,2000,2000,1,0,4
9,1,4,2000,2,541,4.4087,0.0169,0.2019,0.0279,2.6499,2.3338,1,2000,2000,1,14,4
9,1,4,2000,2,542,3.9635,0.0169,0.2019,0.0521,2.1763,2.119,0,2000,2000,1,0,4
9,1,4,2000,2,543,8.5709,0.0558,0.0547,0.0771,2.4441,2.3606,0,2000,2000,1,0,4
9,1,4,2000,2,544,4.3061,0.038,0.2152,0.026,2.5391,2.2042,1,2000,2000,1,15,4
9,1,4,2000,2,545,3.9299,0.038,0.2152,0.0568,2.1727,2.1112,0,2000,2000,1,0,4
9,1,4,2000,2,546,8.6106,0.1797,0.0255,0.0691,2.3722,2.2953,0,2000,2000,1,0,4
9,1,4,2000,2,547,8.1215,0.0146,0.1989,0.0266,2.5202,2.2299,1,2000,2000,1,12,4
9,1,4,2000,2,548,5.0401,0.0877,0.2572,0.0744,2.5721,2.4903,0,2000,2000,1,0,4
9,1,4,2000,2,549,4.6683,0.0153,0.2325,0.0258,2.7776,2.4397,1,2000,2000,1,12,4
9,1,4,2000,2,550,6.7421,0.0153,0.2325,0.0607,2.5009,2.4346,0,2000,2000,1,0,4
10,0,27,2000,2,151,3.8629,0,0,0.0622,1.9131,1.8397,0,2000,2000,1,0,27
10,0,27,2000,2,152,3.8551,0,0,0.0519,1.877,1.8148,0,2000,2000,1,0,27
10,0,27,2000,2,153,5.8786,0.0844,0.9175,0.0282,3.2598,2.104,1,2000,2000,1,0,27
10,0,27,2000,2,154,3.9317,0,0,0.0787,1.9505,1.8616,0,2000,2000,1,0,27
10,0,27,2000,2,155,6.9194,0,0,0.0456,1.7793,1.7232,0,2000,2000,1,0,27
10,0,27,2000,2,156,9.7659,0.0468,0.9533,0.0317,3.0227,1.856,1,2000,2000,1,0,27
10,0,27,2000,2,157,4.1765,0,0,0.069,1.9638,1.8849,0,2000,2000,1,0,27
10,0,27,2000,2,158,8.3339,0.0517,0.9987,0.0276,3.1124,1.9451,1,2000,2000,1,0,27
10,0,27,2000,2,159,7.523,0,0,0.0739,2.1113,2.0258,0,2000,2000,1,0,27
10,0,27,2000,2,160,3.7048,0,0,0.0529,1.9886,1.9251,0,2000,2000,1,0,27
10,0,27,2000,2,161,4.9167,0.0482,0.8481,0.0273,2.9027,1.8943,1,2000,2000,1,0,27
10,0,27,2000,2,162,4.0226,0,0,0.0695,1.9219,1.8389,0,2000,2000,1,0,27
10,0,27,2000,2,163,3.429,0,0,0.0502,1.8348,1.7751,0,2000,2000,1,0,27
10,0,27,2000,2,164,4.5295,0,0,0.0642,1.9706,1.8976,0,2000,2000,1,0,27
10,0,27,2000,2,165,5.2406,0.0652,1.1987,0.0282,3.4002,2.0091,1,2000,2000,1,0,27
10,0,27,2000,2,166,3.8694,0,0,0.0773,1.9287,1.8418,0,2000,2000,1,0,27
10,0,27,2000,2,167,3.5426,0,0,0.0544,2.0166,1.9506,0,2000,2000,1,0,27
10,0,27,2000,2,168,3.7627,0,0,0.0593,2.0393,1.9702,0,2000,2000,1,0,27
10,0,27,2000,2,169,5.2265,0.0648,0.8836,0.0283,3.0352,1.962,1,2000,2000,1,0,27
10,0,27,2000,2,170,3.8443,0,0,0.0732,1.905,1.8218,0,2000,2000,1,0,27
10,0,27,2000,2,171,3.2174,0,0,0.0438,1.9104,1.8561,0,2000,2000,1,0,27
10,0,27,2000,2,172,4.3257,0,0,0.0634,1.965,1.8918,0,2000,2000,1,0,27
10,0,27,2000,2,173,5.7025,0.0595,0.9958,0.0287,3.3984,2.2282,1,2000,2000,1,0,27
10,0,27,2000,2,174,3.811,0,0,0.1275,2.0651,1.9277,0,2000,2000,1,0,27
10,0,27,2000,2,175,3.569,0,0,0.1402,2.0453,1.8955,0,2000,2000,1,0,27
10,0,27,2000,2,176,3.8751,0,0,0.0818,2.1242,2.0319,0,2000,2000,1,0,27
10,0,27,2000,2,177,5.08,0.0525,0.9984,0.0293,3.1929,2.0277,1,2000,2000,1,0,27
10,0,27,2000,2,178,3.9801,0,0,0.0895,2.0396,1.9409,0,2000,2000,1,0,27
10,0,27,2000,2,179,4.2687,0,0,0.097,2.4226,2.3091,0,2000,2000,1,0,27
10,0,27,2000,2,180,5.2577,0.0671,1.1458,0.0282,3.408,2.0667,1,2000,2000,1,0,27
10,0,27,2000,2,181,6.4357,0,0,0.0964,2.136,2.0275,0,2000,2000,1,0,27
10,0,27,2000,2,182,3.9333,0,0,0.0652,1.9083,1.8324,0,2000,2000,1,0,27
10,0,27,2000,2,183,3.9138,0,0,0.0492,1.9152,1.8567,0,2000,2000,1,0,27
10,0,27,2000,2,184,5.1487,0.0525,0.7433,0.0273,2.8458,1.9103,1,2000,2000,1,0,27
10,0,27,2000,2,185,3.8552,0,0,0.0857,2.1717,2.0753,0,2000,2000,1,0,27
10,0,27,2000,2,186,8.1478,0,0,0.1006,2.0452,1.935,0,2000,2000,1,0,27
10,0,27,2000,2,187,5.2844,0.0715,0.9049,0.0338,3.117,2.0068,1,2000,2000,1,0,27
10,0,27,2000,2,188,3.9385,0,0,0.0914,2.0708,1.9696,0,2000,2000,1,0,27
10,0,27,2000,2,189,3.4769,0,0,0.0613,1.8221,1.7518,0,2000,2000,1,0,27
10,0,27,2000,2,190,3.8784,0,0,0.0519,1.9996,1.937,0,2000,2000,1,0,27
10,0,27,2000,2,191,9.4665,0.0486,0.6766,0.029,2.9749,2.0744,1,2000,2000,1,0,27
10,0,27,2000,2,192,3.6119,0,0,0.0643,1.9186,1.845,0,2000,2000,1,0,27
10,0,27,2000,2,193,3.6919,0,0,0.0589,1.8627,1.7942,0,2000,2000,1,0,27
10,0,27,2000,2,194,5.8588,0.0709,0.7553,0.0302,4.0407,3.0833,1,2000,2000,1,0,27
10,0,27,2000,2,195,6.7442,0,0,0.0658,1.9057,1.83,0,2000,2000,1,0,27
10,0,27,2000,2,196,9.1079,0.0576,0.8755,0.0282,3.1464,2.0648,1,2000,2000,1,0,27
10,0,27,2000,2,197,3.8042,0,0,0.0777,2.0576,1.9693,0,2000,2000,1,0,27
10,0,27,2000,2,198,3.6591,0,0,0.0599,1.8198,1.7518,0,2000,2000,1,0,27
10,0,27,2000,2,199,3.7865,0,0,0.0654,1.9483,1.8712,0,2000,2000,1,0,27
10,0,27,2000,2,200,5.9884,0.0799,1.0557,0.0273,3.5207,2.2558,1,2000,2000,1,0,27
10,0,27,2000,2,201,4.0769,0,0,0.0837,2.0105,1.9004,0,2000,2000,1,0,27
10,0,27,2000,2,202,7.2087,0,0,0.1437,2.2677,2.1128,0,2000,2000,1,0,27
10,0,27,2000,2,203,5.0298,0.0527,0.973,0.0274,3.2183,2.0737,1,2000,2000,1,0,27
10,0,27,2000,2,204,7.263,0,0,0.0689,1.9789,1.9007,0,2000,2000,1,0,27
10,0,27,2000,2,205,4.1901,0,0,0.0522,2.2697,2.2055,0,2000,2000,1,0,27
10,0,27,2000,2,206,9.6757,0.04,0.9659,0.0271,3.1297,2.0077,1,2000,2000,1,0,27
10,0,27,2000,2,207,6.9075,0,0,0.0691,2.0375,1.9538,0,2000,2000,1,0,27
10,0,27,2000,2,208,9.7465,0.041,0.982,0.0272,3.2566,2.075,1,2000,2000,1,0,27
10,0,27,2000,2,209,3.6138,0,0,0.0759,1.8824,1.7968,0,2000,2000,1,0,27
10,0,27,2000,2,210,4.6805,0.0659,0.7979,0.029,3.013,1.9863,1,2000,2000,1,0,27
10,0,27,2000,2,211,3.5484,0,0,0.075,1.9128,1.8284,0,2000,2000,1,0,27
10,0,27,2000,2,212,3.9293,0,0,0.096,2.0096,1.9023,0,2000,2000,1,0,27
10,0,27,2000,2,213,3.253,0,0,0.0604,1.8704,1.8003,0,2000,2000,1,0,27
10,0,27,2000,2,214,4.2967,0,0,0.0671,2.1092,2.0312,0,2000,2000,1,0,27
10,0,27,2000,2,215,5.3498,0.0648,0.983,0.0272,3.1495,1.9466,1,2000,2000,1,0,27
10,0,27,2000,2,216,4.1802,0,0,0.0822,1.9398,1.8485,0,2000,2000,1,0,27
10,0,27,2000,2,217,3.8352,0,0,0.0595,2.0763,2.0064,0,2000,2000,1,0,27
10,0,27,2000,2,218,5.1141,0.054,1.2527,0.029,3.3955,1.9709,1,2000,2000,1,0,27
10,0,27,2000,2,219,3.8687,0,0,0.085,2.029,1.9329,0,2000,2000,1,0,27
10,0,27,2000,2,220,4.6066,0,0,0.0745,1.9437,1.8568,0,2000,2000,1,0,27
10,0,27,2000,2,221,4.133,0,0,0.0797,1.9748,1.8856,0,2000,2000,1,0,27
10,0,27,2000,2,222,4.7489,0.0644,1.013,0.025,3.0346,1.8362,1,2000,2000,1,0,27
10,0,27,2000,2,223,3.4935,0,0,0.0694,1.7978,1.7208,0,2000,2000,1,0,27
10,0,27,2000,2,224,3.9624,0,0,0.0711,2.1374,2.0542,0,2000,2000,1,0,27
10,0,27,2000,2,225,3.9174,0,0,0.1136,2.2138,2.0883,0,2000,2000,1,0,27
10,0,27,2000,2,226,8.1791,0.0548,0.8758,0.0273,3.0641,2.0101,1,2000,2000,1,0,27
10,0,27,2000,2,227,3.876,0,0,0.0773,1.9975,1.9094,0,2000,2000,1,0,27
10,0,27,2000,2,228,3.6449,0,0,0.0597,1.8777,1.8089,0,2000,2000,1,0,27
10,0,27,2000,2,229,3.6993,0,0,0.0567,2.0367,1.9704,0,2000,2000,1,0,27
10,0,27,2000,2,230,5.6805,0.0571,1.2881,0.028,3.5134,2.0496,1,2000,2000,1,0,27
10,0,27,2000,2,231,4.3164,0,0,0.1026,2.1356,2.0197,0,2000,2000,1,0,27
10,0,27,2000,2,232,6.6087,0,0,0.0512,2.008,1.9425,0,2000,2000,1,0,27
10,0,27,2000,2,233,5.3156,0.0618,0.7563,0.0296,2.8699,1.9094,1,2000,2000,1,0,27
10,0,27,2000,2,234,4.1169,0,0,0.067,1.9875,1.9095,0,2000,2000,1,0,27
10,0,27,2000,2,235,7.3303,0,0,0.0736,1.9673,1.8815,0,2000,2000,1,0,27
10,0,27,2000,2,236,5.2254,0.0663,0.9207,0.027,3.0524,1.9199,1,2000,2000,1,0,27
10,0,27,2000,2,237,9.9307,0,0,0.1277,2.9455,2.8013,0,2000,2000,1,0,27
10,0,27,2000,2,238,7.6361,0.0648,1.0464,0.0334,3.5602,2.302,1,2000,2000,1,0,27
10,0,27,2000,2,239,7.4348,0,0,0.1167,2.6679,2.5351,0,2000,2000,1,0,27
10,0,27,2000,2,240,5.4363,0.0611,1.0256,0.0295,3.3267,2.0985,1,2000,2000,1,0,27
10,0,27,2000,2,241,6.3622,0,0,0.076,2.1497,2.0622,0,2000,2000,1,0,27
10,0,27,2000,2,242,4.038,0,0,0.0723,2.1889,2.1061,0,2000,2000,1,0,27
10,0,27,2000,2,243,4.178,0,0,0.0641,2.1416,2.0669,0,2000,2000,1,0,27
10,0,27,2000,2,244,5.8398,0.0587,0.9861,0.0296,3.2712,2.0881,1,2000,2000,1,0,27
10,0,27,2000,2,245,7.0713,0,0,0.0845,2.1422,2.0455,0,2000,2000,1,0,27
10,0,27,2000,2,246,10.5046,0.0713,1.1536,0.0375,4.1385,2.7657,1,2000,2000,1,0,27
10,0,27,2000,2,247,5.2486,0,0,0.0747,2.4174,2.3334,0,2000,2000,1,0,27
10,0,27,2000,2,248,5.0265,0,0,0.0475,2.403,2.3361,0,2000,2000,1,0,27
10,0,27,2000,2,249,9.4749,0.0409,0.9327,0.0261,3.2195,2.073,1,2000,2000,1,0,27
10,0,27,2000,2,250,6.8179,0,0,0.074,2.0677,1.9824,0,2000,2000,1,0,27
10,0,27,2000,2,251,9.6124,0.0345,0.8051,0.0282,2.9524,1.9921,1,2000,2000,1,0,27
10,0,27,2000,2,252,3.944,0,0,0.0792,1.8719,1.7839,0,2000,2000,1,0,27
10,0,27,2000,2,253,4.6607,0.0486,0.8577,0.0351,2.8917,1.8575,1,2000,2000,1,0,27
10,0,27,2000,2,254,3.2846,0,0,0.0676,1.8419,1.765,0,2000,2000,1,0,27
10,0,27,2000,2,255,7.7146,0,0,0.1014,2.0232,1.9117,0,2000,2000,1,0,27
10,0,27,2000,2,256,3.8849,0,0,0.0569,1.8442,1.7782,0,2000,2000,1,0,27
10,0,27,2000,2,257,5.2749,0.0616,0.7887,0.0287,2.8599,1.8847,1,2000,2000,1,0,27
10,0,27,2000,2,258,3.6255,0,0,0.0675,1.8572,1.7799,0,2000,2000,1,0,27
10,0,27,2000,2,259,3.4453,0,0,0.0422,1.9505,1.893,0,2000,2000,1,0,27
10,0,27,2000,2,260,4.5048,0,0,0.0897,2.0252,1.924,0,2000,2000,1,0,27
10,0,27,2000,2,261,10.1111,0.0498,0.8683,0.0282,3.1359,2.0955,1,2000,2000,1,0,27
10,0,27,2000,2,262,6.5541,0,0,0.0691,1.9608,1.8826,0,2000,2000,1,0,27
10,0,27,2000,2,263,5.0047,0.0552,0.8352,0.0282,2.9203,1.9238,1,2000,2000,1,0,27
10,0,27,2000,2,264,7.5988,0,0,0.0588,2.0655,1.9968,0,2000,2000,1,0,27
10,0,27,2000,2,265,9.1659,0.0558,0.9613,0.0267,3.0445,1.9113,1,2000,2000,1,0,27
10,0,27,2000,2,266,3.8611,0,0,0.0869,2.0104,1.9152,0,2000,2000,1,0,27
10,0,27,2000,2,267,3.8257,0,0,0.0617,2.0105,1.9389,0,2000,2000,1,0,27
10,0,27,2000,2,268,3.6379,0,0,0.0559,1.8778,1.8088,0,2000,2000,1,0,27
10,0,27,2000,2,269,5.1566,0.0705,0.8071,0.0266,2.8398,1.8371,1,2000,2000,1,0,27
10,0,27,2000,2,270,7.8438,0,0,0.0899,2.0544,1.9545,0,2000,2000,1,0,27
10,0,27,2000,2,271,9.313,0.0696,1.0795,0.029,3.2881,1.9685,1,2000,2000,1,0,27
10,0,27,2000,2,272,4.1587,0,0,0.0949,2.3823,2.276,0,2000,2000,1,0,27
10,0,27,2000,2,273,3.5181,0,0,0.0762,1.8795,1.7942,0,2000,2000,1,0,27
10,0,27,2000,2,274,3.3585,0,0,0.0498,1.8535,1.7949,0,2000,2000,1,0,27
10,0,27,2000,2,275,5.9456,0.0654,1.2989,0.0296,3.731,2.2493,1,2000,2000,1,0,27
10,0,27,2000,2,276,4.2694,0,0,0.0991,2.0508,1.9399,0,2000,2000,1,0,27
10,0,27,2000,2,277,3.3247,0,0,0.0792,1.8703,1.7819,0,2000,2000,1,0,27
10,0,27,2000,2,278,3.3267,0,0,0.0553,1.8301,1.7657,0,2000,2000,1,0,27
10,0,27,2000,2,279,4.8262,0.0902,0.8692,0.029,2.9822,1.9081,1,2000,2000,1,0,27
10,0,27,2000,2,280,4.1489,0,0,0.0882,2.311,2.2098,0,2000,2000,1,0,27
10,0,27,2000,2,281,3.7121,0,0,0.076,2.0137,1.9261,0,2000,2000,1,0,27
10,0,27,2000,2,282,3.6394,0,0,0.06,1.9198,1.8491,0,2000,2000,1,0,27
10,0,27,2000,2,283,10.226,0.0525,0.9562,0.0294,3.174,2.0061,1,2000,2000,1,0,27
10,0,27,2000,2,284,6.8775,0,0,0.1065,2.1526,2.0347,0,2000,2000,1,0,27
10,0,27,2000,2,285,5.0939,0.0681,0.9088,0.0272,3.1142,1.9877,1,2000,2000,1,0,27
10,0,27,2000,2,286,3.9382,0,0,0.0829,2.1098,2.0167,0,2000,2000,1,0,27
10,0,27,2000,2,287,3.618,0,0,0.0552,1.815,1.7516,0,2000,2000,1,0,27
10,0,27,2000,2,288,9.2323,0.0516,0.8738,0.0282,3.226,2.1586,1,2000,2000,1,0,27
10,0,27,2000,2,289,7.1237,0,0,0.0616,1.8789,1.8085,0,2000,2000,1,0,27
10,0,27,2000,2,290,4.0214,0,0,0.0542,1.87,1.8073,0,2000,2000,1,0,27
10,0,27,2000,2,291,5.3253,0.0619,0.9012,0.0317,3.1805,2.0833,1,2000,2000,1,0,27
10,0,27,2000,2,292,3.9341,0,0,0.0718,1.9256,1.8456,0,2000,2000,1,0,27
10,0,27,2000,2,293,3.5672,0,0,0.053,1.885,1.8239,0,2000,2000,1,0,27
10,0,27,2000,2,294,3.5553,0,0,0.0493,1.8089,1.7505,0,2000,2000,1,0,27
10,0,27,2000,2,295,6.0494,0.0525,1.0437,0.0283,3.2384,1.9919,1,2000,2000,1,0,27
10,0,27,2000,2,296,4.0935,0,0,0.091,2.0415,1.9411,0,2000,2000,1,0,27
10,0,27,2000,2,297,3.3589,0,0,0.0609,1.8387,1.7675,0,2000,2000,1,0,27
10,0,27,2000,2,298,3.6216,0,0,0.0478,1.9926,1.9353,0,2000,2000,1,0,27
10,0,27,2000,2,299,9.5693,0.0376,0.7747,0.0282,3.0239,2.0592,1,2000,2000,1,0,27
10,0,27,2000,2,300,6.8964,0,0,0.0687,1.9384,1.86,0,2000,2000,1,0,27
10,0,27,2000,2,301,9.7438,0.1511,0.7766,0.0288,2.9929,1.9171,1,2000,2000,1,0,27
10,0,27,2000,2,302,7.1657,0,0,0.097,2.0776,1.9682,0,2000,2000,1,0,27
10,0,27,2000,2,303,9.4965,0.0436,0.8468,0.0272,2.9794,1.9158,1,2000,2000,1,0,27
10,0,27,2000,2,304,3.6364,0,0,0.0715,1.8595,1.7781,0,2000,2000,1,0,27
10,0,27,2000,2,305,9.0739,0.0495,1.101,0.0283,3.4071,2.0875,1,2000,2000,1,0,27
10,0,27,2000,2,306,4.1754,0,0,0.0818,1.9877,1.8903,0,2000,2000,1,0,27
10,0,27,2000,2,307,3.4344,0,0,0.0603,1.9614,1.8782,0,2000,2000,1,0,27
10,0,27,2000,2,308,3.51,0,0,0.0605,1.8651,1.7954,0,2000,2000,1,0,27
10,0,27,2000,2,309,4.9003,0.066,0.7866,0.0292,2.914,1.9381,1,2000,2000,1,0,27
10,0,27,2000,2,310,4.0078,0,0,0.0858,1.9353,1.8377,0,2000,2000,1,0,27
10,0,27,2000,2,311,3.4506,0,0,0.0601,1.9048,1.836,0,2000,2000,1,0,27
10,0,27,2000,2,312,4.0112,0,0,0.0515,1.868,1.8069,0,2000,2000,1,0,27
10,0,27,2000,2,313,5.2935,0.0609,0.7164,0.0272,2.7887,1.8992,1,2000,2000,1,0,27
10,0,27,2000,2,314,3.7113,0,0,0.0617,2.0107,1.9383,0,2000,2000,1,0,27
10,0,27,2000,2,315,3.715,0,0,0.0762,1.9528,1.8663,0,2000,2000,1,0,27
10,0,27,2000,2,316,4.2517,0,0,0.0574,2.0061,1.9332,0,2000,2000,1,0,27
10,0,27,2000,2,317,5.2403,0.1997,1.0983,0.0272,3.4368,1.9656,1,2000,2000,1,0,27
10,0,27,2000,2,318,8.0338,0,0,0.0889,2.0413,1.9403,0,2000,2000,1,0,27
10,0,27,2000,2,319,8.194,0.0698,0.8053,0.0279,2.8577,1.8481,1,2000,2000,1,0,27
10,0,27,2000,2,320,3.8519,0,0,0.062,2.0909,2.0176,0,2000,2000,1,0,27
10,0,27,2000,2,321,3.7036,0,0,0.0564,1.93,1.864,0,2000,2000,1,0,27
10,0,27,2000,2,322,3.9877,0,0,0.0598,1.9671,1.8954,0,2000,2000,1,0,27
10,0,27,2000,2,323,5.6761,0.0582,0.8786,0.028,2.9536,1.8982,1,2000,2000,1,0,27
10,0,27,2000,2,324,4.1123,0,0,0.0818,2.0992,2.0071,0,2000,2000,1,0,27
10,0,27,2000,2,325,3.4112,0,0,0.0892,1.904,1.8051,0,2000,2000,1,0,27
10,0,27,2000,2,326,3.6659,0,0,0.0542,1.8749,1.8109,0,2000,2000,1,0,27
10,0,27,2000,2,327,9.6384,0.0437,1.1067,0.0282,3.3669,2.0529,1,2000,2000,1,0,27
10,0,27,2000,2,328,7.454,0,0,0.1107,2.3376,2.2144,0,2000,2000,1,0,27
10,0,27,2000,2,329,4.4866,0.0603,0.7406,0.0315,2.8216,1.8985,1,2000,2000,1,0,27
10,0,27,2000,2,330,4.4111,0,0,0.0868,2.0342,1.9377,0,2000,2000,1,0,27
10,0,27,2000,2,331,3.3975,0,0,0.0554,1.8786,1.8126,0,2000,2000,1,0,27
10,0,27,2000,2,332,3.8135,0,0,0.0477,2.0023,1.944,0,2000,2000,1,0,27
10,0,27,2000,2,333,5.4251,0.0596,1.004,0.0272,3.318,2.1266,1,2000,2000,1,0,27
10,0,27,2000,2,334,7.6777,0,0,0.0853,2.0379,1.9427,0,2000,2000,1,0,27
10,0,27,2000,2,335,3.9758,0,0,0.0621,2.0403,1.967,0,2000,2000,1,0,27
10,0,27,2000,2,336,9.8474,0.0429,1.2521,0.0268,3.5662,2.1221,1,2000,2000,1,160,27
10,0,27,2000,2,337,3.7318,0,0,0.0756,1.9373,1.8529,0,2000,2000,1,0,27
10,0,27,2000,2,338,4.557,0.0704,0.7258,0.0265,2.8317,1.9301,1,2000,2000,1,0,27
10,0,27,2000,2,339,3.4726,0,0,0.0686,1.9344,1.8567,0,2000,2000,1,0,27
10,0,27,2000,2,340,7.323,0,0,0.0619,1.9383,1.8675,0,2000,2000,1,0,27
10,0,27,2000,2,341,3.7023,0,0,0.0446,1.8363,1.7828,0,2000,2000,1,0,27
10,0,27,2000,2,342,5.3211,0.0575,0.7551,0.0265,2.8769,1.9541,1,2000,2000,1,0,27
10,0,27,2000,2,343,4.161,0,0,0.081,2.12,2.0274,0,2000,2000,1,0,27
10,0,27,2000,2,344,3.3626,0,0,0.0594,1.8724,1.8042,0,2000,2000,1,0,27
10,0,27,2000,2,345,4.8195,0,0,0.0692,2.4446,2.3613,0,2000,2000,1,0,27
10,0,27,2000,2,346,6.9169,0.0719,2.5538,0.0274,4.9226,2.1674,1,2000,2000,1,320,27
10,0,27,2000,2,347,5.1957,0,0,0.0818,2.1279,2.036,0,2000,2000,1,0,27
10,0,27,2000,2,348,5.6751,0.0492,1.0268,0.0275,3.1593,1.9751,1,2000,2000,1,0,27
10,0,27,2000,2,349,3.6107,0,0,0.0725,1.9513,1.8707,0,2000,2000,1,0,27
10,0,27,2000,2,350,4.0791,0,0,0.0831,2.0883,1.9935,0,2000,2000,1,0,27
10,0,27,2000,2,351,3.8528,0,0,0.0572,2.2635,2.1928,0,2000,2000,1,0,27
10,0,27,2000,2,352,10.2286,0.0677,1.1937,0.0466,4.4833,3.0261,1,2000,2000,1,0,27
10,0,27,2000,2,353,6.7199,0,0,0.0943,2.3642,2.251,0,2000,2000,1,0,27
10,0,27,2000,2,354,9.8969,0.0678,1.176,0.0472,4.1661,2.7369,1,2000,2000,1,0,27
10,0,27,2000,2,355,6.3689,0,0,0.0842,2.3701,2.2741,0,2000,2000,1,0,27
10,0,27,2000,2,356,3.7516,0,0,0.0552,2.0443,1.98,0,2000,2000,1,0,27
10,0,27,2000,2,357,5.2473,0.0584,1.2742,0.0277,3.3789,1.9347,1,2000,2000,1,160,27
10,0,27,2000,2,358,4.0363,0,0,0.0901,2.2447,2.1446,0,2000,2000,1,0,27
10,0,27,2000,2,359,3.3557,0,0,0.063,1.9076,1.8348,0,2000,2000,1,0,27
10,0,27,2000,2,360,3.7331,0,0,0.0488,1.893,1.8342,0,2000,2000,1,0,27
10,0,27,2000,2,361,5.3833,0.0604,1.1362,0.025,3.2638,1.9596,1,2000,2000,1,160,27
10,0,27,2000,2,362,7.5859,0,0,0.0956,2.0966,1.9912,0,2000,2000,1,0,27
10,0,27,2000,2,363,9.4057,0.0571,1.2428,0.0275,3.5224,2.0827,1,2000,2000,1,0,27
10,0,27,2000,2,364,4.1801,0,0,0.086,2.1036,2.0054,0,2000,2000,1,0,27
10,0,27,2000,2,365,7.2507,0,0,0.1038,2.2031,2.088,0,2000,2000,1,0,27
10,0,27,2000,2,366,9.0999,0.0356,1.0206,0.0272,3.0679,1.8971,1,2000,2000,1,0,27
10,0,27,2000,2,367,7.1146,0,0,0.063,1.9386,1.8653,0,2000,2000,1,0,27
10,0,27,2000,2,368,10.3992,0.052,1.8615,0.0264,4.0887,2.0708,1,2000,2000,1,320,27
10,0,27,2000,2,369,6.6232,0,0,0.0794,2.2557,2.1647,0,2000,2000,1,0,27
10,0,27,2000,2,370,5.6413,0.0777,1.1886,0.0275,3.453,2.0787,1,2000,2000,1,160,27
10,0,27,2000,2,371,4.3055,0,0,0.0914,2.0238,1.922,0,2000,2000,1,0,27
10,0,27,2000,2,372,3.4917,0,0,0.0695,1.9134,1.8349,0,2000,2000,1,0,27
10,0,27,2000,2,373,5.5781,0.0588,1.5066,0.0455,4.0101,2.2865,1,2000,2000,1,0,27
10,0,27,2000,2,374,3.784,0,0,0.0759,2.0116,1.9242,0,2000,2000,1,0,27
10,0,27,2000,2,375,4.0631,0,0,0.1409,2.2188,2.0677,0,2000,2000,1,0,27
10,0,27,2000,2,376,3.6441,0,0,0.0745,1.9959,1.9111,0,2000,2000,1,0,27
10,0,27,2000,2,377,5.7948,0.059,1.7929,0.0271,4.2549,2.2871,1,2000,2000,1,320,27
10,0,27,2000,2,378,5.3129,0,0,0.0813,2.2274,2.1357,0,2000,2000,1,0,27
10,0,27,2000,2,379,4.0533,0,0,0.0635,2.105,2.0288,0,2000,2000,1,0,27
10,0,27,2000,2,380,9.6445,0.0445,1.3196,0.0253,3.4377,1.9689,1,2000,2000,1,160,27
10,0,27,2000,2,381,7.2255,0,0,0.0953,2.1352,2.0308,0,2000,2000,1,0,27
10,0,27,2000,2,382,9.7719,0.0462,1.3153,0.0272,3.7742,2.2975,1,2000,2000,1,0,27
10,0,27,2000,2,383,4.5713,0,0,0.1045,2.2562,2.1366,0,2000,2000,1,0,27
10,0,27,2000,2,384,6.3813,0,0,0.0865,2.3192,2.2142,0,2000,2000,1,0,27
10,0,27,2000,2,385,9.6625,0.0437,0.9696,0.0292,3.4014,2.2589,1,2000,2000,1,0,27
10,0,27,2000,2,386,3.8823,0,0,0.0986,2.0327,1.9229,0,2000,2000,1,0,27
10,0,27,2000,2,387,5.2742,0.0632,1.5951,0.0281,3.7196,1.9566,1,2000,2000,1,320,27
10,0,27,2000,2,388,3.6394,0,0,0.0678,1.9569,1.8802,0,2000,2000,1,0,27
10,0,27,2000,2,389,3.6324,0,0,0.0737,1.9411,1.8576,0,2000,2000,1,0,27
10,0,27,2000,2,390,3.8407,0,0,0.0772,2.0255,1.9396,0,2000,2000,1,0,27
10,0,27,2000,2,391,5.9564,0.0626,2.217,0.029,4.417,2.0296,1,2000,2000,1,144,27
10,0,27,2000,2,392,3.6716,0,0,0.0581,1.9863,1.918,0,2000,2000,1,0,27
10,0,27,2000,2,393,4.5091,0,0,0.087,2.5304,2.4301,0,2000,2000,1,0,27
10,0,27,2000,2,394,3.9281,0,0,0.0693,2.1455,2.0667,0,2000,2000,1,0,27
10,0,27,2000,2,395,5.9789,0.0627,1.3762,0.0304,3.9467,2.3757,1,2000,2000,1,144,27
10,0,27,2000,2,396,3.9787,0,0,0.0741,2.0549,1.9669,0,2000,2000,1,0,27
10,0,27,2000,2,397,3.6662,0,0,0.0464,1.9744,1.9176,0,2000,2000,1,0,27
10,0,27,2000,2,398,3.388,0,0,0.0441,1.8933,1.8395,0,2000,2000,1,0,27
10,0,27,2000,2,399,6.1101,0.0591,2.2649,0.0274,4.5066,2.0732,1,2000,2000,1,368,27
10,0,27,2000,2,400,4.2683,0,0,0.0835,2.4921,2.3912,0,2000,2000,1,0,27
10,0,27,2000,2,401,3.7133,0,0,0.058,2.0301,1.9631,0,2000,2000,1,0,27
10,0,27,2000,2,402,3.7361,0,0,0.0596,1.9731,1.903,0,2000,2000,1,0,27
10,0,27,2000,2,403,6.0689,0.1656,2.1729,0.0264,4.4976,2.0477,1,2000,2000,1,213,27
10,0,27,2000,2,404,3.7549,0,0,0.0516,1.8884,1.8293,0,2000,2000,1,0,27
10,0,27,2000,2,405,3.3616,0,0,0.0593,1.9259,1.8583,0,2000,2000,1,0,27
10,0,27,2000,2,406,10.804,0.0571,2.2918,0.0271,4.7334,2.2657,1,2000,2000,1,81,27
10,0,27,2000,2,407,5.7628,0,0,0.0936,2.3439,2.2322,0,2000,2000,1,0,27
10,0,27,2000,2,408,10.199,0.0533,1.6791,0.0286,4.1248,2.2803,1,2000,2000,1,74,27
10,0,27,2000,2,409,6.5977,0,0,0.0709,2.1479,2.0674,0,2000,2000,1,0,27
10,0,27,2000,2,410,11.9146,0.0633,3.796,0.0273,6.0812,2.1102,1,2000,2000,1,668,27
10,0,27,2000,2,411,4.5383,0,0,0.0633,2.2057,2.1255,0,2000,2000,1,0,27
10,0,27,2000,2,412,12.0612,0.0576,4.052,0.0262,6.1971,1.9858,1,2000,2000,1,338,27
10,0,27,2000,2,413,4.5648,0,0,0.0693,2.1989,2.1142,0,2000,2000,1,0,27
10,0,27,2000,2,414,11.8969,0.046,2.7658,0.0262,5.0263,2.1091,1,2000,2000,1,132,27
10,0,27,2000,2,415,4.6199,0,0,0.051,2.0943,2.0273,0,2000,2000,1,0,27
10,0,27,2000,2,416,11.836,0.0532,3.4432,0.0283,5.7184,2.126,1,2000,2000,1,614,27
10,0,27,2000,2,417,4.9525,0,0,0.0568,2.1004,2.0341,0,2000,2000,1,0,27
10,0,27,2000,2,418,11.2408,0.0469,3.034,0.0283,5.2662,2.0831,1,2000,2000,1,309,27
10,0,27,2000,2,419,5.6991,0,0,0.1001,2.3116,2.1989,0,2000,2000,1,0,27
10,0,27,2000,2,420,10.6152,0.0502,2.5316,0.0273,4.8256,2.1353,1,2000,2000,1,168,27
10,0,27,2000,2,421,5.9307,0,0,0.0875,2.2442,2.1458,0,2000,2000,1,0,27
10,0,27,2000,2,422,12.0704,0.0474,3.9138,0.0272,6.1825,2.117,1,2000,2000,1,720,27
10,0,27,2000,2,423,4.3371,0,0,0.0526,2.0951,2.0323,0,2000,2000,1,0,27
10,0,27,2000,2,424,12.0271,0.0505,2.8638,0.0294,5.2401,2.2091,1,2000,2000,1,331,27
10,0,27,2000,2,425,5.1246,0,0,0.0815,2.2742,2.1803,0,2000,2000,1,0,27
10,0,27,2000,2,426,11.0435,0.0596,2.9302,0.0262,5.3883,2.2608,1,2000,2000,1,299,27
10,0,27,2000,2,427,5.099,0,0,0.0458,2.0614,2.0066,0,2000,2000,1,0,27
10,0,27,2000,2,428,11.957,0.0553,3.661,0.0279,5.9535,2.1422,1,2000,2000,1,830,27
10,0,27,2000,2,429,5.4435,0,0,0.0693,2.1417,2.0617,0,2000,2000,1,0,27
10,0,27,2000,2,430,11.0287,0.0513,3.3534,0.0269,5.6214,2.1134,1,2000,2000,1,309,27
10,0,27,2000,2,431,4.7395,0,0,0.0387,1.9936,1.9457,0,2000,2000,1,0,27
10,0,27,2000,2,432,11.9123,0.0496,3.1055,0.0261,5.511,2.2513,1,2000,2000,1,271,27
10,0,27,2000,2,433,4.9978,0,0,0.0674,2.2146,2.1307,0,2000,2000,1,0,27
10,0,27,2000,2,434,15.7836,0.0394,2.8672,0.0264,5.1711,2.1588,1,2000,2000,1,350,27
10,0,27,2000,2,435,4.9132,0,0,0.0354,2.1835,2.1337,0,2000,2000,1,0,27
10,0,27,2000,2,436,11.3861,0.0338,2.7622,0.0265,4.9612,2.0687,1,2000,2000,1,155,27
10,0,27,2000,2,437,5.4338,0,0,0.0558,2.1633,2.0909,0,2000,2000,1,0,27
10,0,27,2000,2,438,11.1516,0.0473,2.387,0.029,4.8695,2.3273,1,2000,2000,1,113,27
10,0,27,2000,2,439,5.3335,0,0,0.0476,2.0816,2.0244,0,2000,2000,1,0,27
10,0,27,2000,2,440,11.2089,0.0448,2.1852,0.0255,4.5265,2.1736,1,2000,2000,1,121,27
10,0,27,2000,2,441,5.579,0,0,0.0676,2.0264,1.95,0,2000,2000,1,0,27
10,0,27,2000,2,442,11.5245,0.0444,2.0771,0.0273,4.3757,2.152,1,2000,2000,1,212,27
10,0,27,2000,2,443,5.1112,0,0,0.0429,2.1184,2.064,0,2000,2000,1,0,27
10,0,27,2000,2,444,10.8377,0.0396,2.1759,0.0246,4.415,2.0782,1,2000,2000,1,73,27
10,0,27,2000,2,445,6.039,0,0,0.0538,2.4571,2.3903,0,2000,2000,1,0,27
10,0,27,2000,2,446,15.0565,0.0453,2.1984,0.0316,4.7412,2.238,1,2000,2000,1,81,27
10,0,27,2000,2,447,7.7833,0.0465,2.0732,0.0273,4.4201,2.1933,1,2000,2000,1,79,27
10,0,27,2000,2,448,6.3798,0,0,0.0805,2.1615,2.0708,0,2000,2000,1,0,27
10,0,27,2000,2,449,10.6348,0.053,2.0913,0.0262,4.6572,2.3867,1,2000,2000,1,90,27
10,0,27,2000,2,450,6.4495,0,0,0.0564,2.3592,2.2854,0,2000,2000,1,0,27
10,0,27,2000,2,451,9.7948,0.0467,1.9096,0.026,4.1262,2.0447,1,2000,2000,1,78,27
10,0,27,2000,2,452,6.5611,0,0,0.0727,2.0956,2.0121,0,2000,2000,1,0,27
10,0,27,2000,2,453,10.7499,0.054,2.0741,0.0267,4.7043,2.4717,1,2000,2000,1,79,27
10,0,27,2000,2,454,5.8997,0,0,0.0407,1.9818,1.9323,0,2000,2000,1,0,27
10,0,27,2000,2,455,10.0704,0.0594,1.6982,0.026,4.0302,2.1648,1,2000,2000,1,83,27
10,0,27,2000,2,456,6.7393,0,0,0.0579,2.199,2.1237,0,2000,2000,1,0,27
10,0,27,2000,2,457,10.141,0.0572,1.8354,0.0269,4.2091,2.2096,1,2000,2000,1,66,27
10,0,27,2000,2,458,6.1668,0,0,0.0834,2.2201,2.1152,0,2000,2000,1,0,27
10,0,27,2000,2,459,10.5377,0.0553,1.7275,0.029,4.1618,2.263,1,2000,2000,1,76,27
10,0,27,2000,2,460,6.5318,0,0,0.1205,2.5338,2.4002,0,2000,2000,1,0,27
10,0,27,2000,2,461,10.5733,0.0607,1.7469,0.029,4.4561,2.5448,1,2000,2000,1,90,27
10,0,27,2000,2,462,5.9419,0,0,0.0613,2.2961,2.2176,0,2000,2000,1,0,27
10,0,27,2000,2,463,3.7537,0,0,0.081,2.1381,2.0461,0,2000,2000,1,0,27
10,0,27,2000,2,464,6.3344,0.0668,1.7532,0.0271,4.2184,2.2662,1,2000,2000,1,62,27
10,0,27,2000,2,465,4.0576,0,0,0.0799,2.1162,2.0258,0,2000,2000,1,0,27
10,0,27,2000,2,466,3.9656,0,0,0.0814,2.009,1.9199,0,2000,2000,1,0,27
10,0,27,2000,2,467,9.1617,0.0705,1.6226,0.0269,4.057,2.2624,1,2000,2000,1,67,27
10,0,27,2000,2,468,6.2805,0,0,0.0617,2.3019,2.2302,0,2000,2000,1,0,27
10,0,27,2000,2,469,10.3733,0.0495,1.953,0.1813,4.42,2.1312,1,2000,2000,1,64,27
10,0,27,2000,2,470,6.3757,0,0,0.0508,2.2385,2.178,0,2000,2000,1,0,27
10,0,27,2000,2,471,9.6612,0.0553,1.8267,0.0252,4.1285,2.1457,1,2000,2000,1,53,27
10,0,27,2000,2,472,7.0223,0,0,0.0728,2.2043,2.1207,0,2000,2000,1,0,27
10,0,27,2000,2,473,10.1215,0.0545,1.9812,0.0272,4.2791,2.135,1,2000,2000,1,67,27
10,0,27,2000,2,474,6.1537,0,0,0.0566,2.1253,2.0582,0,2000,2000,1,0,27
10,0,27,2000,2,475,9.657,0.0447,1.4799,0.0265,3.9244,2.2967,1,2000,2000,1,38,27
10,0,27,2000,2,476,7.7268,0,0,0.1109,2.4675,2.3332,0,2000,2000,1,0,27
10,0,27,2000,2,477,5.7415,0.0563,1.5863,0.029,3.8973,2.135,1,2000,2000,1,51,27
10,0,27,2000,2,478,6.0919,0,0,0.0916,2.2308,2.1269,0,2000,2000,1,0,27
10,0,27,2000,2,479,3.9256,0,0,0.0719,2.2741,2.1882,0,2000,2000,1,0,27
10,0,27,2000,2,480,3.8796,0,0,0.061,2.1817,2.1104,0,2000,2000,1,0,27
10,0,27,2000,2,481,6.3302,0.0601,1.8282,0.0277,4.1805,2.17,1,2000,2000,1,59,27
10,0,27,2000,2,482,4.7343,0,0,0.081,2.3414,2.247,0,2000,2000,1,0,27
10,0,27,2000,2,483,4.3423,0,0,0.0751,2.1392,2.0541,0,2000,2000,1,0,27
10,0,27,2000,2,484,7.7875,0.0565,1.9075,0.0267,4.3084,2.2388,1,2000,2000,1,40,27
10,0,27,2000,2,485,6.7588,0,0,0.0754,2.3529,2.2667,0,2000,2000,1,0,27
10,0,27,2000,2,486,9.8822,0.0574,1.7655,0.026,4.099,2.1554,1,2000,2000,1,33,27
10,0,27,2000,2,487,6.5931,0,0,0.0767,2.4099,2.3227,0,2000,2000,1,0,27
10,0,27,2000,2,488,3.8296,0,0,0.071,2.0753,1.9946,0,2000,2000,1,0,27
10,0,27,2000,2,489,10.4817,0.0361,1.7146,0.0259,4.0591,2.2073,1,2000,2000,1,43,27
10,0,27,2000,2,490,6.2768,0,0,0.0569,2.2653,2.1987,0,2000,2000,1,0,27
10,0,27,2000,2,491,10.7199,0.0923,2.0068,0.028,4.4281,2.2184,1,2000,2000,1,45,27
10,0,27,2000,2,492,6.1818,0,0,0.0894,2.4566,2.3561,0,2000,2000,1,0,27
10,0,27,2000,2,493,10.4538,0.0414,1.9138,0.029,4.3733,2.2656,1,2000,2000,1,23,27
10,0,27,2000,2,494,6.4776,0,0,0.1472,2.4584,2.2982,0,2000,2000,1,0,27
10,0,27,2000,2,495,9.3437,0.0378,1.4104,0.0255,3.6623,2.1169,1,2000,2000,1,34,27
10,0,27,2000,2,496,4.0034,0,0,0.0805,2.1465,2.0556,0,2000,2000,1,0,27
10,0,27,2000,2,497,5.5388,0.0564,1.4501,0.0279,3.8632,2.2456,1,2000,2000,1,25,27
10,0,27,2000,2,498,3.9858,0,0,0.0721,2.0906,2.0085,0,2000,2000,1,0,27
10,0,27,2000,2,499,4.5535,0,0,0.0689,2.2256,2.1433,0,2000,2000,1,0,27
10,0,27,2000,2,500,3.8531,0,0,0.0489,2.0641,2.004,0,2000,2000,1,0,27
10,0,27,2000,2,501,5.8868,0.063,1.7204,0.028,4.1805,2.3005,1,2000,2000,1,29,27
10,0,27,2000,2,502,4.6004,0,0,0.0952,2.4575,2.3511,0,2000,2000,1,0,27
10,0,27,2000,2,503,3.8991,0,0,0.0772,2.1395,2.0519,0,2000,2000,1,0,27
10,0,27,2000,2,504,3.8498,0,0,0.0583,2.1208,2.0514,0,2000,2000,1,0,27
10,0,27,2000,2,505,6.0181,0.2836,1.2375,0.0282,3.8287,2.1949,1,2000,2000,1,31,27
10,0,27,2000,2,506,3.6706,0,0,0.0375,1.956,1.9111,0,2000,2000,1,0,27
10,0,27,2000,2,507,3.7953,0,0,0.0727,2.2693,2.1859,0,2000,2000,1,0,27
10,0,27,2000,2,508,8.6831,0.0503,1.4404,0.028,3.7329,2.1351,1,2000,2000,1,34,27
10,0,27,2000,2,509,6.9787,0,0,0.0664,2.213,2.1364,0,2000,2000,1,0,27
10,0,27,2000,2,510,4.0575,0,0,0.0488,2.2706,2.21,0,2000,2000,1,0,27
10,0,27,2000,2,511,5.8703,0.062,1.4124,0.0288,4.0337,2.4439,1,2000,2000,1,28,27
10,0,27,2000,2,512,6.9815,0,0,0.1187,2.3448,2.2148,0,2000,2000,1,0,27
10,0,27,2000,2,513,4.012,0,0,0.0758,2.2812,2.1952,0,2000,2000,1,0,27
10,0,27,2000,2,514,10.6869,0.048,1.4053,0.0245,3.719,2.1515,1,2000,2000,1,30,27
10,0,27,2000,2,515,3.7555,0,0,0.0684,2.1009,2.024,0,2000,2000,1,0,27
10,0,27,2000,2,516,7.5345,0.0433,1.3903,0.027,3.6725,2.1404,1,2000,2000,1,26,27
10,0,27,2000,2,517,7.3741,0,0,0.0796,2.3966,2.3055,0,2000,2000,1,0,27
10,0,27,2000,2,518,9.7139,0.05,1.6903,0.0283,3.9224,2.074,1,2000,2000,1,22,27
10,0,27,2000,2,519,7.1761,0,0,0.0844,2.7175,2.6206,0,2000,2000,1,0,27
10,0,27,2000,2,520,3.9409,0,0,0.0754,2.1266,2.0401,0,2000,2000,1,0,27
10,0,27,2000,2,521,5.6331,0.2498,1.5417,0.027,4.1247,2.2153,1,2000,2000,1,25,27
10,0,27,2000,2,522,4.0237,0,0,0.0762,2.125,2.0391,0,2000,2000,1,0,27
10,0,27,2000,2,523,3.8758,0,0,0.1052,2.1291,2.0138,0,2000,2000,1,0,27
10,0,27,2000,2,524,5.3847,0.0584,1.3989,0.029,3.7881,2.2288,1,2000,2000,1,11,27
10,0,27,2000,2,525,6.1996,0,0,0.1089,2.5238,2.3988,0,2000,2000,1,0,27
10,0,27,2000,2,526,7.6137,0,0,0.0544,2.0586,1.9949,0,2000,2000,1,0,27
10,0,27,2000,2,527,6.4248,0.0568,1.4367,0.0262,3.7241,2.0945,1,2000,2000,1,36,27
10,0,27,2000,2,528,7.3248,0,0,0.2019,2.5081,2.2901,0,2000,2000,1,0,27
10,0,27,2000,2,529,8.7059,0.0577,1.2492,0.0282,3.6809,2.2619,1,2000,2000,1,21,27
10,0,27,2000,2,530,4.0972,0,0,0.0761,2.23,2.1443,0,2000,2000,1,0,27
10,0,27,2000,2,531,3.6733,0,0,0.0678,2.0771,2.0007,0,2000,2000,1,0,27
10,0,27,2000,2,532,3.5585,0,0,0.059,2.0404,1.972,0,2000,2000,1,0,27
10,0,27,2000,2,533,5.3478,0.0622,1.5365,0.0267,3.8424,2.1362,1,2000,2000,1,22,27
10,0,27,2000,2,534,4.1012,0,0,0.0745,2.1333,2.0489,0,2000,2000,1,0,27
10,0,27,2000,2,535,3.8661,0,0,0.0653,2.1397,2.0661,0,2000,2000,1,0,27
10,0,27,2000,2,536,8.9418,0.0542,1.5337,0.0264,4.0561,2.3318,1,2000,2000,1,16,27
10,0,27,2000,2,537,4.225,0,0,0.0871,2.2977,2.2004,0,2000,2000,1,0,27
10,0,27,2000,2,538,3.5803,0,0,0.0685,2.067,1.9901,0,2000,2000,1,0,27
10,0,27,2000,2,539,5.541,0.0532,1.8347,0.0273,4.0591,2.0645,1,2000,2000,1,16,27
10,0,27,2000,2,540,4.04,0,0,0.064,2.3189,2.2467,0,2000,2000,1,0,27
10,0,27,2000,2,541,5.9848,0,0,0.0628,2.2466,2.1724,0,2000,2000,1,0,27
10,0,27,2000,2,542,4.04,0,0,0.0529,2.1386,2.0712,0,2000,2000,1,0,27
10,0,27,2000,2,543,5.7149,0.0577,1.3604,0.0279,3.8287,2.3071,1,2000,2000,1,27,27
10,0,27,2000,2,544,7.3279,0,0,0.0679,2.3017,2.223,0,2000,2000,1,0,27
10,0,27,2000,2,545,4.028,0,0,0.063,2.102,2.0299,0,2000,2000,1,0,27
10,0,27,2000,2,546,9.6578,0.0424,1.2296,0.027,3.5435,2.1635,1,2000,2000,1,21,27
10,0,27,2000,2,547,6.4048,0,0,0.0403,2.087,2.0354,0,2000,2000,1,0,27
10,0,27,2000,2,548,6.0444,0.0449,1.2986,0.0281,3.6308,2.1858,1,2000,2000,1,22,27
10,0,27,2000,2,549,6.7007,0,0,0.0564,2.2261,2.1591,0,2000,2000,1,0,27
10,0,27,2000,2,550,9.7254,0.0532,1.3709,0.0273,3.784,2.2427,1,2000,2000,1,12,27
11,1,27,2000,2,151,8.339,0.069,0.1338,0.027,2.7031,2.3885,1,2000,2000,1,0,27
11,1,27,2000,2,152,8.85,0.0681,0.131,0.0706,2.8453,2.7668,0,2000,2000,1,0,27
11,1,27,2000,2,153,7.4063,0.0604,0.1498,0.0274,2.6129,2.3109,1,2000,2000,1,0,27
11,1,27,2000,2,154,7.8944,0.0719,0.0811,0.0583,1.992,1.9276,0,2000,2000,1,0,27
11,1,27,2000,2,155,8.5949,0.0414,0.1013,0.0262,2.4238,2.1931,1,2000,2000,1,0,27
11,1,27,2000,2,156,8.253,0.0433,0.0403,0.0873,2.2219,2.1269,0,2000,2000,1,0,27
11,1,27,2000,2,157,8.2478,0.0462,0.1188,0.0274,2.4046,2.151,1,2000,2000,1,0,27
11,1,27,2000,2,158,8.2313,0.0391,0.0517,0.0689,2.1938,2.1197,0,2000,2000,1,0,27
11,1,27,2000,2,159,8.6736,0.0511,0.1001,0.0262,2.3594,2.1113,1,2000,2000,1,0,27
11,1,27,2000,2,160,8.3798,0.0398,0.0832,0.0581,2.2386,2.1732,0,2000,2000,1,0,27
11,1,27,2000,2,161,8.1957,0.0487,0.0931,0.0246,2.4401,2.2079,1,2000,2000,1,0,27
11,1,27,2000,2,162,8.2515,0.0405,0.126,0.0533,2.0324,1.9729,0,2000,2000,1,0,27
11,1,27,2000,2,163,8.3873,0.0621,0.092,0.0261,2.3421,2.1086,1,2000,2000,1,0,27
11,1,27,2000,2,164,9.1049,0.0402,0.1054,0.0608,2.0913,2.0247,0,2000,2000,1,0,27
11,1,27,2000,2,165,7.8771,0.0496,0.1535,0.0254,2.6018,2.3217,1,2000,2000,1,0,27
11,1,27,2000,2,166,8.0206,0.0425,0.2153,0.0515,1.8828,1.8248,0,2000,2000,1,0,27
11,1,27,2000,2,167,8.4092,0.048,0.1095,0.0253,2.3509,2.111,1,2000,2000,1,0,27
11,1,27,2000,2,168,8.5128,0.0707,0.0099,0.0596,2.3859,2.32,0,2000,2000,1,0,27
11,1,27,2000,2,169,8.659,0.0589,0.1126,0.0245,2.8243,2.5623,1,2000,2000,1,0,27
11,1,27,2000,2,170,8.4329,0.05,0.1562,0.0534,2.2013,2.1413,0,2000,2000,1,0,27
11,1,27,2000,2,171,4.2369,0.0605,0.156,0.0265,2.444,2.1472,1,2000,2000,1,0,27
11,1,27,2000,2,172,3.814,0.0605,0.156,0.0499,2.1212,2.0642,0,2000,2000,1,0,27
11,1,27,2000,2,173,3.5874,0.0456,0.1154,0.0492,1.8437,1.7893,0,2000,2000,1,0,27
11,1,27,2000,2,174,4.0761,0.0456,0.1154,0.0552,2.0988,2.0381,0,2000,2000,1,0,27
11,1,27,2000,2,175,4.4037,0.0613,0.1128,0.0282,2.3307,2.0725,1,2000,2000,1,0,27
11,1,27,2000,2,176,4.3131,0.0613,0.1128,0.0747,2.2439,2.1624,0,2000,2000,1,0,27
11,1,27,2000,2,177,8.0198,0.04,0.0763,0.0726,2.2105,2.132,0,2000,2000,1,0,27
11,1,27,2000,2,178,4.3746,0.0676,0.111,0.029,2.4352,2.169,1,2000,2000,1,0,27
11,1,27,2000,2,179,3.7537,0.0676,0.111,0.0743,2.0662,1.9859,0,2000,2000,1,0,27
11,1,27,2000,2,180,4.0075,0.0462,0.0681,0.0544,1.9506,1.8905,0,2000,2000,1,0,27
11,1,27,2000,2,181,9.0766,0.058,0.1457,0.0252,2.7641,2.4638,1,2000,2000,1,0,27
11,1,27,2000,2,182,9.0966,0.0515,0.5612,0.0582,2.2432,2.1791,0,2000,2000,1,0,27
11,1,27,2000,2,183,8.3169,0.1308,0.1045,0.0264,2.9317,2.6128,1,2000,2000,1,0,27
11,1,27,2000,2,184,3.6692,0.1308,0.1045,0.0584,2.0214,1.958,0,2000,2000,1,0,27
11,1,27,2000,2,185,4.0822,0.054,0.1207,0.0599,2.0177,1.9522,0,2000,2000,1,0,27
11,1,27,2000,2,186,3.5414,0.054,0.1207,0.0691,1.9365,1.8627,0,2000,2000,1,0,27
11,1,27,2000,2,187,5.1004,0.0484,0.1164,0.0265,2.6346,2.3898,1,2000,2000,1,0,27
11,1,27,2000,2,188,3.6121,0.0484,0.1164,0.0539,1.9134,1.8542,0,2000,2000,1,0,27
11,1,27,2000,2,189,4.0741,0.0536,0.0955,0.0731,1.9893,1.9089,0,2000,2000,1,0,27
11,1,27,2000,2,190,8.1039,0.0501,0.1118,0.025,2.272,2.026,1,2000,2000,1,0,27
11,1,27,2000,2,191,3.9298,0.0501,0.1118,0.0726,2.1615,2.0828,0,2000,2000,1,0,27
11,1,27,2000,2,192,4.3716,0.0461,0.089,0.073,1.9902,1.9081,0,2000,2000,1,0,27
11,1,27,2000,2,193,4.0229,0.0461,0.089,0.0619,2.0195,1.9515,0,2000,2000,1,0,27
11,1,27,2000,2,194,9.0563,0.16,0.0952,0.0261,2.8838,2.5393,1,2000,2000,1,0,27
11,1,27,2000,2,195,4.2776,0.0556,0.0587,0.0539,2.2923,2.233,0,2000,2000,1,0,27
11,1,27,2000,2,196,4.4175,0.0556,0.0587,0.0616,2.51,2.4428,0,2000,2000,1,0,27
11,1,27,2000,2,197,4.1485,0.0571,0.1532,0.0268,2.4932,2.2018,1,2000,2000,1,0,27
11,1,27,2000,2,198,7.5466,0.039,0.0933,0.0516,2.1083,2.0505,0,2000,2000,1,0,27
11,1,27,2000,2,199,3.7776,0.039,0.0933,0.0581,1.9778,1.9149,0,2000,2000,1,0,27
11,1,27,2000,2,200,5.0376,0.0625,0.1313,0.0261,2.7924,2.521,1,2000,2000,1,0,27
11,1,27,2000,2,201,7.9685,0.0366,0.083,0.0778,2.2899,2.1959,0,2000,2000,1,0,27
11,1,27,2000,2,202,4.083,0.0366,0.083,0.0529,2.194,2.1355,0,2000,2000,1,0,27
11,1,27,2000,2,203,4.7215,0.0554,0.1403,0.0266,2.5642,2.2873,1,2000,2000,1,0,27
11,1,27,2000,2,204,7.9951,0.0548,0.0491,0.0858,2.2764,2.1844,0,2000,2000,1,0,27
11,1,27,2000,2,205,8.4564,0.0479,0.1082,0.0275,2.5668,2.3249,1,2000,2000,1,0,27
11,1,27,2000,2,206,8.3212,0.0391,0.0971,0.0815,2.3655,2.2764,0,2000,2000,1,0,27
11,1,27,2000,2,207,3.6152,0.0391,0.0971,0.0473,1.8897,1.8373,0,2000,2000,1,0,27
11,1,27,2000,2,208,4.3877,0.058,0.0974,0.0282,2.5395,2.2985,1,2000,2000,1,0,27
11,1,27,2000,2,209,4.0611,0.058,0.0974,0.0458,2.1415,2.0901,0,2000,2000,1,0,27
11,1,27,2000,2,210,4.3052,0.1274,0.007,0.0873,2.3742,2.28,0,2000,2000,1,0,27
11,1,27,2000,2,211,3.9608,0.1274,0.007,0.0566,2.0397,1.9778,0,2000,2000,1,0,27
11,1,27,2000,2,212,4.9375,0.0485,0.1307,0.0253,2.9381,2.6582,1,2000,2000,1,0,27
11,1,27,2000,2,213,7.9961,0.0425,0.2607,0.075,2.2116,2.1302,0,2000,2000,1,0,27
11,1,27,2000,2,214,8.6182,0.0589,0.1386,0.0283,2.6475,2.362,1,2000,2000,1,0,27
11,1,27,2000,2,215,7.6575,0.032,0.0763,0.0571,2.0498,1.9861,0,2000,2000,1,0,27
11,1,27,2000,2,216,8.6112,0.0505,0.1312,0.0284,2.4213,2.1499,1,2000,2000,1,0,27
11,1,27,2000,2,217,4.0038,0.0505,0.1312,0.0567,2.2244,2.1626,0,2000,2000,1,0,27
11,1,27,2000,2,218,4.099,0.1071,0.0573,0.0745,2.219,2.1382,0,2000,2000,1,0,27
11,1,27,2000,2,219,4.0133,0.1071,0.0573,0.0494,2.1926,2.1384,0,2000,2000,1,0,27
11,1,27,2000,2,220,4.5334,0.0585,0.1381,0.0282,2.532,2.2503,1,2000,2000,1,1,27
11,1,27,2000,2,221,3.7809,0.0585,0.1381,0.0549,1.9271,1.8665,0,2000,2000,1,0,27
11,1,27,2000,2,222,8.8489,0.0442,0.1071,0.0594,2.2884,2.2218,0,2000,2000,1,0,27
11,1,27,2000,2,223,8.5804,0.0707,0.2052,0.0266,2.8223,2.4601,1,2000,2000,1,0,27
11,1,27,2000,2,224,4.2008,0.06,0.2613,0.0457,2.0261,1.9745,0,2000,2000,1,0,27
11,1,27,2000,2,225,3.3989,0.06,0.2613,0.0519,1.8915,1.8339,0,2000,2000,1,0,27
11,1,27,2000,2,226,4.6545,0.0599,0.1336,0.0291,2.8752,2.5932,1,2000,2000,1,0,27
11,1,27,2000,2,227,3.5639,0.0599,0.1336,0.0484,1.9223,1.8687,0,2000,2000,1,0,27
11,1,27,2000,2,228,4.6073,0.0757,0.2217,0.0679,2.0314,1.9573,0,2000,2000,1,0,27
11,1,27,2000,2,229,3.6546,0.0757,0.2217,0.0439,1.9428,1.8933,0,2000,2000,1,0,27
11,1,27,2000,2,230,4.5976,0.0675,0.1218,0.0311,2.6017,2.3152,1,2000,2000,1,0,27
11,1,27,2000,2,231,3.718,0.0675,0.1218,0.0775,1.937,1.8534,0,2000,2000,1,0,27
11,1,27,2000,2,232,5.089,0.0679,0.343,0.0947,2.1029,1.9992,0,2000,2000,1,0,27
11,1,27,2000,2,233,8.222,0.0504,0.1225,0.0275,2.9023,2.635,1,2000,2000,1,0,27
11,1,27,2000,2,234,3.5498,0.0504,0.1225,0.0479,1.9027,1.8499,0,2000,2000,1,0,27
11,1,27,2000,2,235,3.9785,0.0491,0.0992,0.0518,1.9999,1.9424,0,2000,2000,1,0,27
11,1,27,2000,2,236,3.9106,0.0491,0.0992,0.0531,1.9743,1.9155,0,2000,2000,1,0,27
11,1,27,2000,2,237,4.6282,0.043,0.1108,0.0267,2.4128,2.1729,1,2000,2000,1,0,27
11,1,27,2000,2,238,4.0249,0.043,0.1108,0.0522,2.0997,2.0411,0,2000,2000,1,0,27
11,1,27,2000,2,239,4.0315,0.0618,0.1994,0.0531,1.8564,1.7977,0,2000,2000,1,0,27
11,1,27,2000,2,240,3.9715,0.0618,0.1994,0.0497,1.9784,1.9227,0,2000,2000,1,0,27
11,1,27,2000,2,241,4.8074,0.0407,0.1105,0.0269,2.3609,2.1237,1,2000,2000,1,0,27
11,1,27,2000,2,242,8.1279,0.0392,0.0752,0.055,2.004,1.9423,0,2000,2000,1,0,27
11,1,27,2000,2,243,4.0335,0.0392,0.0752,0.0884,2.2001,2.1052,0,2000,2000,1,0,27
11,1,27,2000,2,244,4.6778,0.0546,0.1131,0.0282,2.3953,2.1406,1,2000,2000,1,0,27
11,1,27,2000,2,245,8.0971,0.0366,0.0839,0.0642,1.9954,1.9261,0,2000,2000,1,0,27
11,1,27,2000,2,246,8.5013,0.042,0.097,0.0272,2.5748,2.3465,1,2000,2000,1,0,27
11,1,27,2000,2,247,3.8035,0.042,0.097,0.0664,1.9383,1.8668,0,2000,2000,1,0,27
11,1,27,2000,2,248,4.4651,0.0525,0.0903,0.0513,2.1474,2.0899,0,2000,2000,1,0,27
11,1,27,2000,2,249,4.2622,0.0525,0.0903,0.077,2.1514,2.0678,0,2000,2000,1,0,27
11,1,27,2000,2,250,8.5414,0.0725,0.1035,0.0266,2.6793,2.4153,1,2000,2000,1,0,27
11,1,27,2000,2,251,8.2255,0.0433,0.0584,0.0644,2.3467,2.2762,0,2000,2000,1,0,27
11,1,27,2000,2,252,8.0641,0.0446,0.1075,0.0272,2.4303,2.1914,1,2000,2000,1,1,27
11,1,27,2000,2,253,8.3203,0.0373,0.0952,0.055,2.01,1.9484,0,2000,2000,1,0,27
11,1,27,2000,2,254,4.4897,0.0593,0.1031,0.0267,2.4088,2.162,1,2000,2000,1,0,27
11,1,27,2000,2,255,8.5516,0.0453,0.2259,0.049,2.1215,2.0656,0,2000,2000,1,0,27
11,1,27,2000,2,256,8.2954,0.0595,0.1996,0.0346,2.7115,2.3608,1,2000,2000,1,160,27
11,1,27,2000,2,257,7.9332,0.0382,0.0949,0.0468,2.2542,2.201,0,2000,2000,1,0,27
11,1,27,2000,2,258,3.8307,0.0382,0.0949,0.0445,1.9229,1.8732,0,2000,2000,1,0,27
11,1,27,2000,2,259,9.0106,0.0505,0.1242,0.0268,2.6422,2.3643,1,2000,2000,1,0,27
11,1,27,2000,2,260,7.7553,0.0376,0.0541,0.0677,2.1095,2.0353,0,2000,2000,1,0,27
11,1,27,2000,2,261,4.391,0.0515,0.1663,0.0264,2.5602,2.2561,1,2000,2000,1,0,27
11,1,27,2000,2,262,4.0175,0.0515,0.1663,0.0704,2.1141,2.037,0,2000,2000,1,0,27
11,1,27,2000,2,263,8.9229,0.0468,0.0857,0.0468,2.3076,2.2541,0,2000,2000,1,0,27
11,1,27,2000,2,264,8.2879,0.0556,0.095,0.0254,2.7628,2.544,1,2000,2000,1,0,27
11,1,27,2000,2,265,3.7094,0.0467,0.0751,0.0502,1.9785,1.9222,0,2000,2000,1,0,27
11,1,27,2000,2,266,4.1756,0.0467,0.0751,0.0581,2.0808,2.0176,0,2000,2000,1,0,27
11,1,27,2000,2,267,4.9084,0.0648,0.3129,0.0917,3.2709,2.7373,1,2000,2000,1,320,27
11,1,27,2000,2,268,7.4414,0.0421,0.0638,0.0421,2.0373,1.9898,0,2000,2000,1,0,27
11,1,27,2000,2,269,8.9179,0.0459,0.1427,0.0275,2.5671,2.2891,1,2000,2000,1,0,27
11,1,27,2000,2,270,8.3041,0.0469,0.0904,0.0395,2.0862,2.041,0,2000,2000,1,0,27
11,1,27,2000,2,271,9.4143,0.0521,0.2148,0.0315,3.6594,3.2445,1,2000,2000,1,0,27
11,1,27,2000,2,272,7.0191,0.2326,0.0062,0.0526,2.1804,2.1226,0,2000,2000,1,0,27
11,1,27,2000,2,273,8.6206,0.0515,0.1155,0.0282,2.5708,2.2894,1,2000,2000,1,0,27
11,1,27,2000,2,274,7.9028,0.0484,0.246,0.0468,1.88,1.8283,0,2000,2000,1,0,27
11,1,27,2000,2,275,8.6398,0.0476,0.3061,0.0256,2.7808,2.3456,1,2000,2000,1,160,27
11,1,27,2000,2,276,8.0735,0.055,0.2047,0.0547,2.0268,1.9659,0,2000,2000,1,0,27
11,1,27,2000,2,277,8.6877,0.0457,0.2028,0.0246,2.7072,2.3813,1,2000,2000,1,160,27
11,1,27,2000,2,278,3.5265,0.0457,0.2028,0.0617,1.9849,1.9175,0,2000,2000,1,0,27
11,1,27,2000,2,279,4.3516,0.068,0.0688,0.0699,2.1275,2.0518,0,2000,2000,1,0,27
11,1,27,2000,2,280,3.5107,0.068,0.0688,0.0455,1.8804,1.8301,0,2000,2000,1,0,27
11,1,27,2000,2,281,5.24,0.0656,0.1098,0.0267,2.6185,2.3601,1,2000,2000,1,0,27
11,1,27,2000,2,282,3.64,0.0656,0.1098,0.0578,1.9153,1.8516,0,2000,2000,1,0,27
11,1,27,2000,2,283,4.0936,0.0471,0.0707,0.0435,1.9493,1.8995,0,2000,2000,1,0,27
11,1,27,2000,2,284,4.0707,0.0471,0.0707,0.0609,2.2678,2.2005,0,2000,2000,1,0,27
11,1,27,2000,2,285,9.3962,0.0622,0.3654,0.025,3.2046,2.6912,1,2000,2000,1,320,27
11,1,27,2000,2,286,7.1751,0.0341,0.0461,0.0523,2.0412,1.9827,0,2000,2000,1,0,27
11,1,27,2000,2,287,4.8458,0.0585,0.166,0.0276,2.7398,2.4324,1,2000,2000,1,0,27
11,1,27,2000,2,288,3.5944,0.0585,0.166,0.0436,1.9539,1.9053,0,2000,2000,1,0,27
11,1,27,2000,2,289,4.5189,0.0414,0.0733,0.0496,2.346,2.2902,0,2000,2000,1,0,27
11,1,27,2000,2,290,3.4391,0.0414,0.0733,0.0397,1.9349,1.8901,0,2000,2000,1,0,27
11,1,27,2000,2,291,5.4539,0.0569,0.309,0.027,2.8949,2.4505,1,2000,2000,1,160,27
11,1,27,2000,2,292,7.5225,0.0516,0.0624,0.0434,2.1238,2.0746,0,2000,2000,1,0,27
11,1,27,2000,2,293,4.389,0.0516,0.0624,0.0622,2.5214,2.4535,0,2000,2000,1,0,27
11,1,27,2000,2,294,4.6581,0.0728,0.2052,0.0282,3.0205,2.6642,1,2000,2000,1,0,27
11,1,27,2000,2,295,3.9932,0.0728,0.2052,0.0538,2.2963,2.2373,0,2000,2000,1,0,27
11,1,27,2000,2,296,7.7469,0.0466,0.0695,0.0673,2.1438,2.0706,0,2000,2000,1,0,27
11,1,27,2000,2,297,4.9405,0.0603,0.3891,0.0282,2.8673,2.3327,1,2000,2000,1,304,27
11,1,27,2000,2,298,7.684,0.0385,0.0508,0.0434,2.1697,2.1205,0,2000,2000,1,0,27
11,1,27,2000,2,299,8.785,0.0508,0.2761,0.0268,2.7144,2.3082,1,2000,2000,1,320,27
11,1,27,2000,2,300,7.7993,0.043,0.0739,0.0618,2.1999,2.1316,0,2000,2000,1,0,27
11,1,27,2000,2,301,9.2493,0.0533,0.1964,0.0274,3.061,2.7272,1,2000,2000,1,0,27
11,1,27,2000,2,302,3.6607,0.0533,0.1964,0.0472,1.9853,1.9332,0,2000,2000,1,0,27
11,1,27,2000,2,303,3.7948,0.0586,0.1011,0.0419,2.1918,2.1438,0,2000,2000,1,0,27
11,1,27,2000,2,304,3.8574,0.0586,0.1011,0.0459,2.0261,1.9746,0,2000,2000,1,0,27
11,1,27,2000,2,305,4.8546,0.0612,0.1554,0.029,2.7804,2.4714,1,2000,2000,1,0,27
11,1,27,2000,2,306,3.4358,0.0612,0.1554,0.0447,1.93,1.8803,0,2000,2000,1,0,27
11,1,27,2000,2,307,5.1217,0.1343,0.219,0.0543,2.2212,2.1604,0,2000,2000,1,0,27
11,1,27,2000,2,308,3.5359,0.1343,0.219,0.0488,1.9234,1.8694,0,2000,2000,1,0,27
11,1,27,2000,2,309,6.3668,0.0635,0.3788,0.0273,4.5582,4.0278,1,2000,2000,1,320,27
11,1,27,2000,2,310,6.1934,0.0438,0.0468,0.0576,2.1679,2.103,0,2000,2000,1,0,27
11,1,27,2000,2,311,4.1148,0.0438,0.0468,0.047,1.9322,1.8802,0,2000,2000,1,0,27
11,1,27,2000,2,312,8.9952,0.0479,0.2617,0.025,2.9836,2.5995,1,2000,2000,1,160,27
11,1,27,2000,2,313,7.5692,0.0488,0.0441,0.0462,2.0774,2.0258,0,2000,2000,1,0,27
11,1,27,2000,2,314,9.1462,0.0606,0.1243,0.0274,2.6957,2.4341,1,2000,2000,1,0,27
11,1,27,2000,2,315,7.8704,0.0648,0.0979,0.0476,2.2735,2.2203,0,2000,2000,1,0,27
11,1,27,2000,2,316,5.1333,0.0582,0.4544,0.0264,3.2493,2.6505,1,2000,2000,1,326,27
11,1,27,2000,2,317,7.4465,0.0389,0.0904,0.0622,2.3438,2.2751,0,2000,2000,1,0,27
11,1,27,2000,2,318,4.4378,0.0389,0.0904,0.0879,2.6332,2.5378,0,2000,2000,1,0,27
11,1,27,2000,2,319,8.8364,0.0598,0.2063,0.029,3.1867,2.8363,1,2000,2000,1,79,27
11,1,27,2000,2,320,7.2313,0.0391,0.0898,0.0658,2.1405,2.068,0,2000,2000,1,0,27
11,1,27,2000,2,321,8.8606,0.0525,0.2081,0.0263,2.7554,2.3961,1,2000,2000,1,23,27
11,1,27,2000,2,322,8.2613,0.0477,0.2783,0.0441,2.1426,2.0914,0,2000,2000,1,0,27
11,1,27,2000,2,323,9.9715,0.1032,0.5281,0.0253,4.0853,3.3601,1,2000,2000,1,366,27
11,1,27,2000,2,324,6.2509,0.056,0.1876,0.0502,2.0541,1.9985,0,2000,2000,1,0,27
11,1,27,2000,2,325,4.6995,0.0629,0.1964,0.0266,2.8844,2.5501,1,2000,2000,1,50,27
11,1,27,2000,2,326,3.5953,0.0629,0.1964,0.0481,2.0194,1.966,0,2000,2000,1,0,27
11,1,27,2000,2,327,4.131,0.0516,0.064,0.041,2.2222,2.1757,0,2000,2000,1,0,27
11,1,27,2000,2,328,4.1656,0.0516,0.064,0.0469,2.084,2.0317,0,2000,2000,1,0,27
11,1,27,2000,2,329,5.1306,0.0744,0.2671,0.0284,3.2134,2.7949,1,2000,2000,1,64,27
11,1,27,2000,2,330,3.8471,0.0744,0.2671,0.0651,2.1565,2.086,0,2000,2000,1,0,27
11,1,27,2000,2,331,4.1517,0.0442,0.2442,0.055,2.0563,1.9958,0,2000,2000,1,0,27
11,1,27,2000,2,332,8.7305,0.0533,0.2357,0.0269,3.0474,2.6685,1,2000,2000,1,3,27
11,1,27,2000,2,333,7.5315,0.0383,0.0439,0.0693,2.0906,2.0144,0,2000,2000,1,0,27
11,1,27,2000,2,334,9.3232,0.0473,0.4887,0.0265,3.1193,2.5023,1,2000,2000,1,326,27
11,1,27,2000,2,335,7.0736,0.0358,0.0393,0.0409,2.0941,2.0481,0,2000,2000,1,0,27
11,1,27,2000,2,336,9.1763,0.0572,0.2551,0.0253,3.0262,2.6381,1,2000,2000,1,127,27
11,1,27,2000,2,337,8.1488,0.0499,0.0793,0.0466,2.546,2.4927,0,2000,2000,1,0,27
11,1,27,2000,2,338,8.8669,0.064,0.2038,0.0251,3.2664,2.9193,1,2000,2000,1,12,27
11,1,27,2000,2,339,7.3009,0.0347,0.0776,0.0657,2.0816,2.0107,0,2000,2000,1,0,27
11,1,27,2000,2,340,4.0761,0.0347,0.0776,0.0418,2.2001,2.1531,0,2000,2000,1,0,27
11,1,27,2000,2,341,9.2992,0.0445,0.5509,0.0283,3.2211,2.5496,1,2000,2000,1,316,27
11,1,27,2000,2,342,3.9317,0.0358,0.0811,0.068,2.1423,2.0672,0,2000,2000,1,0,27
11,1,27,2000,2,343,8.7576,0.0371,0.3648,0.0253,3.2643,2.7808,1,2000,2000,1,202,27
11,1,27,2000,2,344,7.532,0.0341,0.0658,0.0493,2.3853,2.3299,0,2000,2000,1,0,27
11,1,27,2000,2,345,3.6032,0.0341,0.0658,0.0469,1.9608,1.9087,0,2000,2000,1,0,27
11,1,27,2000,2,346,9.8306,0.0498,0.3376,0.0269,3.2359,2.7542,1,2000,2000,1,134,27
11,1,27,2000,2,347,7.2024,0.046,0.085,0.052,2.2555,2.1974,0,2000,2000,1,0,27
11,1,27,2000,2,348,4.9818,0.0529,0.5288,0.0258,3.3351,2.6791,1,2000,2000,1,445,27
11,1,27,2000,2,349,7.8652,0.0449,0.0527,0.0592,2.3805,2.3147,0,2000,2000,1,0,27
11,1,27,2000,2,350,4.4389,0.0449,0.0527,0.0681,2.2119,2.1371,0,2000,2000,1,0,27
11,1,27,2000,2,351,4.9359,0.0629,0.4058,0.0269,3.26,2.7177,1,2000,2000,1,277,27
11,1,27,2000,2,352,7.0912,0.0368,0.1614,0.0456,2.2229,2.1711,0,2000,2000,1,0,27
11,1,27,2000,2,353,3.6315,0.0368,0.1614,0.0562,1.9969,1.9353,0,2000,2000,1,0,27
11,1,27,2000,2,354,5.4831,0.057,0.4626,0.0265,3.3455,2.7531,1,2000,2000,1,242,27
11,1,27,2000,2,355,7.9387,0.0461,0.0323,0.0748,2.3203,2.2388,0,2000,2000,1,0,27
11,1,27,2000,2,356,9.1499,0.0449,0.9035,0.0279,3.6843,2.6585,1,2000,2000,1,219,27
11,1,27,2000,2,357,7.1097,0.0416,0.0502,0.0708,2.234,2.1574,0,2000,2000,1,0,27
11,1,27,2000,2,358,3.5622,0.0416,0.0502,0.0676,2.0214,1.9478,0,2000,2000,1,0,27
11,1,27,2000,2,359,5.7994,0.0595,0.4833,0.025,3.2325,2.6192,1,2000,2000,1,177,27
11,1,27,2000,2,360,6.911,0.0326,0.0441,0.0494,2.2233,2.1683,0,2000,2000,1,0,27
11,1,27,2000,2,361,4.1265,0.0326,0.0441,0.0446,2.1541,2.1029,0,2000,2000,1,0,27
11,1,27,2000,2,362,5.5893,0.0515,0.455,0.026,3.4154,2.8328,1,2000,2000,1,192,27
11,1,27,2000,2,363,6.9736,0.0408,0.0578,0.0515,2.0883,2.0312,0,2000,2000,1,0,27
11,1,27,2000,2,364,4.0363,0.0408,0.0578,0.0478,2.0351,1.9824,0,2000,2000,1,0,27
11,1,27,2000,2,365,5.3327,0.0543,0.3333,0.0263,3.2958,2.8268,1,2000,2000,1,147,27
11,1,27,2000,2,366,7.3267,0.0371,0.0445,0.0565,2.1989,2.1368,0,2000,2000,1,0,27
11,1,27,2000,2,367,3.8146,0.0371,0.0445,0.052,2.093,2.0351,0,2000,2000,1,0,27
11,1,27,2000,2,368,5.3638,0.0611,0.32,0.0257,3.1702,2.7097,1,2000,2000,1,163,27
11,1,27,2000,2,369,7.5332,0.0278,0.0492,0.0666,2.2135,2.1409,0,2000,2000,1,0,27
11,1,27,2000,2,370,3.9272,0.0278,0.0492,0.0563,2.0788,2.016,0,2000,2000,1,0,27
11,1,27,2000,2,371,5.3501,0.0562,0.3336,0.0251,3.3251,2.8548,1,2000,2000,1,126,27
11,1,27,2000,2,372,7.9603,0.036,0.2165,0.069,2.271,2.1959,0,2000,2000,1,0,27
11,1,27,2000,2,373,8.6605,0.0562,0.2849,0.0254,3.0204,2.6019,1,2000,2000,1,122,27
11,1,27,2000,2,374,8.7789,0.0416,0.1379,0.0819,2.8042,2.7132,0,2000,2000,1,0,27
11,1,27,2000,2,375,8.2877,0.051,0.3079,0.0262,3.3181,2.8837,1,2000,2000,1,136,27
11,1,27,2000,2,376,7.2872,0.0413,0.1376,0.049,2.3522,2.2965,0,2000,2000,1,0,27
11,1,27,2000,2,377,4.1562,0.0413,0.1376,0.0721,2.249,2.1687,0,2000,2000,1,0,27
11,1,27,2000,2,378,5.3027,0.1506,0.4228,0.0264,3.5943,2.941,1,2000,2000,1,139,27
11,1,27,2000,2,379,3.8057,0.1506,0.4228,0.0597,2.2041,2.1389,0,2000,2000,1,0,27
11,1,27,2000,2,380,4.1977,0.0611,0.1759,0.0505,2.1698,2.1119,0,2000,2000,1,0,27
11,1,27,2000,2,381,3.7591,0.0611,0.1759,0.0469,2.0395,1.9874,0,2000,2000,1,0,27
11,1,27,2000,2,382,4.578,0.0572,0.2911,0.0258,3.1553,2.7185,1,2000,2000,1,121,27
11,1,27,2000,2,383,8.217,0.0412,0.0365,0.0721,2.5214,2.4429,0,2000,2000,1,0,27
11,1,27,2000,2,384,8.6699,0.0491,0.3929,0.0281,3.4726,2.9519,1,2000,2000,1,120,27
11,1,27,2000,2,385,7.1805,0.0382,0.0426,0.0975,2.3943,2.2889,0,2000,2000,1,0,27
11,1,27,2000,2,386,9.5543,0.0598,0.2595,0.0264,3.1896,2.7954,1,2000,2000,1,109,27
11,1,27,2000,2,387,3.9713,0.0598,0.2595,0.0459,2.2,2.1484,0,2000,2000,1,0,27
11,1,27,2000,2,388,3.99,0.0629,0.1431,0.0523,2.204,2.1455,0,2000,2000,1,0,27
11,1,27,2000,2,389,3.7364,0.0629,0.1431,0.0555,2.1552,2.094,0,2000,2000,1,0,27
11,1,27,2000,2,390,4.9336,0.0551,0.2487,0.0265,3.06,2.6809,1,2000,2000,1,103,27
11,1,27,2000,2,391,4.0719,0.0551,0.2487,0.0731,2.373,2.2929,0,2000,2000,1,0,27
11,1,27,2000,2,392,7.5305,0.0592,0.1052,0.0543,2.4464,2.3851,0,2000,2000,1,0,27
11,1,27,2000,2,393,4.7419,0.0488,0.2862,0.0273,3.1286,2.7095,1,2000,2000,1,108,27
11,1,27,2000,2,394,3.7679,0.0488,0.2862,0.0583,2.1299,2.0656,0,2000,2000,1,0,27
11,1,27,2000,2,395,4.1736,0.0657,0.1181,0.053,2.2165,2.1578,0,2000,2000,1,0,27
11,1,27,2000,2,396,3.8672,0.0657,0.1181,0.0508,2.3015,2.2452,0,2000,2000,1,0,27
11,1,27,2000,2,397,5.0355,0.0644,0.2934,0.0311,3.3578,2.9124,1,2000,2000,1,90,27
11,1,27,2000,2,398,4.1499,0.0644,0.2934,0.0527,2.3458,2.2879,0,2000,2000,1,0,27
11,1,27,2000,2,399,4.1623,0.0925,0.0075,0.05,2.349,2.2932,0,2000,2000,1,0,27
11,1,27,2000,2,400,3.8268,0.0925,0.0075,0.051,2.2161,2.1596,0,2000,2000,1,0,27
11,1,27,2000,2,401,4.8179,0.0631,0.2596,0.0346,3.1144,2.7064,1,2000,2000,1,94,27
11,1,27,2000,2,402,7.7961,0.0431,0.2635,0.0756,2.4039,2.3218,0,2000,2000,1,0,27
11,1,27,2000,2,403,3.5633,0.0431,0.2635,0.0565,2.0263,1.9644,0,2000,2000,1,0,27
11,1,27,2000,2,404,4.6948,0.072,0.3289,0.0274,3.1896,2.7068,1,2000,2000,1,96,27
11,1,27,2000,2,405,7.6473,0.0493,0.0249,0.0551,2.3326,2.2721,0,2000,2000,1,0,27
11,1,27,2000,2,406,9.5106,0.0527,0.2772,0.0301,3.5443,3.1335,1,2000,2000,1,79,27
11,1,27,2000,2,407,4.0375,0.0527,0.2772,0.0572,2.2103,2.1476,0,2000,2000,1,0,27
11,1,27,2000,2,408,4.5076,0.0685,0.3727,0.0541,2.2412,2.1809,0,2000,2000,1,0,27
11,1,27,2000,2,409,3.6683,0.0685,0.3727,0.0619,2.1556,2.0889,0,2000,2000,1,0,27
11,1,27,2000,2,410,5.0031,0.0627,0.2731,0.0265,3.2398,2.8261,1,2000,2000,1,74,27
11,1,27,2000,2,411,3.9889,0.0627,0.2731,0.0545,2.2031,2.144,0,2000,2000,1,0,27
11,1,27,2000,2,412,4.1005,0.0467,0.2555,0.0431,2.0562,2.0067,0,2000,2000,1,0,27
11,1,27,2000,2,413,3.9324,0.0467,0.2555,0.0545,2.1315,2.072,0,2000,2000,1,0,27
11,1,27,2000,2,414,5.2195,0.4108,0.2895,0.029,3.7151,2.9288,1,2000,2000,1,69,27
11,1,27,2000,2,415,5.0256,0.099,0.2375,0.0549,2.2059,2.1454,0,2000,2000,1,0,27
11,1,27,2000,2,416,3.8035,0.099,0.2375,0.0544,2.1533,2.0935,0,2000,2000,1,0,27
11,1,27,2000,2,417,4.3046,0.099,0.2375,0.0584,2.6674,2.599,0,2000,2000,1,0,27
11,1,27,2000,2,418,6.3339,0.0613,0.31,0.0288,3.2898,2.8348,1,2000,2000,1,72,27
11,1,27,2000,2,419,4.0579,0.0529,0.0785,0.0489,2.1885,2.1333,0,2000,2000,1,0,27
11,1,27,2000,2,420,3.8511,0.0529,0.0785,0.0526,2.1626,2.1038,0,2000,2000,1,0,27
11,1,27,2000,2,421,4.7981,0.0633,0.2394,0.0296,3.1025,2.7184,1,2000,2000,1,66,27
11,1,27,2000,2,422,4.2646,0.0633,0.2394,0.075,2.3796,2.2969,0,2000,2000,1,0,27
11,1,27,2000,2,423,4.1409,0.0592,0.1246,0.0394,2.2518,2.2072,0,2000,2000,1,0,27
11,1,27,2000,2,424,3.5592,0.0592,0.1246,0.0461,2.0567,2.0058,0,2000,2000,1,0,27
11,1,27,2000,2,425,4.4988,0.0578,0.2341,0.0267,2.9757,2.605,1,2000,2000,1,68,27
11,1,27,2000,2,426,7.3457,0.034,0.0457,0.0567,2.1569,2.0947,0,2000,2000,1,0,27
11,1,27,2000,2,427,3.8815,0.034,0.0457,0.0576,2.2687,2.2062,0,2000,2000,1,0,27
11,1,27,2000,2,428,5.1585,0.0557,0.2099,0.025,2.9512,2.6042,1,2000,2000,1,46,27
11,1,27,2000,2,429,7.7864,0.0417,0.082,0.0738,2.3174,2.2353,0,2000,2000,1,0,27
11,1,27,2000,2,430,3.993,0.0417,0.082,0.0526,2.1652,2.1076,0,2000,2000,1,0,27
11,1,27,2000,2,431,9.3678,0.0485,0.2547,0.0253,2.8614,2.4838,1,2000,2000,1,70,27
11,1,27,2000,2,432,7.9004,0.0365,0.2096,0.0888,2.3393,2.2423,0,2000,2000,1,0,27
11,1,27,2000,2,433,4.887,0.0758,0.2274,0.0279,2.9148,2.5336,1,2000,2000,1,65,27
11,1,27,2000,2,434,3.7116,0.0758,0.2274,0.0419,2.2203,2.1736,0,2000,2000,1,0,27
11,1,27,2000,2,435,4.0943,0.0551,0.2041,0.0575,2.2183,2.154,0,2000,2000,1,0,27
11,1,27,2000,2,436,3.7298,0.0551,0.2041,0.0909,2.1251,2.0274,0,2000,2000,1,0,27
11,1,27,2000,2,437,6.3102,0.3383,0.3383,0.0282,4.3353,3.5474,1,2000,2000,1,58,27
11,1,27,2000,2,438,5.8627,0.0567,0.1821,0.0546,2.1418,2.0814,0,2000,2000,1,0,27
11,1,27,2000,2,439,3.9322,0.0567,0.1821,0.1379,2.175,2.0305,0,2000,2000,1,0,27
11,1,27,2000,2,440,4.8537,0.0477,0.2367,0.0272,2.9641,2.6007,1,2000,2000,1,68,27
11,1,27,2000,2,441,3.7151,0.0477,0.2367,0.0365,2.0336,1.9918,0,2000,2000,1,0,27
11,1,27,2000,2,442,8.5835,0.0498,0.0593,0.053,2.3469,2.2874,0,2000,2000,1,0,27
11,1,27,2000,2,443,9.5404,0.0538,0.2618,0.0274,3.2565,2.8664,1,2000,2000,1,172,27
11,1,27,2000,2,444,7.2162,0.0395,0.078,0.0489,2.2828,2.2269,0,2000,2000,1,0,27
11,1,27,2000,2,445,8.9878,0.0556,0.1971,0.0249,3.1543,2.829,1,2000,2000,1,46,27
11,1,27,2000,2,446,7.8952,0.0586,0.1769,0.0702,2.5289,2.4521,0,2000,2000,1,0,27
11,1,27,2000,2,447,9.0193,0.0605,0.2045,0.0252,3.0833,2.7416,1,2000,2000,1,41,27
11,1,27,2000,2,448,7.533,0.0513,0.2142,0.0645,2.2461,2.1726,0,2000,2000,1,0,27
11,1,27,2000,2,449,4.6701,0.0581,0.2476,0.0269,3.1715,2.784,1,2000,2000,1,52,27
11,1,27,2000,2,450,7.7519,0.0371,0.0877,0.0551,2.4679,2.4055,0,2000,2000,1,0,27
11,1,27,2000,2,451,9.1059,0.0488,0.276,0.0272,3.2162,2.7899,1,2000,2000,1,47,27
11,1,27,2000,2,452,11.4224,0.051,0.0908,0.0525,2.163,2.1036,0,2000,2000,1,0,27
11,1,27,2000,2,453,4.8513,0.0644,0.2111,0.0275,3.2469,2.895,1,2000,2000,1,40,27
11,1,27,2000,2,454,3.7391,0.0644,0.2111,0.0464,2.0859,2.0346,0,2000,2000,1,0,27
11,1,27,2000,2,455,3.8845,0.0653,0.2325,0.0687,2.1109,2.036,0,2000,2000,1,0,27
11,1,27,2000,2,456,3.8397,0.0653,0.2325,0.0498,2.1303,2.0756,0,2000,2000,1,0,27
11,1,27,2000,2,457,4.7067,0.0556,0.2174,0.0274,2.8342,2.4784,1,2000,2000,1,48,27
11,1,27,2000,2,458,3.5804,0.0556,0.2174,0.0459,2.0799,2.029,0,2000,2000,1,0,27
11,1,27,2000,2,459,4.8602,0.0704,0.2314,0.0458,2.4434,2.3909,0,2000,2000,1,0,27
11,1,27,2000,2,460,3.796,0.0704,0.2314,0.0479,2.1506,2.0978,0,2000,2000,1,0,27
11,1,27,2000,2,461,4.7757,0.0666,0.2389,0.0279,3.1924,2.8036,1,2000,2000,1,37,27
11,1,27,2000,2,462,3.8452,0.0666,0.2389,0.0673,2.2018,2.1285,0,2000,2000,1,0,27
11,1,27,2000,2,463,4.0096,0.0475,0.1275,0.0422,2.2594,2.2108,0,2000,2000,1,0,27
11,1,27,2000,2,464,8.5228,0.0588,0.2155,0.0282,2.911,2.5583,1,2000,2000,1,31,27
11,1,27,2000,2,465,3.8969,0.0588,0.2155,0.049,2.2461,2.192,0,2000,2000,1,0,27
11,1,27,2000,2,466,3.6973,0.042,0.0559,0.0469,2.0522,2.0004,0,2000,2000,1,0,27
11,1,27,2000,2,467,4.4835,0.042,0.0559,0.0577,2.2261,2.1611,0,2000,2000,1,0,27
11,1,27,2000,2,468,5.3056,0.3369,0.2099,0.0273,3.5994,2.9752,1,2000,2000,1,35,27
11,1,27,2000,2,469,4.0348,0.3369,0.2099,0.0629,2.2017,2.1323,0,2000,2000,1,0,27
11,1,27,2000,2,470,7.1193,0.0391,0.0744,0.0495,2.1319,2.0769,0,2000,2000,1,0,27
11,1,27,2000,2,471,5.1276,0.0574,0.2087,0.0253,2.9796,2.6329,1,2000,2000,1,31,27
11,1,27,2000,2,472,7.3665,0.0331,0.0576,0.0474,2.1273,2.0747,0,2000,2000,1,0,27
11,1,27,2000,2,473,4.4015,0.0331,0.0576,0.0543,2.0719,2.012,0,2000,2000,1,0,27
11,1,27,2000,2,474,8.9996,0.0576,0.2546,0.0265,3.1353,2.7431,1,2000,2000,1,26,27
11,1,27,2000,2,475,7.8271,0.0417,0.1835,0.067,2.274,2.2003,0,2000,2000,1,0,27
11,1,27,2000,2,476,4.6539,0.0523,0.2155,0.0291,3.0346,2.6801,1,2000,2000,1,29,27
11,1,27,2000,2,477,7.8244,0.0437,0.1084,0.0865,2.4393,2.3457,0,2000,2000,1,0,27
11,1,27,2000,2,478,9.1714,0.0615,0.222,0.0286,3.3835,3.0225,1,2000,2000,1,31,27
11,1,27,2000,2,479,3.7527,0.0615,0.222,0.0491,2.121,2.0665,0,2000,2000,1,0,27
11,1,27,2000,2,480,3.9188,0.0572,0.0791,0.07,2.2595,2.1831,0,2000,2000,1,0,27
11,1,27,2000,2,481,3.609,0.0572,0.0791,0.0419,2.092,2.0446,0,2000,2000,1,0,27
11,1,27,2000,2,482,4.9898,0.0418,0.1965,0.0264,2.8976,2.5843,1,2000,2000,1,22,27
11,1,27,2000,2,483,3.6866,0.0418,0.1965,0.0473,2.0971,2.0444,0,2000,2000,1,0,27
11,1,27,2000,2,484,4.8284,0.0576,0.0913,0.181,2.4258,2.2363,0,2000,2000,1,0,27
11,1,27,2000,2,485,4.1395,0.0576,0.0913,0.0662,2.3988,2.3275,0,2000,2000,1,0,27
11,1,27,2000,2,486,4.3388,0.0526,0.1906,0.0342,2.8218,2.4876,1,2000,2000,1,25,27
11,1,27,2000,2,487,3.9014,0.0526,0.1906,0.0438,2.2676,2.2182,0,2000,2000,1,0,27
11,1,27,2000,2,488,7.9733,0.0601,0.1723,0.074,2.3521,2.272,0,2000,2000,1,0,27
11,1,27,2000,2,489,4.7902,0.0533,0.256,0.0283,3.12,2.7282,1,2000,2000,1,26,27
11,1,27,2000,2,490,3.9064,0.0533,0.256,0.0694,2.3403,2.2649,0,2000,2000,1,0,27
11,1,27,2000,2,491,8.6853,0.055,0.1219,0.0714,2.93,2.849,0,2000,2000,1,0,27
11,1,27,2000,2,492,8.6747,0.0531,0.1905,0.03,3.5702,3.245,1,2000,2000,1,24,27
11,1,27,2000,2,493,7.627,0.0513,0.0696,0.0966,2.435,2.3305,0,2000,2000,1,0,27
11,1,27,2000,2,494,9.1074,0.053,0.2445,0.0283,3.0232,2.6218,1,2000,2000,1,32,27
11,1,27,2000,2,495,7.1946,0.0438,0.0693,0.0473,2.25,2.1969,0,2000,2000,1,0,27
11,1,27,2000,2,496,9.2061,0.0638,0.1892,0.0284,3.1096,2.7766,1,2000,2000,1,26,27
11,1,27,2000,2,497,7.7379,0.0452,0.224,0.0417,2.23,2.1824,0,2000,2000,1,0,27
11,1,27,2000,2,498,9.0882,0.0607,0.1789,0.0249,3.3027,2.9928,1,2000,2000,1,38,27
11,1,27,2000,2,499,7.3178,0.0401,0.0711,0.0551,2.3376,2.2758,0,2000,2000,1,0,27
11,1,27,2000,2,500,8.6425,0.0551,0.1813,0.0249,2.9725,2.6603,1,2000,2000,1,29,27
11,1,27,2000,2,501,8.0018,0.0435,0.0787,0.0674,2.2361,2.163,0,2000,2000,1,0,27
11,1,27,2000,2,502,4.9352,0.056,0.2599,0.029,3.3906,2.986,1,2000,2000,1,35,27
11,1,27,2000,2,503,3.9347,0.056,0.2599,0.0729,2.1908,2.1099,0,2000,2000,1,0,27
11,1,27,2000,2,504,4.1965,0.0488,0.2308,0.0538,2.1235,2.0631,0,2000,2000,1,0,27
11,1,27,2000,2,505,3.5268,0.0488,0.2308,0.0599,2.0422,1.9767,0,2000,2000,1,0,27
11,1,27,2000,2,506,5.2198,0.0631,0.1955,0.0284,3.7485,3.4123,1,2000,2000,1,31,27
11,1,27,2000,2,507,4.2724,0.0631,0.1955,0.0502,2.3027,2.2473,0,2000,2000,1,0,27
11,1,27,2000,2,508,4.3409,0.0727,0.4182,0.0538,2.2243,2.1641,0,2000,2000,1,0,27
11,1,27,2000,2,509,3.8704,0.0727,0.4182,0.0537,2.2175,2.1576,0,2000,2000,1,0,27
11,1,27,2000,2,510,4.5672,0.0636,0.2195,0.0289,2.9274,2.5659,1,2000,2000,1,21,27
11,1,27,2000,2,511,6.8634,0.0398,0.0345,0.0443,2.2557,2.2063,0,2000,2000,1,0,27
11,1,27,2000,2,512,3.6873,0.0398,0.0345,0.0449,2.0777,2.0276,0,2000,2000,1,0,27
11,1,27,2000,2,513,9.8141,0.0474,0.2158,0.0265,3.156,2.8109,1,2000,2000,1,25,27
11,1,27,2000,2,514,7.6399,0.054,0.2049,0.0692,2.4945,2.4186,0,2000,2000,1,0,27
11,1,27,2000,2,515,4.9558,0.0605,0.1894,0.0282,3.0717,2.7437,1,2000,2000,1,26,27
11,1,27,2000,2,516,7.278,0.0368,0.1015,0.043,2.3025,2.2541,0,2000,2000,1,0,27
11,1,27,2000,2,517,9.0684,0.0563,0.2535,0.0284,3.1016,2.6989,1,2000,2000,1,25,27
11,1,27,2000,2,518,7.6909,0.0382,0.0928,0.0528,2.3067,2.2477,0,2000,2000,1,0,27
11,1,27,2000,2,519,3.822,0.0382,0.0928,0.0509,2.0536,1.9977,0,2000,2000,1,0,27
11,1,27,2000,2,520,4.9742,0.0526,0.2007,0.025,3.1127,2.7761,1,2000,2000,1,22,27
11,1,27,2000,2,521,7.9202,0.0519,0.173,0.0527,2.2994,2.2403,0,2000,2000,1,0,27
11,1,27,2000,2,522,9.0735,0.0532,0.2319,0.0264,3.2267,2.8555,1,2000,2000,1,22,27
11,1,27,2000,2,523,4.0625,0.0532,0.2319,0.0669,2.163,2.0886,0,2000,2000,1,0,27
11,1,27,2000,2,524,4.2545,0.0627,0.077,0.0506,2.2871,2.2313,0,2000,2000,1,0,27
11,1,27,2000,2,525,3.4652,0.0627,0.077,0.0453,1.9967,1.947,0,2000,2000,1,0,27
11,1,27,2000,2,526,9.4017,0.0594,0.2254,0.0274,3.0619,2.7033,1,2000,2000,1,22,27
11,1,27,2000,2,527,7.6222,0.0485,0.0913,0.0506,2.4256,2.37,0,2000,2000,1,0,27
11,1,27,2000,2,528,4.9969,0.0616,0.2135,0.0275,3.3514,2.9844,1,2000,2000,1,26,27
11,1,27,2000,2,529,7.3279,0.0575,0.2644,0.0655,2.3085,2.2352,0,2000,2000,1,0,27
11,1,27,2000,2,530,3.9751,0.0575,0.2644,0.0526,2.3046,2.2469,0,2000,2000,1,0,27
11,1,27,2000,2,531,4.4925,0.0508,0.1774,0.0279,2.8723,2.5673,1,2000,2000,1,18,27
11,1,27,2000,2,532,4.0262,0.0508,0.1774,0.0569,2.3456,2.2837,0,2000,2000,1,0,27
11,1,27,2000,2,533,4.401,0.0553,0.2124,0.0572,2.3572,2.2936,0,2000,2000,1,0,27
11,1,27,2000,2,534,4.1305,0.0553,0.2124,0.0517,2.4056,2.349,0,2000,2000,1,0,27
11,1,27,2000,2,535,4.7012,0.0544,0.19,0.0311,2.9592,2.6294,1,2000,2000,1,26,27
11,1,27,2000,2,536,4.2498,0.0544,0.19,0.0484,2.318,2.2645,0,2000,2000,1,0,27
11,1,27,2000,2,537,4.5189,0.065,0.2274,0.0648,2.4783,2.4076,0,2000,2000,1,0,27
11,1,27,2000,2,538,3.963,0.065,0.2274,0.0572,2.226,2.163,0,2000,2000,1,0,27
11,1,27,2000,2,539,4.7646,0.0619,0.2251,0.0291,2.9972,2.624,1,2000,2000,1,23,27
11,1,27,2000,2,540,3.9063,0.0619,0.2251,0.0471,2.2542,2.2009,0,2000,2000,1,0,27
11,1,27,2000,2,541,4.3837,0.0577,0.1692,0.0513,2.2784,2.2213,0,2000,2000,1,0,27
11,1,27,2000,2,542,3.8344,0.0577,0.1692,0.0466,2.1977,2.1457,0,2000,2000,1,0,27
11,1,27,2000,2,543,7.4313,0.0708,0.1748,0.0272,3.0106,2.6892,1,2000,2000,1,22,27
11,1,27,2000,2,544,7.8193,0.0462,0.0377,0.0816,2.2434,2.152,0,2000,2000,1,0,27
11,1,27,2000,2,545,5.0877,0.2555,0.1654,0.0267,3.335,2.8385,1,2000,2000,1,20,27
11,1,27,2000,2,546,3.6533,0.2555,0.1654,0.0663,2.1345,2.0619,0,2000,2000,1,0,27
11,1,27,2000,2,547,4.2954,0.0566,0.0835,0.0434,2.2403,2.1907,0,2000,2000,1,0,27
11,1,27,2000,2,548,3.5264,0.0566,0.0835,0.0546,2.0265,1.9664,0,2000,2000,1,0,27
11,1,27,2000,2,549,4.6791,0.0664,0.1766,0.0286,2.9666,2.6411,1,2000,2000,1,15,27
11,1,27,2000,2,550,8.1546,0.0547,0.2576,0.0553,2.2855,2.222,0,2000,2000,1,0,27
