run,async,threads_cfg,bodies_cfg,repeat,frame,frame_ms,sim_ms,fetch_ms,interp_ms,total_ms,actor_tick_ms,substeps,active,dyn,static,contacts,threads_actual
0,0,4,1000,0,151,5.0406,0.0079,0.6084,0.0141,1.465,0.7831,1,1000,1000,1,7,4
0,0,4,1000,0,152,3.3874,0,0,0.077,0.8504,0.7686,0,1000,1000,1,0,4
0,0,4,1000,0,153,4.3406,0,0,0.0451,0.8439,0.7925,0,1000,1000,1,0,4
0,0,4,1000,0,154,3.9805,0,0,0.0389,0.8086,0.7648,0,1000,1000,1,0,4
0,0,4,1000,0,155,5.4273,0.0077,0.4113,0.0133,1.4341,0.9486,1,1000,1000,1,7,4
0,0,4,1000,0,156,2.9322,0,0,0.0336,0.7703,0.7324,0,1000,1000,1,0,4
0,0,4,1000,0,157,4.5393,0,0,0.0367,0.8108,0.7694,0,1000,1000,1,0,4
0,0,4,1000,0,158,3.604,0,0,0.0268,0.7115,0.68,0,1000,1000,1,0,4
0,0,4,1000,0,159,4.9579,0.0103,0.4076,0.0248,1.3311,0.8363,1,1000,1000,1,12,4
0,0,4,1000,0,160,3.8095,0,0,0.0333,0.802,0.764,0,1000,1000,1,0,4
0,0,4,1000,0,161,3.7833,0,0,0.0316,0.7613,0.7238,0,1000,1000,1,0,4
0,0,4,1000,0,162,4.2186,0,0,0.0365,0.7987,0.7574,0,1000,1000,1,0,4
0,0,4,1000,0,163,5.2738,0.0094,0.736,0.0137,1.6759,0.861,1,1000,1000,1,14,4
0,0,4,1000,0,164,3.1803,0,0,0.0279,0.9573,0.9242,0,1000,1000,1,0,4
0,0,4,1000,0,165,4.0405,0,0,0.0409,0.8265,0.7813,0,1000,1000,1,0,4
0,0,4,1000,0,166,4.4177,0,0,0.0393,0.8253,0.7813,0,1000,1000,1,0,4
0,0,4,1000,0,167,4.8981,0.0146,0.5263,0.0141,1.4136,0.8038,1,1000,1000,1,10,4
0,0,4,1000,0,168,3.3514,0,0,0.0401,0.816,0.7701,0,1000,1000,1,0,4
0,0,4,1000,0,169,4.0214,0,0,0.0272,0.7644,0.7314,0,1000,1000,1,0,4
0,0,4,1000,0,170,4.443,0,0,0.0724,0.9264,0.8486,0,1000,1000,1,0,4
0,0,4,1000,0,171,4.8363,0.0141,0.5621,0.0137,1.4645,0.8219,1,1000,1000,1,16,4
0,0,4,1000,0,172,3.6831,0,0,0.0452,0.847,0.7971,0,1000,1000,1,0,4
0,0,4,1000,0,173,8.5532,0,0,0.1025,0.9811,0.8722,0,1000,1000,1,0,4
0,0,4,1000,0,174,8.66,0.0101,0.5583,0.0186,1.51,0.864,1,1000,1000,1,13,4
0,0,4,1000,0,175,3.1991,0,0,0.044,0.7716,0.7237,0,1000,1000,1,0,4
0,0,4,1000,0,176,4.2629,0,0,0.0409,0.8332,0.787,0,1000,1000,1,0,4
0,0,4,1000,0,177,4.9919,0.0092,0.5321,0.0137,1.4266,0.8259,1,1000,1000,1,8,4
0,0,4,1000,0,178,3.3182,0,0,0.0339,0.8578,0.8182,0,1000,1000,1,0,4
0,0,4,1000,0,179,3.9788,0,0,0.0344,0.7736,0.7343,0,1000,1000,1,0,4
0,0,4,1000,0,180,4.2807,0,0,0.0337,0.7638,0.7256,0,1000,1000,1,0,4
0,0,4,1000,0,181,4.8128,0.0062,0.4613,0.032,1.3153,0.7744,1,1000,1000,1,17,4
0,0,4,1000,0,182,3.598,0,0,0.0229,0.7475,0.7206,0,1000,1000,1,0,4
0,0,4,1000,0,183,4.0525,0,0,0.0334,0.8061,0.7687,0,1000,1000,1,0,4
0,0,4,1000,0,184,4.3754,0,0,0.0402,0.8338,0.7882,0,1000,1000,1,0,4
0,0,4,1000,0,185,4.6166,0.0072,0.4409,0.015,1.2369,0.7304,1,1000,1000,1,7,4
0,0,4,1000,0,186,3.4607,0,0,0.033,0.7487,0.7115,0,1000,1000,1,0,4
0,0,4,1000,0,187,4.2818,0,0,0.0471,0.8513,0.7994,0,1000,1000,1,0,4
0,0,4,1000,0,188,4.1102,0,0,0.0311,0.764,0.7283,0,1000,1000,1,0,4
0,0,4,1000,0,189,5.1574,0.0099,0.6533,0.0142,1.5415,0.8194,1,1000,1000,1,13,4
0,0,4,1000,0,190,3.2811,0,0,0.0322,0.7992,0.7625,0,1000,1000,1,0,4
0,0,4,1000,0,191,4.0797,0,0,0.0311,0.7851,0.7495,0,1000,1000,1,0,4
0,0,4,1000,0,192,4.4074,0,0,0.0446,0.8892,0.8385,0,1000,1000,1,0,4
0,0,4,1000,0,193,5.2512,0.0164,0.7059,0.0132,1.6535,0.8613,1,1000,1000,1,28,4
0,0,4,1000,0,194,7.4892,0,0,0.0579,0.9625,0.8992,0,1000,1000,1,0,4
0,0,4,1000,0,195,3.9815,0,0,0.1093,1.0527,0.9361,0,1000,1000,1,0,4
0,0,4,1000,0,196,4.8937,0.0071,0.5593,0.0127,1.4388,0.8134,1,1000,1000,1,18,4
0,0,4,1000,0,197,3.391,0,0,0.0358,0.7725,0.7331,0,1000,1000,1,0,4
0,0,4,1000,0,198,4.4505,0,0,0.145,1.1004,0.949,0,1000,1000,1,0,4
0,0,4,1000,0,199,3.8164,0,0,0.0332,0.7823,0.7449,0,1000,1000,1,0,4
0,0,4,1000,0,200,5.7232,0.0082,0.4471,0.0137,1.3158,0.8007,1,1000,1000,1,14,4
0,0,4,1000,0,201,2.3702,0,0,0.032,0.832,0.7937,0,1000,1000,1,0,4
0,0,4,1000,0,202,4.5015,0,0,0.0491,1.0195,0.9657,0,1000,1000,1,0,4
0,0,4,1000,0,203,3.7389,0,0,0.0303,0.7608,0.7258,0,1000,1000,1,0,4
0,0,4,1000,0,204,4.8623,0.0086,0.4298,0.0138,1.2646,0.7654,1,1000,1000,1,21,4
0,0,4,1000,0,205,3.4752,0,0,0.0314,0.7641,0.7284,0,1000,1000,1,0,4
0,0,4,1000,0,206,4.4445,0,0,0.0527,0.928,0.8701,0,1000,1000,1,0,4
0,0,4,1000,0,207,4.0103,0,0,0.0353,0.8193,0.7785,0,1000,1000,1,0,4
0,0,4,1000,0,208,5.7861,0.0282,0.5747,0.0133,1.5259,0.8533,1,1000,1000,1,18,4
0,0,4,1000,0,209,2.5146,0,0,0.0379,0.8283,0.7866,0,1000,1000,1,0,4
0,0,4,1000,0,210,4.1163,0,0,0.035,0.7725,0.7331,0,1000,1000,1,0,4
0,0,4,1000,0,211,4.232,0,0,0.0427,0.8509,0.8037,0,1000,1000,1,0,4
0,0,4,1000,0,212,5.2,0.0072,0.7298,0.0142,1.633,0.8253,1,1000,1000,1,10,4
0,0,4,1000,0,213,3.1266,0,0,0.027,0.7754,0.7434,0,1000,1000,1,0,4
0,0,4,1000,0,214,4.1122,0,0,0.0324,0.7623,0.7255,0,1000,1000,1,0,4
0,0,4,1000,0,215,4.1953,0,0,0.0301,0.8102,0.7733,0,1000,1000,1,0,4
0,0,4,1000,0,216,5.4011,0.0115,0.4629,0.0132,1.3119,0.7825,1,1000,1000,1,19,4
0,0,4,1000,0,217,3.3465,0,0,0.0427,0.8425,0.7951,0,1000,1000,1,0,4
0,0,4,1000,0,218,3.9817,0,0,0.0778,1.0152,0.9275,0,1000,1000,1,0,4
0,0,4,1000,0,219,9.0014,0.0073,0.4637,0.0138,1.4652,0.9151,1,1000,1000,1,18,4
0,0,4,1000,0,220,3.2934,0,0,0.0392,0.8327,0.7885,0,1000,1000,1,0,4
0,0,4,1000,0,221,4.1542,0,0,0.0306,0.8549,0.8198,0,1000,1000,1,0,4
0,0,4,1000,0,222,4.1841,0,0,0.0398,0.8062,0.7622,0,1000,1000,1,0,4
0,0,4,1000,0,223,5.1793,0.0131,0.6574,0.0138,1.7009,0.9572,1,1000,1000,1,17,4
0,0,4,1000,0,224,3.0598,0,0,0.0334,0.7499,0.7119,0,1000,1000,1,0,4
0,0,4,1000,0,225,4.2186,0,0,0.0395,0.8149,0.7698,0,1000,1000,1,0,4
0,0,4,1000,0,226,4.1116,0,0,0.0309,0.7612,0.7261,0,1000,1000,1,0,4
0,0,4,1000,0,227,5.4926,0.0116,0.8198,0.0138,1.739,0.8439,1,1000,1000,1,21,4
0,0,4,1000,0,228,2.9915,0,0,0.0318,0.8158,0.7802,0,1000,1000,1,0,4
0,0,4,1000,0,229,4.7094,0,0,0.0457,0.8407,0.7876,0,1000,1000,1,0,4
0,0,4,1000,0,230,3.913,0,0,0.042,0.8487,0.8026,0,1000,1000,1,0,4
0,0,4,1000,0,231,5.3262,0.019,0.6417,0.0138,1.5795,0.85,1,1000,1000,1,24,4
0,0,4,1000,0,232,2.9287,0,0,0.0424,0.8434,0.7966,0,1000,1000,1,0,4
0,0,4,1000,0,233,4.2397,0,0,0.0696,0.9654,0.8905,0,1000,1000,1,0,4
0,0,4,1000,0,234,9.1447,0.0077,0.576,0.0139,1.58,0.9344,1,1000,1000,1,18,4
0,0,4,1000,0,235,3.207,0,0,0.051,0.9557,0.9005,0,1000,1000,1,0,4
0,0,4,1000,0,236,4.0201,0,0,0.0352,0.8421,0.8019,0,1000,1000,1,0,4
0,0,4,1000,0,237,4.1513,0,0,0.0454,0.862,0.8116,0,1000,1000,1,0,4
0,0,4,1000,0,238,5.1161,0.0073,0.6028,0.0133,1.6201,0.9569,1,1000,1000,1,26,4
0,0,4,1000,0,239,3.2388,0,0,0.0235,0.7743,0.7462,0,1000,1000,1,0,4
0,0,4,1000,0,240,4.2563,0,0,0.1052,0.9261,0.8154,0,1000,1000,1,0,4
0,0,4,1000,0,241,4.0484,0,0,0.0458,0.8583,0.8081,0,1000,1000,1,0,4
0,0,4,1000,0,242,4.6527,0.011,0.4837,0.0137,1.3425,0.7925,1,1000,1000,1,19,4
0,0,4,1000,0,243,3.7335,0,0,0.0471,0.8592,0.8084,0,1000,1000,1,0,4
0,0,4,1000,0,244,4.0836,0,0,0.0373,0.8104,0.7689,0,1000,1000,1,0,4
0,0,4,1000,0,245,4.6553,0,0,0.0671,1.0329,0.9595,0,1000,1000,1,0,4
0,0,4,1000,0,246,4.5539,0.0076,0.5382,0.0142,1.4528,0.8479,1,1000,1000,1,16,4
0,0,4,1000,0,247,3.5013,0,0,0.0553,0.9389,0.8792,0,1000,1000,1,0,4
0,0,4,1000,0,248,4.6737,0,0,0.0388,0.871,0.8273,0,1000,1000,1,0,4
0,0,4,1000,0,249,8.9867,0.0178,0.5169,0.0133,1.4478,0.8519,1,1000,1000,1,19,4
0,0,4,1000,0,250,3.0093,0,0,0.0328,0.8782,0.8388,0,1000,1000,1,0,4
0,0,4,1000,0,251,3.97,0,0,0.0333,0.8305,0.7935,0,1000,1000,1,0,4
0,0,4,1000,0,252,4.1515,0,0,0.0367,0.8154,0.7738,0,1000,1000,1,0,4
0,0,4,1000,0,253,5.2794,0.0101,0.6501,0.0133,1.6633,0.947,1,1000,1000,1,25,4
0,0,4,1000,0,254,3.0628,0,0,0.0339,0.7845,0.7469,0,1000,1000,1,0,4
0,0,4,1000,0,255,4.3566,0,0,0.0534,0.8954,0.8366,0,1000,1000,1,0,4
0,0,4,1000,0,256,4.0144,0,0,0.0336,0.7599,0.7215,0,1000,1000,1,0,4
0,0,4,1000,0,257,5.5129,0.0123,0.5275,0.0123,1.396,0.8002,1,1000,1000,1,27,4
0,0,4,1000,0,258,2.9893,0,0,0.0397,0.846,0.8017,0,1000,1000,1,0,4
0,0,4,1000,0,259,3.9845,0,0,0.0424,0.8369,0.7896,0,1000,1000,1,0,4
0,0,4,1000,0,260,4.229,0,0,0.0416,0.8508,0.8043,0,1000,1000,1,0,4
0,0,4,1000,0,261,4.769,0.0117,0.5639,0.0143,1.4815,0.8504,1,1000,1000,1,23,4
0,0,4,1000,0,262,3.4679,0,0,0.0395,0.8517,0.8075,0,1000,1000,1,0,4
0,0,4,1000,0,263,4.4163,0,0,0.0454,0.8816,0.8301,0,1000,1000,1,0,4
0,0,4,1000,0,264,3.9075,0,0,0.041,0.8431,0.7966,0,1000,1000,1,0,4
0,0,4,1000,0,265,5.3871,0.0099,0.7372,0.0138,1.7215,0.9051,1,1000,1000,1,18,4
0,0,4,1000,0,266,3.1699,0,0,0.034,0.9567,0.9098,0,1000,1000,1,0,4
0,0,4,1000,0,267,4.0445,0,0,0.0347,0.7792,0.7401,0,1000,1000,1,0,4
0,0,4,1000,0,268,4.5168,0,0,0.0461,0.875,0.8228,0,1000,1000,1,0,4
0,0,4,1000,0,269,5.3295,0.0164,0.7473,0.0136,2.054,1.2274,1,1000,1000,1,27,4
0,0,4,1000,0,270,2.5446,0,0,0.0397,0.8462,0.8023,0,1000,1000,1,0,4
0,0,4,1000,0,271,4.4092,0,0,0.049,1.0262,0.9701,0,1000,1000,1,0,4
0,0,4,1000,0,272,4.2656,0,0,0.0481,1.0555,1.0014,0,1000,1000,1,0,4
0,0,4,1000,0,273,8.8444,0.0069,0.677,0.014,1.6323,0.8817,1,1000,1000,1,25,4
0,0,4,1000,0,274,3.402,0,0,0.0365,0.8879,0.8462,0,1000,1000,1,0,4
0,0,4,1000,0,275,4.1147,0,0,0.0413,0.8585,0.8125,0,1000,1000,1,0,4
0,0,4,1000,0,276,5.6563,0.0144,0.6457,0.0133,1.6249,0.9005,1,1000,1000,1,28,4
0,0,4,1000,0,277,2.6451,0,0,0.0326,0.8932,0.8503,0,1000,1000,1,0,4
0,0,4,1000,0,278,4.2458,0,0,0.0391,0.8844,0.8407,0,1000,1000,1,0,4
0,0,4,1000,0,279,4.0959,0,0,0.0402,0.8664,0.8218,0,1000,1000,1,0,4
0,0,4,1000,0,280,4.9083,0.0078,0.57,0.0137,1.5284,0.8978,1,1000,1000,1,26,4
0,0,4,1000,0,281,3.4489,0,0,0.0236,0.9054,0.8728,0,1000,1000,1,0,4
0,0,4,1000,0,282,4.3721,0,0,0.039,0.893,0.8477,0,1000,1000,1,0,4
0,0,4,1000,0,283,4.0933,0,0,0.0366,0.8943,0.8513,0,1000,1000,1,0,4
0,0,4,1000,0,284,4.8584,0.013,0.6184,0.0133,1.5295,0.8415,1,1000,1000,1,26,4
0,0,4,1000,0,285,3.4615,0,0,0.0377,0.8365,0.7945,0,1000,1000,1,0,4
0,0,4,1000,0,286,4.218,0,0,0.0361,0.8256,0.7859,0,1000,1000,1,0,4
0,0,4,1000,0,287,4.2756,0,0,0.039,0.837,0.7922,0,1000,1000,1,0,4
0,0,4,1000,0,288,4.5268,0.0112,0.5573,0.0141,1.4219,0.8015,1,1000,1000,1,26,4
0,0,4,1000,0,289,3.648,0,0,0.0482,0.8786,0.8258,0,1000,1000,1,0,4
0,0,4,1000,0,290,4.2657,0,0,0.0501,0.9091,0.8543,0,1000,1000,1,0,4
0,0,4,1000,0,291,4.7416,0,0,0.1191,1.3227,1.1948,0,1000,1000,1,0,4
0,0,4,1000,0,292,4.6061,0.0076,0.9013,0.0131,1.73,0.771,1,1000,1000,1,29,4
0,0,4,1000,0,293,7.1572,0,0,0.0333,0.8115,0.7741,0,1000,1000,1,0,4
0,0,4,1000,0,294,9.1499,0.0065,0.5455,0.0138,1.4664,0.8567,1,1000,1000,1,31,4
0,0,4,1000,0,295,7.5755,0,0,0.0498,0.9252,0.8709,0,1000,1000,1,0,4
0,0,4,1000,0,296,4.2983,0,0,0.0495,0.8858,0.831,0,1000,1000,1,0,4
0,0,4,1000,0,297,9.1152,0.0083,0.5048,0.0133,1.4983,0.9205,1,1000,1000,1,22,4
0,0,4,1000,0,298,7.5694,0,0,0.0449,0.9126,0.8625,0,1000,1000,1,0,4
0,0,4,1000,0,299,9.2373,0.0086,0.5919,0.0135,1.5606,0.9019,1,1000,1000,1,22,4
0,0,4,1000,0,300,3.2579,0,0,0.0359,0.8098,0.7703,0,1000,1000,1,0,4
0,0,4,1000,0,301,9.4265,0.008,0.6623,0.0123,1.5482,0.8246,1,1000,1000,1,24,4
0,0,4,1000,0,302,7.2079,0,0,0.0464,0.8627,0.8113,0,1000,1000,1,0,4
0,0,4,1000,0,303,4.2401,0,0,0.0401,0.8169,0.7726,0,1000,1000,1,0,4
0,0,4,1000,0,304,4.7961,0.0095,0.6391,0.0123,1.4976,0.7978,1,1000,1000,1,21,4
0,0,4,1000,0,305,3.4757,0,0,0.0354,0.7912,0.7518,0,1000,1000,1,0,4
0,0,4,1000,0,306,8.549,0,0,0.0402,1.0745,1.0275,0,1000,1000,1,0,4
0,0,4,1000,0,307,9.0524,0.0066,0.6134,0.0142,1.5383,0.8588,1,1000,1000,1,17,4
0,0,4,1000,0,308,7.4281,0,0,0.0311,0.9042,0.8672,0,1000,1000,1,0,4
0,0,4,1000,0,309,9.4475,0.0094,0.8154,0.0142,1.7441,0.8595,1,1000,1000,1,22,4
0,0,4,1000,0,310,7.2172,0,0,0.0359,1.0295,0.986,0,1000,1000,1,0,4
0,0,4,1000,0,311,5.1552,0.0067,0.8247,0.014,1.8322,0.9352,1,1000,1000,1,24,4
0,0,4,1000,0,312,3.1994,0,0,0.0342,0.811,0.7728,0,1000,1000,1,0,4
0,0,4,1000,0,313,4.2108,0,0,0.0376,0.8335,0.7912,0,1000,1000,1,0,4
0,0,4,1000,0,314,3.7882,0,0,0.0359,0.8447,0.8032,0,1000,1000,1,0,4
0,0,4,1000,0,315,5.2204,0.0101,0.6817,0.013,1.5519,0.8082,1,1000,1000,1,19,4
0,0,4,1000,0,316,3.2598,0,0,0.0379,0.8484,0.806,0,1000,1000,1,0,4
0,0,4,1000,0,317,4.1052,0,0,0.0394,0.8782,0.8336,0,1000,1000,1,0,4
0,0,4,1000,0,318,4.2404,0,0,0.0522,0.9204,0.8639,0,1000,1000,1,0,4
0,0,4,1000,0,319,4.7932,0.0073,0.5249,0.0137,1.374,0.7923,1,1000,1000,1,20,4
0,0,4,1000,0,320,3.3749,0,0,0.0364,0.8439,0.8034,0,1000,1000,1,0,4
0,0,4,1000,0,321,4.3494,0,0,0.0413,0.8706,0.8248,0,1000,1000,1,0,4
0,0,4,1000,0,322,3.9525,0,0,0.0317,0.784,0.7471,0,1000,1000,1,0,4
0,0,4,1000,0,323,5.2958,0.01,0.5757,0.0137,1.4819,0.8429,1,1000,1000,1,17,4
0,0,4,1000,0,324,2.9583,0,0,0.0298,0.8057,0.7718,0,1000,1000,1,0,4
0,0,4,1000,0,325,4.2417,0,0,0.032,0.8224,0.7855,0,1000,1000,1,0,4
0,0,4,1000,0,326,9.6652,0.0064,0.7172,0.0136,1.6782,0.8999,1,1000,1000,1,19,4
0,0,4,1000,0,327,7.1528,0,0,0.0467,0.8678,0.8173,0,1000,1000,1,0,4
0,0,4,1000,0,328,9.9383,0.0161,1.0393,0.019,1.9841,0.8587,1,1000,1000,1,16,4
0,0,4,1000,0,329,6.775,0,0,0.0356,0.812,0.7721,0,1000,1000,1,0,4
0,0,4,1000,0,330,3.983,0,0,0.0328,0.8126,0.7755,0,1000,1000,1,0,4
0,0,4,1000,0,331,5.1549,0.0096,0.6241,0.0127,1.4843,0.7971,1,1000,1000,1,10,4
0,0,4,1000,0,332,3.7621,0,0,0.0439,1.086,1.0366,0,1000,1000,1,0,4
0,0,4,1000,0,333,8.4838,0,0,0.0407,1.4587,1.4055,0,1000,1000,1,0,4
0,0,4,1000,0,334,8.9639,0.0179,0.776,0.0217,1.7361,0.8717,1,1000,1000,1,16,4
0,0,4,1000,0,335,7.4231,0,0,0.046,0.8701,0.8196,0,1000,1000,1,0,4
0,0,4,1000,0,336,9.0119,0.0072,0.6762,0.0139,1.618,0.8751,1,1000,1000,1,19,4
0,0,4,1000,0,337,7.5171,0,0,0.0545,0.9043,0.8452,0,1000,1000,1,0,4
0,0,4,1000,0,338,9.2789,0.0079,0.6264,0.0135,1.5744,0.8861,1,1000,1000,1,12,4
0,0,4,1000,0,339,7.2486,0,0,0.0375,0.8559,0.8144,0,1000,1000,1,0,4
0,0,4,1000,0,340,9.5144,0.0066,0.759,0.0134,1.7663,0.9415,1,1000,1000,1,10,4
0,0,4,1000,0,341,7.2648,0,0,0.0386,0.8386,0.7958,0,1000,1000,1,0,4
0,0,4,1000,0,342,9.3017,0.0075,0.6399,0.0148,1.6255,0.9155,1,1000,1000,1,8,4
0,0,4,1000,0,343,7.2796,0,0,0.0403,0.8747,0.83,0,1000,1000,1,0,4
0,0,4,1000,0,344,10.0495,0.0073,1.0099,0.0162,2.2669,1.1918,1,1000,1000,1,21,4
0,0,4,1000,0,345,6.7089,0,0,0.0265,0.9548,0.92,0,1000,1000,1,0,4
0,0,4,1000,0,346,10.5303,0.0202,0.6661,0.0141,1.6697,0.9297,1,1000,1000,1,17,4
0,0,4,1000,0,347,7.7368,0.0071,0.5781,0.0133,1.4501,0.8151,1,1000,1000,1,10,4
0,0,4,1000,0,348,6.7966,0,0,0.0506,0.9093,0.8543,0,1000,1000,1,0,4
0,0,4,1000,0,349,8.2005,0,0,0.0509,0.8609,0.8057,0,1000,1000,1,0,4
0,0,4,1000,0,350,9.2217,0.0069,0.6316,0.0141,1.5509,0.8613,1,1000,1000,1,11,4
0,0,4,1000,0,351,7.5648,0,0,0.0545,0.8963,0.8381,0,1000,1000,1,0,4
0,0,4,1000,0,352,9.207,0.0116,0.8444,0.0148,1.74,0.8328,1,1000,1000,1,13,4
0,0,4,1000,0,353,7.3739,0,0,0.0419,0.8353,0.7897,0,1000,1000,1,0,4
0,0,4,1000,0,354,9.3198,0.0112,0.8084,0.0127,1.7187,0.8468,1,1000,1000,1,6,4
0,0,4,1000,0,355,7.3312,0,0,0.0363,0.8535,0.8138,0,1000,1000,1,0,4
0,0,4,1000,0,356,9.4752,0.0109,0.723,0.0127,1.6219,0.84,1,1000,1000,1,16,4
0,0,4,1000,0,357,7.1642,0,0,0.0398,0.8738,0.8296,0,1000,1000,1,0,4
0,0,4,1000,0,358,9.354,0.0133,0.6745,0.0142,1.6361,0.8833,1,1000,1000,1,20,4
0,0,4,1000,0,359,7.7478,0,0,0.0696,1.0092,0.932,0,1000,1000,1,0,4
0,0,4,1000,0,360,8.8301,0.0086,0.7743,0.0137,1.7406,0.9085,1,1000,1000,1,10,4
0,0,4,1000,0,361,7.253,0,0,0.0304,0.8348,0.8,0,1000,1000,1,0,4
0,0,4,1000,0,362,10.0178,0.0113,0.5943,0.0127,1.6729,1.0059,1,1000,1000,1,5,4
0,0,4,1000,0,363,6.587,0,0,0.0333,0.8469,0.8097,0,1000,1000,1,0,4
0,0,4,1000,0,364,9.7077,0.0105,0.6421,0.0131,1.5234,0.821,1,1000,1000,1,11,4
0,0,4,1000,0,365,7.2485,0,0,0.0382,1.0205,0.9647,0,1000,1000,1,0,4
0,0,4,1000,0,366,9.4951,0.0107,0.6837,0.0128,1.8694,1.1178,1,1000,1000,1,10,4
0,0,4,1000,0,367,7.1572,0,0,0.0283,0.8241,0.7915,0,1000,1000,1,0,4
0,0,4,1000,0,368,9.494,0.0124,1.0282,0.0135,1.9262,0.8341,1,1000,1000,1,21,4
0,0,4,1000,0,369,7.1553,0,0,0.0434,0.8539,0.805,0,1000,1000,1,0,4
0,0,4,1000,0,370,9.4912,0.0113,0.7461,0.0141,1.932,1.117,1,1000,1000,1,9,4
0,0,4,1000,0,371,7.1385,0,0,0.0333,0.9813,0.9369,0,1000,1000,1,0,4
0,0,4,1000,0,372,9.6653,0.0108,0.7291,0.0142,1.8135,1.0189,1,1000,1000,1,11,4
0,0,4,1000,0,373,7.2325,0,0,0.0494,1.0287,0.9727,0,1000,1000,1,0,4
0,0,4,1000,0,374,9.1653,0.0102,0.6366,0.0138,1.7056,0.9954,1,1000,1000,1,9,4
0,0,4,1000,0,375,7.0274,0,0,0.0278,0.8192,0.7874,0,1000,1000,1,0,4
0,0,4,1000,0,376,9.0784,0.008,0.6088,0.0137,1.5369,0.8475,1,1000,1000,1,9,4
0,0,4,1000,0,377,7.6008,0,0,0.0326,0.879,0.8424,0,1000,1000,1,0,4
0,0,4,1000,0,378,9.3119,0.0113,0.6139,0.0133,1.5052,0.8313,1,1000,1000,1,14,4
0,0,4,1000,0,379,7.5798,0,0,0.0428,0.8691,0.8221,0,1000,1000,1,0,4
0,0,4,1000,0,380,9.2876,0.0102,0.6799,0.0133,1.5699,0.8307,1,1000,1000,1,17,4
0,0,4,1000,0,381,7.8722,0,0,0.0475,0.8657,0.8131,0,1000,1000,1,0,4
0,0,4,1000,0,382,13.6549,0.008,1.2271,0.0164,2.2113,0.9132,1,1000,1000,1,2,4
0,0,4,1000,0,383,7.9571,0.0062,0.5548,0.0133,1.3942,0.7872,1,1000,1000,1,18,4
0,0,4,1000,0,384,6.9286,0,0,0.0359,0.8725,0.8327,0,1000,1000,1,0,4
0,0,4,1000,0,385,9.7091,0.0147,0.9228,0.0136,1.8177,0.8301,1,1000,1000,1,105,4
0,0,4,1000,0,386,7.3795,0,0,0.0587,0.9868,0.9223,0,1000,1000,1,0,4
0,0,4,1000,0,387,9.1841,0.013,0.8758,0.0133,1.8191,0.8833,1,1000,1000,1,66,4
0,0,4,1000,0,388,7.0939,0,0,0.047,0.8936,0.8425,0,1000,1000,1,0,4
0,0,4,1000,0,389,9.6498,0.0079,0.8883,0.0136,1.9145,0.9643,1,1000,1000,1,26,4
0,0,4,1000,0,390,7.1401,0,0,0.0372,0.8335,0.7928,0,1000,1000,1,0,4
0,0,4,1000,0,391,9.8879,0.0108,1.0567,0.0127,1.9717,0.8587,1,1000,1000,1,184,4
0,0,4,1000,0,392,6.9547,0,0,0.0464,0.9609,0.9085,0,1000,1000,1,0,4
0,0,4,1000,0,393,9.4914,0.0223,1.3063,0.0133,2.2891,0.9104,1,1000,1000,1,117,4
0,0,4,1000,0,394,6.9218,0,0,0.0383,0.9452,0.9027,0,1000,1000,1,0,4
0,0,4,1000,0,395,9.5055,0.0095,0.9028,0.0131,1.8663,0.9051,1,1000,1000,1,103,4
0,0,4,1000,0,396,7.2109,0,0,0.0507,1.0032,0.9476,0,1000,1000,1,0,4
0,0,4,1000,0,397,9.49,0.0074,0.9245,0.0137,2.1123,1.1318,1,1000,1000,1,78,4
0,0,4,1000,0,398,7.1714,0,0,0.0505,0.9166,0.8618,0,1000,1000,1,0,4
0,0,4,1000,0,399,9.7435,0.0131,1.1884,0.0147,2.1388,0.8885,1,1000,1000,1,198,4
0,0,4,1000,0,400,7.0035,0,0,0.0513,1.0606,1.0033,0,1000,1000,1,0,4
0,0,4,1000,0,401,4.0214,0,0,0.0412,1.0161,0.9687,0,1000,1000,1,0,4
0,0,4,1000,0,402,5.4015,0.0064,1.1936,0.0139,2.1341,0.884,1,1000,1000,1,175,4
0,0,4,1000,0,403,2.8577,0,0,0.0308,0.8938,0.8581,0,1000,1000,1,0,4
0,0,4,1000,0,404,4.1868,0,0,0.0414,0.9763,0.9295,0,1000,1000,1,0,4
0,0,4,1000,0,405,3.9876,0,0,0.0273,0.8851,0.852,0,1000,1000,1,0,4
0,0,4,1000,0,406,5.6458,0.007,1.0494,0.0133,2.0245,0.9157,1,1000,1000,1,98,4
0,0,4,1000,0,407,2.8191,0,0,0.045,0.8959,0.8467,0,1000,1000,1,0,4
0,0,4,1000,0,408,3.9964,0,0,0.0283,0.8266,0.7941,0,1000,1000,1,0,4
0,0,4,1000,0,409,4.2809,0,0,0.0335,0.8671,0.8288,0,1000,1000,1,0,4
0,0,4,1000,0,410,5.7889,0.0086,1.124,0.0139,2.4172,1.234,1,1000,1000,1,98,4
0,0,4,1000,0,411,2.5163,0,0,0.0378,0.8226,0.7807,0,1000,1000,1,0,4
0,0,4,1000,0,412,4.0575,0,0,0.031,0.8325,0.7968,0,1000,1000,1,0,4
0,0,4,1000,0,413,10.865,0.0137,1.5917,0.0133,2.5331,0.8789,1,1000,1000,1,333,4
0,0,4,1000,0,414,5.9713,0,0,0.0399,0.879,0.8352,0,1000,1000,1,0,4
0,0,4,1000,0,415,10.34,0.0085,1.3189,0.0127,2.3162,0.9381,1,1000,1000,1,132,4
0,0,4,1000,0,416,6.5934,0,0,0.0364,1.0225,0.9781,0,1000,1000,1,0,4
0,0,4,1000,0,417,9.7557,0.0088,1.1131,0.0135,2.0298,0.8605,1,1000,1000,1,110,4
0,0,4,1000,0,418,6.9806,0,0,0.0376,0.8587,0.8176,0,1000,1000,1,0,4
0,0,4,1000,0,419,9.9031,0.0106,1.62,0.0132,2.5379,0.8611,1,1000,1000,1,293,4
0,0,4,1000,0,420,7.2856,0,0,0.0627,1.0912,1.0199,0,1000,1000,1,0,4
0,0,4,1000,0,421,9.9041,0.01,1.3783,0.0135,2.3238,0.8861,1,1000,1000,1,187,4
0,0,4,1000,0,422,6.0985,0,0,0.0327,0.9794,0.931,0,1000,1000,1,0,4
0,0,4,1000,0,423,10.0408,0.0102,1.5591,0.0137,2.495,0.876,1,1000,1000,1,131,4
0,0,4,1000,0,424,6.5475,0,0,0.0344,0.9616,0.9212,0,1000,1000,1,0,4
0,0,4,1000,0,425,10,0.0124,1.1888,0.0136,2.2951,1.0439,1,1000,1000,1,123,4
0,0,4,1000,0,426,7.1063,0,0,0.0293,1.0958,1.057,0,1000,1000,1,0,4
0,0,4,1000,0,427,10.0801,0.0101,1.7742,0.0131,2.7277,0.8964,1,1000,1000,1,288,4
0,0,4,1000,0,428,6.4484,0,0,0.0707,1.0215,0.9462,0,1000,1000,1,0,4
0,0,4,1000,0,429,10.2901,0.0101,1.4119,0.0133,2.4815,0.9938,1,1000,1000,1,164,4
0,0,4,1000,0,430,6.4219,0,0,0.0381,1.1718,1.1254,0,1000,1000,1,0,4
0,0,4,1000,0,431,9.7193,0.0068,1.3154,0.0141,2.2347,0.8629,1,1000,1000,1,143,4
0,0,4,1000,0,432,6.5495,0,0,0.0481,1.023,0.9704,0,1000,1000,1,0,4
0,0,4,1000,0,433,10.2809,0.0197,1.3565,0.0132,2.501,1.0686,1,1000,1000,1,236,4
0,0,4,1000,0,434,6.3323,0,0,0.0193,0.8896,0.8644,0,1000,1000,1,0,4
0,0,4,1000,0,435,10.385,0.0109,1.649,0.0127,2.5593,0.8519,1,1000,1000,1,206,4
0,0,4,1000,0,436,6.3224,0,0,0.0295,0.8695,0.836,0,1000,1000,1,0,4
0,0,4,1000,0,437,9.9719,0.0078,1.4987,0.0132,2.415,0.8623,1,1000,1000,1,151,4
0,0,4,1000,0,438,6.6593,0,0,0.0381,0.8381,0.7966,0,1000,1000,1,0,4
0,0,4,1000,0,439,9.7306,0.011,1.1469,0.0135,2.0499,0.8466,1,1000,1000,1,119,4
0,0,4,1000,0,440,7.1129,0,0,0.0515,0.9506,0.8954,0,1000,1000,1,0,4
0,0,4,1000,0,441,10.5972,0.0084,1.9767,0.0136,3.1681,1.1329,1,1000,1000,1,307,4
0,0,4,1000,0,442,5.9011,0,0,0.0324,0.846,0.8098,0,1000,1000,1,0,4
0,0,4,1000,0,443,10.1612,0.0074,1.4182,0.0132,2.4251,0.9463,1,1000,1000,1,157,4
0,0,4,1000,0,444,6.8063,0,0,0.0477,0.9141,0.8626,0,1000,1000,1,0,4
0,0,4,1000,0,445,9.6365,0.0107,1.308,0.0135,2.2134,0.8461,1,1000,1000,1,123,4
0,0,4,1000,0,446,6.8281,0,0,0.0349,0.8568,0.8186,0,1000,1000,1,0,4
0,0,4,1000,0,447,10.2095,0.0093,1.4872,0.013,2.3993,0.853,1,1000,1000,1,312,4
0,0,4,1000,0,448,6.4241,0,0,0.034,0.8571,0.8196,0,1000,1000,1,0,4
0,0,4,1000,0,449,10.0716,0.0086,1.349,0.014,2.4033,0.9978,1,1000,1000,1,167,4
0,0,4,1000,0,450,6.5761,0,0,0.0272,0.8619,0.8314,0,1000,1000,1,0,4
0,0,4,1000,0,451,10.0584,0.0104,1.1948,0.0131,2.1167,0.8665,1,1000,1000,1,121,4
0,0,4,1000,0,452,6.5705,0,0,0.0347,0.8689,0.8309,0,1000,1000,1,0,4
0,0,4,1000,0,453,9.7374,0.0065,1.1962,0.014,2.103,0.846,1,1000,1000,1,106,4
0,0,4,1000,0,454,6.9122,0,0,0.0283,0.8558,0.8236,0,1000,1000,1,0,4
0,0,4,1000,0,455,9.5177,0.0096,0.9303,0.0128,1.8205,0.8351,1,1000,1000,1,95,4
0,0,4,1000,0,456,7.2955,0,0,0.0485,0.9102,0.8576,0,1000,1000,1,0,4
0,0,4,1000,0,457,9.7268,0.0103,1.0237,0.0127,1.9315,0.8489,1,1000,1000,1,65,4
0,0,4,1000,0,458,6.9676,0,0,0.0461,0.9806,0.9272,0,1000,1000,1,0,4
0,0,4,1000,0,459,10.3016,0.0142,1.445,0.0144,2.5558,1.0298,1,1000,1000,1,42,4
0,0,4,1000,0,460,6.9088,0,0,0.0627,0.9672,0.8979,0,1000,1000,1,0,4
0,0,4,1000,0,461,9.0656,0.0134,0.7777,0.014,1.7172,0.8726,1,1000,1000,1,45,4
0,0,4,1000,0,462,7.0422,0,0,0.0463,0.9345,0.8817,0,1000,1000,1,0,4
0,0,4,1000,0,463,9.5656,0.0078,0.8398,0.0137,1.8867,0.9759,1,1000,1000,1,39,4
0,0,4,1000,0,464,7.2279,0,0,0.0409,0.8699,0.8251,0,1000,1000,1,0,4
0,0,4,1000,0,465,9.4862,0.0096,0.7725,0.0141,1.7214,0.8853,1,1000,1000,1,40,4
0,0,4,1000,0,466,7.0095,0,0,0.0418,0.8897,0.8436,0,1000,1000,1,0,4
0,0,4,1000,0,467,9.5512,0.0109,0.7206,0.014,1.705,0.9065,1,1000,1000,1,27,4
0,0,4,1000,0,468,7.1222,0,0,0.042,0.8901,0.8447,0,1000,1000,1,0,4
0,0,4,1000,0,469,9.5857,0.0075,0.6885,0.0137,1.8354,1.0686,1,1000,1000,1,23,4
0,0,4,1000,0,470,7.0903,0,0,0.0626,1.0452,0.978,0,1000,1000,1,0,4
0,0,4,1000,0,471,9.0768,0.007,0.7089,0.0144,1.6849,0.9157,1,1000,1000,1,27,4
0,0,4,1000,0,472,7.535,0,0,0.0483,0.9474,0.8949,0,1000,1000,1,0,4
0,0,4,1000,0,473,9.8749,0.0136,0.8246,0.0146,1.8578,0.9603,1,1000,1000,1,29,4
0,0,4,1000,0,474,7.0199,0,0,0.0521,0.9668,0.9093,0,1000,1000,1,0,4
0,0,4,1000,0,475,9.4798,0.0169,0.6848,0.0126,1.6602,0.8983,1,1000,1000,1,31,4
0,0,4,1000,0,476,7.741,0,0,0.0542,1.4786,1.4169,0,1000,1000,1,0,4
0,0,4,1000,0,477,8.4574,0.0106,0.5987,0.013,1.5315,0.8671,1,1000,1000,1,17,4
0,0,4,1000,0,478,3.167,0,0,0.0465,0.8693,0.8192,0,1000,1000,1,0,4
0,0,4,1000,0,479,4.2527,0,0,0.0406,0.8833,0.8364,0,1000,1000,1,0,4
0,0,4,1000,0,480,4.0283,0,0,0.0323,0.8393,0.8013,0,1000,1000,1,0,4
0,0,4,1000,0,481,5.6838,0.0066,0.821,0.0139,1.9648,1.0732,1,1000,1000,1,15,4
0,0,4,1000,0,482,7.2046,0,0,0.0476,0.964,0.9112,0,1000,1000,1,0,4
0,0,4,1000,0,483,4.5061,0,0,0.1827,1.4538,1.2643,0,1000,1000,1,0,4
0,0,4,1000,0,484,4.1783,0.0088,0.4829,0.0137,1.5358,0.9876,1,1000,1000,1,10,4
0,0,4,1000,0,485,3.6895,0,0,0.027,0.8643,0.8332,0,1000,1000,1,0,4
0,0,4,1000,0,486,4.2479,0,0,0.0442,0.9423,0.8913,0,1000,1000,1,0,4
0,0,4,1000,0,487,4.1507,0,0,0.0403,0.9157,0.8711,0,1000,1000,1,0,4
0,0,4,1000,0,488,9.8757,0.0107,0.6389,0.0146,1.6766,0.9529,1,1000,1000,1,12,4
0,0,4,1000,0,489,6.7261,0,0,0.0413,0.8913,0.8469,0,1000,1000,1,0,4
0,0,4,1000,0,490,9.4037,0.007,0.7285,0.0136,1.7423,0.954,1,1000,1000,1,6,4
0,0,4,1000,0,491,7.0729,0,0,0.0379,0.8991,0.856,0,1000,1000,1,0,4
0,0,4,1000,0,492,9.3119,0.0123,0.5765,0.0137,1.5631,0.9019,1,1000,1000,1,6,4
0,0,4,1000,0,493,7.3536,0,0,0.0318,0.9854,0.9478,0,1000,1000,1,0,4
0,0,4,1000,0,494,9.5094,0.0079,0.6131,0.0129,1.6047,0.9168,1,1000,1000,1,7,4
0,0,4,1000,0,495,7.1862,0,0,0.0352,0.9608,0.9194,0,1000,1000,1,0,4
0,0,4,1000,0,496,9.5208,0.013,0.6437,0.0142,1.6534,0.9421,1,1000,1000,1,6,4
0,0,4,1000,0,497,7.6877,0,0,0.0398,0.9166,0.872,0,1000,1000,1,0,4
0,0,4,1000,0,498,9.1019,0.0089,0.737,0.0162,1.9142,1.0306,1,1000,1000,1,6,4
0,0,4,1000,0,499,7.2523,0,0,0.0465,0.9356,0.8851,0,1000,1000,1,0,4
0,0,4,1000,0,500,9.6186,0.0139,0.5694,0.0141,1.5683,0.9274,1,1000,1000,1,6,4
0,0,4,1000,0,501,7.3959,0,0,0.0988,0.9541,0.8502,0,1000,1000,1,0,4
0,0,4,1000,0,502,9.1056,0.0084,0.6052,0.0128,1.8638,1.181,1,1000,1000,1,7,4
0,0,4,1000,0,503,7.107,0,0,0.0493,0.9803,0.9264,0,1000,1000,1,0,4
0,0,4,1000,0,504,9.1683,0.0121,0.492,0.0141,1.4401,0.8787,1,1000,1000,1,3,4
0,0,4,1000,0,505,7.556,0,0,0.044,0.8878,0.8393,0,1000,1000,1,0,4
0,0,4,1000,0,506,9.2824,0.0154,0.5458,0.013,1.5468,0.914,1,1000,1000,1,5,4
0,0,4,1000,0,507,7.3279,0,0,0.0433,0.8855,0.837,0,1000,1000,1,0,4
0,0,4,1000,0,508,9.8256,0.0059,0.7592,0.0154,1.9255,1.0845,1,1000,1000,1,9,4
0,0,4,1000,0,509,6.6751,0,0,0.0248,0.8605,0.8314,0,1000,1000,1,0,4
0,0,4,1000,0,510,9.2641,0.0083,0.5432,0.0123,1.5082,0.8997,1,1000,1000,1,7,4
0,0,4,1000,0,511,7.6649,0,0,0.0573,1.0806,1.0184,0,1000,1000,1,0,4
0,0,4,1000,0,512,8.8623,0.0078,0.5419,0.0132,1.4513,0.8273,1,1000,1000,1,6,4
0,0,4,1000,0,513,7.9654,0,0,0.036,1.2115,1.1675,0,1000,1000,1,0,4
0,0,4,1000,0,514,9.3272,0.0209,0.5656,0.0132,1.685,1.0291,1,1000,1000,1,5,4
0,0,4,1000,0,515,7.401,0,0,0.0351,0.9132,0.8745,0,1000,1000,1,0,4
0,0,4,1000,0,516,8.8113,0.0139,0.5627,0.0131,1.6089,0.9631,1,1000,1000,1,8,4
0,0,4,1000,0,517,7.575,0,0,0.1046,1.1089,0.9929,0,1000,1000,1,0,4
0,0,4,1000,0,518,9.0676,0.0113,0.5161,0.0135,1.6316,1.0334,1,1000,1000,1,3,4
0,0,4,1000,0,519,7.9803,0,0,0.0709,1.039,0.9634,0,1000,1000,1,0,4
0,0,4,1000,0,520,8.7303,0.0184,0.4631,0.013,1.4551,0.9015,1,1000,1000,1,5,4
0,0,4,1000,0,521,7.4251,0,0,0.0578,0.9985,0.9355,0,1000,1000,1,0,4
0,0,4,1000,0,522,9.2245,0.0152,0.434,0.0146,1.5002,0.979,1,1000,1000,1,8,4
0,0,4,1000,0,523,7.7,0,0,0.0811,1.1546,1.0666,0,1000,1000,1,0,4
0,0,4,1000,0,524,9.3502,0.0069,0.4366,0.0137,1.6327,1.1178,1,1000,1000,1,6,4
0,0,4,1000,0,525,7.0315,0,0,0.0281,1.0532,1.0185,0,1000,1000,1,0,4
0,0,4,1000,0,526,5.3872,0.0111,0.5695,0.0132,1.5984,0.9643,1,1000,1000,1,2,4
0,0,4,1000,0,527,3.0091,0,0,0.0329,1.1274,1.0887,0,1000,1000,1,0,4
0,0,4,1000,0,528,4.281,0,0,0.0349,0.8577,0.8191,0,1000,1000,1,0,4
0,0,4,1000,0,529,9.1089,0.0061,0.4898,0.0146,1.5909,1.0166,1,1000,1000,1,2,4
0,0,4,1000,0,530,7.537,0,0,0.0368,0.8981,0.8569,0,1000,1000,1,0,4
0,0,4,1000,0,531,9.5328,0.0072,0.7407,0.0147,1.9667,1.1526,1,1000,1000,1,2,4
0,0,4,1000,0,532,7.3245,0,0,0.0619,1.1306,1.0628,0,1000,1000,1,0,4
0,0,4,1000,0,533,9.0674,0.0145,0.5483,0.0144,1.7281,1.0443,1,1000,1000,1,0,4
0,0,4,1000,0,534,2.9639,0,0,0.0305,0.8726,0.8375,0,1000,1000,1,0,4
0,0,4,1000,0,535,4.8429,0,0,0.0286,1.4946,1.4588,0,1000,1000,1,0,4
0,0,4,1000,0,536,3.3527,0,0,0.0278,0.8444,0.8123,0,1000,1000,1,0,4
0,0,4,1000,0,537,5.8765,0.0083,0.5867,0.0141,1.6346,0.9533,1,1000,1000,1,2,4
0,0,4,1000,0,538,2.6378,0,0,0.0218,1.005,0.9745,0,1000,1000,1,0,4
0,0,4,1000,0,539,4.3112,0,0,0.0391,0.9056,0.8615,0,1000,1000,1,0,4
0,0,4,1000,0,540,4.3244,0,0,0.0553,0.9132,0.853,0,1000,1000,1,0,4
0,0,4,1000,0,541,4.2802,0.0081,0.3666,0.0145,1.292,0.8597,1,1000,1000,1,2,4
0,0,4,1000,0,542,3.9508,0,0,0.0494,0.9691,0.9155,0,1000,1000,1,0,4
0,0,4,1000,0,543,4.3405,0,0,0.0425,0.9212,0.8741,0,1000,1000,1,0,4
0,0,4,1000,0,544,4.3958,0,0,0.1503,1.0532,0.8972,0,1000,1000,1,0,4
0,0,4,1000,0,545,8.6997,0.0075,0.3961,0.0138,1.4977,1.033,1,1000,1000,1,2,4
0,0,4,1000,0,546,7.8495,0,0,0.0408,1.252,1.2057,0,1000,1000,1,0,4
0,0,4,1000,0,547,8.7745,0.0134,0.53,0.0138,1.5441,0.945,1,1000,1000,1,1,4
0,0,4,1000,0,548,7.4765,0,0,0.0446,0.9837,0.9333,0,1000,1000,1,0,4
0,0,4,1000,0,549,5.0579,0.0104,0.4862,0.0147,1.5302,0.9708,1,1000,1000,1,3,4
0,0,4,1000,0,550,7.7716,0,0,0.0398,0.9497,0.9034,0,1000,1000,1,0,4
1,1,4,1000,0,151,3.6923,0.0589,0.1344,0.0174,0.7792,0.7589,0,1000,1000,1,0,4
1,1,4,1000,0,152,4.334,0.0154,0.1028,0.0133,0.9173,0.7631,1,1000,1000,1,19,4
1,1,4,1000,0,153,4.1631,0.0154,0.1028,0.0176,0.7644,0.7436,0,1000,1000,1,0,4
1,1,4,1000,0,154,4.5612,0.0624,0.1177,0.0214,1.0261,1.0005,0,1000,1000,1,0,4
1,1,4,1000,0,155,3.5553,0.0624,0.1177,0.0188,0.7452,0.7233,0,1000,1000,1,0,4
1,1,4,1000,0,156,4.3401,0.0165,0.0927,0.0123,0.8958,0.7533,1,1000,1000,1,22,4
1,1,4,1000,0,157,4.2184,0.0165,0.0927,0.023,0.8441,0.8183,0,1000,1000,1,0,4
1,1,4,1000,0,158,4.2562,0.0569,0.0283,0.025,0.8325,0.8041,0,1000,1000,1,0,4
1,1,4,1000,0,159,4.1984,0.0569,0.0283,0.0243,0.9266,0.8996,0,1000,1000,1,0,4
1,1,4,1000,0,160,4.8684,0.015,0.113,0.1509,1.2462,0.9364,1,1000,1000,1,28,4
1,1,4,1000,0,161,3.2269,0.015,0.113,0.0192,0.7543,0.7293,0,1000,1000,1,0,4
1,1,4,1000,0,162,4.8491,0.0502,0.0837,0.0226,0.8524,0.826,0,1000,1000,1,0,4
1,1,4,1000,0,163,3.4677,0.0502,0.0837,0.0193,0.7308,0.709,0,1000,1000,1,0,4
1,1,4,1000,0,164,9.0413,0.0161,0.0907,0.0133,1.0184,0.87,1,1000,1000,1,19,4
1,1,4,1000,0,165,8.6761,0.0766,0.3341,0.0305,1.073,1.0382,0,1000,1000,1,0,4
1,1,4,1000,0,166,3.6787,0.0146,0.1181,0.014,1.2131,1.0407,1,1000,1000,1,16,4
1,1,4,1000,0,167,4.0281,0.0146,0.1181,0.0265,0.8661,0.8364,0,1000,1000,1,0,4
1,1,4,1000,0,168,4.4402,0.0686,0.0908,0.0208,0.9015,0.8769,0,1000,1000,1,0,4
1,1,4,1000,0,169,8.1171,0.0141,0.1724,0.0129,1.1497,0.9238,1,1000,1000,1,27,4
1,1,4,1000,0,170,3.7544,0.0141,0.1724,0.0188,0.8466,0.8249,0,1000,1000,1,0,4
1,1,4,1000,0,171,4.4912,0.0543,0.2122,0.0287,0.8546,0.8225,0,1000,1000,1,0,4
1,1,4,1000,0,172,3.9426,0.0543,0.2122,0.0166,0.7591,0.7394,0,1000,1000,1,0,4
1,1,4,1000,0,173,4.1957,0.0146,0.0818,0.0126,0.9209,0.788,1,1000,1000,1,17,4
1,1,4,1000,0,174,4.1507,0.0146,0.0818,0.0182,0.846,0.8253,0,1000,1000,1,0,4
1,1,4,1000,0,175,4.5219,0.0585,0.3407,0.0186,0.8352,0.8131,0,1000,1000,1,0,4
1,1,4,1000,0,176,3.6664,0.0585,0.3407,0.0226,0.8485,0.8229,0,1000,1000,1,0,4
1,1,4,1000,0,177,4.2999,0.0143,0.1111,0.0133,0.9774,0.8138,1,1000,1000,1,16,4
1,1,4,1000,0,178,3.9853,0.0143,0.1111,0.0231,0.8322,0.8048,0,1000,1000,1,0,4
1,1,4,1000,0,179,4.5177,0.0549,0.1566,0.0273,0.9114,0.8803,0,1000,1000,1,0,4
1,1,4,1000,0,180,4.0306,0.0549,0.1566,0.0215,0.9594,0.9345,0,1000,1000,1,0,4
1,1,4,1000,0,181,4.1678,0.0159,0.1078,0.0141,0.975,0.8139,1,1000,1000,1,21,4
1,1,4,1000,0,182,3.9941,0.0159,0.1078,0.0174,0.8741,0.8535,0,1000,1000,1,0,4
1,1,4,1000,0,183,4.8925,0.0565,0.114,0.0247,0.9912,0.961,0,1000,1000,1,0,4
1,1,4,1000,0,184,3.3602,0.0565,0.114,0.0162,0.7725,0.7539,0,1000,1000,1,0,4
1,1,4,1000,0,185,4.4847,0.0143,0.0836,0.0137,1.0056,0.8696,1,1000,1000,1,12,4
1,1,4,1000,0,186,4.0504,0.0143,0.0836,0.0193,0.836,0.8137,0,1000,1000,1,0,4
1,1,4,1000,0,187,4.7794,0.0449,0.5667,0.0214,0.8109,0.7856,0,1000,1000,1,0,4
1,1,4,1000,0,188,3.4815,0.0449,0.5667,0.0154,0.7588,0.7406,0,1000,1000,1,0,4
1,1,4,1000,0,189,4.2312,0.0157,0.1138,0.0133,0.9858,0.822,1,1000,1000,1,26,4
1,1,4,1000,0,190,4.3113,0.0157,0.1138,0.0272,0.9683,0.9376,0,1000,1000,1,0,4
1,1,4,1000,0,191,4.2901,0.041,0.2958,0.0293,0.9131,0.88,0,1000,1000,1,0,4
1,1,4,1000,0,192,8.057,0.0118,0.0882,0.0132,0.9924,0.8588,1,1000,1000,1,20,4
1,1,4,1000,0,193,9.064,0.0521,0.102,0.018,0.9827,0.9605,0,1000,1000,1,0,4
1,1,4,1000,0,194,3.5858,0.0521,0.102,0.0246,0.9838,0.9554,0,1000,1000,1,0,4
1,1,4,1000,0,195,4.0576,0.0139,0.0915,0.0138,0.9539,0.8106,1,1000,1000,1,25,4
1,1,4,1000,0,196,4.5874,0.0139,0.0915,0.024,0.9612,0.9338,0,1000,1000,1,0,4
1,1,4,1000,0,197,3.8092,0.0498,0.0906,0.021,0.8294,0.8048,0,1000,1000,1,0,4
1,1,4,1000,0,198,8.5744,0.0141,0.0988,0.0133,1.0871,0.9331,1,1000,1000,1,13,4
1,1,4,1000,0,199,3.8964,0.0141,0.0988,0.02,0.8048,0.7816,0,1000,1000,1,0,4
1,1,4,1000,0,200,4.1436,0.0467,0.1122,0.0188,0.8266,0.8045,0,1000,1000,1,0,4
1,1,4,1000,0,201,3.962,0.0467,0.1122,0.0192,0.8054,0.7837,0,1000,1000,1,0,4
1,1,4,1000,0,202,4.5194,0.0251,0.102,0.0147,1.0911,0.9223,1,1000,1000,1,16,4
1,1,4,1000,0,203,3.8201,0.0251,0.102,0.0194,0.7945,0.7723,0,1000,1000,1,0,4
1,1,4,1000,0,204,4.5758,0.0601,0.153,0.0175,0.8215,0.8006,0,1000,1000,1,0,4
1,1,4,1000,0,205,3.6511,0.0601,0.153,0.0161,0.7483,0.7296,0,1000,1000,1,0,4
1,1,4,1000,0,206,8.9627,0.0156,0.2832,0.0142,1.2448,0.9079,1,1000,1000,1,30,4
1,1,4,1000,0,207,8.4119,0.0694,0.2583,0.0245,0.8974,0.8691,0,1000,1000,1,0,4
1,1,4,1000,0,208,8.171,0.0159,0.0886,0.014,1.0799,0.9373,1,1000,1000,1,17,4
1,1,4,1000,0,209,4.3441,0.0564,0.1966,0.0206,0.842,0.8177,0,1000,1000,1,0,4
1,1,4,1000,0,210,4.0758,0.0564,0.1966,0.0206,0.8461,0.8202,0,1000,1000,1,0,4
1,1,4,1000,0,211,3.823,0.0125,0.0843,0.0141,0.9791,0.8429,1,1000,1000,1,16,4
1,1,4,1000,0,212,4.2006,0.0125,0.0843,0.0215,0.8348,0.8081,0,1000,1000,1,0,4
1,1,4,1000,0,213,4.2272,0.0647,0.0081,0.0211,0.9779,0.9528,0,1000,1000,1,0,4
1,1,4,1000,0,214,4.291,0.0647,0.0081,0.0222,1.0549,1.0289,0,1000,1000,1,0,4
1,1,4,1000,0,215,4.056,0.011,0.0926,0.0141,1.0373,0.8883,1,1000,1000,1,19,4
1,1,4,1000,0,216,8.5683,0.0543,0.066,0.0239,0.8991,0.8704,0,1000,1000,1,0,4
1,1,4,1000,0,217,4.2576,0.0543,0.066,0.0371,1.0428,1.0024,0,1000,1000,1,0,4
1,1,4,1000,0,218,3.6802,0.0139,0.0991,0.0136,0.9453,0.7951,1,1000,1000,1,21,4
1,1,4,1000,0,219,4.0701,0.0139,0.0991,0.0198,0.8282,0.8054,0,1000,1000,1,0,4
1,1,4,1000,0,220,4.4177,0.0496,0.065,0.0403,0.995,0.9492,0,1000,1000,1,0,4
1,1,4,1000,0,221,4.39,0.0496,0.065,0.0356,0.9871,0.9482,0,1000,1000,1,0,4
1,1,4,1000,0,222,8.3216,0.0146,0.1589,0.0129,1.1233,0.912,1,1000,1000,1,26,4
1,1,4,1000,0,223,3.893,0.0452,0.0685,0.0291,0.8718,0.8393,0,1000,1000,1,0,4
1,1,4,1000,0,224,4.0177,0.0452,0.0685,0.0231,0.8743,0.8483,0,1000,1000,1,0,4
1,1,4,1000,0,225,4.6674,0.0146,0.2102,0.0134,1.0791,0.8145,1,1000,1000,1,15,4
1,1,4,1000,0,226,3.7109,0.0146,0.2102,0.0205,0.84,0.8159,0,1000,1000,1,0,4
1,1,4,1000,0,227,4.7649,0.0693,0.2063,0.0219,0.929,0.9034,0,1000,1000,1,0,4
1,1,4,1000,0,228,8.029,0.0115,0.0792,0.013,1.0333,0.9075,1,1000,1000,1,19,4
1,1,4,1000,0,229,3.996,0.0115,0.0792,0.02,0.8606,0.8379,0,1000,1000,1,0,4
1,1,4,1000,0,230,4.2114,0.0416,0.1018,0.0197,0.8562,0.8327,0,1000,1000,1,0,4
1,1,4,1000,0,231,4.0377,0.0416,0.1018,0.018,0.8095,0.7884,0,1000,1000,1,0,4
1,1,4,1000,0,232,4.551,0.0249,0.1597,0.013,1.2757,1.0472,1,1000,1000,1,20,4
1,1,4,1000,0,233,3.7324,0.0249,0.1597,0.0199,0.7968,0.7741,0,1000,1000,1,0,4
1,1,4,1000,0,234,9.3062,0.0682,0.0454,0.0305,0.967,0.9309,0,1000,1000,1,0,4
1,1,4,1000,0,235,7.7216,0.0124,0.1002,0.0138,1.081,0.9303,1,1000,1000,1,21,4
1,1,4,1000,0,236,4.0234,0.0414,0.0541,0.0212,0.8671,0.8422,0,1000,1000,1,0,4
1,1,4,1000,0,237,4.1876,0.0414,0.0541,0.025,0.881,0.8529,0,1000,1000,1,0,4
1,1,4,1000,0,238,8.5248,0.0145,0.0905,0.0146,1.2828,1.137,1,1000,1000,1,16,4
1,1,4,1000,0,239,8.3553,0.039,0.103,0.0225,0.9821,0.9566,0,1000,1000,1,0,4
1,1,4,1000,0,240,3.9661,0.0223,0.0806,0.0132,1.0258,0.8824,1,1000,1000,1,24,4
1,1,4,1000,0,241,4.4073,0.0223,0.0806,0.0214,0.9665,0.941,0,1000,1000,1,0,4
1,1,4,1000,0,242,8.223,0.0547,0.0771,0.0238,0.9926,0.9645,0,1000,1000,1,0,4
1,1,4,1000,0,243,8.337,0.02,0.0872,0.0142,1.0291,0.8833,1,1000,1000,1,12,4
1,1,4,1000,0,244,4.1331,0.0463,0.0794,0.0248,0.8586,0.83,0,1000,1000,1,0,4
1,1,4,1000,0,245,4.2588,0.0463,0.0794,0.0239,0.9592,0.9318,0,1000,1000,1,0,4
1,1,4,1000,0,246,4.0842,0.0144,0.085,0.0145,0.9913,0.8527,1,1000,1000,1,20,4
1,1,4,1000,0,247,4.1888,0.0144,0.085,0.0224,0.9533,0.9276,0,1000,1000,1,0,4
1,1,4,1000,0,248,8.9105,0.0657,0.3895,0.0256,0.9483,0.9183,0,1000,1000,1,0,4
1,1,4,1000,0,249,3.4824,0.0133,0.0863,0.0137,1.0723,0.936,1,1000,1000,1,19,4
1,1,4,1000,0,250,4.0933,0.0133,0.0863,0.0219,0.9969,0.9716,0,1000,1000,1,0,4
1,1,4,1000,0,251,4.6992,0.0567,0.1963,0.0278,0.88,0.848,0,1000,1000,1,0,4
1,1,4,1000,0,252,3.5094,0.0567,0.1963,0.0219,0.8211,0.7965,0,1000,1000,1,0,4
1,1,4,1000,0,253,4.6178,0.0132,0.1382,0.0131,1.0512,0.8618,1,1000,1000,1,16,4
1,1,4,1000,0,254,3.6322,0.0132,0.1382,0.0241,0.8654,0.8382,0,1000,1000,1,0,4
1,1,4,1000,0,255,4.4315,0.0608,0.2253,0.0233,0.8159,0.7889,0,1000,1000,1,0,4
1,1,4,1000,0,256,3.9739,0.0608,0.2253,0.0427,0.9291,0.8814,0,1000,1000,1,0,4
1,1,4,1000,0,257,4.5652,0.0143,0.1161,0.0138,1.0906,0.9195,1,1000,1000,1,23,4
1,1,4,1000,0,258,8.3648,0.0548,0.1114,0.0278,0.8875,0.8558,0,1000,1000,1,0,4
1,1,4,1000,0,259,8.5148,0.0131,0.086,0.0137,1.1588,1.0206,1,1000,1000,1,18,4
1,1,4,1000,0,260,8.2848,0.0615,0.1878,0.0204,0.8377,0.8139,0,1000,1000,1,0,4
1,1,4,1000,0,261,3.6124,0.0615,0.1878,0.0278,0.8989,0.868,0,1000,1000,1,0,4
1,1,4,1000,0,262,4.5716,0.0145,0.1255,0.0146,1.1247,0.945,1,1000,1000,1,23,4
1,1,4,1000,0,263,8.9591,0.0731,0.3128,0.0271,1.1663,1.1332,0,1000,1000,1,0,4
1,1,4,1000,0,264,3.4103,0.0731,0.3128,0.0279,0.972,0.9405,0,1000,1000,1,0,4
1,1,4,1000,0,265,4.0142,0.0139,0.1094,0.0133,1.0027,0.844,1,1000,1000,1,14,4
1,1,4,1000,0,266,3.9691,0.0139,0.1094,0.0213,0.8187,0.7942,0,1000,1000,1,0,4
1,1,4,1000,0,267,5.2628,0.0591,0.3683,0.0201,0.9622,0.9387,0,1000,1000,1,0,4
1,1,4,1000,0,268,7.7521,0.013,0.0837,0.014,1.1261,0.9932,1,1000,1000,1,12,4
1,1,4,1000,0,269,3.6248,0.013,0.0837,0.0211,0.8239,0.8001,0,1000,1000,1,0,4
1,1,4,1000,0,270,4.7886,0.0539,0.3056,0.0266,0.8914,0.861,0,1000,1000,1,0,4
1,1,4,1000,0,271,3.6557,0.0539,0.3056,0.0235,0.9021,0.8755,0,1000,1000,1,0,4
1,1,4,1000,0,272,4.5607,0.0147,0.0917,0.0132,1.0215,0.88,1,1000,1000,1,9,4
1,1,4,1000,0,273,8.3918,0.0408,0.073,0.0258,0.9683,0.9387,0,1000,1000,1,0,4
1,1,4,1000,0,274,3.8195,0.0408,0.073,0.0219,0.8278,0.8027,0,1000,1000,1,0,4
1,1,4,1000,0,275,4.2087,0.0158,0.1122,0.0142,1.0299,0.8654,1,1000,1000,1,10,4
1,1,4,1000,0,276,4.4011,0.0158,0.1122,0.0234,1.0871,1.0574,0,1000,1000,1,0,4
1,1,4,1000,0,277,4.0125,0.0583,0.2918,0.0218,0.8465,0.8215,0,1000,1000,1,0,4
1,1,4,1000,0,278,3.7603,0.0583,0.2918,0.0213,0.8645,0.84,0,1000,1000,1,0,4
1,1,4,1000,0,279,4.3172,0.0199,0.1504,0.0129,1.0539,0.848,1,1000,1000,1,22,4
1,1,4,1000,0,280,4.0474,0.0199,0.1504,0.0201,0.9009,0.876,0,1000,1000,1,0,4
1,1,4,1000,0,281,4.6097,0.0513,0.0824,0.0307,1.062,1.0279,0,1000,1000,1,0,4
1,1,4,1000,0,282,3.9214,0.0513,0.0824,0.0312,0.9155,0.8801,0,1000,1000,1,0,4
1,1,4,1000,0,283,8.3107,0.0119,0.0886,0.0133,0.9963,0.8603,1,1000,1000,1,18,4
1,1,4,1000,0,284,4.1349,0.0543,0.0668,0.0223,0.902,0.8756,0,1000,1000,1,0,4
1,1,4,1000,0,285,4.1386,0.0543,0.0668,0.0246,0.8781,0.8501,0,1000,1000,1,0,4
1,1,4,1000,0,286,4.0976,0.0138,0.0804,0.0148,0.9517,0.821,1,1000,1000,1,17,4
1,1,4,1000,0,287,4.2759,0.0138,0.0804,0.0199,0.9346,0.9103,0,1000,1000,1,0,4
1,1,4,1000,0,288,4.7563,0.0612,0.2976,0.0246,0.9005,0.8705,0,1000,1000,1,0,4
1,1,4,1000,0,289,3.3626,0.0612,0.2976,0.0172,0.8185,0.7981,0,1000,1000,1,0,4
1,1,4,1000,0,290,4.5321,0.0189,0.0759,0.0136,0.9652,0.8329,1,1000,1000,1,13,4
1,1,4,1000,0,291,4.2769,0.0189,0.0759,0.0187,0.9006,0.8786,0,1000,1000,1,0,4
1,1,4,1000,0,292,7.8966,0.0472,0.0544,0.0186,0.8133,0.7906,0,1000,1000,1,0,4
1,1,4,1000,0,293,9.3792,0.0226,0.093,0.0128,1.0197,0.8654,1,1000,1000,1,15,4
1,1,4,1000,0,294,7.5409,0.0475,0.0657,0.0184,0.8734,0.8521,0,1000,1000,1,0,4
1,1,4,1000,0,295,8.587,0.0124,0.0829,0.0142,1.2411,1.1102,1,1000,1000,1,10,4
1,1,4,1000,0,296,7.9653,0.0434,0.033,0.0195,0.8261,0.804,0,1000,1000,1,0,4
1,1,4,1000,0,297,8.5645,0.0135,0.0827,0.0133,0.9804,0.849,1,1000,1000,1,18,4
1,1,4,1000,0,298,8.8972,0.0462,0.1205,0.0242,1.4244,1.3955,0,1000,1000,1,0,4
1,1,4,1000,0,299,7.5736,0.0118,0.0723,0.014,1.0065,0.882,1,1000,1000,1,13,4
1,1,4,1000,0,300,9.0056,0.088,0.2598,0.031,0.9281,0.8908,0,1000,1000,1,0,4
1,1,4,1000,0,301,8.4009,0.012,0.1146,0.0137,1.1632,0.9998,1,1000,1000,1,9,4
1,1,4,1000,0,302,7.7039,0.0408,0.0885,0.0226,0.9552,0.929,0,1000,1000,1,0,4
1,1,4,1000,0,303,8.8114,0.0142,0.1253,0.0137,1.2781,1.1033,1,1000,1000,1,9,4
1,1,4,1000,0,304,7.842,0.052,0.0504,0.0196,0.8509,0.8278,0,1000,1000,1,0,4
1,1,4,1000,0,305,8.8384,0.0154,0.1712,0.0123,1.1311,0.909,1,1000,1000,1,6,4
1,1,4,1000,0,306,7.9154,0.0351,0.0754,0.0205,0.9032,0.879,0,1000,1000,1,0,4
1,1,4,1000,0,307,8.4755,0.0109,0.1148,0.0133,1.2171,1.0538,1,1000,1000,1,5,4
1,1,4,1000,0,308,8.1471,0.0423,0.0459,0.0257,0.9409,0.9115,0,1000,1000,1,0,4
1,1,4,1000,0,309,8.4652,0.0135,0.1022,0.0139,1.0586,0.9075,1,1000,1000,1,7,4
1,1,4,1000,0,310,8.5713,0.0589,0.0485,0.0272,1.1308,1.0995,0,1000,1000,1,0,4
1,1,4,1000,0,311,7.8444,0.0124,0.1004,0.0142,0.9955,0.8457,1,1000,1000,1,6,4
1,1,4,1000,0,312,9.093,0.0552,0.155,0.0271,1.2143,1.1828,0,1000,1000,1,0,4
1,1,4,1000,0,313,8.0554,0.0105,0.1008,0.0187,1.0821,0.9283,1,1000,1000,1,8,4
1,1,4,1000,0,314,8.2677,0.0561,0.0385,0.0217,0.931,0.9058,0,1000,1000,1,0,4
1,1,4,1000,0,315,8.0877,0.0145,0.1618,0.014,1.1128,0.8973,1,1000,1000,1,14,4
1,1,4,1000,0,316,8.7727,0.0539,0.2595,0.0244,1.0875,1.0586,0,1000,1000,1,0,4
1,1,4,1000,0,317,7.5749,0.0098,0.0921,0.0128,0.976,0.8389,1,1000,1000,1,15,4
1,1,4,1000,0,318,8.8187,0.0527,0.0809,0.0225,0.9427,0.9162,0,1000,1000,1,0,4
1,1,4,1000,0,319,8.1307,0.0099,0.0776,0.0133,1.0652,0.9406,1,1000,1000,1,9,4
1,1,4,1000,0,320,8.363,0.0429,0.0955,0.0253,0.8858,0.8569,0,1000,1000,1,0,4
1,1,4,1000,0,321,8.5679,0.0117,0.3657,0.0142,1.3414,0.9164,1,1000,1000,1,11,4
1,1,4,1000,0,322,8.3102,0.0472,0.0071,0.022,0.9168,0.8918,0,1000,1000,1,0,4
1,1,4,1000,0,323,8.1788,0.0119,0.2036,0.0145,1.1461,0.893,1,1000,1000,1,24,4
1,1,4,1000,0,324,8.3938,0.0846,0.1503,0.0256,1.0657,1.035,0,1000,1000,1,0,4
1,1,4,1000,0,325,8.5123,0.0157,0.2202,0.0136,1.2728,0.9981,1,1000,1000,1,82,4
1,1,4,1000,0,326,8.0809,0.0636,0.1407,0.0213,0.9136,0.8891,0,1000,1000,1,0,4
1,1,4,1000,0,327,4.2618,0.0145,0.449,0.0368,1.365,0.8115,1,1000,1000,1,73,4
1,1,4,1000,0,328,3.711,0.0145,0.449,0.0193,0.9433,0.9206,0,1000,1000,1,0,4
1,1,4,1000,0,329,4.2549,0.0594,0.0565,0.0201,0.871,0.8473,0,1000,1000,1,0,4
1,1,4,1000,0,330,4.0767,0.0594,0.0565,0.0272,0.8802,0.8497,0,1000,1000,1,0,4
1,1,4,1000,0,331,4.5775,0.0153,0.1992,0.0133,1.2488,0.9984,1,1000,1000,1,54,4
1,1,4,1000,0,332,3.5769,0.0153,0.1992,0.0187,0.836,0.8148,0,1000,1000,1,0,4
1,1,4,1000,0,333,4.7007,0.0566,0.1279,0.0217,0.9163,0.891,0,1000,1000,1,0,4
1,1,4,1000,0,334,3.6201,0.0566,0.1279,0.0194,0.8561,0.8337,0,1000,1000,1,0,4
1,1,4,1000,0,335,4.539,0.0141,0.1377,0.0132,1.0792,0.8909,1,1000,1000,1,49,4
1,1,4,1000,0,336,4.0012,0.0141,0.1377,0.0166,0.8559,0.8365,0,1000,1000,1,0,4
1,1,4,1000,0,337,9.2873,0.0923,0.1556,0.0223,0.8923,0.8644,0,1000,1000,1,0,4
1,1,4,1000,0,338,7.722,0.0127,0.367,0.0131,1.2593,0.8442,1,1000,1000,1,200,4
1,1,4,1000,0,339,8.9665,0.0484,0.0944,0.0221,1.0292,1.0017,0,1000,1000,1,0,4
1,1,4,1000,0,340,7.859,0.0104,0.4232,0.0174,1.366,0.8925,1,1000,1000,1,147,4
1,1,4,1000,0,341,4.2649,0.04,0.3536,0.0201,0.8552,0.8314,0,1000,1000,1,0,4
1,1,4,1000,0,342,3.9661,0.04,0.3536,0.0272,0.9126,0.8823,0,1000,1000,1,0,4
1,1,4,1000,0,343,4.2268,0.0352,0.1768,0.0141,1.2397,0.988,1,1000,1000,1,103,4
1,1,4,1000,0,344,3.7792,0.0352,0.1768,0.0204,1.0307,1.0066,0,1000,1000,1,0,4
1,1,4,1000,0,345,4.6416,0.057,0.4196,0.025,0.9872,0.9584,0,1000,1000,1,0,4
1,1,4,1000,0,346,3.4613,0.057,0.4196,0.0164,0.8307,0.812,0,1000,1000,1,0,4
1,1,4,1000,0,347,4.4861,0.0171,0.2591,0.0141,1.1818,0.863,1,1000,1000,1,100,4
1,1,4,1000,0,348,4.2781,0.0171,0.2591,0.0263,0.9763,0.9469,0,1000,1000,1,0,4
1,1,4,1000,0,349,3.9765,0.0657,0.0824,0.0209,0.8474,0.8229,0,1000,1000,1,0,4
1,1,4,1000,0,350,8.7756,0.0167,0.3505,0.0137,1.3517,0.9473,1,1000,1000,1,224,4
1,1,4,1000,0,351,3.7303,0.0167,0.3505,0.02,0.8466,0.8237,0,1000,1000,1,0,4
1,1,4,1000,0,352,4.2708,0.0438,0.2296,0.0194,0.842,0.819,0,1000,1000,1,0,4
1,1,4,1000,0,353,3.8542,0.0438,0.2296,0.0166,0.8728,0.8532,0,1000,1000,1,0,4
1,1,4,1000,0,354,4.6668,0.0136,0.4064,0.0138,1.3189,0.8595,1,1000,1000,1,184,4
1,1,4,1000,0,355,3.7064,0.0136,0.4064,0.022,0.9198,0.8951,0,1000,1000,1,0,4
1,1,4,1000,0,356,4.3699,0.0509,0.0879,0.0253,0.9108,0.8825,0,1000,1000,1,0,4
1,1,4,1000,0,357,4.2564,0.0509,0.0879,0.0235,0.9534,0.9254,0,1000,1000,1,0,4
1,1,4,1000,0,358,8.5152,0.0151,0.2204,0.0142,1.2725,0.9975,1,1000,1000,1,138,4
1,1,4,1000,0,359,4.1314,0.0547,0.2564,0.0205,0.8748,0.8509,0,1000,1000,1,0,4
1,1,4,1000,0,360,8.362,0.0112,0.4395,0.0142,1.3904,0.9039,1,1000,1000,1,234,4
1,1,4,1000,0,361,8.2277,0.0657,0.2101,0.0201,0.8919,0.8687,0,1000,1000,1,0,4
1,1,4,1000,0,362,3.9916,0.0657,0.2101,0.0157,0.8328,0.8146,0,1000,1000,1,0,4
1,1,4,1000,0,363,4.6778,0.0125,0.6074,0.0134,1.5566,0.9003,1,1000,1000,1,215,4
1,1,4,1000,0,364,3.4755,0.0125,0.6074,0.0174,0.8728,0.8482,0,1000,1000,1,0,4
1,1,4,1000,0,365,4.4445,0.0498,0.0772,0.0261,0.8969,0.8679,0,1000,1000,1,0,4
1,1,4,1000,0,366,4.3349,0.0498,0.0772,0.0604,1.1481,1.0785,0,1000,1000,1,0,4
1,1,4,1000,0,367,4.35,0.0169,0.4041,0.0141,1.5817,1.1238,1,1000,1000,1,162,4
1,1,4,1000,0,368,3.6649,0.0169,0.4041,0.0223,0.9712,0.9453,0,1000,1000,1,0,4
1,1,4,1000,0,369,5.6086,0.0709,0.2259,0.0426,1.0983,1.0518,0,1000,1000,1,0,4
1,1,4,1000,0,370,7.5282,0.0164,0.3064,0.0186,1.5441,1.1803,1,1000,1000,1,112,4
1,1,4,1000,0,371,3.3514,0.0164,0.3064,0.0198,0.8455,0.8226,0,1000,1000,1,0,4
1,1,4,1000,0,372,4.4341,0.1105,0.008,0.0168,0.8329,0.8126,0,1000,1000,1,0,4
1,1,4,1000,0,373,3.9775,0.1105,0.008,0.0181,0.8572,0.8367,0,1000,1000,1,0,4
1,1,4,1000,0,374,5.2112,0.0132,1.0587,0.0138,1.9402,0.8262,1,1000,1000,1,327,4
1,1,4,1000,0,375,3.0022,0.0132,1.0587,0.0168,0.7983,0.7788,0,1000,1000,1,0,4
1,1,4,1000,0,376,4.6364,0.0589,0.2485,0.0204,0.8585,0.8344,0,1000,1000,1,0,4
1,1,4,1000,0,377,3.5956,0.0589,0.2485,0.0199,0.797,0.7738,0,1000,1000,1,0,4
1,1,4,1000,0,378,5.0761,0.0132,0.5148,0.0135,1.5272,0.9598,1,1000,1000,1,173,4
1,1,4,1000,0,379,3.3728,0.0132,0.5148,0.0166,0.8152,0.796,0,1000,1000,1,0,4
1,1,4,1000,0,380,4.5091,0.0601,0.0495,0.0279,1.0235,0.9919,0,1000,1000,1,0,4
1,1,4,1000,0,381,3.9509,0.0601,0.0495,0.0245,0.8935,0.8663,0,1000,1000,1,0,4
1,1,4,1000,0,382,5.0657,0.0136,0.34,0.0146,1.3796,0.9862,1,1000,1000,1,136,4
1,1,4,1000,0,383,8.2518,0.0413,0.0779,0.022,0.9194,0.8937,0,1000,1000,1,0,4
1,1,4,1000,0,384,8.6823,0.0149,0.6651,0.0142,1.7246,1.0067,1,1000,1000,1,100,4
1,1,4,1000,0,385,2.921,0.0149,0.6651,0.0198,0.8818,0.8591,0,1000,1000,1,0,4
1,1,4,1000,0,386,4.6995,0.0678,0.0734,0.0318,0.9817,0.9461,0,1000,1000,1,0,4
1,1,4,1000,0,387,4.0008,0.0678,0.0734,0.0347,0.9287,0.8897,0,1000,1000,1,0,4
1,1,4,1000,0,388,9.8497,0.0136,1.3682,0.0136,2.4697,1.0509,1,1000,1000,1,374,4
1,1,4,1000,0,389,6.8124,0.039,0.0814,0.0205,0.9582,0.9346,0,1000,1000,1,0,4
1,1,4,1000,0,390,4.8224,0.0182,0.7175,0.013,1.6726,0.9018,1,1000,1000,1,152,4
1,1,4,1000,0,391,3.1549,0.0182,0.7175,0.0203,0.8827,0.859,0,1000,1000,1,0,4
1,1,4,1000,0,392,5.0597,0.0588,0.1395,0.0272,1.0484,1.0178,0,1000,1000,1,0,4
1,1,4,1000,0,393,8.5283,0.0133,0.5887,0.0142,1.5625,0.9242,1,1000,1000,1,111,4
1,1,4,1000,0,394,3.356,0.0133,0.5887,0.0218,0.8985,0.8737,0,1000,1000,1,0,4
1,1,4,1000,0,395,4.6319,0.0617,0.1096,0.025,0.9825,0.9533,0,1000,1000,1,0,4
1,1,4,1000,0,396,8.7577,0.0134,0.6474,0.0133,1.7002,0.9949,1,1000,1000,1,331,4
1,1,4,1000,0,397,3.3396,0.0134,0.6474,0.0219,0.8838,0.8589,0,1000,1000,1,0,4
1,1,4,1000,0,398,4.5654,0.0541,0.3046,0.0256,0.9386,0.9095,0,1000,1000,1,0,4
1,1,4,1000,0,399,3.5356,0.0541,0.3046,0.0228,0.9313,0.9034,0,1000,1000,1,0,4
1,1,4,1000,0,400,5.4261,0.0125,0.6141,0.015,1.6846,1.0042,1,1000,1000,1,174,4
1,1,4,1000,0,401,2.8639,0.0125,0.6141,0.0207,0.8808,0.856,0,1000,1000,1,0,4
1,1,4,1000,0,402,4.8304,0.098,0.2692,0.0414,1.0484,1.003,0,1000,1000,1,0,4
1,1,4,1000,0,403,3.3571,0.098,0.2692,0.0166,0.8588,0.8389,0,1000,1000,1,0,4
1,1,4,1000,0,404,5.1424,0.0151,0.3826,0.0143,1.711,1.2615,1,1000,1000,1,154,4
1,1,4,1000,0,405,3.2578,0.0151,0.3826,0.0194,0.9052,0.8827,0,1000,1000,1,0,4
1,1,4,1000,0,406,4.538,0.0533,0.1421,0.0179,0.8768,0.8547,0,1000,1000,1,0,4
1,1,4,1000,0,407,9.3786,0.0126,0.8343,0.0146,2.2406,1.3533,1,1000,1000,1,278,4
1,1,4,1000,0,408,2.8644,0.0126,0.8343,0.0179,0.8636,0.8432,0,1000,1000,1,0,4
1,1,4,1000,0,409,8.4566,0.0394,0.0926,0.0245,0.907,0.8795,0,1000,1000,1,0,4
1,1,4,1000,0,410,9.121,0.0149,0.7755,0.0141,1.8938,1.0663,1,1000,1000,1,241,4
1,1,4,1000,0,411,7.738,0.0431,0.1947,0.0255,0.9524,0.9236,0,1000,1000,1,0,4
1,1,4,1000,0,412,4.1095,0.0189,0.255,0.0133,1.2843,0.9768,1,1000,1000,1,130,4
1,1,4,1000,0,413,3.8496,0.0189,0.255,0.0484,0.9703,0.9169,0,1000,1000,1,0,4
1,1,4,1000,0,414,4.3142,0.0403,0.0984,0.0192,0.9684,0.9453,0,1000,1000,1,0,4
1,1,4,1000,0,415,4.5126,0.0403,0.0984,0.0243,1.1135,1.0859,0,1000,1000,1,0,4
1,1,4,1000,0,416,8.3051,0.0128,0.1868,0.0127,1.2875,1.0537,1,1000,1000,1,120,4
1,1,4,1000,0,417,3.8478,0.0441,0.0829,0.0242,0.8742,0.8464,0,1000,1000,1,0,4
1,1,4,1000,0,418,4.2012,0.0441,0.0829,0.0224,0.8703,0.8444,0,1000,1000,1,0,4
1,1,4,1000,0,419,4.7206,0.0133,0.7372,0.0123,1.7712,0.9835,1,1000,1000,1,329,4
1,1,4,1000,0,420,3.4698,0.0133,0.7372,0.0221,0.9947,0.9694,0,1000,1000,1,0,4
1,1,4,1000,0,421,4.2764,0.0352,0.111,0.0222,0.9009,0.8734,0,1000,1000,1,0,4
1,1,4,1000,0,422,3.9932,0.0352,0.111,0.0193,0.8647,0.8426,0,1000,1000,1,0,4
1,1,4,1000,0,423,4.7944,0.0146,0.73,0.0138,1.6542,0.8712,1,1000,1000,1,164,4
1,1,4,1000,0,424,3.5697,0.0146,0.73,0.017,0.8565,0.8369,0,1000,1000,1,0,4
1,1,4,1000,0,425,4.1644,0.0487,0.0651,0.0206,0.846,0.8226,0,1000,1000,1,0,4
1,1,4,1000,0,426,4.1363,0.0487,0.0651,0.0205,0.9186,0.8944,0,1000,1000,1,0,4
1,1,4,1000,0,427,4.9316,0.0148,0.294,0.0137,1.4789,1.1326,1,1000,1000,1,139,4
1,1,4,1000,0,428,7.625,0.0416,0.0461,0.0251,0.9155,0.8866,0,1000,1000,1,0,4
1,1,4,1000,0,429,8.7573,0.0127,0.3674,0.0133,1.3944,0.9719,1,1000,1000,1,95,4
1,1,4,1000,0,430,3.807,0.0127,0.3674,0.0239,0.9262,0.8991,0,1000,1000,1,0,4
1,1,4,1000,0,431,4.766,0.0462,0.5641,0.0231,0.9288,0.902,0,1000,1000,1,0,4
1,1,4,1000,0,432,3.4566,0.0462,0.5641,0.0168,0.8887,0.867,0,1000,1000,1,0,4
1,1,4,1000,0,433,4.6198,0.014,0.2786,0.0147,1.2225,0.8818,1,1000,1000,1,82,4
1,1,4,1000,0,434,3.6555,0.014,0.2786,0.0225,0.9255,0.8999,0,1000,1000,1,0,4
1,1,4,1000,0,435,4.4792,0.0418,0.0954,0.0222,0.9392,0.9132,0,1000,1000,1,0,4
1,1,4,1000,0,436,8.5647,0.0148,0.1867,0.0141,1.3646,1.0558,1,1000,1000,1,50,4
1,1,4,1000,0,437,3.6411,0.0148,0.1867,0.0174,0.9176,0.8971,0,1000,1000,1,0,4
1,1,4,1000,0,438,4.5472,0.044,0.2029,0.023,0.9662,0.9397,0,1000,1000,1,0,4
1,1,4,1000,0,439,3.6505,0.044,0.2029,0.0191,0.8617,0.8393,0,1000,1000,1,0,4
1,1,4,1000,0,440,4.6388,0.0167,0.2508,0.0138,1.2711,0.9661,1,1000,1000,1,43,4
1,1,4,1000,0,441,4.0331,0.0167,0.2508,0.0276,1.2145,1.1832,0,1000,1000,1,0,4
1,1,4,1000,0,442,4.0764,0.0508,0.0608,0.0185,0.8592,0.8374,0,1000,1000,1,0,4
1,1,4,1000,0,443,4.0524,0.0508,0.0608,0.0265,0.8534,0.8241,0,1000,1000,1,0,4
1,1,4,1000,0,444,4.5374,0.0148,0.1474,0.0137,1.2537,1.051,1,1000,1000,1,46,4
1,1,4,1000,0,445,3.7902,0.0148,0.1474,0.0164,0.8866,0.8673,0,1000,1000,1,0,4
1,1,4,1000,0,446,4.4571,0.0467,0.2335,0.02,0.8855,0.8621,0,1000,1000,1,0,4
1,1,4,1000,0,447,3.774,0.0467,0.2335,0.0184,0.8457,0.8245,0,1000,1000,1,0,4
1,1,4,1000,0,448,4.6714,0.0152,0.1543,0.0137,1.2713,1.0644,1,1000,1000,1,42,4
1,1,4,1000,0,449,3.6393,0.0152,0.1543,0.0179,0.807,0.7862,0,1000,1000,1,0,4
1,1,4,1000,0,450,4.9515,0.0605,0.3654,0.0218,1.0328,1.0071,0,1000,1000,1,0,4
1,1,4,1000,0,451,3.4093,0.0605,0.3654,0.0184,0.8152,0.794,0,1000,1000,1,0,4
1,1,4,1000,0,452,5.7304,0.0211,0.1436,0.0158,2.2992,2.0874,1,1000,1000,1,27,4
1,1,4,1000,0,453,2.7586,0.0211,0.1436,0.0158,0.8421,0.8236,0,1000,1000,1,0,4
1,1,4,1000,0,454,4.3525,0.0664,0.0987,0.0223,0.9497,0.9234,0,1000,1000,1,0,4
1,1,4,1000,0,455,3.7719,0.0664,0.0987,0.0221,0.8626,0.8364,0,1000,1000,1,0,4
1,1,4,1000,0,456,4.5088,0.0131,0.1781,0.014,1.1429,0.9124,1,1000,1000,1,32,4
1,1,4,1000,0,457,3.9013,0.0131,0.1781,0.02,0.8621,0.8393,0,1000,1000,1,0,4
1,1,4,1000,0,458,8.5309,0.0555,0.0546,0.0196,0.8611,0.8374,0,1000,1000,1,0,4
1,1,4,1000,0,459,4.5171,0.014,0.1017,0.0135,1.261,1.1071,1,1000,1000,1,13,4
1,1,4,1000,0,460,3.6734,0.014,0.1017,0.0177,0.8816,0.8611,0,1000,1000,1,0,4
1,1,4,1000,0,461,8.5732,0.0554,0.0437,0.0242,0.9482,0.9198,0,1000,1000,1,0,4
1,1,4,1000,0,462,8.627,0.0131,0.1235,0.0133,1.2223,1.0412,1,1000,1000,1,18,4
1,1,4,1000,0,463,3.9834,0.0528,0.1139,0.0242,0.925,0.8976,0,1000,1000,1,0,4
1,1,4,1000,0,464,3.8557,0.0528,0.1139,0.0207,0.9398,0.9156,0,1000,1000,1,0,4
1,1,4,1000,0,465,4.9094,0.0115,0.1544,0.0135,1.6212,1.4173,1,1000,1000,1,26,4
1,1,4,1000,0,466,3.2615,0.0115,0.1544,0.0175,0.8381,0.8184,0,1000,1000,1,0,4
1,1,4,1000,0,467,4.5091,0.0532,0.1256,0.0244,0.9143,0.8865,0,1000,1000,1,0,4
1,1,4,1000,0,468,3.9252,0.0532,0.1256,0.0213,0.9054,0.8812,0,1000,1000,1,0,4
1,1,4,1000,0,469,4.6456,0.0123,0.1138,0.0137,1.299,1.1346,1,1000,1000,1,18,4
1,1,4,1000,0,470,3.6184,0.0123,0.1138,0.0203,0.8611,0.8382,0,1000,1000,1,0,4
1,1,4,1000,0,471,4.2968,0.0644,0.0575,0.0237,0.8914,0.8644,0,1000,1000,1,0,4
1,1,4,1000,0,472,4.4449,0.0644,0.0575,0.0211,0.86,0.8355,0,1000,1000,1,0,4
1,1,4,1000,0,473,4.247,0.0125,0.1234,0.013,1.2355,1.0577,1,1000,1000,1,23,4
1,1,4,1000,0,474,3.9234,0.0125,0.1234,0.0175,0.8772,0.8564,0,1000,1000,1,0,4
1,1,4,1000,0,475,8.6538,0.047,0.3039,0.0198,0.893,0.8688,0,1000,1000,1,0,4
1,1,4,1000,0,476,8.4824,0.0153,0.1613,0.0136,1.1918,0.9781,1,1000,1000,1,8,4
1,1,4,1000,0,477,4.1526,0.0583,0.1246,0.0205,0.8877,0.8639,0,1000,1000,1,0,4
1,1,4,1000,0,478,3.7234,0.0583,0.1246,0.0193,0.9667,0.9438,0,1000,1000,1,0,4
1,1,4,1000,0,479,4.8423,0.0168,0.1261,0.0132,1.1854,1.0035,1,1000,1000,1,14,4
1,1,4,1000,0,480,3.2805,0.0168,0.1261,0.0191,0.8203,0.7982,0,1000,1000,1,0,4
1,1,4,1000,0,481,8.8658,0.0494,0.1006,0.0291,1.0017,0.9695,0,1000,1000,1,0,4
1,1,4,1000,0,482,4.5313,0.0143,0.1388,0.014,1.6782,1.4872,1,1000,1000,1,10,4
1,1,4,1000,0,483,8.1362,0.059,0.0397,0.0284,0.9821,0.95,0,1000,1000,1,0,4
1,1,4,1000,0,484,8.4193,0.013,0.1046,0.0136,1.1885,1.034,1,1000,1000,1,17,4
1,1,4,1000,0,485,8.3321,0.0318,0.0869,0.0285,1.0293,0.9962,0,1000,1000,1,0,4
1,1,4,1000,0,486,3.5465,0.0318,0.0869,0.024,0.9643,0.937,0,1000,1000,1,0,4
1,1,4,1000,0,487,4.4448,0.0143,0.0826,0.0128,1.236,1.1014,1,1000,1000,1,8,4
1,1,4,1000,0,488,4.0623,0.0143,0.0826,0.0182,0.8418,0.8205,0,1000,1000,1,0,4
1,1,4,1000,0,489,3.9395,0.0452,0.0682,0.0209,0.8264,0.8017,0,1000,1000,1,0,4
1,1,4,1000,0,490,4.2067,0.0452,0.0682,0.0219,0.8892,0.864,0,1000,1000,1,0,4
1,1,4,1000,0,491,4.6039,0.0126,0.1394,0.0146,1.3695,1.1576,1,1000,1000,1,6,4
1,1,4,1000,0,492,3.6112,0.0126,0.1394,0.0213,0.9102,0.886,0,1000,1000,1,0,4
1,1,4,1000,0,493,4.5362,0.049,0.0751,0.02,0.9268,0.9033,0,1000,1000,1,0,4
1,1,4,1000,0,494,3.6709,0.049,0.0751,0.0164,0.8553,0.8357,0,1000,1000,1,0,4
1,1,4,1000,0,495,5.4993,0.0288,0.0949,0.0143,1.8991,1.7242,1,1000,1000,1,5,4
1,1,4,1000,0,496,2.8966,0.0288,0.0949,0.0181,0.8601,0.8375,0,1000,1000,1,0,4
1,1,4,1000,0,497,8.6035,0.0457,0.0657,0.0175,0.9508,0.9297,0,1000,1000,1,0,4
1,1,4,1000,0,498,4.4382,0.0142,0.0875,0.0141,1.3075,1.1657,1,1000,1000,1,3,4
1,1,4,1000,0,499,8.4214,0.0455,0.1149,0.0236,1.1365,1.1086,0,1000,1000,1,0,4
1,1,4,1000,0,500,8.1933,0.0145,0.1037,0.0142,1.1589,0.9983,1,1000,1000,1,4,4
1,1,4,1000,0,501,8.5072,0.1325,0.0052,0.0192,0.9756,0.9521,0,1000,1000,1,0,4
1,1,4,1000,0,502,3.9113,0.1325,0.0052,0.0207,0.9135,0.89,0,1000,1000,1,0,4
1,1,4,1000,0,503,8.5983,0.0135,0.0703,0.0131,1.1908,1.0717,1,1000,1000,1,7,4
1,1,4,1000,0,504,3.9443,0.0466,0.0871,0.0229,0.9269,0.9003,0,1000,1000,1,0,4
1,1,4,1000,0,505,8.3897,0.0156,0.0754,0.0196,1.2718,1.1337,1,1000,1000,1,6,4
1,1,4,1000,0,506,8.9113,0.0957,0.1596,0.0329,1.2976,1.2591,0,1000,1000,1,0,4
1,1,4,1000,0,507,3.1825,0.0957,0.1596,0.0217,0.931,0.9055,0,1000,1000,1,0,4
1,1,4,1000,0,508,4.5275,0.0146,0.0911,0.0192,1.0611,0.9114,1,1000,1000,1,6,4
1,1,4,1000,0,509,8.3859,0.0668,0.1532,0.021,0.875,0.8504,0,1000,1000,1,0,4
1,1,4,1000,0,510,3.7078,0.0668,0.1532,0.0193,0.9599,0.9371,0,1000,1000,1,0,4
1,1,4,1000,0,511,4.2792,0.0137,0.1101,0.014,1.0912,0.9305,1,1000,1000,1,7,4
1,1,4,1000,0,512,4.026,0.0137,0.1101,0.0245,0.903,0.8752,0,1000,1000,1,0,4
1,1,4,1000,0,513,4.6451,0.0453,0.0961,0.0226,1.1566,1.1273,0,1000,1000,1,0,4
1,1,4,1000,0,514,3.8724,0.0453,0.0961,0.0235,0.9276,0.9012,0,1000,1000,1,0,4
1,1,4,1000,0,515,4.1674,0.0151,0.0729,0.0134,1.0927,0.9657,1,1000,1000,1,4,4
1,1,4,1000,0,516,4.1034,0.0151,0.0729,0.0198,0.9574,0.9339,0,1000,1000,1,0,4
1,1,4,1000,0,517,4.2394,0.0386,0.0898,0.019,0.876,0.8536,0,1000,1000,1,0,4
1,1,4,1000,0,518,4.2366,0.0386,0.0898,0.0219,0.9005,0.8753,0,1000,1000,1,0,4
1,1,4,1000,0,519,4.7352,0.0244,0.0727,0.0123,1.0809,0.9483,1,1000,1000,1,4,4
1,1,4,1000,0,520,7.9689,0.0442,0.0653,0.0251,0.9036,0.8749,0,1000,1000,1,0,4
1,1,4,1000,0,521,8.3521,0.0147,0.1407,0.0129,1.0793,0.8859,1,1000,1000,1,4,4
1,1,4,1000,0,522,8.6045,0.0429,0.0908,0.0289,1.2602,1.2264,0,1000,1000,1,0,4
1,1,4,1000,0,523,8.0321,0.0141,0.0799,0.0142,1.0866,0.9397,1,1000,1000,1,5,4
1,1,4,1000,0,524,8.3459,0.0561,0.0971,0.0326,1.0249,0.9877,0,1000,1000,1,0,4
1,1,4,1000,0,525,8.3292,0.0154,0.0823,0.0707,1.1957,0.9964,1,1000,1000,1,4,4
1,1,4,1000,0,526,8.0254,0.0423,0.0693,0.0201,0.9037,0.8796,0,1000,1000,1,0,4
1,1,4,1000,0,527,8.3021,0.0151,0.0924,0.018,1.01,0.8625,1,1000,1000,1,4,4
1,1,4,1000,0,528,8.6297,0.0487,0.1021,0.0194,1.0829,1.0593,0,1000,1000,1,0,4
1,1,4,1000,0,529,8.2282,0.0128,0.0682,0.0142,1.0118,0.8916,1,1000,1000,1,3,4
1,1,4,1000,0,530,8.5088,0.0451,0.1134,0.0239,0.9167,0.8894,0,1000,1000,1,0,4
1,1,4,1000,0,531,8.3616,0.0194,0.0737,0.0148,1.2574,1.1243,1,1000,1000,1,6,4
1,1,4,1000,0,532,8.5617,0.0515,0.2628,0.026,1.0036,0.974,0,1000,1000,1,0,4
1,1,4,1000,0,533,8.1408,0.0157,0.0956,0.0146,1.123,0.96,1,1000,1000,1,6,4
1,1,4,1000,0,534,8.4125,0.0514,0.108,0.0214,1.046,1.0193,0,1000,1000,1,0,4
1,1,4,1000,0,535,8.1593,0.0144,0.0944,0.0141,1.2805,1.1314,1,1000,1000,1,2,4
1,1,4,1000,0,536,8.5214,0.0628,0.3448,0.0243,0.9916,0.9634,0,1000,1000,1,0,4
1,1,4,1000,0,537,8.0775,0.0134,0.0788,0.0131,1.0407,0.909,1,1000,1000,1,2,4
1,1,4,1000,0,538,8.3553,0.0521,0.193,0.0217,0.8919,0.8667,0,1000,1000,1,0,4
1,1,4,1000,0,539,8.2131,0.0128,0.1045,0.0142,1.0727,0.9165,1,1000,1000,1,6,4
1,1,4,1000,0,540,8.1999,0.0406,0.0608,0.0192,0.9097,0.8871,0,1000,1000,1,0,4
1,1,4,1000,0,541,8.3795,0.0126,0.0709,0.0149,1.0436,0.9244,1,1000,1000,1,3,4
1,1,4,1000,0,542,8.7904,0.0416,0.0701,0.0215,1.1665,1.1403,0,1000,1000,1,0,4
1,1,4,1000,0,543,8.3057,0.0227,0.0635,0.0133,1.0176,0.8945,1,1000,1000,1,1,4
1,1,4,1000,0,544,8.0707,0.042,0.1774,0.0203,0.9287,0.9045,0,1000,1000,1,0,4
1,1,4,1000,0,545,8.3908,0.0124,0.0808,0.0132,1.0507,0.9185,1,1000,1000,1,5,4
1,1,4,1000,0,546,8.6341,0.0579,0.2433,0.0201,0.9447,0.9212,0,1000,1000,1,0,4
1,1,4,1000,0,547,8.0013,0.0144,0.0783,0.0133,1.0794,0.9528,1,1000,1000,1,3,4
1,1,4,1000,0,548,8.6377,0.053,0.4666,0.026,0.9387,0.9094,0,1000,1000,1,0,4
1,1,4,1000,0,549,8.6732,0.0223,0.0849,0.0124,1.2685,1.1178,1,1000,1000,1,4,4
1,1,4,1000,0,550,7.5662,0.0376,0.0884,0.0254,0.9427,0.9134,0,1000,1000,1,0,4
2,0,27,1000,0,151,8.8204,0.05,0.7422,0.018,1.7245,0.8391,1,1000,1000,1,18,27
2,0,27,1000,0,152,7.5262,0,0,0.0636,1.0666,0.9877,0,1000,1000,1,0,27
2,0,27,1000,0,153,9.2349,0.0629,0.8118,0.0153,1.7482,0.8167,1,1000,1000,1,14,27
2,0,27,1000,0,154,7.458,0,0,0.044,0.8692,0.8194,0,1000,1000,1,0,27
2,0,27,1000,0,155,9.5791,0.0497,1.252,0.0129,2.319,0.9625,1,1000,1000,1,21,27
2,0,27,1000,0,156,6.9631,0,0,0.0376,0.8101,0.7675,0,1000,1000,1,0,27
2,0,27,1000,0,157,9.0377,0.0527,0.7575,0.0145,1.7503,0.8731,1,1000,1000,1,18,27
2,0,27,1000,0,158,8.1181,0,0,0.0631,0.8571,0.7882,0,1000,1000,1,0,27
2,0,27,1000,0,159,8.2844,0.055,0.7369,0.0137,1.6651,0.7807,1,1000,1000,1,10,27
2,0,27,1000,0,160,7.663,0,0,0.044,0.8473,0.7971,0,1000,1000,1,0,27
2,0,27,1000,0,161,9.7335,0.0779,1.1811,0.0137,2.2879,0.9731,1,1000,1000,1,19,27
2,0,27,1000,0,162,7.1136,0,0,0.0404,0.8521,0.8068,0,1000,1000,1,0,27
2,0,27,1000,0,163,9.5469,0.0741,1.013,0.0136,2.0708,0.9142,1,1000,1000,1,18,27
2,0,27,1000,0,164,7.221,0,0,0.0471,0.9442,0.8925,0,1000,1000,1,0,27
2,0,27,1000,0,165,8.8427,0.0417,0.6896,0.0133,1.5744,0.7867,1,1000,1000,1,17,27
2,0,27,1000,0,166,7.7275,0,0,0.0387,0.816,0.7713,0,1000,1000,1,0,27
2,0,27,1000,0,167,8.7377,0.0474,0.6428,0.0159,1.6321,0.8778,1,1000,1000,1,21,27
2,0,27,1000,0,168,7.9869,0,0,0.0545,0.9674,0.9066,0,1000,1000,1,0,27
2,0,27,1000,0,169,9.3644,0.0718,0.8765,0.0145,2.0487,1.0146,1,1000,1000,1,24,27
2,0,27,1000,0,170,7.4072,0,0,0.1056,1.082,0.9688,0,1000,1000,1,0,27
2,0,27,1000,0,171,4.8468,0.0441,0.7618,0.0136,1.9366,1.0529,1,1000,1000,1,18,27
2,0,27,1000,0,172,3.1363,0,0,0.0335,0.8063,0.7686,0,1000,1000,1,0,27
2,0,27,1000,0,173,4.6191,0,0,0.0635,0.9763,0.9079,0,1000,1000,1,0,27
2,0,27,1000,0,174,3.9023,0,0,0.0384,0.8534,0.8094,0,1000,1000,1,0,27
2,0,27,1000,0,175,4.8388,0.0417,0.7414,0.0145,1.6312,0.7857,1,1000,1000,1,26,27
2,0,27,1000,0,176,3.1575,0,0,0.0283,0.836,0.803,0,1000,1000,1,0,27
2,0,27,1000,0,177,4.1402,0,0,0.0318,0.7908,0.7545,0,1000,1000,1,0,27
2,0,27,1000,0,178,4.5555,0,0,0.0559,1.0146,0.953,0,1000,1000,1,0,27
2,0,27,1000,0,179,9.1282,0.0569,0.7527,0.0149,1.7777,0.9016,1,1000,1000,1,19,27
2,0,27,1000,0,180,7.7615,0,0,0.0405,1.0023,0.9502,0,1000,1000,1,0,27
2,0,27,1000,0,181,4.5419,0.0527,0.8754,0.0144,1.8042,0.8242,1,1000,1000,1,16,27
2,0,27,1000,0,182,3.1707,0,0,0.0338,0.7915,0.7537,0,1000,1000,1,0,27
2,0,27,1000,0,183,4.2044,0,0,0.0394,0.8124,0.7677,0,1000,1000,1,0,27
2,0,27,1000,0,184,4.321,0,0,0.0385,0.8458,0.8008,0,1000,1000,1,0,27
2,0,27,1000,0,185,5.3328,0.0583,0.8523,0.0137,1.829,0.8531,1,1000,1000,1,19,27
2,0,27,1000,0,186,3.35,0,0,0.0684,1.195,1.1186,0,1000,1000,1,0,27
2,0,27,1000,0,187,4.2036,0,0,0.0695,1.088,1.0121,0,1000,1000,1,0,27
2,0,27,1000,0,188,3.7765,0,0,0.037,0.839,0.7964,0,1000,1000,1,0,27
2,0,27,1000,0,189,9.6283,0.059,1.0359,0.0142,2.0572,0.8858,1,1000,1000,1,25,27
2,0,27,1000,0,190,2.6848,0,0,0.0301,0.7961,0.7617,0,1000,1000,1,0,27
2,0,27,1000,0,191,4.5587,0,0,0.0464,0.9316,0.8789,0,1000,1000,1,0,27
2,0,27,1000,0,192,4.8861,0.0468,0.8727,0.0147,1.8939,0.9106,1,1000,1000,1,27,27
2,0,27,1000,0,193,3.0721,0,0,0.0306,0.7966,0.762,0,1000,1000,1,0,27
2,0,27,1000,0,194,4.1572,0,0,0.0321,0.8677,0.8307,0,1000,1000,1,0,27
2,0,27,1000,0,195,4.3889,0,0,0.0526,0.914,0.8565,0,1000,1000,1,0,27
2,0,27,1000,0,196,5.013,0.0579,0.8885,0.0154,1.8984,0.8726,1,1000,1000,1,23,27
2,0,27,1000,0,197,7.9672,0,0,0.0567,1.0274,0.9633,0,1000,1000,1,0,27
2,0,27,1000,0,198,9.3795,0.1035,1.0436,0.0149,2.0822,0.8637,1,1000,1000,1,18,27
2,0,27,1000,0,199,7.1246,0,0,0.0532,0.9798,0.9207,0,1000,1000,1,0,27
2,0,27,1000,0,200,9.3396,0.0527,1.0456,0.0136,1.9693,0.8152,1,1000,1000,1,27,27
2,0,27,1000,0,201,6.914,0,0,0.0474,0.8637,0.8122,0,1000,1000,1,0,27
2,0,27,1000,0,202,10.0581,0.0403,1.0642,0.0141,2.0432,0.8621,1,1000,1000,1,25,27
2,0,27,1000,0,203,6.4615,0,0,0.0257,0.8007,0.7711,0,1000,1000,1,0,27
2,0,27,1000,0,204,10.0642,0.1736,0.7755,0.0146,2.0235,1.0063,1,1000,1000,1,28,27
2,0,27,1000,0,205,7.1665,0,0,0.0563,1.0375,0.9684,0,1000,1000,1,0,27
2,0,27,1000,0,206,9.4783,0.0316,1.0837,0.0159,2.0805,0.8942,1,1000,1000,1,26,27
2,0,27,1000,0,207,2.4857,0,0,0.0377,0.8063,0.7643,0,1000,1000,1,0,27
2,0,27,1000,0,208,4.1737,0,0,0.0388,0.8434,0.7999,0,1000,1000,1,0,27
2,0,27,1000,0,209,4.5977,0,0,0.0348,0.8636,0.8215,0,1000,1000,1,0,27
2,0,27,1000,0,210,4.9611,0.054,0.9647,0.0133,2.0959,1.0133,1,1000,1000,1,26,27
2,0,27,1000,0,211,2.7872,0,0,0.0289,0.7985,0.7657,0,1000,1000,1,0,27
2,0,27,1000,0,212,4.3581,0,0,0.0495,0.8796,0.8256,0,1000,1000,1,0,27
2,0,27,1000,0,213,4.3699,0,0,0.044,0.8789,0.8293,0,1000,1000,1,0,27
2,0,27,1000,0,214,4.9427,0.0478,0.9059,0.0146,1.8626,0.8404,1,1000,1000,1,26,27
2,0,27,1000,0,215,3.0228,0,0,0.0362,0.7999,0.7588,0,1000,1000,1,0,27
2,0,27,1000,0,216,4.3414,0,0,0.0471,0.8772,0.8247,0,1000,1000,1,0,27
2,0,27,1000,0,217,4.924,0,0,0.1238,1.1457,1.0147,0,1000,1000,1,0,27
2,0,27,1000,0,218,4.6554,0.0554,0.9405,0.0146,1.9862,0.9346,1,1000,1000,1,29,27
2,0,27,1000,0,219,2.8566,0,0,0.0356,0.8303,0.7905,0,1000,1000,1,0,27
2,0,27,1000,0,220,4.197,0,0,0.0444,0.8626,0.8134,0,1000,1000,1,0,27
2,0,27,1000,0,221,4.2968,0,0,0.0448,0.8571,0.8062,0,1000,1000,1,0,27
2,0,27,1000,0,222,9.5525,0.0661,0.9212,0.0145,2.0397,0.9838,1,1000,1000,1,31,27
2,0,27,1000,0,223,7.4597,0,0,0.0373,0.9043,0.8619,0,1000,1000,1,0,27
2,0,27,1000,0,224,9.3136,0.0802,1.1391,0.0141,2.1146,0.8301,1,1000,1000,1,22,27
2,0,27,1000,0,225,7.543,0,0,0.0661,0.9868,0.9155,0,1000,1000,1,0,27
2,0,27,1000,0,226,9.5744,0.0562,1.3442,0.0132,2.5825,1.1147,1,1000,1000,1,22,27
2,0,27,1000,0,227,6.763,0,0,0.066,0.9639,0.8913,0,1000,1000,1,0,27
2,0,27,1000,0,228,9.9051,0.0466,1.0682,0.0152,2.0331,0.8575,1,1000,1000,1,24,27
2,0,27,1000,0,229,7.0573,0,0,0.059,0.9563,0.8921,0,1000,1000,1,0,27
2,0,27,1000,0,230,9.3649,0.0935,1.1638,0.015,2.1462,0.8279,1,1000,1000,1,21,27
2,0,27,1000,0,231,7.069,0,0,0.0523,1.0201,0.9621,0,1000,1000,1,0,27
2,0,27,1000,0,232,9.3874,0.0727,1.0397,0.0146,2.0251,0.8394,1,1000,1000,1,17,27
2,0,27,1000,0,233,7.2519,0,0,0.0532,0.9173,0.8599,0,1000,1000,1,0,27
2,0,27,1000,0,234,9.1391,0.0411,0.9642,0.0126,1.8792,0.8186,1,1000,1000,1,22,27
2,0,27,1000,0,235,7.8614,0,0,0.0494,0.8913,0.8375,0,1000,1000,1,0,27
2,0,27,1000,0,236,8.6998,0.0452,0.711,0.0133,1.7317,0.9127,1,1000,1000,1,24,27
2,0,27,1000,0,237,7.5812,0,0,0.0519,0.9796,0.9156,0,1000,1000,1,0,27
2,0,27,1000,0,238,9.1253,0.0504,1.0569,0.0176,2.0384,0.8577,1,1000,1000,1,19,27
2,0,27,1000,0,239,7.6763,0,0,0.0602,1.0225,0.9562,0,1000,1000,1,0,27
2,0,27,1000,0,240,9.1585,0.0499,1.0033,0.0165,2.1564,1.0236,1,1000,1000,1,20,27
2,0,27,1000,0,241,2.8442,0,0,0.0332,0.8308,0.7933,0,1000,1000,1,0,27
2,0,27,1000,0,242,4.3303,0,0,0.0365,0.8339,0.7918,0,1000,1000,1,0,27
2,0,27,1000,0,243,5.5725,0.0479,1.0542,0.0164,2.1541,0.9782,1,1000,1000,1,17,27
2,0,27,1000,0,244,6.86,0,0,0.0331,0.8273,0.7888,0,1000,1000,1,0,27
2,0,27,1000,0,245,4.4015,0,0,0.0518,0.9323,0.8737,0,1000,1000,1,0,27
2,0,27,1000,0,246,4.6284,0.0492,0.816,0.0145,1.751,0.8338,1,1000,1000,1,19,27
2,0,27,1000,0,247,3.42,0,0,0.0299,0.8999,0.8634,0,1000,1000,1,0,27
2,0,27,1000,0,248,4.1748,0,0,0.0383,0.8826,0.8403,0,1000,1000,1,0,27
2,0,27,1000,0,249,4.5005,0,0,0.0486,1.0689,1.0131,0,1000,1000,1,0,27
2,0,27,1000,0,250,9.2859,0.0478,1.1348,0.0158,2.2007,0.9538,1,1000,1000,1,16,27
2,0,27,1000,0,251,2.8595,0,0,0.0305,0.7992,0.7645,0,1000,1000,1,0,27
2,0,27,1000,0,252,9.3032,0.0431,0.6985,0.0175,1.6309,0.8282,1,1000,1000,1,10,27
2,0,27,1000,0,253,7.6121,0,0,0.0476,0.9121,0.8594,0,1000,1000,1,0,27
2,0,27,1000,0,254,9.8061,0.0562,0.8792,0.0153,2.0377,1.0354,1,1000,1000,1,16,27
2,0,27,1000,0,255,6.7548,0,0,0.033,0.8264,0.7891,0,1000,1000,1,0,27
2,0,27,1000,0,256,9.9793,0.0415,1.3381,0.0131,2.3555,0.9023,1,1000,1000,1,19,27
2,0,27,1000,0,257,2.3624,0,0,0.0369,0.814,0.7721,0,1000,1000,1,0,27
2,0,27,1000,0,258,4.5442,0,0,0.0531,0.9779,0.9191,0,1000,1000,1,0,27
2,0,27,1000,0,259,4.1192,0,0,0.0458,0.9051,0.8539,0,1000,1000,1,0,27
2,0,27,1000,0,260,5.1839,0.0522,1.0765,0.0161,2.1478,0.9496,1,1000,1000,1,12,27
2,0,27,1000,0,261,3.0607,0,0,0.0378,0.8427,0.8014,0,1000,1000,1,0,27
2,0,27,1000,0,262,8.4839,0,0,0.0438,0.9083,0.8581,0,1000,1000,1,0,27
2,0,27,1000,0,263,8.7553,0.0521,0.753,0.017,1.738,0.8542,1,1000,1000,1,10,27
2,0,27,1000,0,264,7.9587,0,0,0.0613,1.0462,0.9779,0,1000,1000,1,0,27
2,0,27,1000,0,265,5.0125,0.0432,0.9758,0.0151,2.0112,0.9192,1,1000,1000,1,8,27
2,0,27,1000,0,266,3.1156,0,0,0.0313,0.8475,0.8122,0,1000,1000,1,0,27
2,0,27,1000,0,267,3.8448,0,0,0.0397,0.8419,0.7977,0,1000,1000,1,0,27
2,0,27,1000,0,268,4.6082,0,0,0.0652,1.022,0.9501,0,1000,1000,1,0,27
2,0,27,1000,0,269,4.9983,0.0526,0.9691,0.0154,2.0645,0.9916,1,1000,1000,1,21,27
2,0,27,1000,0,270,2.9187,0,0,0.0314,0.7988,0.7628,0,1000,1000,1,0,27
2,0,27,1000,0,271,4.2109,0,0,0.033,0.8444,0.8063,0,1000,1000,1,0,27
2,0,27,1000,0,272,4.3929,0,0,0.0525,0.9491,0.891,0,1000,1000,1,0,27
2,0,27,1000,0,273,5.1282,0.0611,1.0722,0.0153,2.1027,0.9057,1,1000,1000,1,17,27
2,0,27,1000,0,274,2.9068,0,0,0.0237,0.8376,0.81,0,1000,1000,1,0,27
2,0,27,1000,0,275,4.2496,0,0,0.0419,0.9167,0.8688,0,1000,1000,1,0,27
2,0,27,1000,0,276,4.2411,0,0,0.0357,0.8158,0.7745,0,1000,1000,1,0,27
2,0,27,1000,0,277,9.2459,0.0455,0.9859,0.0142,1.9383,0.8529,1,1000,1000,1,10,27
2,0,27,1000,0,278,3.5629,0,0,0.0306,0.8324,0.7968,0,1000,1000,1,0,27
2,0,27,1000,0,279,4.0725,0,0,0.0341,0.8906,0.85,0,1000,1000,1,0,27
2,0,27,1000,0,280,4.9486,0.0639,0.7979,0.0142,1.9513,1.0291,1,1000,1000,1,11,27
2,0,27,1000,0,281,7.8297,0,0,0.0568,1.0192,0.9565,0,1000,1000,1,0,27
2,0,27,1000,0,282,9.8066,0.0811,1.0629,0.0146,2.1375,0.9072,1,1000,1000,1,13,27
2,0,27,1000,0,283,6.2218,0,0,0.0364,0.8752,0.8347,0,1000,1000,1,0,27
2,0,27,1000,0,284,9.9036,0.0443,0.8452,0.0154,1.9654,1.0155,1,1000,1000,1,6,27
2,0,27,1000,0,285,2.5835,0,0,0.0382,0.8482,0.8059,0,1000,1000,1,0,27
2,0,27,1000,0,286,4.6109,0,0,0.0626,1.0241,0.956,0,1000,1000,1,0,27
2,0,27,1000,0,287,5.1138,0,0,0.0587,0.9927,0.9242,0,1000,1000,1,0,27
2,0,27,1000,0,288,7.9805,0.0456,0.9581,0.0141,1.8652,0.8132,1,1000,1000,1,16,27
2,0,27,1000,0,289,3.2913,0,0,0.0353,0.8473,0.808,0,1000,1000,1,0,27
2,0,27,1000,0,290,4.6495,0,0,0.0338,1.1374,1.0965,0,1000,1000,1,0,27
2,0,27,1000,0,291,4.3981,0.045,0.7823,0.0146,1.7288,0.8417,1,1000,1000,1,20,27
2,0,27,1000,0,292,7.6993,0,0,0.0442,0.8959,0.8471,0,1000,1000,1,0,27
2,0,27,1000,0,293,4.3879,0,0,0.0413,1.0335,0.9816,0,1000,1000,1,0,27
2,0,27,1000,0,294,9.6067,0.0573,1.1513,0.0135,2.1881,0.9152,1,1000,1000,1,10,27
2,0,27,1000,0,295,7.6703,0,0,0.0455,1.0113,0.953,0,1000,1000,1,0,27
2,0,27,1000,0,296,4.6269,0.0786,1.2988,0.0146,2.3451,0.9182,1,1000,1000,1,5,27
2,0,27,1000,0,297,2.8452,0,0,0.0291,0.8536,0.8194,0,1000,1000,1,0,27
2,0,27,1000,0,298,4.1848,0,0,0.0381,0.8468,0.804,0,1000,1000,1,0,27
2,0,27,1000,0,299,4.5942,0,0,0.0572,1.3456,1.2725,0,1000,1000,1,0,27
2,0,27,1000,0,300,5.6574,0.1216,1.3885,0.0201,2.6989,1.1167,1,1000,1000,1,11,27
2,0,27,1000,0,301,7.131,0,0,0.0627,1.2254,1.1535,0,1000,1000,1,0,27
2,0,27,1000,0,302,10.2287,0.0778,1.4123,0.0197,2.5276,0.9753,1,1000,1000,1,10,27
2,0,27,1000,0,303,6.2246,0,0,0.0546,1.2066,1.1455,0,1000,1000,1,0,27
2,0,27,1000,0,304,10.6979,0.0527,1.1704,0.0156,2.6131,1.3214,1,1000,1000,1,21,27
2,0,27,1000,0,305,5.4931,0,0,0.0331,0.8642,0.8272,0,1000,1000,1,0,27
2,0,27,1000,0,306,10.0668,0.0305,1.1652,0.016,2.2634,0.9865,1,1000,1000,1,9,27
2,0,27,1000,0,307,6.7888,0,0,0.066,1.0286,0.9556,0,1000,1000,1,0,27
2,0,27,1000,0,308,10.2683,0.0442,1.2927,0.0135,2.3074,0.9011,1,1000,1000,1,11,27
2,0,27,1000,0,309,6.3351,0,0,0.0423,0.8806,0.8339,0,1000,1000,1,0,27
2,0,27,1000,0,310,4.4564,0,0,0.0447,0.9229,0.8719,0,1000,1000,1,0,27
2,0,27,1000,0,311,9.2811,0.0522,1.1752,0.0135,2.1842,0.8888,1,1000,1000,1,9,27
2,0,27,1000,0,312,7.4669,0,0,0.0512,0.9628,0.9054,0,1000,1000,1,0,27
2,0,27,1000,0,313,4.778,0.0497,0.9586,0.0181,2.0122,0.9343,1,1000,1000,1,9,27
2,0,27,1000,0,314,7.3369,0,0,0.0393,0.8738,0.8297,0,1000,1000,1,0,27
2,0,27,1000,0,315,10.0288,0.0451,1.1407,0.0137,2.1964,0.9463,1,1000,1000,1,14,27
2,0,27,1000,0,316,6.6818,0,0,0.0519,0.9634,0.9054,0,1000,1000,1,0,27
2,0,27,1000,0,317,4.6318,0,0,0.0534,1.0011,0.9405,0,1000,1000,1,0,27
2,0,27,1000,0,318,4.7678,0.056,0.9658,0.0141,1.9906,0.9057,1,1000,1000,1,17,27
2,0,27,1000,0,319,3.1212,0,0,0.0381,0.9326,0.8904,0,1000,1000,1,0,27
2,0,27,1000,0,320,3.9914,0,0,0.0391,0.8653,0.8215,0,1000,1000,1,0,27
2,0,27,1000,0,321,4.4972,0,0,0.0424,0.9458,0.8982,0,1000,1000,1,0,27
2,0,27,1000,0,322,4.5894,0.0523,0.7138,0.0152,1.6338,0.8138,1,1000,1000,1,2,27
2,0,27,1000,0,323,3.2113,0,0,0.0345,0.8521,0.8134,0,1000,1000,1,0,27
2,0,27,1000,0,324,4.4973,0,0,0.0586,0.97,0.9044,0,1000,1000,1,0,27
2,0,27,1000,0,325,4.6835,0,0,0.0418,0.8735,0.826,0,1000,1000,1,0,27
2,0,27,1000,0,326,4.4592,0.0486,0.937,0.0161,2.0261,0.9779,1,1000,1000,1,18,27
2,0,27,1000,0,327,3.0289,0,0,0.0306,0.8914,0.856,0,1000,1000,1,0,27
2,0,27,1000,0,328,3.9961,0,0,0.0309,0.7858,0.7487,0,1000,1000,1,0,27
2,0,27,1000,0,329,4.8282,0,0,0.0526,1.0231,0.9621,0,1000,1000,1,0,27
2,0,27,1000,0,330,5.4157,0.084,1.5792,0.0131,2.6698,0.9547,1,1000,1000,1,105,27
2,0,27,1000,0,331,2.7449,0,0,0.0355,0.8799,0.8402,0,1000,1000,1,0,27
2,0,27,1000,0,332,8.9447,0,0,0.0507,1.0033,0.944,0,1000,1000,1,0,27
2,0,27,1000,0,333,8.9332,0.0508,1.2488,0.0133,2.3179,0.9661,1,1000,1000,1,66,27
2,0,27,1000,0,334,7.3167,0,0,0.0457,1.0808,1.0207,0,1000,1000,1,0,27
2,0,27,1000,0,335,5.354,0.0739,1.2045,0.0183,2.2956,0.9494,1,1000,1000,1,26,27
2,0,27,1000,0,336,6.9388,0,0,0.0679,0.963,0.8899,0,1000,1000,1,0,27
2,0,27,1000,0,337,4.1208,0,0,0.0543,0.9591,0.8971,0,1000,1000,1,0,27
2,0,27,1000,0,338,5.7138,0.0493,1.6908,0.0128,2.7117,0.9244,1,1000,1000,1,184,27
2,0,27,1000,0,339,2.5904,0,0,0.0557,0.9737,0.9125,0,1000,1000,1,0,27
2,0,27,1000,0,340,8.7435,0,0,0.0762,1.0292,0.946,0,1000,1000,1,0,27
2,0,27,1000,0,341,5.7513,0.0539,1.4855,0.015,2.6716,1.0745,1,1000,1000,1,117,27
2,0,27,1000,0,342,1.8139,0,0,0.0193,0.811,0.7875,0,1000,1000,1,0,27
2,0,27,1000,0,343,4.3012,0,0,0.0328,0.8629,0.8254,0,1000,1000,1,0,27
2,0,27,1000,0,344,4.4694,0,0,0.0472,0.9477,0.8957,0,1000,1000,1,0,27
2,0,27,1000,0,345,5.3202,0.0612,1.3083,0.0133,2.3394,0.92,1,1000,1000,1,103,27
2,0,27,1000,0,346,2.5746,0,0,0.0289,0.8333,0.8011,0,1000,1000,1,0,27
2,0,27,1000,0,347,4.1971,0,0,0.0313,0.8657,0.8294,0,1000,1000,1,0,27
2,0,27,1000,0,348,4.3966,0,0,0.0374,0.892,0.8497,0,1000,1000,1,0,27
2,0,27,1000,0,349,5.5633,0.0552,1.3385,0.0137,2.4098,0.9596,1,1000,1000,1,78,27
2,0,27,1000,0,350,2.6148,0,0,0.029,0.9236,0.89,0,1000,1000,1,0,27
2,0,27,1000,0,351,4.2121,0,0,0.0455,0.8603,0.8098,0,1000,1000,1,0,27
2,0,27,1000,0,352,4.5085,0,0,0.057,1.0099,0.9472,0,1000,1000,1,0,27
2,0,27,1000,0,353,5.823,0.0559,1.8014,0.0123,2.7756,0.8696,1,1000,1000,1,198,27
2,0,27,1000,0,354,2.0995,0,0,0.0315,0.8254,0.7899,0,1000,1000,1,0,27
2,0,27,1000,0,355,4.0373,0,0,0.0325,0.8314,0.7942,0,1000,1000,1,0,27
2,0,27,1000,0,356,4.5472,0,0,0.0584,0.9604,0.8965,0,1000,1000,1,0,27
2,0,27,1000,0,357,6.1839,0.051,1.7962,0.0131,3.133,1.2315,1,1000,1000,1,175,27
2,0,27,1000,0,358,6.2091,0,0,0.0442,0.9457,0.8964,0,1000,1000,1,0,27
2,0,27,1000,0,359,10.6662,0.0372,2.004,0.0142,3.096,1.0032,1,1000,1000,1,98,27
2,0,27,1000,0,360,1.9597,0,0,0.0332,0.8424,0.8054,0,1000,1000,1,0,27
2,0,27,1000,0,361,3.992,0,0,0.0448,0.8758,0.8266,0,1000,1000,1,0,27
2,0,27,1000,0,362,4.7853,0,0,0.1497,1.1825,1.0239,0,1000,1000,1,0,27
2,0,27,1000,0,363,5.1138,0.0448,1.3771,0.0123,2.3051,0.836,1,1000,1000,1,98,27
2,0,27,1000,0,364,6.954,0,0,0.044,0.9516,0.9039,0,1000,1000,1,0,27
2,0,27,1000,0,365,10.6867,0.0398,2.0769,0.0141,3.0579,0.8895,1,1000,1000,1,333,27
2,0,27,1000,0,366,5.8867,0,0,0.0416,0.9294,0.884,0,1000,1000,1,0,27
2,0,27,1000,0,367,5.5503,0,0,0.0442,1.108,1.0554,0,1000,1000,1,0,27
2,0,27,1000,0,368,5.5115,0.047,2.51,0.014,3.7597,1.1494,1,1000,1000,1,132,27
2,0,27,1000,0,369,1.9029,0,0,0.0308,0.8601,0.8247,0,1000,1000,1,0,27
2,0,27,1000,0,370,3.5736,0,0,0.0316,0.873,0.8375,0,1000,1000,1,0,27
2,0,27,1000,0,371,5.1956,0,0,0.0518,1.302,1.2449,0,1000,1000,1,0,27
2,0,27,1000,0,372,9.415,0.0525,1.8499,0.0137,2.9167,0.9587,1,1000,1000,1,110,27
2,0,27,1000,0,373,6.7467,0,0,0.0338,0.9059,0.8667,0,1000,1000,1,0,27
2,0,27,1000,0,374,10.7477,0.053,2.7238,0.0128,3.6856,0.8651,1,1000,1000,1,293,27
2,0,27,1000,0,375,5.8055,0,0,0.0428,0.9402,0.8919,0,1000,1000,1,0,27
2,0,27,1000,0,376,10.4193,0.0492,2.3188,0.0135,3.3337,0.8987,1,1000,1000,1,187,27
2,0,27,1000,0,377,6.2842,0,0,0.0391,0.8906,0.847,0,1000,1000,1,0,27
2,0,27,1000,0,378,10.6998,0.0534,2.3126,0.0387,3.5937,1.1333,1,1000,1000,1,131,27
2,0,27,1000,0,379,6.831,0,0,0.0943,1.1241,1.025,0,1000,1000,1,0,27
2,0,27,1000,0,380,9.4137,0.0518,1.8354,0.0143,3.1129,1.1671,1,1000,1000,1,123,27
2,0,27,1000,0,381,1.972,0,0,0.0209,0.8623,0.8371,0,1000,1000,1,0,27
2,0,27,1000,0,382,4.4174,0,0,0.0417,0.9118,0.8641,0,1000,1000,1,0,27
2,0,27,1000,0,383,6.1162,0.0599,2.1068,0.0129,3.0891,0.8717,1,1000,1000,1,288,27
2,0,27,1000,0,384,5.9744,0,0,0.0343,0.896,0.8568,0,1000,1000,1,0,27
2,0,27,1000,0,385,4.454,0,0,0.0345,0.9315,0.89,0,1000,1000,1,0,27
2,0,27,1000,0,386,6.2389,0.0506,1.9322,0.0137,3.0315,0.999,1,1000,1000,1,164,27
2,0,27,1000,0,387,5.8758,0,0,0.0306,0.8683,0.8331,0,1000,1000,1,0,27
2,0,27,1000,0,388,10.5468,0.036,1.6429,0.0139,2.788,1.0565,1,1000,1000,1,143,27
2,0,27,1000,0,389,1.8811,0,0,0.0175,0.8139,0.7926,0,1000,1000,1,0,27
2,0,27,1000,0,390,4.5401,0,0,0.0438,0.905,0.8561,0,1000,1000,1,0,27
2,0,27,1000,0,391,4.1019,0,0,0.0453,0.9046,0.853,0,1000,1000,1,0,27
2,0,27,1000,0,392,6.8484,0.0614,2.7811,0.0133,3.8613,0.9721,1,1000,1000,1,236,27
2,0,27,1000,0,393,1.8742,0,0,0.0334,0.8727,0.8349,0,1000,1000,1,0,27
2,0,27,1000,0,394,3.4155,0,0,0.0256,0.8283,0.799,0,1000,1000,1,0,27
2,0,27,1000,0,395,4.5637,0,0,0.0396,1.0168,0.9719,0,1000,1000,1,0,27
2,0,27,1000,0,396,6.8947,0.0581,2.6991,0.0132,3.9152,1.1068,1,1000,1000,1,206,27
2,0,27,1000,0,397,2.0158,0,0,0.0435,0.9188,0.8701,0,1000,1000,1,0,27
2,0,27,1000,0,398,3.3328,0,0,0.0351,0.9445,0.9044,0,1000,1000,1,0,27
2,0,27,1000,0,399,10.8613,0.0403,2.0479,0.0127,3.187,0.975,1,1000,1000,1,151,27
2,0,27,1000,0,400,5.9932,0,0,0.024,0.8744,0.8457,0,1000,1000,1,0,27
2,0,27,1000,0,401,4.2997,0,0,0.044,0.9212,0.8712,0,1000,1000,1,0,27
2,0,27,1000,0,402,5.7503,0.0452,1.7802,0.014,2.7802,0.9044,1,1000,1000,1,119,27
2,0,27,1000,0,403,2.4939,0,0,0.0288,0.8664,0.8337,0,1000,1000,1,0,27
2,0,27,1000,0,404,4.0411,0,0,0.0498,0.9626,0.9077,0,1000,1000,1,0,27
2,0,27,1000,0,405,4.836,0,0,0.0513,1.3098,1.2529,0,1000,1000,1,0,27
2,0,27,1000,0,406,10.371,0.0492,2.5098,0.0131,3.5221,0.9112,1,1000,1000,1,307,27
2,0,27,1000,0,407,5.8762,0,0,0.0357,0.8813,0.8417,0,1000,1000,1,0,27
2,0,27,1000,0,408,10.7617,0.1279,2.4296,0.0135,3.5181,0.911,1,1000,1000,1,157,27
2,0,27,1000,0,409,5.7924,0,0,0.0392,0.8955,0.8518,0,1000,1000,1,0,27
2,0,27,1000,0,410,10.2404,0.0502,1.8187,0.014,2.936,1.0089,1,1000,1000,1,123,27
2,0,27,1000,0,411,6.3726,0,0,0.0356,0.9151,0.8747,0,1000,1000,1,0,27
2,0,27,1000,0,412,6.8309,0.0536,2.7585,0.0137,3.8316,0.9651,1,1000,1000,1,312,27
2,0,27,1000,0,413,1.8564,0,0,0.0362,0.8609,0.8197,0,1000,1000,1,0,27
2,0,27,1000,0,414,3.5294,0,0,0.0309,0.8774,0.8421,0,1000,1000,1,0,27
2,0,27,1000,0,415,4.5821,0,0,0.0473,0.9185,0.8653,0,1000,1000,1,0,27
2,0,27,1000,0,416,6.0694,0.0554,1.9459,0.014,3.16,1.0912,1,1000,1000,1,167,27
2,0,27,1000,0,417,1.8695,0,0,0.028,0.8574,0.8252,0,1000,1000,1,0,27
2,0,27,1000,0,418,4.3112,0,0,0.0536,0.9878,0.9286,0,1000,1000,1,0,27
2,0,27,1000,0,419,4.4848,0,0,0.0458,0.9962,0.9436,0,1000,1000,1,0,27
2,0,27,1000,0,420,9.7564,0.0577,1.6701,0.0136,2.6994,0.9152,1,1000,1000,1,121,27
2,0,27,1000,0,421,6.8364,0,0,0.0381,1.0122,0.9681,0,1000,1000,1,0,27
2,0,27,1000,0,422,5.9157,0.0505,1.7485,0.0137,2.9383,1.0823,1,1000,1000,1,106,27
2,0,27,1000,0,423,1.9548,0,0,0.0304,0.8703,0.8352,0,1000,1000,1,0,27
2,0,27,1000,0,424,4.3489,0,0,0.0341,0.894,0.8549,0,1000,1000,1,0,27
2,0,27,1000,0,425,5.3933,0,0,0.0905,1.1835,1.0835,0,1000,1000,1,0,27
2,0,27,1000,0,426,4.9598,0.0502,1.7264,0.0127,2.8739,1.0414,1,1000,1000,1,95,27
2,0,27,1000,0,427,6.2559,0,0,0.0356,0.9478,0.9075,0,1000,1000,1,0,27
2,0,27,1000,0,428,4.3628,0,0,0.0375,1.0823,1.0391,0,1000,1000,1,0,27
2,0,27,1000,0,429,5.6269,0.0474,1.4428,0.0157,2.5181,0.9671,1,1000,1000,1,65,27
2,0,27,1000,0,430,2.4442,0,0,0.0339,0.9706,0.9313,0,1000,1000,1,0,27
2,0,27,1000,0,431,4.1283,0,0,0.0347,0.9017,0.8612,0,1000,1000,1,0,27
2,0,27,1000,0,432,4.4825,0,0,0.0404,0.9327,0.8873,0,1000,1000,1,0,27
2,0,27,1000,0,433,10.0225,0.0512,1.636,0.0137,2.8759,1.133,1,1000,1000,1,42,27
2,0,27,1000,0,434,2.2029,0,0,0.0267,0.8465,0.8156,0,1000,1000,1,0,27
2,0,27,1000,0,435,4.3518,0,0,0.0432,0.9628,0.9144,0,1000,1000,1,0,27
2,0,27,1000,0,436,5.6172,0.0624,1.379,0.014,2.4883,0.9923,1,1000,1000,1,45,27
2,0,27,1000,0,437,2.4509,0,0,0.0272,0.8814,0.8496,0,1000,1000,1,0,27
2,0,27,1000,0,438,4.1549,0,0,0.033,0.8929,0.8543,0,1000,1000,1,0,27
2,0,27,1000,0,439,4.495,0,0,0.0341,0.9722,0.9322,0,1000,1000,1,0,27
2,0,27,1000,0,440,5.5473,0.0498,1.4639,0.0143,2.5894,1.0113,1,1000,1000,1,39,27
2,0,27,1000,0,441,2.7543,0,0,0.0365,0.9037,0.8612,0,1000,1000,1,0,27
2,0,27,1000,0,442,8.6464,0,0,0.0609,1.0164,0.9475,0,1000,1000,1,0,27
2,0,27,1000,0,443,5.3432,0.0426,1.3469,0.0132,2.3941,0.9475,1,1000,1000,1,40,27
2,0,27,1000,0,444,2.5295,0,0,0.0276,0.8518,0.8202,0,1000,1000,1,0,27
2,0,27,1000,0,445,8.744,0,0,0.0447,1.1721,1.1213,0,1000,1000,1,0,27
2,0,27,1000,0,446,5.3054,0.041,1.1344,0.0146,2.1818,0.9423,1,1000,1000,1,27,27
2,0,27,1000,0,447,6.9192,0,0,0.0411,0.9253,0.8798,0,1000,1000,1,0,27
2,0,27,1000,0,448,9.715,0.0407,1.0016,0.0137,1.9546,0.8566,1,1000,1000,1,23,27
2,0,27,1000,0,449,7.0944,0,0,0.042,0.8854,0.8387,0,1000,1000,1,0,27
2,0,27,1000,0,450,4.5852,0,0,0.0437,1.3887,1.338,0,1000,1000,1,0,27
2,0,27,1000,0,451,4.8815,0.0407,0.9606,0.0146,2.0238,0.9545,1,1000,1000,1,27,27
2,0,27,1000,0,452,7.2643,0,0,0.0476,0.9877,0.9359,0,1000,1000,1,0,27
2,0,27,1000,0,453,4.5056,0,0,0.0453,1.016,0.9644,0,1000,1000,1,0,27
2,0,27,1000,0,454,4.6465,0.0564,1,0.0133,2.0438,0.9158,1,1000,1000,1,29,27
2,0,27,1000,0,455,3.2678,0,0,0.0358,0.904,0.8646,0,1000,1000,1,0,27
2,0,27,1000,0,456,3.8672,0,0,0.0299,0.8665,0.8324,0,1000,1000,1,0,27
2,0,27,1000,0,457,4.6049,0,0,0.0478,0.9621,0.9083,0,1000,1000,1,0,27
2,0,27,1000,0,458,5.2692,0.0697,0.9013,0.0152,2.0575,1.0053,1,1000,1000,1,31,27
2,0,27,1000,0,459,2.6497,0,0,0.04,0.9376,0.8917,0,1000,1000,1,0,27
2,0,27,1000,0,460,8.8115,0,0,0.0592,1.1124,1.0458,0,1000,1000,1,0,27
2,0,27,1000,0,461,4.7302,0.0591,0.9028,0.0141,1.9804,0.953,1,1000,1000,1,17,27
2,0,27,1000,0,462,2.9479,0,0,0.0249,0.8439,0.8155,0,1000,1000,1,0,27
2,0,27,1000,0,463,4.364,0,0,0.0378,0.8827,0.8394,0,1000,1000,1,0,27
2,0,27,1000,0,464,4.428,0,0,0.0364,0.8999,0.8577,0,1000,1000,1,0,27
2,0,27,1000,0,465,4.7985,0.0548,0.7057,0.0179,1.8539,1.0036,1,1000,1000,1,15,27
2,0,27,1000,0,466,7.8219,0,0,0.0474,0.9986,0.9465,0,1000,1000,1,0,27
2,0,27,1000,0,467,9.4073,0.0373,0.922,0.0183,1.9738,0.9139,1,1000,1000,1,10,27
2,0,27,1000,0,468,2.6057,0,0,0.0256,0.8848,0.8555,0,1000,1000,1,0,27
2,0,27,1000,0,469,4.5241,0,0,0.0636,1.0585,0.9876,0,1000,1000,1,0,27
2,0,27,1000,0,470,4.114,0,0,0.0468,0.9918,0.9394,0,1000,1000,1,0,27
2,0,27,1000,0,471,4.9845,0.1682,0.6846,0.0137,1.8895,0.9652,1,1000,1000,1,12,27
2,0,27,1000,0,472,3.0298,0,0,0.0326,0.8466,0.8094,0,1000,1000,1,0,27
2,0,27,1000,0,473,4.162,0,0,0.0342,0.8867,0.8475,0,1000,1000,1,0,27
2,0,27,1000,0,474,4.5707,0,0,0.044,0.9963,0.9459,0,1000,1000,1,0,27
2,0,27,1000,0,475,5.234,0.0538,1.1825,0.0169,2.3543,1.0454,1,1000,1000,1,6,27
2,0,27,1000,0,476,2.8347,0,0,0.0208,0.9785,0.9522,0,1000,1000,1,0,27
2,0,27,1000,0,477,4.1394,0,0,0.0427,1.0329,0.9832,0,1000,1000,1,0,27
2,0,27,1000,0,478,4.6317,0,0,0.0541,0.9677,0.9086,0,1000,1000,1,0,27
2,0,27,1000,0,479,4.5937,0.0554,0.7717,0.0139,1.839,0.945,1,1000,1000,1,6,27
2,0,27,1000,0,480,3.3135,0,0,0.0402,0.9296,0.8849,0,1000,1000,1,0,27
2,0,27,1000,0,481,4.0858,0,0,0.032,0.8747,0.8373,0,1000,1000,1,0,27
2,0,27,1000,0,482,4.5869,0,0,0.0484,1.1489,1.0941,0,1000,1000,1,0,27
2,0,27,1000,0,483,4.9591,0.0559,0.9115,0.0139,2.0125,0.9903,1,1000,1000,1,7,27
2,0,27,1000,0,484,3.3192,0,0,0.042,0.9213,0.8749,0,1000,1000,1,0,27
2,0,27,1000,0,485,8.6615,0,0,0.0613,1.0796,1.0117,0,1000,1000,1,0,27
2,0,27,1000,0,486,8.9392,0.1715,0.7635,0.0172,1.9295,0.9149,1,1000,1000,1,6,27
2,0,27,1000,0,487,7.6946,0,0,0.0419,0.9852,0.9378,0,1000,1000,1,0,27
2,0,27,1000,0,488,9.1392,0.0526,0.9359,0.0191,1.9439,0.8726,1,1000,1000,1,6,27
2,0,27,1000,0,489,7.3674,0,0,0.0448,1.0077,0.958,0,1000,1000,1,0,27
2,0,27,1000,0,490,9.075,0.0509,0.8137,0.0134,1.8771,0.9216,1,1000,1000,1,6,27
2,0,27,1000,0,491,3.0238,0,0,0.0374,0.9468,0.9046,0,1000,1000,1,0,27
2,0,27,1000,0,492,4.7641,0,0,0.0422,1.0058,0.9572,0,1000,1000,1,0,27
2,0,27,1000,0,493,8.9264,0.0583,0.9652,0.0154,1.9832,0.8869,1,1000,1000,1,7,27
2,0,27,1000,0,494,2.8823,0,0,0.0336,0.8851,0.8471,0,1000,1000,1,0,27
2,0,27,1000,0,495,4.6607,0,0,0.0604,1.018,0.9512,0,1000,1000,1,0,27
2,0,27,1000,0,496,4.9743,0.0516,0.9252,0.0165,1.9377,0.8924,1,1000,1000,1,3,27
2,0,27,1000,0,497,7.4767,0,0,0.0445,0.9906,0.942,0,1000,1000,1,0,27
2,0,27,1000,0,498,9.8186,0.0846,1.0697,0.0722,2.4478,0.9778,1,1000,1000,1,5,27
2,0,27,1000,0,499,6.6736,0,0,0.0333,0.9277,0.8891,0,1000,1000,1,0,27
2,0,27,1000,0,500,4.6308,0,0,0.0575,0.997,0.9329,0,1000,1000,1,0,27
2,0,27,1000,0,501,4.6968,0.0625,0.6928,0.0167,2.0726,1.2154,1,1000,1000,1,9,27
2,0,27,1000,0,502,7.7921,0,0,0.0524,1.22,1.1607,0,1000,1000,1,0,27
2,0,27,1000,0,503,3.5116,0,0,0.0477,0.9195,0.866,0,1000,1000,1,0,27
2,0,27,1000,0,504,5.4808,0.0626,0.8838,0.0123,1.9891,0.9671,1,1000,1000,1,7,27
2,0,27,1000,0,505,3.0859,0,0,0.0392,0.929,0.8863,0,1000,1000,1,0,27
2,0,27,1000,0,506,4.171,0,0,0.0489,1.0008,0.9469,0,1000,1000,1,0,27
2,0,27,1000,0,507,5.15,0,0,0.0741,1.1317,1.0494,0,1000,1000,1,0,27
2,0,27,1000,0,508,3.5542,0.0434,0.6578,0.0137,1.7342,0.9657,1,1000,1000,1,6,27
2,0,27,1000,0,509,4.2969,0,0,0.0595,1.042,0.9759,0,1000,1000,1,0,27
2,0,27,1000,0,510,3.473,0,0,0.0327,0.878,0.8419,0,1000,1000,1,0,27
2,0,27,1000,0,511,5.0864,0,0,0.0681,1.142,1.0668,0,1000,1000,1,0,27
2,0,27,1000,0,512,4.2577,0.0523,0.7411,0.0155,1.8237,0.96,1,1000,1000,1,5,27
2,0,27,1000,0,513,3.3011,0,0,0.0377,0.8679,0.826,0,1000,1000,1,0,27
2,0,27,1000,0,514,4.1073,0,0,0.0339,0.8869,0.8475,0,1000,1000,1,0,27
2,0,27,1000,0,515,4.31,0,0,0.0895,1.0437,0.9479,0,1000,1000,1,0,27
2,0,27,1000,0,516,5.2457,0.0589,0.9929,0.014,2.0946,0.9654,1,1000,1000,1,8,27
2,0,27,1000,0,517,3.0462,0,0,0.0591,1.0101,0.9465,0,1000,1000,1,0,27
2,0,27,1000,0,518,3.9397,0,0,0.0326,0.9367,0.8961,0,1000,1000,1,0,27
2,0,27,1000,0,519,4.8556,0,0,0.0492,1.0089,0.9536,0,1000,1000,1,0,27
2,0,27,1000,0,520,4.2007,0.0547,0.7335,0.0171,1.7048,0.8486,1,1000,1000,1,3,27
2,0,27,1000,0,521,3.6315,0,0,0.0486,0.9241,0.8709,0,1000,1000,1,0,27
2,0,27,1000,0,522,8.7696,0,0,0.0502,0.9619,0.9041,0,1000,1000,1,0,27
2,0,27,1000,0,523,8.8837,0.0562,0.7495,0.0146,1.8603,0.9905,1,1000,1000,1,5,27
2,0,27,1000,0,524,7.836,0,0,0.0652,1.1701,1.0989,0,1000,1000,1,0,27
2,0,27,1000,0,525,8.4858,0.046,0.6102,0.0168,1.8609,1.1229,1,1000,1000,1,8,27
2,0,27,1000,0,526,7.8273,0,0,0.0726,1.1239,1.0453,0,1000,1000,1,0,27
2,0,27,1000,0,527,4.9908,0.0752,0.9188,0.0163,2.1457,1.0669,1,1000,1000,1,6,27
2,0,27,1000,0,528,2.9619,0,0,0.044,0.9497,0.9007,0,1000,1000,1,0,27
2,0,27,1000,0,529,4.1449,0,0,0.0295,0.91,0.8761,0,1000,1000,1,0,27
2,0,27,1000,0,530,4.9362,0,0,0.0547,1.0303,0.9662,0,1000,1000,1,0,27
2,0,27,1000,0,531,4.0768,0.0484,0.6554,0.0194,1.6413,0.8729,1,1000,1000,1,2,27
2,0,27,1000,0,532,7.6728,0,0,0.0389,0.9347,0.8905,0,1000,1000,1,0,27
2,0,27,1000,0,533,4.8485,0,0,0.0541,1.0189,0.9577,0,1000,1000,1,0,27
2,0,27,1000,0,534,4.2468,0.046,0.6044,0.0147,1.6685,0.9273,1,1000,1000,1,2,27
2,0,27,1000,0,535,3.6468,0,0,0.0418,0.9291,0.8833,0,1000,1000,1,0,27
2,0,27,1000,0,536,9.0972,0,0,0.0407,1.1514,1.1033,0,1000,1000,1,0,27
2,0,27,1000,0,537,8.4471,0.0517,0.6975,0.0132,1.9434,1.1289,1,1000,1000,1,2,27
2,0,27,1000,0,538,7.7199,0,0,0.0282,1.1116,1.0783,0,1000,1000,1,0,27
2,0,27,1000,0,539,4.5173,0.0543,0.502,0.017,1.7542,1.1021,1,1000,1000,1,0,27
2,0,27,1000,0,540,3.4116,0,0,0.0345,0.952,0.9128,0,1000,1000,1,0,27
2,0,27,1000,0,541,4.1382,0,0,0.0383,0.899,0.8562,0,1000,1000,1,0,27
2,0,27,1000,0,542,4.528,0,0,0.0422,1.1092,1.0477,0,1000,1000,1,0,27
2,0,27,1000,0,543,5.0343,0.0709,0.6456,0.0168,2.0004,1.1908,1,1000,1000,1,2,27
2,0,27,1000,0,544,7.6253,0,0,0.059,0.98,0.915,0,1000,1000,1,0,27
2,0,27,1000,0,545,8.7406,0.0376,0.6044,0.0146,1.6557,0.9323,1,1000,1000,1,2,27
2,0,27,1000,0,546,3.1749,0,0,0.0345,0.8599,0.8208,0,1000,1000,1,0,27
2,0,27,1000,0,547,9.0203,0,0,0.184,1.1552,0.9652,0,1000,1000,1,0,27
2,0,27,1000,0,548,4.5238,0.0554,0.752,0.0132,1.8175,0.9489,1,1000,1000,1,2,27
2,0,27,1000,0,549,3.3773,0,0,0.0287,1.0367,1.0031,0,1000,1000,1,0,27
2,0,27,1000,0,550,4.3224,0,0,0.0325,0.9833,0.9339,0,1000,1000,1,0,27
3,1,27,1000,0,151,8.9282,0.0405,0.0997,0.0138,1.1814,0.9954,1,1000,1000,1,19,27
3,1,27,1000,0,152,7.735,0.0405,0.0997,0.0236,0.8802,0.8538,0,1000,1000,1,0,27
3,1,27,1000,0,153,8.8694,0.0408,0.0783,0.0135,1.1339,0.9765,1,1000,1000,1,20,27
3,1,27,1000,0,154,7.6071,0.0408,0.0783,0.0239,0.8941,0.8667,0,1000,1000,1,0,27
3,1,27,1000,0,155,9.3904,0.0335,0.0963,0.014,1.4425,1.2683,1,1000,1000,1,29,27
3,1,27,1000,0,156,8.0436,0.0335,0.0963,0.0294,1.1941,1.1602,0,1000,1000,1,0,27
3,1,27,1000,0,157,9.4838,0.0587,0.1052,0.0138,1.395,1.1772,1,1000,1000,1,17,27
3,1,27,1000,0,158,6.6363,0.0587,0.1052,0.0231,0.88,0.8533,0,1000,1000,1,0,27
3,1,27,1000,0,159,9.0365,0.0297,0.1017,0.0167,1.3593,1.1889,1,1000,1000,1,36,27
3,1,27,1000,0,160,7.597,0.0297,0.1017,0.0316,1.007,0.9718,0,1000,1000,1,0,27
3,1,27,1000,0,161,8.9739,0.0452,0.1078,0.0132,1.2649,1.0698,1,1000,1000,1,16,27
3,1,27,1000,0,162,7.9568,0.0452,0.1078,0.0265,1.1572,1.1271,0,1000,1000,1,0,27
3,1,27,1000,0,163,8.9202,0.0426,0.154,0.014,1.2443,1.0014,1,1000,1000,1,13,27
3,1,27,1000,0,164,7.7293,0.0426,0.154,0.0238,1.1108,1.0837,0,1000,1000,1,0,27
3,1,27,1000,0,165,8.5573,0.0489,0.0896,0.014,1.1758,0.9939,1,1000,1000,1,33,27
3,1,27,1000,0,166,7.8819,0.0489,0.0896,0.0247,0.9307,0.903,0,1000,1000,1,0,27
3,1,27,1000,0,167,9.0905,0.0363,0.2654,0.0145,1.4577,1.1121,1,1000,1000,1,36,27
3,1,27,1000,0,168,7.5512,0.0363,0.2654,0.0265,0.9024,0.8725,0,1000,1000,1,0,27
3,1,27,1000,0,169,9.2279,0.0514,0.1285,0.0123,1.5786,1.3644,1,1000,1000,1,24,27
3,1,27,1000,0,170,7.6182,0.0514,0.1285,0.0209,1.0612,1.0368,0,1000,1000,1,0,27
3,1,27,1000,0,171,9.0057,0.0336,0.5767,0.0184,1.6449,0.9791,1,1000,1000,1,34,27
3,1,27,1000,0,172,7.7067,0.0336,0.5767,0.02,0.8638,0.8404,0,1000,1000,1,0,27
3,1,27,1000,0,173,8.6607,0.0326,0.0926,0.017,1.3368,1.1693,1,1000,1000,1,18,27
3,1,27,1000,0,174,7.8589,0.0326,0.0926,0.024,0.8878,0.8609,0,1000,1000,1,0,27
3,1,27,1000,0,175,9.0635,0.035,0.1467,0.0132,1.3682,1.1249,1,1000,1000,1,27,27
3,1,27,1000,0,176,7.8645,0.035,0.1467,0.0235,1.0181,0.9915,0,1000,1000,1,0,27
3,1,27,1000,0,177,8.6888,0.0396,0.1125,0.0718,1.3072,1.0557,1,1000,1000,1,26,27
3,1,27,1000,0,178,7.7967,0.0396,0.1125,0.0234,1.0057,0.9792,0,1000,1000,1,0,27
3,1,27,1000,0,179,9.5734,0.0381,0.1252,0.0147,1.2893,1.0731,1,1000,1000,1,26,27
3,1,27,1000,0,180,7.3658,0.0381,0.1252,0.0201,0.8468,0.8237,0,1000,1000,1,0,27
3,1,27,1000,0,181,8.6764,0.04,0.0838,0.0131,1.251,1.0847,1,1000,1000,1,21,27
3,1,27,1000,0,182,7.6966,0.04,0.0838,0.033,0.9601,0.9234,0,1000,1000,1,0,27
3,1,27,1000,0,183,9.1081,0.0283,0.0925,0.0127,1.3455,1.1878,1,1000,1000,1,29,27
3,1,27,1000,0,184,7.3275,0.0283,0.0925,0.0259,0.9486,0.9188,0,1000,1000,1,0,27
3,1,27,1000,0,185,4.5807,0.0554,0.28,0.0223,0.8351,0.8096,0,1000,1000,1,0,27
3,1,27,1000,0,186,4.6592,0.0496,0.1737,0.0146,1.6034,1.333,1,1000,1000,1,32,27
3,1,27,1000,0,187,3.0766,0.0496,0.1737,0.0195,0.8375,0.815,0,1000,1000,1,0,27
3,1,27,1000,0,188,4.3366,0.0496,0.1737,0.0223,0.8947,0.8694,0,1000,1000,1,0,27
3,1,27,1000,0,189,9.3076,0.0478,0.1257,0.0137,1.3809,1.1656,1,1000,1000,1,28,27
3,1,27,1000,0,190,7.5509,0.0478,0.1257,0.0253,0.8323,0.8038,0,1000,1000,1,0,27
3,1,27,1000,0,191,9.1086,0.0406,0.103,0.014,1.2717,1.0879,1,1000,1000,1,23,27
3,1,27,1000,0,192,7.2464,0.0406,0.103,0.0153,0.8542,0.8361,0,1000,1000,1,0,27
3,1,27,1000,0,193,9.0792,0.0387,0.1007,0.0133,1.282,1.1005,1,1000,1000,1,46,27
3,1,27,1000,0,194,7.8422,0.0387,0.1007,0.0221,0.8584,0.8331,0,1000,1000,1,0,27
3,1,27,1000,0,195,9.6026,0.0503,0.1224,0.0138,1.2912,1.0762,1,1000,1000,1,21,27
3,1,27,1000,0,196,6.9915,0.0503,0.1224,0.0212,0.9151,0.8912,0,1000,1000,1,0,27
3,1,27,1000,0,197,9.0524,0.0359,0.1041,0.0137,1.2853,1.1066,1,1000,1000,1,27,27
3,1,27,1000,0,198,7.9415,0.0359,0.1041,0.027,0.964,0.9335,0,1000,1000,1,0,27
3,1,27,1000,0,199,9.6495,0.0754,0.1482,0.0123,1.7266,1.4648,1,1000,1000,1,33,27
3,1,27,1000,0,200,6.534,0.0754,0.1482,0.0167,0.8463,0.8268,0,1000,1000,1,0,27
3,1,27,1000,0,201,9.6321,0.037,0.5184,0.0145,1.5673,0.9702,1,1000,1000,1,20,27
3,1,27,1000,0,202,7.7828,0.037,0.5184,0.021,1.1955,1.1705,0,1000,1000,1,0,27
3,1,27,1000,0,203,8.1461,0.0359,0.0947,0.0132,1.2478,1.0792,1,1000,1000,1,27,27
3,1,27,1000,0,204,8.4072,0.0359,0.0947,0.0237,0.9746,0.9468,0,1000,1000,1,0,27
3,1,27,1000,0,205,8.9815,0.0338,0.0834,0.0127,1.7042,1.5543,1,1000,1000,1,21,27
3,1,27,1000,0,206,7.2692,0.0338,0.0834,0.0206,0.9079,0.8845,0,1000,1000,1,0,27
3,1,27,1000,0,207,9.2144,0.0589,0.1118,0.0127,1.3285,1.1186,1,1000,1000,1,30,27
3,1,27,1000,0,208,7.3894,0.0589,0.1118,0.0242,0.9276,0.9002,0,1000,1000,1,0,27
3,1,27,1000,0,209,9.1535,0.0488,0.1769,0.0137,1.3944,1.123,1,1000,1000,1,25,27
3,1,27,1000,0,210,7.4154,0.0488,0.1769,0.0268,0.943,0.9132,0,1000,1000,1,0,27
3,1,27,1000,0,211,9.125,0.0481,0.1406,0.0129,1.4775,1.2473,1,1000,1000,1,27,27
3,1,27,1000,0,212,7.5876,0.0481,0.1406,0.022,0.9102,0.8849,0,1000,1000,1,0,27
3,1,27,1000,0,213,8.6768,0.0503,0.1226,0.0257,0.9066,0.8766,0,1000,1000,1,0,27
3,1,27,1000,0,214,8.4894,0.042,0.2794,0.0164,1.4166,1.0443,1,1000,1000,1,28,27
3,1,27,1000,0,215,8.7896,0.0339,0.1086,0.0142,1.5083,1.3253,1,1000,1000,1,26,27
3,1,27,1000,0,216,7.3568,0.0339,0.1086,0.024,0.8933,0.8661,0,1000,1000,1,0,27
3,1,27,1000,0,217,9.2588,0.0635,0.0927,0.0131,1.535,1.3404,1,1000,1000,1,20,27
3,1,27,1000,0,218,7.2988,0.0635,0.0927,0.0174,0.8201,0.7993,0,1000,1000,1,0,27
3,1,27,1000,0,219,9.3719,0.0602,0.1315,0.015,1.4889,1.2492,1,1000,1000,1,23,27
3,1,27,1000,0,220,7.9402,0.0602,0.1315,0.0293,0.9693,0.9361,0,1000,1000,1,0,27
3,1,27,1000,0,221,9.0548,0.0463,0.1094,0.0139,1.6093,1.4178,1,1000,1000,1,27,27
3,1,27,1000,0,222,7.047,0.0463,0.1094,0.0211,0.8774,0.8534,0,1000,1000,1,0,27
3,1,27,1000,0,223,4.4749,0.0645,0.0693,0.0181,0.835,0.8126,0,1000,1000,1,0,27
3,1,27,1000,0,224,9.1686,0.0674,0.0951,0.0171,1.3917,1.1818,1,1000,1000,1,18,27
3,1,27,1000,0,225,8.2448,0.0487,0.3614,0.0287,0.9616,0.9289,0,1000,1000,1,0,27
3,1,27,1000,0,226,7.9364,0.0529,0.194,0.013,1.4295,1.1388,1,1000,1000,1,21,27
3,1,27,1000,0,227,8.1332,0.0401,0.0597,0.0233,0.9705,0.9445,0,1000,1000,1,0,27
3,1,27,1000,0,228,4.4433,0.0516,0.2777,0.0137,1.4556,1.0837,1,1000,1000,1,17,27
3,1,27,1000,0,229,7.6966,0.0516,0.2777,0.0218,0.8953,0.8706,0,1000,1000,1,0,27
3,1,27,1000,0,230,4.3633,0.0485,0.1413,0.0206,0.8717,0.8473,0,1000,1000,1,0,27
3,1,27,1000,0,231,5.2007,0.053,0.721,0.014,2.0076,1.194,1,1000,1000,1,22,27
3,1,27,1000,0,232,7.2864,0.053,0.721,0.0211,0.8735,0.8498,0,1000,1000,1,0,27
3,1,27,1000,0,233,4.3851,0.058,0.0373,0.0417,1.1864,1.1413,0,1000,1000,1,0,27
3,1,27,1000,0,234,4.1715,0.0675,0.1828,0.0135,1.3922,1.1074,1,1000,1000,1,17,27
3,1,27,1000,0,235,3.6158,0.0675,0.1828,0.0204,0.8967,0.8733,0,1000,1000,1,0,27
3,1,27,1000,0,236,4.3074,0.0675,0.1828,0.0244,0.9759,0.9482,0,1000,1000,1,0,27
3,1,27,1000,0,237,4.2086,0.0542,0.0466,0.0248,0.9952,0.9668,0,1000,1000,1,0,27
3,1,27,1000,0,238,4.7849,0.056,0.0833,0.0142,1.6503,1.4729,1,1000,1000,1,11,27
3,1,27,1000,0,239,3.2102,0.056,0.0833,0.0193,0.8159,0.7942,0,1000,1000,1,0,27
3,1,27,1000,0,240,4.217,0.056,0.0833,0.0261,0.9619,0.9323,0,1000,1000,1,0,27
3,1,27,1000,0,241,5.4999,0.0611,0.2681,0.0292,1.04,1.0026,0,1000,1000,1,0,27
3,1,27,1000,0,242,2.7418,0.0611,0.2681,0.0175,0.805,0.7849,0,1000,1000,1,0,27
3,1,27,1000,0,243,5.0552,0.065,0.109,0.0135,1.6246,1.4034,1,1000,1000,1,15,27
3,1,27,1000,0,244,3.3887,0.065,0.109,0.0259,0.9295,0.9004,0,1000,1000,1,0,27
3,1,27,1000,0,245,4.4848,0.0674,0.1088,0.0346,0.9606,0.9213,0,1000,1000,1,0,27
3,1,27,1000,0,246,9.4292,0.2474,0.1121,0.0141,2.194,1.7919,1,1000,1000,1,16,27
3,1,27,1000,0,247,2.7276,0.2474,0.1121,0.0187,0.8254,0.8035,0,1000,1000,1,0,27
3,1,27,1000,0,248,4.5201,0.0534,0.0746,0.0219,0.97,0.9433,0,1000,1000,1,0,27
3,1,27,1000,0,249,4.5547,0.0549,0.1364,0.0123,1.4098,1.1801,1,1000,1000,1,13,27
3,1,27,1000,0,250,7.6741,0.0549,0.1364,0.0214,0.9305,0.9061,0,1000,1000,1,0,27
3,1,27,1000,0,251,9.2392,0.0405,0.2186,0.1007,1.4333,1.0427,1,1000,1000,1,11,27
3,1,27,1000,0,252,3.3507,0.0405,0.2186,0.0235,0.8934,0.8674,0,1000,1000,1,0,27
3,1,27,1000,0,253,4.3932,0.0405,0.2186,0.024,0.8974,0.8698,0,1000,1000,1,0,27
3,1,27,1000,0,254,4.0151,0.041,0.1088,0.024,0.8959,0.8685,0,1000,1000,1,0,27
3,1,27,1000,0,255,3.9303,0.041,0.1088,0.021,0.8969,0.8725,0,1000,1000,1,0,27
3,1,27,1000,0,256,4.742,0.0524,0.1046,0.0147,1.4029,1.204,1,1000,1000,1,8,27
3,1,27,1000,0,257,3.6738,0.0524,0.1046,0.0184,0.929,0.9078,0,1000,1000,1,0,27
3,1,27,1000,0,258,4.2578,0.0456,0.0606,0.0252,0.9674,0.9387,0,1000,1000,1,0,27
3,1,27,1000,0,259,4.1148,0.0456,0.0606,0.0193,0.9162,0.893,0,1000,1000,1,0,27
3,1,27,1000,0,260,4.5003,0.0649,0.0929,0.0201,1.3938,1.1185,1,1000,1000,1,14,27
3,1,27,1000,0,261,3.7499,0.0649,0.0929,0.0186,0.8541,0.833,0,1000,1000,1,0,27
3,1,27,1000,0,262,5.2578,0.0445,0.1179,0.0366,1.7944,1.7527,0,1000,1000,1,0,27
3,1,27,1000,0,263,3.4968,0.0502,0.1137,0.0138,1.265,1.065,1,1000,1000,1,15,27
3,1,27,1000,0,264,7.9943,0.0502,0.1137,0.0173,0.8694,0.8488,0,1000,1000,1,0,27
3,1,27,1000,0,265,4.2991,0.0593,0.1983,0.0231,0.8768,0.8501,0,1000,1000,1,0,27
3,1,27,1000,0,266,3.8821,0.0593,0.1983,0.0212,0.8416,0.8172,0,1000,1000,1,0,27
3,1,27,1000,0,267,4.8084,0.0578,0.1706,0.0135,1.441,1.1715,1,1000,1000,1,13,27
3,1,27,1000,0,268,3.5632,0.0578,0.1706,0.019,0.8713,0.8495,0,1000,1000,1,0,27
3,1,27,1000,0,269,4.7397,0.0557,0.1817,0.0244,0.9703,0.9422,0,1000,1000,1,0,27
3,1,27,1000,0,270,8.3107,0.0537,0.1166,0.0144,1.281,1.0706,1,1000,1000,1,7,27
3,1,27,1000,0,271,8.098,0.0521,0.0847,0.0227,1.076,1.0489,0,1000,1000,1,0,27
3,1,27,1000,0,272,8.4651,0.0561,0.1162,0.0222,1.2775,1.0447,1,1000,1000,1,14,27
3,1,27,1000,0,273,3.8289,0.0561,0.1162,0.0222,0.8865,0.8614,0,1000,1000,1,0,27
3,1,27,1000,0,274,9.0052,0.0355,0.0939,0.0136,1.249,1.0823,1,1000,1000,1,11,27
3,1,27,1000,0,275,8.3034,0.0355,0.0939,0.0245,1.1445,1.1169,0,1000,1000,1,0,27
3,1,27,1000,0,276,3.9422,0.0461,0.1221,0.0227,0.9089,0.8826,0,1000,1000,1,0,27
3,1,27,1000,0,277,4.4138,0.0615,0.1458,0.0133,1.3895,1.1445,1,1000,1000,1,13,27
3,1,27,1000,0,278,3.3969,0.0615,0.1458,0.0224,0.8792,0.854,0,1000,1000,1,0,27
3,1,27,1000,0,279,4.4546,0.0615,0.1458,0.0263,0.9536,0.9241,0,1000,1000,1,0,27
3,1,27,1000,0,280,4.1506,0.0515,0.0581,0.0268,0.8836,0.8536,0,1000,1000,1,0,27
3,1,27,1000,0,281,5.0714,0.054,0.0954,0.0123,1.7242,1.536,1,1000,1000,1,19,27
3,1,27,1000,0,282,7.4057,0.054,0.0954,0.0211,0.9565,0.9325,0,1000,1000,1,0,27
3,1,27,1000,0,283,4.0586,0.053,0.1307,0.0211,0.8149,0.7897,0,1000,1000,1,0,27
3,1,27,1000,0,284,8.9371,0.0586,0.1033,0.0131,1.4733,1.2761,1,1000,1000,1,11,27
3,1,27,1000,0,285,8.2629,0.0419,0.0805,0.0236,0.9754,0.9481,0,1000,1000,1,0,27
3,1,27,1000,0,286,8.406,0.0486,0.1303,0.0139,1.34,1.1231,1,1000,1000,1,15,27
3,1,27,1000,0,287,8.2471,0.0467,0.1105,0.0394,1.1256,1.081,0,1000,1000,1,0,27
3,1,27,1000,0,288,4.5345,0.052,0.6508,0.0135,1.725,0.9848,1,1000,1000,1,10,27
3,1,27,1000,0,289,3.2595,0.052,0.6508,0.0271,0.9007,0.8696,0,1000,1000,1,0,27
3,1,27,1000,0,290,4.1936,0.052,0.6508,0.0241,0.9349,0.9077,0,1000,1000,1,0,27
3,1,27,1000,0,291,4.9082,0.0637,0.3314,0.0301,1.0023,0.969,0,1000,1000,1,0,27
3,1,27,1000,0,292,3.9234,0.0596,0.0896,0.0159,1.3432,1.1531,1,1000,1000,1,15,27
3,1,27,1000,0,293,3.5879,0.0596,0.0896,0.019,0.8551,0.8323,0,1000,1000,1,0,27
3,1,27,1000,0,294,4.4427,0.0596,0.0896,0.0266,1.0429,1.0135,0,1000,1000,1,0,27
3,1,27,1000,0,295,4.0759,0.0489,0.0751,0.0239,0.8866,0.8596,0,1000,1000,1,0,27
3,1,27,1000,0,296,4.7949,0.0504,0.6942,0.0174,1.764,0.9636,1,1000,1000,1,17,27
3,1,27,1000,0,297,3.1719,0.0504,0.6942,0.0264,0.937,0.9067,0,1000,1000,1,0,27
3,1,27,1000,0,298,4.2785,0.0504,0.6942,0.0189,0.8395,0.8183,0,1000,1000,1,0,27
3,1,27,1000,0,299,4.9453,0.0617,0.2935,0.021,0.9081,0.8827,0,1000,1000,1,0,27
3,1,27,1000,0,300,3.2477,0.0617,0.2935,0.019,0.8652,0.8433,0,1000,1000,1,0,27
3,1,27,1000,0,301,4.7073,0.0422,0.0909,0.0137,1.2852,1.1132,1,1000,1000,1,9,27
3,1,27,1000,0,302,3.6488,0.0422,0.0909,0.0201,0.8148,0.7917,0,1000,1000,1,0,27
3,1,27,1000,0,303,4.6726,0.0553,0.196,0.0253,0.9255,0.8969,0,1000,1000,1,0,27
3,1,27,1000,0,304,4.4826,0.075,0.1777,0.0123,1.4804,1.1917,1,1000,1000,1,62,27
3,1,27,1000,0,305,3.7099,0.075,0.1777,0.022,0.9314,0.9067,0,1000,1000,1,0,27
3,1,27,1000,0,306,4.1241,0.075,0.1777,0.0217,0.846,0.8216,0,1000,1000,1,0,27
3,1,27,1000,0,307,9.0777,0.034,0.1525,0.0145,1.4365,1.2106,1,1000,1000,1,73,27
3,1,27,1000,0,308,7.6419,0.034,0.1525,0.0312,1.0039,0.9677,0,1000,1000,1,0,27
3,1,27,1000,0,309,4.1844,0.0539,0.1911,0.0207,0.8771,0.8524,0,1000,1000,1,0,27
3,1,27,1000,0,310,3.8188,0.0539,0.1911,0.0212,0.8601,0.836,0,1000,1000,1,0,27
3,1,27,1000,0,311,4.8772,0.0558,0.2567,0.0137,1.5489,1.1986,1,1000,1000,1,73,27
3,1,27,1000,0,312,3.3779,0.0558,0.2567,0.0189,0.824,0.8024,0,1000,1000,1,0,27
3,1,27,1000,0,313,4.5858,0.0555,0.0612,0.024,1.053,1.0256,0,1000,1000,1,0,27
3,1,27,1000,0,314,3.933,0.0555,0.0612,0.0208,0.8903,0.8657,0,1000,1000,1,0,27
3,1,27,1000,0,315,5.3217,0.2412,0.187,0.0141,2.0946,1.6188,1,1000,1000,1,65,27
3,1,27,1000,0,316,2.9477,0.2412,0.187,0.0151,0.8351,0.8171,0,1000,1000,1,0,27
3,1,27,1000,0,317,4.7206,0.0488,0.0905,0.0216,1.0521,1.0272,0,1000,1000,1,0,27
3,1,27,1000,0,318,8.9651,0.0686,0.2571,0.0136,2.0084,1.6427,1,1000,1000,1,198,27
3,1,27,1000,0,319,7.8039,0.1228,0.1159,0.0296,0.9576,0.9232,0,1000,1000,1,0,27
3,1,27,1000,0,320,4.8678,0.0557,0.7201,0.0147,2.03,1.2137,1,1000,1000,1,151,27
3,1,27,1000,0,321,3.1479,0.0557,0.7201,0.0213,0.8698,0.8459,0,1000,1000,1,0,27
3,1,27,1000,0,322,4.1984,0.0557,0.7201,0.021,0.9164,0.893,0,1000,1000,1,0,27
3,1,27,1000,0,323,4.5531,0.0562,0.1154,0.0253,1.1429,1.1128,0,1000,1000,1,0,27
3,1,27,1000,0,324,4.856,0.0509,0.8607,0.0146,2.0722,1.1217,1,1000,1000,1,88,27
3,1,27,1000,0,325,2.9368,0.0509,0.8607,0.0212,0.8885,0.8646,0,1000,1000,1,0,27
3,1,27,1000,0,326,4.587,0.0509,0.8607,0.0278,1.133,1.1011,0,1000,1000,1,0,27
3,1,27,1000,0,327,4.1909,0.0504,0.2733,0.0402,1.0074,0.9632,0,1000,1000,1,0,27
3,1,27,1000,0,328,4.7544,0.0483,0.8475,0.0132,1.9372,1.0036,1,1000,1000,1,105,27
3,1,27,1000,0,329,2.9142,0.0483,0.8475,0.0177,0.8662,0.8455,0,1000,1000,1,0,27
3,1,27,1000,0,330,4.3413,0.0483,0.8475,0.0242,0.9535,0.927,0,1000,1000,1,0,27
3,1,27,1000,0,331,4.4523,0.0509,0.2643,0.0277,0.9821,0.9504,0,1000,1000,1,0,27
3,1,27,1000,0,332,3.5653,0.0509,0.2643,0.0179,0.8316,0.8108,0,1000,1000,1,0,27
3,1,27,1000,0,333,6.3657,0.0627,0.9184,0.0142,2.6511,1.6194,1,1000,1000,1,247,27
3,1,27,1000,0,334,6.8037,0.0619,0.1338,0.0198,0.8827,0.8593,0,1000,1000,1,0,27
3,1,27,1000,0,335,9.7861,0.0562,1.3569,0.0145,2.5743,1.113,1,1000,1000,1,196,27
3,1,27,1000,0,336,2.505,0.0562,1.3569,0.0246,0.9349,0.9071,0,1000,1000,1,0,27
3,1,27,1000,0,337,4.6367,0.0587,0.253,0.0247,1.1142,1.085,0,1000,1000,1,0,27
3,1,27,1000,0,338,4.7318,0.0644,0.3118,0.0149,1.8333,1.4194,1,1000,1000,1,124,27
3,1,27,1000,0,339,7.5465,0.0644,0.3118,0.0362,1.2023,1.1612,0,1000,1000,1,0,27
3,1,27,1000,0,340,4.0405,0.0591,0.1626,0.0308,0.9181,0.883,0,1000,1000,1,0,27
3,1,27,1000,0,341,5.2521,0.0508,0.9516,0.0837,2.1878,1.0766,1,1000,1000,1,102,27
3,1,27,1000,0,342,2.8442,0.0508,0.9516,0.02,0.8998,0.8769,0,1000,1000,1,0,27
3,1,27,1000,0,343,4.1581,0.0508,0.9516,0.0241,0.9217,0.8946,0,1000,1000,1,0,27
3,1,27,1000,0,344,4.3191,0.0644,0.0533,0.0265,1.0335,1.003,0,1000,1000,1,0,27
3,1,27,1000,0,345,3.7747,0.0644,0.0533,0.0219,0.8724,0.8477,0,1000,1000,1,0,27
3,1,27,1000,0,346,5.9646,0.05,1.3766,0.0132,2.5199,1.0559,1,1000,1000,1,393,27
3,1,27,1000,0,347,2.3812,0.05,1.3766,0.0199,0.8874,0.8646,0,1000,1000,1,0,27
3,1,27,1000,0,348,4.8442,0.0728,0.1393,0.0244,0.909,0.8814,0,1000,1000,1,0,27
3,1,27,1000,0,349,3.3827,0.0728,0.1393,0.0217,0.8506,0.826,0,1000,1000,1,0,27
3,1,27,1000,0,350,5.4898,0.0455,0.876,0.014,2.0387,1.0785,1,1000,1000,1,119,27
3,1,27,1000,0,351,3.2246,0.0455,0.876,0.0206,0.9103,0.887,0,1000,1000,1,0,27
3,1,27,1000,0,352,9.9415,0.0395,0.6662,0.0145,2.0357,1.2858,1,1000,1000,1,150,27
3,1,27,1000,0,353,6.6997,0.0395,0.6662,0.0203,0.9481,0.9247,0,1000,1000,1,0,27
3,1,27,1000,0,354,4.8439,0.0628,0.1133,0.0252,1.0395,1.011,0,1000,1000,1,0,27
3,1,27,1000,0,355,3.378,0.0628,0.1133,0.0269,0.9592,0.9293,0,1000,1000,1,0,27
3,1,27,1000,0,356,5.5975,0.057,1.2374,0.0141,2.4956,1.1565,1,1000,1000,1,275,27
3,1,27,1000,0,357,2.9186,0.057,1.2374,0.0294,0.982,0.9484,0,1000,1000,1,0,27
3,1,27,1000,0,358,9.6807,0.0389,0.8045,0.0136,2.0922,1.2134,1,1000,1000,1,205,27
3,1,27,1000,0,359,2.4923,0.0389,0.8045,0.017,0.8381,0.8183,0,1000,1000,1,0,27
3,1,27,1000,0,360,4.4839,0.0389,0.8045,0.02,0.8559,0.8328,0,1000,1000,1,0,27
3,1,27,1000,0,361,9.5654,0.0351,1.0551,0.0146,2.1197,0.9849,1,1000,1000,1,127,27
3,1,27,1000,0,362,2.715,0.0351,1.0551,0.0189,0.8849,0.8635,0,1000,1000,1,0,27
3,1,27,1000,0,363,4.2144,0.0351,1.0551,0.0242,0.9791,0.9522,0,1000,1000,1,0,27
3,1,27,1000,0,364,4.2804,0.0555,0.0939,0.0326,0.9588,0.9215,0,1000,1000,1,0,27
3,1,27,1000,0,365,3.8529,0.0555,0.0939,0.0214,0.89,0.8657,0,1000,1000,1,0,27
3,1,27,1000,0,366,5.7981,0.0596,1.1605,0.0123,2.5044,1.2499,1,1000,1000,1,119,27
3,1,27,1000,0,367,7.0396,0.047,0.0669,0.0204,0.9183,0.8929,0,1000,1000,1,0,27
3,1,27,1000,0,368,4.0276,0.047,0.0669,0.0176,0.8765,0.8558,0,1000,1000,1,0,27
3,1,27,1000,0,369,5.8843,0.0584,1.5496,0.0145,2.724,1.075,1,1000,1000,1,271,27
3,1,27,1000,0,370,2.183,0.0584,1.5496,0.0174,0.8255,0.8056,0,1000,1000,1,0,27
3,1,27,1000,0,371,4.4364,0.0416,0.0624,0.0222,0.9156,0.8896,0,1000,1000,1,0,27
3,1,27,1000,0,372,3.991,0.0416,0.0624,0.0179,0.8522,0.8309,0,1000,1000,1,0,27
3,1,27,1000,0,373,5.5995,0.0493,0.8378,0.0137,2.1398,1.2146,1,1000,1000,1,166,27
3,1,27,1000,0,374,2.7427,0.0493,0.8378,0.0198,0.9219,0.8988,0,1000,1000,1,0,27
3,1,27,1000,0,375,4.2751,0.046,0.0538,0.0201,0.8581,0.8347,0,1000,1000,1,0,27
3,1,27,1000,0,376,4.164,0.046,0.0538,0.0214,0.973,0.9484,0,1000,1000,1,0,27
3,1,27,1000,0,377,5.7662,0.0751,1.3812,0.0137,2.5666,1.0687,1,1000,1000,1,125,27
3,1,27,1000,0,378,2.6152,0.0751,1.3812,0.0186,0.8829,0.8612,0,1000,1000,1,0,27
3,1,27,1000,0,379,4.4697,0.0581,0.0677,0.0469,1.0801,1.0272,0,1000,1000,1,0,27
3,1,27,1000,0,380,9.7364,0.0501,1.1602,0.0157,2.6478,1.3866,1,1000,1000,1,285,27
3,1,27,1000,0,381,2.53,0.0501,1.1602,0.0246,0.8551,0.827,0,1000,1000,1,0,27
3,1,27,1000,0,382,9.991,0.0344,0.8015,0.0127,2.309,1.4341,1,1000,1000,1,195,27
3,1,27,1000,0,383,6.5955,0.0344,0.8015,0.0211,0.9166,0.8932,0,1000,1000,1,0,27
3,1,27,1000,0,384,10.5239,0.0351,1.3662,0.0129,2.625,1.1819,1,1000,1000,1,161,27
3,1,27,1000,0,385,6.2892,0.0351,1.3662,0.0268,0.9899,0.9596,0,1000,1000,1,0,27
3,1,27,1000,0,386,4.266,0.0454,0.0877,0.0271,1.0342,1.0034,0,1000,1000,1,0,27
3,1,27,1000,0,387,5.381,0.0544,1.2373,0.014,2.3694,1.037,1,1000,1000,1,162,27
3,1,27,1000,0,388,6.9415,0.0544,1.2373,0.0226,0.9391,0.9135,0,1000,1000,1,0,27
3,1,27,1000,0,389,4.29,0.0505,0.0671,0.0274,1.0137,0.9831,0,1000,1000,1,0,27
3,1,27,1000,0,390,6.2362,0.0637,1.2795,0.0135,2.9067,1.5219,1,1000,1000,1,268,27
3,1,27,1000,0,391,2.2527,0.0637,1.2795,0.0174,1.029,1.008,0,1000,1000,1,0,27
3,1,27,1000,0,392,4.2687,0.0637,1.2795,0.0236,0.9391,0.9109,0,1000,1000,1,0,27
3,1,27,1000,0,393,4.39,0.0591,0.1426,0.0342,1.2013,1.1633,0,1000,1000,1,0,27
3,1,27,1000,0,394,9.1954,0.0484,1.1807,0.0132,2.414,1.1385,1,1000,1000,1,166,27
3,1,27,1000,0,395,2.6825,0.0484,1.1807,0.018,0.8961,0.875,0,1000,1000,1,0,27
3,1,27,1000,0,396,4.0331,0.0527,0.054,0.0218,0.9041,0.8791,0,1000,1000,1,0,27
3,1,27,1000,0,397,6.0835,0.0487,1.275,0.0133,2.5646,1.1977,1,1000,1000,1,158,27
3,1,27,1000,0,398,6.4085,0.0487,1.275,0.0211,0.8849,0.8601,0,1000,1000,1,0,27
3,1,27,1000,0,399,4.3447,0.0502,0.0869,0.0206,0.9564,0.9328,0,1000,1000,1,0,27
3,1,27,1000,0,400,3.8368,0.0502,0.0869,0.0177,0.8895,0.8683,0,1000,1000,1,0,27
3,1,27,1000,0,401,10.0976,0.0477,1.2622,0.0138,2.5135,1.1606,1,1000,1000,1,293,27
3,1,27,1000,0,402,2.7405,0.0333,0.0553,0.0177,0.8945,0.8728,0,1000,1000,1,0,27
3,1,27,1000,0,403,9.289,0.0432,0.2966,0.0136,2.1907,1.8113,1,1000,1000,1,208,27
3,1,27,1000,0,404,7.6764,0.0372,0.0677,0.0232,0.9947,0.9679,0,1000,1000,1,0,27
3,1,27,1000,0,405,9.4064,0.0529,1.2901,0.0142,2.4696,1.0752,1,1000,1000,1,140,27
3,1,27,1000,0,406,7.8183,0.0534,0.2922,0.0255,0.929,0.8982,0,1000,1000,1,0,27
3,1,27,1000,0,407,4.3043,0.0581,0.228,0.0141,1.8794,1.5523,1,1000,1000,1,94,27
3,1,27,1000,0,408,7.282,0.0581,0.228,0.0238,0.9224,0.8954,0,1000,1000,1,0,27
3,1,27,1000,0,409,4.4203,0.0437,0.2143,0.0265,0.9327,0.9028,0,1000,1000,1,0,27
3,1,27,1000,0,410,3.6704,0.0437,0.2143,0.0225,0.9013,0.8757,0,1000,1000,1,0,27
3,1,27,1000,0,411,5.6699,0.2524,0.7187,0.0127,2.3105,1.2993,1,1000,1000,1,60,27
3,1,27,1000,0,412,2.7645,0.2524,0.7187,0.0272,1.0552,1.0242,0,1000,1000,1,0,27
3,1,27,1000,0,413,4.7235,0.0736,0.0729,0.1673,1.0822,0.9068,0,1000,1000,1,0,27
3,1,27,1000,0,414,9.0285,0.0532,0.1732,0.0131,1.8267,1.5551,1,1000,1000,1,69,27
3,1,27,1000,0,415,7.5301,0.0365,0.2427,0.0301,0.9879,0.9534,0,1000,1000,1,0,27
3,1,27,1000,0,416,3.6907,0.0365,0.2427,0.0272,1.0455,1.0144,0,1000,1000,1,0,27
3,1,27,1000,0,417,4.9488,0.0662,0.4929,0.0146,1.7357,1.1357,1,1000,1000,1,47,27
3,1,27,1000,0,418,3.5816,0.0662,0.4929,0.0262,1.0188,0.9885,0,1000,1000,1,0,27
3,1,27,1000,0,419,4.4425,0.0648,0.0797,0.0224,1.0055,0.9797,0,1000,1000,1,0,27
3,1,27,1000,0,420,8.8092,0.0603,0.2906,0.0132,1.633,1.2341,1,1000,1000,1,51,27
3,1,27,1000,0,421,3.2234,0.0603,0.2906,0.0178,0.8795,0.8585,0,1000,1000,1,0,27
3,1,27,1000,0,422,4.3753,0.0676,0.0978,0.0236,0.9313,0.9044,0,1000,1000,1,0,27
3,1,27,1000,0,423,3.9766,0.0676,0.0978,0.0231,0.9615,0.935,0,1000,1000,1,0,27
3,1,27,1000,0,424,4.7117,0.0537,0.3601,0.0155,1.5454,1.0889,1,1000,1000,1,35,27
3,1,27,1000,0,425,8.1713,0.0348,0.0866,0.0253,0.917,0.8873,0,1000,1000,1,0,27
3,1,27,1000,0,426,4.8833,0.0501,0.5058,0.0162,1.861,1.2611,1,1000,1000,1,42,27
3,1,27,1000,0,427,2.9385,0.0501,0.5058,0.0172,0.8554,0.835,0,1000,1000,1,0,27
3,1,27,1000,0,428,4.4146,0.0501,0.5058,0.0192,0.9146,0.8929,0,1000,1000,1,0,27
3,1,27,1000,0,429,4.1121,0.0495,0.0627,0.0179,0.8672,0.8462,0,1000,1000,1,0,27
3,1,27,1000,0,430,4.0562,0.0495,0.0627,0.0172,0.9004,0.8788,0,1000,1000,1,0,27
3,1,27,1000,0,431,5.248,0.0539,0.5748,0.0146,1.8081,1.135,1,1000,1000,1,29,27
3,1,27,1000,0,432,3.0306,0.0539,0.5748,0.0176,0.8899,0.8696,0,1000,1000,1,0,27
3,1,27,1000,0,433,4.8092,0.0522,0.0859,0.0259,0.9351,0.9051,0,1000,1000,1,0,27
3,1,27,1000,0,434,3.5712,0.0522,0.0859,0.017,0.9858,0.9658,0,1000,1000,1,0,27
3,1,27,1000,0,435,5.1027,0.0494,0.1438,0.0137,1.598,1.3674,1,1000,1000,1,18,27
3,1,27,1000,0,436,8.0459,0.0613,0.0482,0.0231,0.9336,0.9066,0,1000,1000,1,0,27
3,1,27,1000,0,437,8.2057,0.0469,0.0997,0.0203,1.3144,1.1209,1,1000,1000,1,22,27
3,1,27,1000,0,438,8.4964,0.0433,0.3587,0.0215,0.9117,0.886,0,1000,1000,1,0,27
3,1,27,1000,0,439,3.5613,0.0433,0.3587,0.0155,0.9142,0.896,0,1000,1000,1,0,27
3,1,27,1000,0,440,4.646,0.0369,0.1061,0.0141,1.3826,1.1942,1,1000,1000,1,20,27
3,1,27,1000,0,441,3.5946,0.0369,0.1061,0.023,0.8595,0.833,0,1000,1000,1,0,27
3,1,27,1000,0,442,4.5263,0.0517,0.0811,0.0205,1.1217,1.0969,0,1000,1000,1,0,27
3,1,27,1000,0,443,3.8825,0.0517,0.0811,0.021,0.9793,0.9549,0,1000,1000,1,0,27
3,1,27,1000,0,444,4.6495,0.0542,0.1391,0.0132,1.4606,1.2253,1,1000,1000,1,14,27
3,1,27,1000,0,445,8.1378,0.0505,0.0531,0.0287,1.1076,1.0749,0,1000,1000,1,0,27
3,1,27,1000,0,446,3.6904,0.0505,0.0531,0.0187,0.8492,0.8274,0,1000,1000,1,0,27
3,1,27,1000,0,447,4.742,0.0646,0.1466,0.0137,1.3884,1.1032,1,1000,1000,1,18,27
3,1,27,1000,0,448,3.7037,0.0646,0.1466,0.0182,0.863,0.8416,0,1000,1000,1,0,27
3,1,27,1000,0,449,4.3772,0.06,0.1177,0.0234,0.8942,0.8678,0,1000,1000,1,0,27
3,1,27,1000,0,450,4.7324,0.0537,0.1099,0.0124,1.3428,1.1374,1,1000,1000,1,17,27
3,1,27,1000,0,451,3.4641,0.0537,0.1099,0.0188,0.9372,0.9155,0,1000,1000,1,0,27
3,1,27,1000,0,452,4.4569,0.0537,0.1099,0.0241,0.9705,0.9436,0,1000,1000,1,0,27
3,1,27,1000,0,453,8.7708,0.0333,0.1009,0.0142,1.2715,1.091,1,1000,1000,1,13,27
3,1,27,1000,0,454,7.7837,0.0333,0.1009,0.0185,0.9184,0.8968,0,1000,1000,1,0,27
3,1,27,1000,0,455,8.4821,0.0594,0.1059,0.0253,1.0701,1.0405,0,1000,1000,1,0,27
3,1,27,1000,0,456,4.0752,0.0683,0.1266,0.0138,1.2997,1.0656,1,1000,1000,1,9,27
3,1,27,1000,0,457,3.859,0.0683,0.1266,0.0187,0.9537,0.932,0,1000,1000,1,0,27
3,1,27,1000,0,458,4.4385,0.0416,0.2216,0.0223,0.9017,0.8755,0,1000,1000,1,0,27
3,1,27,1000,0,459,4.1412,0.0416,0.2216,0.0218,1.0008,0.9756,0,1000,1000,1,0,27
3,1,27,1000,0,460,4.5168,0.0548,0.1112,0.0135,1.5548,1.3423,1,1000,1000,1,12,27
3,1,27,1000,0,461,3.7924,0.0548,0.1112,0.0227,1.0784,1.0516,0,1000,1000,1,0,27
3,1,27,1000,0,462,4.2422,0.0618,0.1377,0.0294,0.9853,0.9524,0,1000,1000,1,0,27
3,1,27,1000,0,463,8.6735,0.0551,0.0845,0.0133,1.4556,1.2753,1,1000,1000,1,15,27
3,1,27,1000,0,464,3.9366,0.0551,0.0845,0.0206,1.1026,1.0783,0,1000,1000,1,0,27
3,1,27,1000,0,465,8.7887,0.0371,0.1154,0.0127,1.3448,1.1335,1,1000,1000,1,6,27
3,1,27,1000,0,466,7.5157,0.0371,0.1154,0.0221,0.902,0.8773,0,1000,1000,1,0,27
3,1,27,1000,0,467,4.5483,0.0532,0.087,0.0262,0.9304,0.9009,0,1000,1000,1,0,27
3,1,27,1000,0,468,8.5897,0.0619,0.0786,0.0134,1.414,1.2345,1,1000,1000,1,7,27
3,1,27,1000,0,469,7.9819,0.0541,0.0727,0.0272,0.9756,0.9445,0,1000,1000,1,0,27
3,1,27,1000,0,470,3.8605,0.0541,0.0727,0.0223,0.8895,0.8637,0,1000,1000,1,0,27
3,1,27,1000,0,471,4.8211,0.0728,0.0826,0.0127,1.5648,1.3702,1,1000,1000,1,12,27
3,1,27,1000,0,472,3.6965,0.0728,0.0826,0.0179,0.8347,0.8134,0,1000,1000,1,0,27
3,1,27,1000,0,473,8.5976,0.0572,0.1397,0.0267,0.9485,0.9181,0,1000,1000,1,0,27
3,1,27,1000,0,474,8.4953,0.0449,0.072,0.0128,1.2569,1.1019,1,1000,1000,1,9,27
3,1,27,1000,0,475,7.9201,0.0502,0.0762,0.022,0.9317,0.9057,0,1000,1000,1,0,27
3,1,27,1000,0,476,9.6135,0.0505,0.0664,0.0135,1.7671,1.6119,1,1000,1000,1,6,27
3,1,27,1000,0,477,7.9588,0.0403,0.0954,0.0142,1.3912,1.196,1,1000,1000,1,10,27
3,1,27,1000,0,478,7.6972,0.0403,0.0954,0.0347,1.2153,1.1772,0,1000,1000,1,0,27
3,1,27,1000,0,479,8.802,0.0854,0.5142,0.0314,1.1351,1.0985,0,1000,1000,1,0,27
3,1,27,1000,0,480,8.08,0.066,0.0891,0.0144,1.5942,1.3911,1,1000,1000,1,7,27
3,1,27,1000,0,481,8.082,0.0535,0.0576,0.0316,1.1194,1.0824,0,1000,1000,1,0,27
3,1,27,1000,0,482,5.0791,0.0908,0.0857,0.016,1.6886,1.461,1,1000,1000,1,5,27
3,1,27,1000,0,483,7.5392,0.0454,0.0955,0.0277,0.9687,0.9373,0,1000,1000,1,0,27
3,1,27,1000,0,484,8.7613,0.0437,0.0661,0.0127,1.6273,1.4781,1,1000,1000,1,6,27
3,1,27,1000,0,485,3.4271,0.0437,0.0661,0.0211,0.889,0.8652,0,1000,1000,1,0,27
3,1,27,1000,0,486,4.661,0.0543,0.1568,0.026,1.1617,1.1306,0,1000,1000,1,0,27
3,1,27,1000,0,487,3.5109,0.0543,0.1568,0.0229,0.922,0.8956,0,1000,1000,1,0,27
3,1,27,1000,0,488,4.6342,0.0577,0.142,0.0123,1.4719,1.2244,1,1000,1000,1,6,27
3,1,27,1000,0,489,3.83,0.0577,0.142,0.0216,0.9266,0.9023,0,1000,1000,1,0,27
3,1,27,1000,0,490,4.6748,0.0621,0.409,0.0248,1.0096,0.9816,0,1000,1000,1,0,27
3,1,27,1000,0,491,3.6942,0.0621,0.409,0.043,1.0382,0.9913,0,1000,1000,1,0,27
3,1,27,1000,0,492,4.878,0.0551,0.0771,0.014,1.3747,1.2011,1,1000,1000,1,7,27
3,1,27,1000,0,493,8.0153,0.0387,0.0475,0.0258,1.0965,1.0663,0,1000,1000,1,0,27
3,1,27,1000,0,494,4.0537,0.0511,0.1267,0.0186,1.3054,1.0775,1,1000,1000,1,9,27
3,1,27,1000,0,495,7.8703,0.0511,0.1267,0.0226,0.9286,0.9031,0,1000,1000,1,0,27
3,1,27,1000,0,496,4.6632,0.0475,0.1842,0.0272,1.0305,0.9996,0,1000,1000,1,0,27
3,1,27,1000,0,497,4.3686,0.0504,0.0939,0.0127,1.4235,1.2429,1,1000,1000,1,6,27
3,1,27,1000,0,498,8.0852,0.0504,0.0939,0.0252,1.2279,1.1994,0,1000,1000,1,0,27
3,1,27,1000,0,499,4.218,0.0534,0.0535,0.0303,1.0671,1.0327,0,1000,1000,1,0,27
3,1,27,1000,0,500,8.4097,0.0592,0.0925,0.0134,1.5379,1.3374,1,1000,1000,1,4,27
3,1,27,1000,0,501,4.1131,0.0592,0.0925,0.0254,1.1311,1.1023,0,1000,1000,1,0,27
3,1,27,1000,0,502,8.9184,0.0512,0.1271,0.014,1.4159,1.1897,1,1000,1000,1,5,27
3,1,27,1000,0,503,7.5609,0.0512,0.1271,0.0388,1.1497,1.1051,0,1000,1000,1,0,27
3,1,27,1000,0,504,9.0137,0.0264,0.0877,0.0128,1.5797,1.4264,1,1000,1000,1,3,27
3,1,27,1000,0,505,7.5052,0.0264,0.0877,0.022,1.0296,1.0042,0,1000,1000,1,0,27
3,1,27,1000,0,506,4.055,0.0614,0.0512,0.0259,0.9068,0.877,0,1000,1000,1,0,27
3,1,27,1000,0,507,4.175,0.0614,0.0512,0.0287,0.9858,0.9539,0,1000,1000,1,0,27
3,1,27,1000,0,508,4.6923,0.0557,0.0721,0.0132,1.6562,1.4845,1,1000,1000,1,3,27
3,1,27,1000,0,509,8.5243,0.0469,0.0686,0.0337,1.401,1.3628,0,1000,1000,1,0,27
3,1,27,1000,0,510,8.094,0.0404,0.0765,0.0142,1.3515,1.1939,1,1000,1000,1,5,27
3,1,27,1000,0,511,8.1744,0.0497,0.0923,0.0264,0.9648,0.9346,0,1000,1000,1,0,27
3,1,27,1000,0,512,8.332,0.0543,0.0784,0.013,1.2591,1.087,1,1000,1000,1,4,27
3,1,27,1000,0,513,3.9237,0.0543,0.0784,0.0214,0.8816,0.8573,0,1000,1000,1,0,27
3,1,27,1000,0,514,4.3011,0.0712,0.0878,0.026,0.9565,0.9271,0,1000,1000,1,0,27
3,1,27,1000,0,515,3.7491,0.0712,0.0878,0.0194,0.8586,0.8353,0,1000,1000,1,0,27
3,1,27,1000,0,516,4.7677,0.0452,0.097,0.0141,1.3629,1.1762,1,1000,1000,1,1,27
3,1,27,1000,0,517,8.1873,0.1022,0.0091,0.0232,0.9528,0.9261,0,1000,1000,1,0,27
3,1,27,1000,0,518,3.8532,0.1022,0.0091,0.0215,1.0379,1.0128,0,1000,1000,1,0,27
3,1,27,1000,0,519,4.4212,0.0576,0.0859,0.0132,1.402,1.221,1,1000,1000,1,1,27
3,1,27,1000,0,520,3.6552,0.0576,0.0859,0.0181,0.8516,0.8308,0,1000,1000,1,0,27
3,1,27,1000,0,521,4.3729,0.0573,0.0431,0.0204,0.8952,0.8715,0,1000,1000,1,0,27
3,1,27,1000,0,522,4.1407,0.0573,0.0431,0.0277,1.1275,1.0954,0,1000,1000,1,0,27
3,1,27,1000,0,523,4.4783,0.0569,0.0823,0.0128,1.2542,1.0732,1,1000,1000,1,4,27
3,1,27,1000,0,524,3.7864,0.0569,0.0823,0.0217,0.9429,0.9176,0,1000,1000,1,0,27
3,1,27,1000,0,525,4.2842,0.0504,0.0707,0.0193,0.9807,0.9581,0,1000,1000,1,0,27
3,1,27,1000,0,526,4.079,0.0504,0.0707,0.0196,0.8939,0.8707,0,1000,1000,1,0,27
3,1,27,1000,0,527,4.3826,0.054,0.1053,0.0165,1.3019,1.1007,1,1000,1000,1,3,27
3,1,27,1000,0,528,3.8413,0.054,0.1053,0.0209,0.9232,0.8988,0,1000,1000,1,0,27
3,1,27,1000,0,529,4.5752,0.0537,0.0585,0.023,0.9628,0.9365,0,1000,1000,1,0,27
3,1,27,1000,0,530,8.4695,0.0536,0.0692,0.0127,1.297,1.134,1,1000,1000,1,1,27
3,1,27,1000,0,531,7.9611,0.043,0.0385,0.0202,0.8681,0.8446,0,1000,1000,1,0,27
3,1,27,1000,0,532,9.1347,0.0507,0.0599,0.0141,1.4879,1.3235,1,1000,1000,1,0,27
3,1,27,1000,0,533,8.6055,0.0625,0.2845,0.0286,1.083,1.0493,0,1000,1000,1,0,27
3,1,27,1000,0,534,8.2984,0.0535,0.0752,0.0135,1.4001,1.2364,1,1000,1000,1,1,27
3,1,27,1000,0,535,7.7272,0.051,0.0996,0.0232,0.9557,0.9283,0,1000,1000,1,0,27
3,1,27,1000,0,536,8.2507,0.0628,0.0844,0.0133,1.2469,1.06,1,1000,1000,1,4,27
3,1,27,1000,0,537,3.7762,0.0628,0.0844,0.023,0.9012,0.8757,0,1000,1000,1,0,27
3,1,27,1000,0,538,4.8799,0.0504,0.1515,0.0295,1.2373,1.2029,0,1000,1000,1,0,27
3,1,27,1000,0,539,8.7426,0.0771,0.1179,0.0137,1.5559,1.3176,1,1000,1000,1,0,27
3,1,27,1000,0,540,7.4377,0.0453,0.1373,0.0263,0.9369,0.907,0,1000,1000,1,0,27
3,1,27,1000,0,541,4.0854,0.0453,0.1373,0.0271,0.9497,0.9196,0,1000,1000,1,0,27
3,1,27,1000,0,542,4.3014,0.0758,0.0688,0.0133,1.2926,1.1068,1,1000,1000,1,1,27
3,1,27,1000,0,543,3.9,0.0758,0.0688,0.0205,0.9987,0.9754,0,1000,1000,1,0,27
3,1,27,1000,0,544,4.5042,0.0518,0.1315,0.0255,0.9672,0.9382,0,1000,1000,1,0,27
3,1,27,1000,0,545,3.8702,0.0518,0.1315,0.0217,0.9024,0.8781,0,1000,1000,1,0,27
3,1,27,1000,0,546,4.4222,0.0729,0.0777,0.0225,1.2716,1.0724,1,1000,1000,1,3,27
3,1,27,1000,0,547,4.1062,0.0729,0.0777,0.0191,0.9518,0.9299,0,1000,1000,1,0,27
3,1,27,1000,0,548,8.3734,0.0525,0.0518,0.0254,0.9503,0.9219,0,1000,1000,1,0,27
3,1,27,1000,0,549,8.5802,0.0481,0.1658,0.0144,1.4493,1.1845,1,1000,1000,1,1,27
3,1,27,1000,0,550,4.0565,0.0426,0.0473,0.0479,1.0931,1.0416,0,1000,1000,1,0,27
4,0,4,1000,1,151,4.7357,0.0166,0.4816,0.0176,1.3377,0.7813,1,1000,1000,1,19,4
4,0,4,1000,1,152,3.4766,0,0,0.0386,0.8154,0.7728,0,1000,1000,1,0,4
4,0,4,1000,1,153,8.9742,0,0,0.0606,1.1383,1.0668,0,1000,1000,1,0,4
4,0,4,1000,1,154,9.0014,0.0124,0.4691,0.0138,1.5632,1.019,1,1000,1000,1,18,4
4,0,4,1000,1,155,3.1305,0,0,0.034,0.8204,0.7817,0,1000,1000,1,0,4
4,0,4,1000,1,156,4.3156,0,0,0.0475,0.8481,0.7959,0,1000,1000,1,0,4
4,0,4,1000,1,157,4.8502,0.0161,0.5892,0.0137,1.5577,0.8757,1,1000,1000,1,17,4
4,0,4,1000,1,158,3.5812,0,0,0.04,0.934,0.8888,0,1000,1000,1,0,4
4,0,4,1000,1,159,4.3802,0,0,0.0525,1.0107,0.9507,0,1000,1000,1,0,4
4,0,4,1000,1,160,3.8309,0,0,0.0379,0.8093,0.7673,0,1000,1000,1,0,4
4,0,4,1000,1,161,4.9392,0.0148,0.8633,0.0137,1.7045,0.7735,1,1000,1000,1,21,4
4,0,4,1000,1,162,7.6498,0,0,0.0446,0.8728,0.823,0,1000,1000,1,0,4
4,0,4,1000,1,163,8.8827,0.0153,0.5104,0.0129,1.5083,0.9162,1,1000,1000,1,24,4
4,0,4,1000,1,164,7.8607,0,0,0.0578,0.9436,0.8802,0,1000,1000,1,0,4
4,0,4,1000,1,165,3.6641,0,0,0.0324,0.8442,0.8062,0,1000,1000,1,0,4
4,0,4,1000,1,166,4.9314,0.0207,0.5344,0.0142,1.5068,0.8874,1,1000,1000,1,18,4
4,0,4,1000,1,167,3.4182,0,0,0.0347,0.8578,0.8178,0,1000,1000,1,0,4
4,0,4,1000,1,168,4.6086,0,0,0.0549,0.9395,0.8781,0,1000,1000,1,0,4
4,0,4,1000,1,169,3.6592,0,0,0.0335,0.7729,0.7349,0,1000,1000,1,0,4
4,0,4,1000,1,170,4.9227,0.0115,0.5777,0.0138,1.4689,0.8105,1,1000,1000,1,26,4
4,0,4,1000,1,171,3.3917,0,0,0.0409,0.8023,0.7569,0,1000,1000,1,0,4
4,0,4,1000,1,172,4.3759,0,0,0.0363,0.864,0.8224,0,1000,1000,1,0,4
4,0,4,1000,1,173,4.1663,0,0,0.0433,0.8418,0.7938,0,1000,1000,1,0,4
4,0,4,1000,1,174,4.6697,0.0133,0.556,0.0138,1.4043,0.7799,1,1000,1000,1,19,4
4,0,4,1000,1,175,3.5678,0,0,0.0307,0.7899,0.7556,0,1000,1000,1,0,4
4,0,4,1000,1,176,4.7069,0,0,0.0454,0.8534,0.8022,0,1000,1000,1,0,4
4,0,4,1000,1,177,3.6159,0,0,0.0288,0.7997,0.7668,0,1000,1000,1,0,4
4,0,4,1000,1,178,9.6234,0.0415,0.6437,0.0142,1.6849,0.9273,1,1000,1000,1,16,4
4,0,4,1000,1,179,7.412,0,0,0.044,0.9636,0.9135,0,1000,1000,1,0,4
4,0,4,1000,1,180,4.3022,0.0142,0.4897,0.0139,1.3726,0.8175,1,1000,1000,1,19,4
4,0,4,1000,1,181,8.0595,0,0,0.047,0.9528,0.8982,0,1000,1000,1,0,4
4,0,4,1000,1,182,4.4315,0,0,0.0313,1.2565,1.2194,0,1000,1000,1,0,4
4,0,4,1000,1,183,8.626,0.0131,0.5646,0.0142,1.5207,0.8763,1,1000,1000,1,25,4
4,0,4,1000,1,184,8.6648,0,0,0.0543,0.9661,0.9056,0,1000,1000,1,0,4
4,0,4,1000,1,185,3.7472,0.0098,0.5531,0.0141,1.5409,0.9179,1,1000,1000,1,27,4
4,0,4,1000,1,186,3.5198,0,0,0.0349,0.8729,0.8325,0,1000,1000,1,0,4
4,0,4,1000,1,187,4.4455,0,0,0.0435,0.8715,0.8222,0,1000,1000,1,0,4
4,0,4,1000,1,188,4.3491,0,0,0.034,0.9777,0.9376,0,1000,1000,1,0,4
4,0,4,1000,1,189,4.825,0.0172,0.6462,0.0142,1.6931,0.9771,1,1000,1000,1,23,4
4,0,4,1000,1,190,3.3188,0,0,0.0208,0.9168,0.8906,0,1000,1000,1,0,4
4,0,4,1000,1,191,4.224,0,0,0.0453,1.0394,0.9825,0,1000,1000,1,0,4
4,0,4,1000,1,192,3.9054,0,0,0.0424,0.8748,0.8264,0,1000,1000,1,0,4
4,0,4,1000,1,193,4.6796,0.0237,0.5492,0.0137,1.5403,0.9113,1,1000,1000,1,18,4
4,0,4,1000,1,194,3.4839,0,0,0.0308,0.8838,0.8446,0,1000,1000,1,0,4
4,0,4,1000,1,195,4.5413,0,0,0.0477,0.9331,0.8797,0,1000,1000,1,0,4
4,0,4,1000,1,196,3.9066,0,0,0.0425,0.9582,0.909,0,1000,1000,1,0,4
4,0,4,1000,1,197,4.97,0.0208,0.7415,0.0133,1.6583,0.839,1,1000,1000,1,27,4
4,0,4,1000,1,198,3.363,0,0,0.0275,0.8385,0.8065,0,1000,1000,1,0,4
4,0,4,1000,1,199,4.9252,0,0,0.0775,1.0096,0.9253,0,1000,1000,1,0,4
4,0,4,1000,1,200,4.3296,0,0,0.1079,1.31,1.1952,0,1000,1000,1,0,4
4,0,4,1000,1,201,7.963,0.0183,0.5119,0.0143,1.4218,0.8317,1,1000,1000,1,25,4
4,0,4,1000,1,202,3.8608,0,0,0.0465,0.8955,0.8431,0,1000,1000,1,0,4
4,0,4,1000,1,203,3.9076,0,0,0.0369,0.8702,0.8279,0,1000,1000,1,0,4
4,0,4,1000,1,204,4.6768,0.0157,0.5199,0.0133,1.4103,0.8258,1,1000,1000,1,28,4
4,0,4,1000,1,205,4.0008,0,0,0.0501,1.1001,1.044,0,1000,1000,1,0,4
4,0,4,1000,1,206,4.2532,0,0,0.0437,0.8891,0.8401,0,1000,1000,1,0,4
4,0,4,1000,1,207,3.6269,0,0,0.0338,0.8792,0.8398,0,1000,1000,1,0,4
4,0,4,1000,1,208,5.1671,0.0158,0.72,0.0177,1.5888,0.7859,1,1000,1000,1,26,4
4,0,4,1000,1,209,3.4745,0,0,0.0497,0.977,0.9221,0,1000,1000,1,0,4
4,0,4,1000,1,210,4.2204,0,0,0.0424,0.879,0.8309,0,1000,1000,1,0,4
4,0,4,1000,1,211,4.0221,0,0,0.0383,0.8299,0.7865,0,1000,1000,1,0,4
4,0,4,1000,1,212,8.8437,0.0147,0.5985,0.0137,1.5212,0.8558,1,1000,1000,1,26,4
4,0,4,1000,1,213,4.0096,0,0,0.0477,0.8912,0.838,0,1000,1000,1,0,4
4,0,4,1000,1,214,3.6671,0,0,0.0358,0.9812,0.9385,0,1000,1000,1,0,4
4,0,4,1000,1,215,4.8186,0.0134,0.5692,0.0133,1.5519,0.9159,1,1000,1000,1,26,4
4,0,4,1000,1,216,3.7861,0,0,0.0417,0.8778,0.8308,0,1000,1000,1,0,4
4,0,4,1000,1,217,8.5819,0,0,0.0476,1.0555,1.0001,0,1000,1000,1,0,4
4,0,4,1000,1,218,8.9076,0.011,0.6873,0.0137,1.7174,0.9551,1,1000,1000,1,29,4
4,0,4,1000,1,219,3.248,0,0,0.0321,0.8663,0.8285,0,1000,1000,1,0,4
4,0,4,1000,1,220,4.0492,0,0,0.0391,0.8546,0.8099,0,1000,1000,1,0,4
4,0,4,1000,1,221,4.8519,0.0144,0.6262,0.0138,1.6906,0.9769,1,1000,1000,1,31,4
4,0,4,1000,1,222,3.33,0,0,0.0232,0.8046,0.7765,0,1000,1000,1,0,4
4,0,4,1000,1,223,4.5442,0,0,0.0447,0.9401,0.889,0,1000,1000,1,0,4
4,0,4,1000,1,224,3.8864,0,0,0.0483,0.9395,0.8859,0,1000,1000,1,0,4
4,0,4,1000,1,225,4.9354,0.0142,0.6175,0.0136,1.6413,0.9485,1,1000,1000,1,22,4
4,0,4,1000,1,226,3.4187,0,0,0.0525,0.9579,0.9001,0,1000,1000,1,0,4
4,0,4,1000,1,227,4.3743,0,0,0.0633,1.0135,0.9443,0,1000,1000,1,0,4
4,0,4,1000,1,228,4.0794,0,0,0.0651,1.0755,1.0033,0,1000,1000,1,0,4
4,0,4,1000,1,229,4.9574,0.0152,0.7482,0.0139,1.6832,0.8584,1,1000,1000,1,22,4
4,0,4,1000,1,230,3.177,0,0,0.033,0.8319,0.7933,0,1000,1000,1,0,4
4,0,4,1000,1,231,4.4263,0,0,0.0352,0.8665,0.8259,0,1000,1000,1,0,4
4,0,4,1000,1,232,4.1232,0,0,0.0559,1.0171,0.9544,0,1000,1000,1,0,4
4,0,4,1000,1,233,4.6529,0.0159,0.6673,0.0133,1.6265,0.8952,1,1000,1000,1,24,4
4,0,4,1000,1,234,3.4111,0,0,0.0306,0.8086,0.7733,0,1000,1000,1,0,4
4,0,4,1000,1,235,4.4305,0,0,0.0424,0.8924,0.8448,0,1000,1000,1,0,4
4,0,4,1000,1,236,3.96,0,0,0.039,0.8899,0.8442,0,1000,1000,1,0,4
4,0,4,1000,1,237,5.0234,0.0132,0.6703,0.0146,1.5775,0.84,1,1000,1000,1,21,4
4,0,4,1000,1,238,8.5638,0,0,0.2657,1.5793,1.3033,0,1000,1000,1,0,4
4,0,4,1000,1,239,3.1522,0,0,0.0345,0.8356,0.7955,0,1000,1000,1,0,4
4,0,4,1000,1,240,4.9776,0.0143,0.7591,0.0142,1.671,0.8467,1,1000,1000,1,17,4
4,0,4,1000,1,241,3.5933,0,0,0.0506,0.9226,0.8661,0,1000,1000,1,0,4
4,0,4,1000,1,242,4.5602,0,0,0.0371,0.9166,0.8738,0,1000,1000,1,0,4
4,0,4,1000,1,243,8.4278,0.015,0.5885,0.0142,1.4811,0.8243,1,1000,1000,1,22,4
4,0,4,1000,1,244,8.2127,0,0,0.0452,1.0348,0.98,0,1000,1000,1,0,4
4,0,4,1000,1,245,3.5639,0,0,0.0413,0.943,0.8951,0,1000,1000,1,0,4
4,0,4,1000,1,246,4.867,0.0144,0.651,0.0142,1.5965,0.8768,1,1000,1000,1,24,4
4,0,4,1000,1,247,3.5884,0,0,0.0348,1.0383,0.9961,0,1000,1000,1,0,4
4,0,4,1000,1,248,4.1952,0,0,0.0419,0.882,0.8345,0,1000,1000,1,0,4
4,0,4,1000,1,249,3.9769,0,0,0.0477,0.9107,0.8571,0,1000,1000,1,0,4
4,0,4,1000,1,250,5.0407,0.0316,0.7023,0.0137,1.7402,0.9218,1,1000,1000,1,19,4
4,0,4,1000,1,251,7.8148,0,0,0.0466,0.9621,0.909,0,1000,1000,1,0,4
4,0,4,1000,1,252,3.7363,0,0,0.0328,0.8377,0.8005,0,1000,1000,1,0,4
4,0,4,1000,1,253,4.8716,0.0153,0.5734,0.0138,1.5134,0.8731,1,1000,1000,1,20,4
4,0,4,1000,1,254,3.4849,0,0,0.0385,0.8612,0.8177,0,1000,1000,1,0,4
4,0,4,1000,1,255,4.4106,0,0,0.0406,0.8697,0.8238,0,1000,1000,1,0,4
4,0,4,1000,1,256,4.0236,0,0,0.0486,0.9258,0.8724,0,1000,1000,1,0,4
4,0,4,1000,1,257,4.7419,0.0144,0.5505,0.0146,1.5824,0.961,1,1000,1000,1,17,4
4,0,4,1000,1,258,3.4459,0,0,0.0277,0.809,0.7772,0,1000,1000,1,0,4
4,0,4,1000,1,259,4.4436,0,0,0.046,0.892,0.8404,0,1000,1000,1,0,4
4,0,4,1000,1,260,4.0123,0,0,0.0437,0.8572,0.8079,0,1000,1000,1,0,4
4,0,4,1000,1,261,5.0025,0.0118,0.5811,0.0142,1.5468,0.8972,1,1000,1000,1,19,4
4,0,4,1000,1,262,7.5694,0,0,0.0408,0.8684,0.8224,0,1000,1000,1,0,4
4,0,4,1000,1,263,4.0191,0,0,0.0329,0.8653,0.8281,0,1000,1000,1,0,4
4,0,4,1000,1,264,5.0644,0.0157,0.6197,0.0137,1.7487,1.0546,1,1000,1000,1,16,4
4,0,4,1000,1,265,3.4194,0,0,0.0358,0.8831,0.8432,0,1000,1000,1,0,4
4,0,4,1000,1,266,4.3451,0,0,0.0356,0.8541,0.8128,0,1000,1000,1,0,4
4,0,4,1000,1,267,3.785,0,0,0.037,0.8953,0.8533,0,1000,1000,1,0,4
4,0,4,1000,1,268,5.4286,0.0146,0.8385,0.0149,1.8284,0.908,1,1000,1000,1,10,4
4,0,4,1000,1,269,7.6514,0,0,0.0468,0.9445,0.8916,0,1000,1000,1,0,4
4,0,4,1000,1,270,3.8618,0,0,0.0342,0.8593,0.818,0,1000,1000,1,0,4
4,0,4,1000,1,271,8.9644,0.0146,0.6398,0.0142,1.6361,0.9222,1,1000,1000,1,16,4
4,0,4,1000,1,272,3.8683,0,0,0.0339,0.8506,0.8117,0,1000,1000,1,0,4
4,0,4,1000,1,273,3.5659,0,0,0.0296,0.8313,0.796,0,1000,1000,1,0,4
4,0,4,1000,1,274,4.8502,0.0122,0.5941,0.0153,1.5362,0.8795,1,1000,1000,1,19,4
4,0,4,1000,1,275,3.5533,0,0,0.0402,0.8657,0.8206,0,1000,1000,1,0,4
4,0,4,1000,1,276,4.4271,0,0,0.0399,0.8989,0.8531,0,1000,1000,1,0,4
4,0,4,1000,1,277,3.9101,0,0,0.0411,0.8644,0.8182,0,1000,1000,1,0,4
4,0,4,1000,1,278,4.9171,0.0142,0.6959,0.0142,1.5807,0.82,1,1000,1000,1,12,4
4,0,4,1000,1,279,3.357,0,0,0.0323,0.8571,0.8202,0,1000,1000,1,0,4
4,0,4,1000,1,280,4.3546,0,0,0.0369,0.8869,0.8444,0,1000,1000,1,0,4
4,0,4,1000,1,281,3.9903,0,0,0.0377,0.8642,0.8218,0,1000,1000,1,0,4
4,0,4,1000,1,282,5.0854,0.015,0.5728,0.0142,1.5466,0.8998,1,1000,1000,1,10,4
4,0,4,1000,1,283,8.0317,0,0,0.0356,1.1181,1.0759,0,1000,1000,1,0,4
4,0,4,1000,1,284,4.0589,0,0,0.0409,0.9332,0.8873,0,1000,1000,1,0,4
4,0,4,1000,1,285,4.401,0.0146,0.5844,0.0137,1.5562,0.9004,1,1000,1000,1,8,4
4,0,4,1000,1,286,3.517,0,0,0.0388,0.8791,0.8353,0,1000,1000,1,0,4
4,0,4,1000,1,287,4.547,0,0,0.0472,0.9838,0.9303,0,1000,1000,1,0,4
4,0,4,1000,1,288,3.6901,0,0,0.0354,0.8373,0.7968,0,1000,1000,1,0,4
4,0,4,1000,1,289,9.3639,0.0155,0.9267,0.0137,1.8873,0.8945,1,1000,1000,1,21,4
4,0,4,1000,1,290,3.1653,0,0,0.0343,0.806,0.7668,0,1000,1000,1,0,4
4,0,4,1000,1,291,4.7862,0,0,0.0396,0.8951,0.8503,0,1000,1000,1,0,4
4,0,4,1000,1,292,8.6796,0.0135,0.6562,0.0135,1.7684,1.0436,1,1000,1000,1,17,4
4,0,4,1000,1,293,3.69,0,0,0.0438,0.9637,0.8992,0,1000,1000,1,0,4
4,0,4,1000,1,294,8.5597,0.0117,0.5868,0.0286,1.5742,0.8951,1,1000,1000,1,10,4
4,0,4,1000,1,295,3.9516,0,0,0.0538,0.9626,0.9035,0,1000,1000,1,0,4
4,0,4,1000,1,296,8.3135,0,0,0.0583,1.1103,1.0465,0,1000,1000,1,0,4
4,0,4,1000,1,297,4.6025,0.0124,0.6201,0.0141,1.586,0.8982,1,1000,1000,1,11,4
4,0,4,1000,1,298,3.1709,0,0,0.0409,0.8985,0.8534,0,1000,1000,1,0,4
4,0,4,1000,1,299,8.9026,0,0,0.0601,0.9746,0.9085,0,1000,1000,1,0,4
4,0,4,1000,1,300,8.7112,0.0107,0.6228,0.0133,1.7046,1.0048,1,1000,1000,1,13,4
4,0,4,1000,1,301,3.6581,0,0,0.0319,0.8573,0.8202,0,1000,1000,1,0,4
4,0,4,1000,1,302,4.0976,0,0,0.0306,0.8228,0.7875,0,1000,1000,1,0,4
4,0,4,1000,1,303,5.1138,0.0246,0.7901,0.0137,1.832,0.9484,1,1000,1000,1,6,4
4,0,4,1000,1,304,2.7952,0,0,0.0233,0.799,0.7715,0,1000,1000,1,0,4
4,0,4,1000,1,305,4.4539,0,0,0.045,0.9345,0.8843,0,1000,1000,1,0,4
4,0,4,1000,1,306,4.1839,0,0,0.0368,1.0191,0.9737,0,1000,1000,1,0,4
4,0,4,1000,1,307,4.6563,0.0122,0.5702,0.0133,1.4864,0.8511,1,1000,1000,1,16,4
4,0,4,1000,1,308,3.5096,0,0,0.0403,0.9036,0.8583,0,1000,1000,1,0,4
4,0,4,1000,1,309,4.3497,0,0,0.0408,0.9155,0.8691,0,1000,1000,1,0,4
4,0,4,1000,1,310,4.1094,0,0,0.0371,0.914,0.8728,0,1000,1000,1,0,4
4,0,4,1000,1,311,4.5662,0.0193,0.6163,0.0142,1.5283,0.8408,1,1000,1000,1,20,4
4,0,4,1000,1,312,3.6337,0,0,0.0302,0.8354,0.8007,0,1000,1000,1,0,4
4,0,4,1000,1,313,4.4245,0,0,0.036,0.9323,0.8821,0,1000,1000,1,0,4
4,0,4,1000,1,314,3.851,0,0,0.0299,0.8081,0.7734,0,1000,1000,1,0,4
4,0,4,1000,1,315,4.8588,0.0146,0.5487,0.0137,1.4769,0.8652,1,1000,1000,1,10,4
4,0,4,1000,1,316,3.4739,0,0,0.0213,0.8238,0.7977,0,1000,1000,1,0,4
4,0,4,1000,1,317,4.412,0,0,0.0423,0.9247,0.8766,0,1000,1000,1,0,4
4,0,4,1000,1,318,4.0718,0,0,0.0397,0.9453,0.9012,0,1000,1000,1,0,4
4,0,4,1000,1,319,5.2889,0.0143,0.6923,0.0332,2.0288,1.2364,1,1000,1000,1,5,4
4,0,4,1000,1,320,3.1006,0,0,0.0539,0.9788,0.9202,0,1000,1000,1,0,4
4,0,4,1000,1,321,4.3595,0,0,0.0403,0.8627,0.8173,0,1000,1000,1,0,4
4,0,4,1000,1,322,3.7126,0,0,0.0297,0.8201,0.7857,0,1000,1000,1,0,4
4,0,4,1000,1,323,4.9746,0.0165,0.6465,0.0137,1.537,0.8269,1,1000,1000,1,11,4
4,0,4,1000,1,324,4.0316,0,0,0.0428,0.943,0.8941,0,1000,1000,1,0,4
4,0,4,1000,1,325,8.0138,0,0,0.0489,0.8976,0.8429,0,1000,1000,1,0,4
4,0,4,1000,1,326,5.0562,0.0158,0.7972,0.0142,1.7556,0.8859,1,1000,1000,1,10,4
4,0,4,1000,1,327,3.014,0,0,0.04,0.9645,0.9186,0,1000,1000,1,0,4
4,0,4,1000,1,328,4.6063,0,0,0.0478,0.973,0.9193,0,1000,1000,1,0,4
4,0,4,1000,1,329,3.6678,0,0,0.0343,0.8426,0.804,0,1000,1000,1,0,4
4,0,4,1000,1,330,5.0369,0.013,0.7237,0.0146,1.6788,0.8819,1,1000,1000,1,21,4
4,0,4,1000,1,331,8.8872,0,0,0.0516,0.9711,0.9129,0,1000,1000,1,0,4
4,0,4,1000,1,332,8.0019,0.0124,0.6628,0.0141,1.5761,0.8569,1,1000,1000,1,9,4
4,0,4,1000,1,333,7.601,0,0,0.0418,0.9196,0.8715,0,1000,1000,1,0,4
4,0,4,1000,1,334,3.8521,0,0,0.0297,0.8059,0.7715,0,1000,1000,1,0,4
4,0,4,1000,1,335,5.2642,0.0165,0.8843,0.0133,1.8995,0.9393,1,1000,1000,1,11,4
4,0,4,1000,1,336,2.9893,0,0,0.0339,0.8394,0.7999,0,1000,1000,1,0,4
4,0,4,1000,1,337,4.5509,0,0,0.0453,1.0907,1.0383,0,1000,1000,1,0,4
4,0,4,1000,1,338,4.1005,0,0,0.0341,0.974,0.933,0,1000,1000,1,0,4
4,0,4,1000,1,339,5.2462,0.0164,0.7678,0.0141,1.7719,0.9382,1,1000,1000,1,9,4
4,0,4,1000,1,340,7.718,0,0,0.0673,1.0192,0.9456,0,1000,1000,1,0,4
4,0,4,1000,1,341,8.6659,0.012,0.7932,0.018,1.8371,0.9531,1,1000,1000,1,9,4
4,0,4,1000,1,342,3.237,0,0,0.0362,0.9564,0.9151,0,1000,1000,1,0,4
4,0,4,1000,1,343,4.3098,0,0,0.0471,0.9517,0.899,0,1000,1000,1,0,4
4,0,4,1000,1,344,3.8749,0,0,0.0315,0.8484,0.8118,0,1000,1000,1,0,4
4,0,4,1000,1,345,4.92,0.0128,0.658,0.0142,1.5854,0.8634,1,1000,1000,1,14,4
4,0,4,1000,1,346,3.4078,0,0,0.0307,0.8307,0.7954,0,1000,1000,1,0,4
4,0,4,1000,1,347,4.5422,0,0,0.0591,0.9947,0.9291,0,1000,1000,1,0,4
4,0,4,1000,1,348,3.9161,0,0,0.032,0.8658,0.8278,0,1000,1000,1,0,4
4,0,4,1000,1,349,9.0302,0.0194,0.6625,0.0142,1.6425,0.9022,1,1000,1000,1,17,4
4,0,4,1000,1,350,3.6201,0,0,0.0384,0.8925,0.849,0,1000,1000,1,0,4
4,0,4,1000,1,351,4.4062,0,0,0.0829,1.017,0.926,0,1000,1000,1,0,4
4,0,4,1000,1,352,8.6594,0.0217,0.5189,0.0133,1.4695,0.8739,1,1000,1000,1,2,4
4,0,4,1000,1,353,3.6949,0,0,0.0329,1.0436,0.9959,0,1000,1000,1,0,4
4,0,4,1000,1,354,3.808,0,0,0.0295,0.8187,0.7852,0,1000,1000,1,0,4
4,0,4,1000,1,355,5.2334,0.0151,0.7935,0.0388,1.8609,0.9498,1,1000,1000,1,18,4
4,0,4,1000,1,356,3.0923,0,0,0.0198,0.8777,0.8498,0,1000,1000,1,0,4
4,0,4,1000,1,357,4.3153,0,0,0.0413,0.8751,0.8285,0,1000,1000,1,0,4
4,0,4,1000,1,358,4.0759,0,0,0.0389,0.9548,0.9084,0,1000,1000,1,0,4
4,0,4,1000,1,359,5.1237,0.0141,0.8483,0.0141,1.8847,0.9681,1,1000,1000,1,105,4
4,0,4,1000,1,360,3.2696,0,0,0.0395,0.9055,0.8616,0,1000,1000,1,0,4
4,0,4,1000,1,361,4.5312,0,0,0.048,1.1779,1.1238,0,1000,1000,1,0,4
4,0,4,1000,1,362,8.9528,0.0152,0.8233,0.0137,1.7696,0.8731,1,1000,1000,1,66,4
4,0,4,1000,1,363,7.4021,0,0,0.0349,0.8849,0.8449,0,1000,1000,1,0,4
4,0,4,1000,1,364,9.0928,0.0138,0.7108,0.0133,1.7069,0.9319,1,1000,1000,1,26,4
4,0,4,1000,1,365,7.8954,0,0,0.0437,1.0065,0.9567,0,1000,1000,1,0,4
4,0,4,1000,1,366,9.0131,0.0115,1.0754,0.0133,1.9443,0.815,1,1000,1000,1,184,4
4,0,4,1000,1,367,7.7123,0,0,0.0565,0.9807,0.919,0,1000,1000,1,0,4
4,0,4,1000,1,368,9.025,0.0113,1.0978,0.0135,2.0028,0.8461,1,1000,1000,1,117,4
4,0,4,1000,1,369,7.7067,0,0,0.0589,1.0048,0.9404,0,1000,1000,1,0,4
4,0,4,1000,1,370,9.1475,0.013,1.0158,0.0128,1.9071,0.8344,1,1000,1000,1,103,4
4,0,4,1000,1,371,7.1756,0,0,0.0379,0.8951,0.8523,0,1000,1000,1,0,4
4,0,4,1000,1,372,9.4975,0.0133,1.1107,0.0146,2.1904,1.0187,1,1000,1000,1,78,4
4,0,4,1000,1,373,7.1887,0,0,0.0347,0.9116,0.8717,0,1000,1000,1,0,4
4,0,4,1000,1,374,10.011,0.0199,1.4842,0.0135,2.4298,0.8772,1,1000,1000,1,198,4
4,0,4,1000,1,375,7.0679,0,0,0.0432,1.0943,1.0356,0,1000,1000,1,0,4
4,0,4,1000,1,376,9.3394,0.0165,1.3327,0.0132,2.3537,0.952,1,1000,1000,1,175,4
4,0,4,1000,1,377,7.1862,0,0,0.0472,0.9152,0.8634,0,1000,1000,1,0,4
4,0,4,1000,1,378,9.2426,0.019,1.1699,0.0142,2.2051,0.9654,1,1000,1000,1,98,4
4,0,4,1000,1,379,7.2774,0,0,0.0292,0.8611,0.8273,0,1000,1000,1,0,4
4,0,4,1000,1,380,9.4927,0.0129,0.9461,0.0138,1.8704,0.8636,1,1000,1000,1,98,4
4,0,4,1000,1,381,7.088,0,0,0.0392,0.9079,0.8645,0,1000,1000,1,0,4
4,0,4,1000,1,382,9.5767,0.0125,1.5104,0.0132,2.3935,0.8261,1,1000,1000,1,333,4
4,0,4,1000,1,383,7.0614,0,0,0.0414,0.9642,0.9182,0,1000,1000,1,0,4
4,0,4,1000,1,384,9.3514,0.0162,1.111,0.0146,2.0824,0.9051,1,1000,1000,1,132,4
4,0,4,1000,1,385,7.7323,0,0,0.0799,1.2331,1.1469,0,1000,1000,1,0,4
4,0,4,1000,1,386,8.7653,0.0123,1.0395,0.0142,1.9197,0.822,1,1000,1000,1,110,4
4,0,4,1000,1,387,7.4265,0,0,0.0368,0.8793,0.837,0,1000,1000,1,0,4
4,0,4,1000,1,388,9.6909,0.0133,1.5201,0.0142,2.4754,0.8922,1,1000,1000,1,293,4
4,0,4,1000,1,389,6.9382,0,0,0.0443,0.948,0.8995,0,1000,1000,1,0,4
4,0,4,1000,1,390,9.8876,0.016,1.3458,0.0132,2.4097,1.0006,1,1000,1000,1,187,4
4,0,4,1000,1,391,7.2363,0,0,0.0497,0.9213,0.8641,0,1000,1000,1,0,4
4,0,4,1000,1,392,3.5378,0,0,0.0343,0.8516,0.8124,0,1000,1000,1,0,4
4,0,4,1000,1,393,5.876,0.0149,1.3328,0.0145,2.3323,0.9355,1,1000,1000,1,131,4
4,0,4,1000,1,394,2.4237,0,0,0.0287,0.8702,0.8367,0,1000,1000,1,0,4
4,0,4,1000,1,395,4.4896,0,0,0.0498,0.917,0.8609,0,1000,1000,1,0,4
4,0,4,1000,1,396,4.1277,0,0,0.0441,0.8583,0.8088,0,1000,1000,1,0,4
4,0,4,1000,1,397,5.2164,0.0163,1.2109,0.0133,2.1598,0.8845,1,1000,1000,1,123,4
4,0,4,1000,1,398,2.8112,0,0,0.0343,0.8759,0.8377,0,1000,1000,1,0,4
4,0,4,1000,1,399,4.2926,0,0,0.0384,0.8931,0.8497,0,1000,1000,1,0,4
4,0,4,1000,1,400,4.1327,0,0,0.0415,0.9911,0.9395,0,1000,1000,1,0,4
4,0,4,1000,1,401,6.228,0.0143,1.8456,0.0136,2.8038,0.8973,1,1000,1000,1,288,4
4,0,4,1000,1,402,1.9707,0,0,0.0291,0.8923,0.8583,0,1000,1000,1,0,4
4,0,4,1000,1,403,4.6811,0,0,0.0468,0.9185,0.8654,0,1000,1000,1,0,4
4,0,4,1000,1,404,9.3543,0.0143,1.2527,0.0132,2.1652,0.8531,1,1000,1000,1,164,4
4,0,4,1000,1,405,7.1661,0,0,0.0444,0.9547,0.9055,0,1000,1000,1,0,4
4,0,4,1000,1,406,9.6506,0.0147,1.289,0.0143,2.2038,0.8515,1,1000,1000,1,143,4
4,0,4,1000,1,407,7.3586,0,0,0.038,0.9092,0.8656,0,1000,1000,1,0,4
4,0,4,1000,1,408,9.2501,0.0122,1.5539,0.0132,2.4691,0.8581,1,1000,1000,1,236,4
4,0,4,1000,1,409,7.3228,0,0,0.0371,0.8669,0.8252,0,1000,1000,1,0,4
4,0,4,1000,1,410,9.6582,0.0134,1.4214,0.0142,2.639,1.1528,1,1000,1000,1,206,4
4,0,4,1000,1,411,7.1578,0,0,0.0389,0.9984,0.9543,0,1000,1000,1,0,4
4,0,4,1000,1,412,10.0106,0.0222,1.9875,0.0137,3.2179,1.1597,1,1000,1000,1,151,4
4,0,4,1000,1,413,6.213,0,0,0.0268,0.8701,0.8388,0,1000,1000,1,0,4
4,0,4,1000,1,414,3.9729,0,0,0.045,0.9111,0.8613,0,1000,1000,1,0,4
4,0,4,1000,1,415,5.8017,0.0151,1.5928,0.0128,2.5544,0.8924,1,1000,1000,1,119,4
4,0,4,1000,1,416,2.4624,0,0,0.0322,0.8874,0.8514,0,1000,1000,1,0,4
4,0,4,1000,1,417,4.6008,0,0,0.0454,0.9914,0.9407,0,1000,1000,1,0,4
4,0,4,1000,1,418,3.6384,0,0,0.0315,0.871,0.834,0,1000,1000,1,0,4
4,0,4,1000,1,419,5.8672,0.0129,1.5197,0.0131,2.4504,0.8692,1,1000,1000,1,307,4
4,0,4,1000,1,420,2.4999,0,0,0.0264,0.884,0.8535,0,1000,1000,1,0,4
4,0,4,1000,1,421,4.423,0,0,0.0429,0.9467,0.8981,0,1000,1000,1,0,4
4,0,4,1000,1,422,3.8414,0,0,0.0299,0.8606,0.8253,0,1000,1000,1,0,4
4,0,4,1000,1,423,5.8539,0.0128,1.4029,0.0159,2.4689,0.9975,1,1000,1000,1,157,4
4,0,4,1000,1,424,2.5873,0,0,0.0295,0.9083,0.8741,0,1000,1000,1,0,4
4,0,4,1000,1,425,4.4879,0,0,0.0396,0.9973,0.9512,0,1000,1000,1,0,4
4,0,4,1000,1,426,9.3967,0.0133,1.1793,0.0146,2.1949,0.9461,1,1000,1000,1,123,4
4,0,4,1000,1,427,2.9654,0,0,0.0267,0.8927,0.8612,0,1000,1000,1,0,4
4,0,4,1000,1,428,8.9247,0,0,0.0611,1.1268,1.0503,0,1000,1000,1,0,4
4,0,4,1000,1,429,9.6188,0.0174,1.4628,0.0146,2.5218,0.9859,1,1000,1000,1,312,4
4,0,4,1000,1,430,6.8163,0,0,0.0403,1.0459,0.9938,0,1000,1000,1,0,4
4,0,4,1000,1,431,8.9844,0.0111,1.2182,0.0142,2.1618,0.8768,1,1000,1000,1,167,4
4,0,4,1000,1,432,3.5311,0,0,0.0356,0.9078,0.8665,0,1000,1000,1,0,4
4,0,4,1000,1,433,3.5859,0,0,0.0414,0.8946,0.8484,0,1000,1000,1,0,4
4,0,4,1000,1,434,5.3049,0.0151,1.0859,0.0137,2.0011,0.8507,1,1000,1000,1,121,4
4,0,4,1000,1,435,3.1113,0,0,0.0347,0.9113,0.873,0,1000,1000,1,0,4
4,0,4,1000,1,436,4.3485,0,0,0.0331,0.9489,0.9094,0,1000,1000,1,0,4
4,0,4,1000,1,437,3.9568,0,0,0.0337,0.9136,0.8747,0,1000,1000,1,0,4
4,0,4,1000,1,438,5.2734,0.0183,1.0454,0.0142,1.9754,0.8596,1,1000,1000,1,106,4
4,0,4,1000,1,439,3.032,0,0,0.0289,0.8979,0.8643,0,1000,1000,1,0,4
4,0,4,1000,1,440,5.0253,0,0,0.0884,1.3225,1.2263,0,1000,1000,1,0,4
4,0,4,1000,1,441,3.516,0,0,0.0301,0.8934,0.8587,0,1000,1000,1,0,4
4,0,4,1000,1,442,9.4652,0.0148,1.1303,0.0144,2.0982,0.8928,1,1000,1000,1,95,4
4,0,4,1000,1,443,7.6359,0,0,0.0437,0.9435,0.8949,0,1000,1000,1,0,4
4,0,4,1000,1,444,9.1182,0.0151,0.9493,0.0134,2.037,1.0174,1,1000,1000,1,65,4
4,0,4,1000,1,445,3.1225,0,0,0.0407,0.9917,0.9443,0,1000,1000,1,0,4
4,0,4,1000,1,446,3.9078,0,0,0.0352,0.8998,0.8596,0,1000,1000,1,0,4
4,0,4,1000,1,447,5.1539,0.0172,0.9145,0.0133,1.894,0.91,1,1000,1000,1,42,4
4,0,4,1000,1,448,3.1077,0,0,0.0352,0.9591,0.9186,0,1000,1000,1,0,4
4,0,4,1000,1,449,4.4741,0,0,0.056,1.0266,0.9634,0,1000,1000,1,0,4
4,0,4,1000,1,450,8.8434,0.0127,0.7536,0.0138,1.724,0.9006,1,1000,1000,1,45,4
4,0,4,1000,1,451,3.3208,0,0,0.0349,0.8767,0.8375,0,1000,1000,1,0,4
4,0,4,1000,1,452,4.4855,0,0,0.0497,1.0466,0.9906,0,1000,1000,1,0,4
4,0,4,1000,1,453,3.9136,0,0,0.0312,0.9466,0.9106,0,1000,1000,1,0,4
4,0,4,1000,1,454,4.9552,0.0143,0.7556,0.0137,1.7844,0.9615,1,1000,1000,1,39,4
4,0,4,1000,1,455,3.3452,0,0,0.0331,0.9071,0.869,0,1000,1000,1,0,4
4,0,4,1000,1,456,4.2833,0,0,0.0346,0.8984,0.8584,0,1000,1000,1,0,4
4,0,4,1000,1,457,4.0656,0,0,0.0402,0.9273,0.8824,0,1000,1000,1,0,4
4,0,4,1000,1,458,5.2841,0.0159,0.7752,0.0141,2.0321,1.1581,1,1000,1000,1,40,4
4,0,4,1000,1,459,3.2632,0,0,0.043,0.9689,0.9209,0,1000,1000,1,0,4
4,0,4,1000,1,460,4.0845,0,0,0.0401,0.9847,0.9397,0,1000,1000,1,0,4
4,0,4,1000,1,461,4.093,0,0,0.0401,1.0029,0.958,0,1000,1000,1,0,4
4,0,4,1000,1,462,4.9383,0.0156,0.8785,0.0147,1.8749,0.9241,1,1000,1000,1,27,4
4,0,4,1000,1,463,3.2931,0,0,0.0374,0.9109,0.8685,0,1000,1000,1,0,4
4,0,4,1000,1,464,4.3646,0,0,0.0454,0.9307,0.8793,0,1000,1000,1,0,4
4,0,4,1000,1,465,4.159,0,0,0.0486,0.9353,0.8823,0,1000,1000,1,0,4
4,0,4,1000,1,466,8.7427,0.0142,0.5933,0.0138,1.5572,0.8963,1,1000,1000,1,23,4
4,0,4,1000,1,467,3.7813,0,0,0.0425,0.9234,0.8769,0,1000,1000,1,0,4
4,0,4,1000,1,468,3.8724,0,0,0.0493,0.8883,0.8339,0,1000,1000,1,0,4
4,0,4,1000,1,469,5.2705,0.0139,0.6129,0.0146,1.5635,0.8803,1,1000,1000,1,27,4
4,0,4,1000,1,470,3.1345,0,0,0.0359,0.9902,0.9482,0,1000,1000,1,0,4
4,0,4,1000,1,471,4.725,0,0,0.0617,1.1906,1.1205,0,1000,1000,1,0,4
4,0,4,1000,1,472,8.8219,0.015,0.8646,0.0141,1.9789,1.0343,1,1000,1000,1,29,4
4,0,4,1000,1,473,3.3446,0,0,0.0548,0.9632,0.9037,0,1000,1000,1,0,4
4,0,4,1000,1,474,8.7213,0,0,0.052,0.9778,0.9198,0,1000,1000,1,0,4
4,0,4,1000,1,475,9.2214,0.0149,1.137,0.0135,2.1187,0.9108,1,1000,1000,1,31,4
4,0,4,1000,1,476,7.1205,0,0,0.0432,0.9725,0.9218,0,1000,1000,1,0,4
4,0,4,1000,1,477,8.8614,0.0124,0.6606,0.014,1.6777,0.9371,1,1000,1000,1,17,4
4,0,4,1000,1,478,3.5351,0,0,0.0297,0.913,0.8787,0,1000,1000,1,0,4
4,0,4,1000,1,479,3.9654,0,0,0.0372,0.9105,0.8682,0,1000,1000,1,0,4
4,0,4,1000,1,480,4.7791,0.0147,0.5882,0.0143,1.5592,0.8865,1,1000,1000,1,15,4
4,0,4,1000,1,481,3.8045,0,0,0.0434,0.9198,0.8719,0,1000,1000,1,0,4
4,0,4,1000,1,482,4.2533,0,0,0.0376,0.9277,0.884,0,1000,1000,1,0,4
4,0,4,1000,1,483,3.8706,0,0,0.0391,0.9267,0.8824,0,1000,1000,1,0,4
4,0,4,1000,1,484,4.7139,0.0137,0.5468,0.0146,1.5177,0.9028,1,1000,1000,1,10,4
4,0,4,1000,1,485,3.5153,0,0,0.0278,0.8857,0.8531,0,1000,1000,1,0,4
4,0,4,1000,1,486,4.6167,0,0,0.0485,1.1399,1.0862,0,1000,1000,1,0,4
4,0,4,1000,1,487,3.8908,0,0,0.0336,1.0212,0.9824,0,1000,1000,1,0,4
4,0,4,1000,1,488,9.4333,0.016,0.7045,0.0145,2.0195,1.2434,1,1000,1000,1,12,4
4,0,4,1000,1,489,7.4588,0,0,0.0394,0.955,0.9102,0,1000,1000,1,0,4
4,0,4,1000,1,490,9.0689,0.0148,0.9398,0.0131,1.9449,0.9336,1,1000,1000,1,6,4
4,0,4,1000,1,491,3.2296,0,0,0.0411,0.8859,0.8398,0,1000,1000,1,0,4
4,0,4,1000,1,492,3.9108,0,0,0.0334,0.8884,0.8507,0,1000,1000,1,0,4
4,0,4,1000,1,493,5.2069,0.0134,0.6577,0.0128,1.6316,0.8923,1,1000,1000,1,6,4
4,0,4,1000,1,494,3.2672,0,0,0.0424,0.9142,0.8675,0,1000,1000,1,0,4
4,0,4,1000,1,495,4.5864,0,0,0.0543,0.9527,0.8918,0,1000,1000,1,0,4
4,0,4,1000,1,496,3.7336,0,0,0.0396,0.933,0.8889,0,1000,1000,1,0,4
4,0,4,1000,1,497,4.8893,0.0147,0.5208,0.0136,1.4945,0.8885,1,1000,1000,1,7,4
4,0,4,1000,1,498,3.421,0,0,0.0414,0.9005,0.8546,0,1000,1000,1,0,4
4,0,4,1000,1,499,8.877,0,0,0.0598,1.0326,0.967,0,1000,1000,1,0,4
4,0,4,1000,1,500,4.3414,0.0143,0.5224,0.0137,1.6456,1.0486,1,1000,1000,1,6,4
4,0,4,1000,1,501,3.3396,0,0,0.0276,0.8404,0.8094,0,1000,1000,1,0,4
4,0,4,1000,1,502,4.9413,0,0,0.05,1.0668,1.008,0,1000,1000,1,0,4
4,0,4,1000,1,503,8.6876,0.0117,0.4637,0.0146,1.5359,1.0059,1,1000,1000,1,6,4
4,0,4,1000,1,504,7.7371,0,0,0.0577,0.9742,0.9112,0,1000,1000,1,0,4
4,0,4,1000,1,505,8.8326,0.0131,0.5999,0.0137,1.6207,0.932,1,1000,1000,1,6,4
4,0,4,1000,1,506,4.101,0,0,0.0693,1.1893,1.1129,0,1000,1000,1,0,4
4,0,4,1000,1,507,4.0938,0,0,0.0422,1.0623,1.0142,0,1000,1000,1,0,4
4,0,4,1000,1,508,3.4799,0,0,0.0298,0.8583,0.8241,0,1000,1000,1,0,4
4,0,4,1000,1,509,9.1244,0.0224,0.5149,0.0131,1.5414,0.9448,1,1000,1000,1,7,4
4,0,4,1000,1,510,3.4969,0,0,0.0356,0.8612,0.821,0,1000,1000,1,0,4
4,0,4,1000,1,511,4.1642,0,0,0.0392,0.9937,0.9484,0,1000,1000,1,0,4
4,0,4,1000,1,512,4.5628,0.0144,0.4218,0.0137,1.4346,0.8845,1,1000,1000,1,3,4
4,0,4,1000,1,513,3.8454,0,0,0.0501,0.9822,0.9275,0,1000,1000,1,0,4
4,0,4,1000,1,514,9.7503,0,0,0.0848,1.3404,1.2465,0,1000,1000,1,0,4
4,0,4,1000,1,515,7.6448,0.0151,0.5569,0.0676,1.8065,1.073,1,1000,1000,1,5,4
4,0,4,1000,1,516,3.2741,0,0,0.0345,0.9073,0.8676,0,1000,1000,1,0,4
4,0,4,1000,1,517,4.0226,0,0,0.0319,0.8846,0.8481,0,1000,1000,1,0,4
4,0,4,1000,1,518,4.866,0.0142,0.5512,0.0141,1.609,0.9764,1,1000,1000,1,9,4
4,0,4,1000,1,519,3.3775,0,0,0.0268,0.8539,0.8231,0,1000,1000,1,0,4
4,0,4,1000,1,520,4.8698,0,0,0.0431,1.3594,1.3087,0,1000,1000,1,0,4
4,0,4,1000,1,521,3.5199,0,0,0.0342,0.9223,0.8829,0,1000,1000,1,0,4
4,0,4,1000,1,522,5.0144,0.0169,0.4895,0.0139,1.5226,0.9449,1,1000,1000,1,7,4
4,0,4,1000,1,523,8.0765,0,0,0.042,0.9414,0.8939,0,1000,1000,1,0,4
4,0,4,1000,1,524,3.5644,0,0,0.0281,0.8981,0.864,0,1000,1000,1,0,4
4,0,4,1000,1,525,5.2732,0.0247,0.6914,0.0143,1.8049,1.0062,1,1000,1000,1,6,4
4,0,4,1000,1,526,3.0628,0,0,0.0319,0.8905,0.854,0,1000,1000,1,0,4
4,0,4,1000,1,527,4.5137,0,0,0.0469,0.9835,0.9307,0,1000,1000,1,0,4
4,0,4,1000,1,528,3.7721,0,0,0.0298,0.8442,0.8101,0,1000,1000,1,0,4
4,0,4,1000,1,529,5.0128,0.0161,0.5507,0.0137,1.5663,0.9215,1,1000,1000,1,5,4
4,0,4,1000,1,530,3.2827,0,0,0.0249,0.8647,0.836,0,1000,1000,1,0,4
4,0,4,1000,1,531,4.7386,0,0,0.0488,1.1886,1.1202,0,1000,1000,1,0,4
4,0,4,1000,1,532,4.0378,0,0,0.0472,0.9832,0.9308,0,1000,1000,1,0,4
4,0,4,1000,1,533,4.753,0.0128,0.659,0.0145,1.6814,0.9489,1,1000,1000,1,8,4
4,0,4,1000,1,534,7.8059,0,0,0.0443,0.9857,0.9357,0,1000,1000,1,0,4
4,0,4,1000,1,535,4.2871,0,0,0.0506,1.0035,0.9454,0,1000,1000,1,0,4
4,0,4,1000,1,536,4.2919,0.0238,0.5054,0.0133,1.5121,0.92,1,1000,1000,1,3,4
4,0,4,1000,1,537,3.5231,0,0,0.0383,0.8982,0.8553,0,1000,1000,1,0,4
4,0,4,1000,1,538,4.385,0,0,0.0462,1.009,0.9567,0,1000,1000,1,0,4
4,0,4,1000,1,539,9.1516,0.0217,0.4295,0.0137,1.7475,1.2083,1,1000,1000,1,5,4
4,0,4,1000,1,540,8.0095,0,0,0.0362,0.9665,0.9252,0,1000,1000,1,0,4
4,0,4,1000,1,541,3.6249,0,0,0.0284,0.8731,0.8399,0,1000,1000,1,0,4
4,0,4,1000,1,542,8.8153,0.013,0.4232,0.0142,1.5395,1.033,1,1000,1000,1,8,4
4,0,4,1000,1,543,4.0984,0,0,0.0399,0.9511,0.9057,0,1000,1000,1,0,4
4,0,4,1000,1,544,3.7419,0,0,0.0389,0.9444,0.9006,0,1000,1000,1,0,4
4,0,4,1000,1,545,9.1663,0.0132,0.593,0.0495,1.8411,1.1137,1,1000,1000,1,6,4
4,0,4,1000,1,546,3.297,0,0,0.0321,0.8821,0.8459,0,1000,1000,1,0,4
4,0,4,1000,1,547,4.0083,0,0,0.029,0.9041,0.8702,0,1000,1000,1,0,4
4,0,4,1000,1,548,4.9901,0.0137,0.4448,0.0141,1.5011,0.9774,1,1000,1000,1,2,4
4,0,4,1000,1,549,3.32,0,0,0.0261,0.8868,0.8565,0,1000,1000,1,0,4
4,0,4,1000,1,550,4.5147,0,0,0.0463,1.0037,0.9514,0,1000,1000,1,0,4
5,1,4,1000,1,151,3.7425,0.01,0.1422,0.0226,0.785,0.7595,0,1000,1000,1,0,4
5,1,4,1000,1,152,4.9088,0.013,0.1004,0.0141,1.0034,0.8505,1,1000,1000,1,14,4
5,1,4,1000,1,153,3.3607,0.013,0.1004,0.0215,0.7581,0.7336,0,1000,1000,1,0,4
5,1,4,1000,1,154,4.1765,0.013,0.1004,0.0313,0.7825,0.7479,0,1000,1000,1,0,4
5,1,4,1000,1,155,4.5484,0.013,0.1004,0.0234,0.8509,0.8247,0,1000,1000,1,0,4
5,1,4,1000,1,156,4.6775,0.0128,0.1217,0.0152,1.0749,0.8921,1,1000,1000,1,21,4
5,1,4,1000,1,157,3.5124,0.0128,0.1217,0.0222,0.8251,0.7993,0,1000,1000,1,0,4
5,1,4,1000,1,158,4.0493,0.0128,0.1217,0.024,0.8063,0.7789,0,1000,1000,1,0,4
5,1,4,1000,1,159,4.3822,0.0128,0.1217,0.0253,0.8259,0.7976,0,1000,1000,1,0,4
5,1,4,1000,1,160,4.1551,0.0078,0.0852,0.0132,0.9705,0.8376,1,1000,1000,1,15,4
5,1,4,1000,1,161,8.7116,0.0078,0.0852,0.0288,1.1538,1.1216,0,1000,1000,1,0,4
5,1,4,1000,1,162,8.5532,0.0106,0.1022,0.013,1.3391,1.1719,1,1000,1000,1,18,4
5,1,4,1000,1,163,3.3758,0.0106,0.1022,0.0168,0.8177,0.7974,0,1000,1000,1,0,4
5,1,4,1000,1,164,4.1438,0.0106,0.1022,0.0235,0.8157,0.7888,0,1000,1000,1,0,4
5,1,4,1000,1,165,4.3164,0.0106,0.1022,0.0237,0.9867,0.9602,0,1000,1000,1,0,4
5,1,4,1000,1,166,4.4842,0.0116,0.0892,0.0146,1.1061,0.9671,1,1000,1000,1,14,4
5,1,4,1000,1,167,3.7807,0.0116,0.0892,0.0244,0.9563,0.9282,0,1000,1000,1,0,4
5,1,4,1000,1,168,4.5073,0.0116,0.0892,0.0298,0.9742,0.9409,0,1000,1000,1,0,4
5,1,4,1000,1,169,8.6741,0.0123,0.1095,0.0134,1.1355,0.9744,1,1000,1000,1,26,4
5,1,4,1000,1,170,8.0157,0.0123,0.1095,0.0197,0.8935,0.8705,0,1000,1000,1,0,4
5,1,4,1000,1,171,8.3875,0.0067,0.1287,0.0132,1.0348,0.861,1,1000,1000,1,20,4
5,1,4,1000,1,172,7.988,0.0067,0.1287,0.0243,0.945,0.9179,0,1000,1000,1,0,4
5,1,4,1000,1,173,8.7983,0.0099,0.1006,0.0123,1.1606,1.0163,1,1000,1000,1,22,4
5,1,4,1000,1,174,7.8416,0.0099,0.1006,0.0354,0.8352,0.7969,0,1000,1000,1,0,4
5,1,4,1000,1,175,8.5105,0.0076,0.0828,0.0133,1.0567,0.9274,1,1000,1000,1,15,4
5,1,4,1000,1,176,8.4998,0.0076,0.0828,0.0213,0.9308,0.9062,0,1000,1000,1,0,4
5,1,4,1000,1,177,8.3823,0.0156,0.0732,0.0128,1.1233,0.9988,1,1000,1000,1,17,4
5,1,4,1000,1,178,7.8691,0.0156,0.0732,0.0174,0.8974,0.8772,0,1000,1000,1,0,4
5,1,4,1000,1,179,8.7784,0.0137,0.1381,0.0141,1.0941,0.9031,1,1000,1000,1,19,4
5,1,4,1000,1,180,7.95,0.0137,0.1381,0.0227,0.8153,0.7891,0,1000,1000,1,0,4
5,1,4,1000,1,181,8.5357,0.0069,0.0945,0.0141,1.009,0.868,1,1000,1000,1,22,4
5,1,4,1000,1,182,8.7274,0.0069,0.0945,0.0324,1.4306,1.3931,0,1000,1000,1,0,4
5,1,4,1000,1,183,8.4109,0.0098,0.0808,0.0137,1.2582,1.1311,1,1000,1000,1,14,4
5,1,4,1000,1,184,7.7231,0.0098,0.0808,0.0218,0.8627,0.8376,0,1000,1000,1,0,4
5,1,4,1000,1,185,8.5952,0.0076,0.0926,0.0137,1.023,0.8818,1,1000,1000,1,14,4
5,1,4,1000,1,186,8.1452,0.0076,0.0926,0.0235,0.9271,0.9002,0,1000,1000,1,0,4
5,1,4,1000,1,187,8.88,0.014,0.1164,0.0135,1.0265,0.8576,1,1000,1000,1,20,4
5,1,4,1000,1,188,7.7361,0.014,0.1164,0.0263,0.8451,0.8151,0,1000,1000,1,0,4
5,1,4,1000,1,189,9.1895,0.0129,0.1154,0.0146,1.2321,1.0586,1,1000,1000,1,20,4
5,1,4,1000,1,190,7.605,0.0129,0.1154,0.031,1.0113,0.9769,0,1000,1000,1,0,4
5,1,4,1000,1,191,8.719,0.0104,0.1456,0.014,1.1778,0.9808,1,1000,1000,1,16,4
5,1,4,1000,1,192,7.5878,0.0104,0.1456,0.0266,0.8978,0.8677,0,1000,1000,1,0,4
5,1,4,1000,1,193,9.2371,0.0077,0.1038,0.014,1.2439,1.0911,1,1000,1000,1,26,4
5,1,4,1000,1,194,12.2628,0.0077,0.1038,0.0247,0.9533,0.9245,0,1000,1000,1,0,4
5,1,4,1000,1,195,8.2097,0.011,0.0772,0.0128,1.0855,0.9603,1,1000,1000,1,21,4
5,1,4,1000,1,196,7.8918,0.011,0.0772,0.0249,0.9117,0.8834,0,1000,1000,1,0,4
5,1,4,1000,1,197,8.8429,0.0091,0.1245,0.0142,1.1224,0.9487,1,1000,1000,1,18,4
5,1,4,1000,1,198,8.0028,0.0091,0.1245,0.0188,0.9101,0.8883,0,1000,1000,1,0,4
5,1,4,1000,1,199,8.6451,0.0099,0.1141,0.0138,1.0498,0.8891,1,1000,1000,1,23,4
5,1,4,1000,1,200,7.8778,0.0099,0.1141,0.0251,0.8773,0.8491,0,1000,1000,1,0,4
5,1,4,1000,1,201,9.2471,0.0102,0.0821,0.0128,1.0984,0.9727,1,1000,1000,1,22,4
5,1,4,1000,1,202,7.6853,0.0102,0.0821,0.0158,1.0324,1.0135,0,1000,1000,1,0,4
5,1,4,1000,1,203,8.6176,0.0151,0.1444,0.0136,1.0868,0.8913,1,1000,1000,1,23,4
5,1,4,1000,1,204,7.879,0.0151,0.1444,0.0182,0.9088,0.8878,0,1000,1000,1,0,4
5,1,4,1000,1,205,8.8077,0.0114,0.1566,0.0141,1.062,0.8454,1,1000,1000,1,24,4
5,1,4,1000,1,206,8.1979,0.0114,0.1566,0.0265,1.2565,1.2257,0,1000,1000,1,0,4
5,1,4,1000,1,207,8.5859,0.0131,0.124,0.0142,1.1518,0.9752,1,1000,1000,1,20,4
5,1,4,1000,1,208,8.5216,0.0239,0.1576,0.0131,1.1293,0.9084,1,1000,1000,1,26,4
5,1,4,1000,1,209,7.5071,0.0475,0.0971,0.0205,0.87,0.8466,0,1000,1000,1,0,4
5,1,4,1000,1,210,8.2058,0.0475,0.0971,0.0235,0.8816,0.8547,0,1000,1000,1,0,4
5,1,4,1000,1,211,4.447,0.0074,0.0846,0.0137,1.0596,0.9273,1,1000,1000,1,19,4
5,1,4,1000,1,212,3.9937,0.0074,0.0846,0.0245,0.9696,0.9416,0,1000,1000,1,0,4
5,1,4,1000,1,213,4.0521,0.0074,0.0846,0.0214,0.8902,0.8662,0,1000,1000,1,0,4
5,1,4,1000,1,214,4.1261,0.0074,0.0846,0.0217,0.8933,0.8687,0,1000,1000,1,0,4
5,1,4,1000,1,215,4.4388,0.0096,0.147,0.0182,1.0731,0.8711,1,1000,1000,1,22,4
5,1,4,1000,1,216,3.9431,0.0096,0.147,0.0238,0.9453,0.9172,0,1000,1000,1,0,4
5,1,4,1000,1,217,4.3032,0.0096,0.147,0.0207,1.1492,1.1254,0,1000,1000,1,0,4
5,1,4,1000,1,218,4.1025,0.0096,0.147,0.0207,0.8877,0.8638,0,1000,1000,1,0,4
5,1,4,1000,1,219,8.5403,0.0087,0.0806,0.0136,0.9943,0.8687,1,1000,1000,1,13,4
5,1,4,1000,1,220,3.9006,0.0087,0.0806,0.0237,0.8548,0.8281,0,1000,1000,1,0,4
5,1,4,1000,1,221,4.1763,0.0087,0.0806,0.023,0.91,0.8843,0,1000,1000,1,0,4
5,1,4,1000,1,222,4.3247,0.0088,0.0865,0.0124,1.0336,0.9007,1,1000,1000,1,25,4
5,1,4,1000,1,223,8.3059,0.0088,0.0865,0.0256,1.0135,0.985,0,1000,1000,1,0,4
5,1,4,1000,1,224,8.5538,0.0074,0.1193,0.0128,1.1422,0.9783,1,1000,1000,1,17,4
5,1,4,1000,1,225,8.0527,0.0074,0.1193,0.026,0.931,0.9019,0,1000,1000,1,0,4
5,1,4,1000,1,226,8.8181,0.0117,0.1186,0.0141,1.2518,1.076,1,1000,1000,1,16,4
5,1,4,1000,1,227,3.4854,0.0117,0.1186,0.0184,0.8997,0.8784,0,1000,1000,1,0,4
5,1,4,1000,1,228,4.1692,0.0117,0.1186,0.0205,0.8454,0.8214,0,1000,1000,1,0,4
5,1,4,1000,1,229,4.2485,0.0117,0.1186,0.0218,0.8908,0.8656,0,1000,1000,1,0,4
5,1,4,1000,1,230,4.3669,0.0087,0.0852,0.014,1.0107,0.8784,1,1000,1000,1,20,4
5,1,4,1000,1,231,3.8322,0.0087,0.0852,0.0208,0.8405,0.8167,0,1000,1000,1,0,4
5,1,4,1000,1,232,4.3062,0.0087,0.0852,0.0777,0.9121,0.8312,0,1000,1000,1,0,4
5,1,4,1000,1,233,4.0737,0.0087,0.0852,0.0213,0.8623,0.8383,0,1000,1000,1,0,4
5,1,4,1000,1,234,4.886,0.0097,0.0833,0.0134,1.2669,1.136,1,1000,1000,1,16,4
5,1,4,1000,1,235,3.5076,0.0097,0.0833,0.0288,0.8875,0.8552,0,1000,1000,1,0,4
5,1,4,1000,1,236,4.081,0.0097,0.0833,0.0207,0.8295,0.8057,0,1000,1000,1,0,4
5,1,4,1000,1,237,4.2409,0.0097,0.0833,0.0195,0.8767,0.8546,0,1000,1000,1,0,4
5,1,4,1000,1,238,4.7416,0.0067,0.2242,0.0141,1.2944,1.0248,1,1000,1000,1,20,4
5,1,4,1000,1,239,3.4819,0.0067,0.2242,0.0176,0.8427,0.8219,0,1000,1000,1,0,4
5,1,4,1000,1,240,4.1997,0.0067,0.2242,0.0227,0.852,0.8259,0,1000,1000,1,0,4
5,1,4,1000,1,241,4.1722,0.0067,0.2242,0.0211,0.8902,0.8654,0,1000,1000,1,0,4
5,1,4,1000,1,242,8.8606,0.0091,0.1135,0.0131,1.2107,1.0244,1,1000,1000,1,21,4
5,1,4,1000,1,243,3.8386,0.0091,0.1135,0.0187,0.9234,0.9016,0,1000,1000,1,0,4
5,1,4,1000,1,244,3.9613,0.0091,0.1135,0.0209,0.8824,0.8585,0,1000,1000,1,0,4
5,1,4,1000,1,245,4.7562,0.0085,0.1572,0.0135,1.1675,0.9624,1,1000,1000,1,17,4
5,1,4,1000,1,246,3.9005,0.0085,0.1572,0.0266,0.922,0.8925,0,1000,1000,1,0,4
5,1,4,1000,1,247,8.3039,0.0085,0.1572,0.0241,0.9783,0.9491,0,1000,1000,1,0,4
5,1,4,1000,1,248,8.5085,0.011,0.0991,0.0145,1.081,0.928,1,1000,1000,1,15,4
5,1,4,1000,1,249,3.6906,0.011,0.0991,0.018,0.8062,0.7852,0,1000,1000,1,0,4
5,1,4,1000,1,250,4.4269,0.011,0.0991,0.0228,0.8573,0.831,0,1000,1000,1,0,4
5,1,4,1000,1,251,5.2469,0.0078,0.1935,0.0171,1.9319,1.6774,1,1000,1000,1,19,4
5,1,4,1000,1,252,2.8996,0.0078,0.1935,0.0187,0.8426,0.8213,0,1000,1000,1,0,4
5,1,4,1000,1,253,4.2243,0.0078,0.1935,0.0229,0.8982,0.8727,0,1000,1000,1,0,4
5,1,4,1000,1,254,4.1589,0.0078,0.1935,0.0247,0.9355,0.9071,0,1000,1000,1,0,4
5,1,4,1000,1,255,4.9038,0.0146,0.1153,0.0167,1.3364,1.154,1,1000,1000,1,16,4
5,1,4,1000,1,256,3.3903,0.0146,0.1153,0.024,0.8978,0.8708,0,1000,1000,1,0,4
5,1,4,1000,1,257,8.6235,0.0146,0.1153,0.0215,0.9373,0.9121,0,1000,1000,1,0,4
5,1,4,1000,1,258,4.0541,0.0082,0.0817,0.0136,0.9826,0.8589,1,1000,1000,1,17,4
5,1,4,1000,1,259,3.9996,0.0082,0.0817,0.023,0.8703,0.8438,0,1000,1000,1,0,4
5,1,4,1000,1,260,8.2965,0.0082,0.0817,0.0204,0.9201,0.8969,0,1000,1000,1,0,4
5,1,4,1000,1,261,4.5388,0.0083,0.086,0.0137,0.9851,0.8533,1,1000,1000,1,20,4
5,1,4,1000,1,262,8.0717,0.0083,0.086,0.0219,0.869,0.8443,0,1000,1000,1,0,4
5,1,4,1000,1,263,8.8632,0.0098,0.1025,0.0142,1.1508,0.9991,1,1000,1000,1,9,4
5,1,4,1000,1,264,3.7175,0.0098,0.1025,0.0318,0.9311,0.8962,0,1000,1000,1,0,4
5,1,4,1000,1,265,3.8867,0.0098,0.1025,0.0223,0.8379,0.8122,0,1000,1000,1,0,4
5,1,4,1000,1,266,4.3381,0.0098,0.1025,0.0249,1.0957,1.0675,0,1000,1000,1,0,4
5,1,4,1000,1,267,4.7474,0.011,0.1464,0.0137,1.0816,0.8863,1,1000,1000,1,11,4
5,1,4,1000,1,268,3.5957,0.011,0.1464,0.0234,0.8997,0.8725,0,1000,1000,1,0,4
5,1,4,1000,1,269,3.9608,0.011,0.1464,0.0187,0.8004,0.7788,0,1000,1000,1,0,4
5,1,4,1000,1,270,4.2299,0.011,0.1464,0.0215,0.7975,0.7726,0,1000,1000,1,0,4
5,1,4,1000,1,271,4.5537,0.0082,0.0774,0.0127,1.0809,0.9587,1,1000,1000,1,11,4
5,1,4,1000,1,272,3.8867,0.0082,0.0774,0.0225,0.9258,0.8995,0,1000,1000,1,0,4
5,1,4,1000,1,273,4.2743,0.0082,0.0774,0.0256,1.0469,1.0182,0,1000,1000,1,0,4
5,1,4,1000,1,274,3.9438,0.0082,0.0774,0.0258,0.8992,0.8703,0,1000,1000,1,0,4
5,1,4,1000,1,275,5.2682,0.0186,0.1044,0.0137,1.3462,1.1776,1,1000,1000,1,12,4
5,1,4,1000,1,276,7.3459,0.0186,0.1044,0.0244,0.9137,0.8857,0,1000,1000,1,0,4
5,1,4,1000,1,277,4.1,0.0186,0.1044,0.0176,0.9268,0.9061,0,1000,1000,1,0,4
5,1,4,1000,1,278,4.5962,0.0098,0.0854,0.0142,1.1277,0.9932,1,1000,1000,1,15,4
5,1,4,1000,1,279,3.706,0.0098,0.0854,0.0203,0.8223,0.7991,0,1000,1000,1,0,4
5,1,4,1000,1,280,4.1936,0.0098,0.0854,0.02,0.8822,0.8591,0,1000,1000,1,0,4
5,1,4,1000,1,281,4.1608,0.0098,0.0854,0.0189,0.9027,0.8804,0,1000,1000,1,0,4
5,1,4,1000,1,282,4.6387,0.0073,0.1575,0.014,1.168,0.9654,1,1000,1000,1,11,4
5,1,4,1000,1,283,3.6254,0.0073,0.1575,0.0193,0.8222,0.8004,0,1000,1000,1,0,4
5,1,4,1000,1,284,4.2933,0.0073,0.1575,0.0246,0.9485,0.921,0,1000,1000,1,0,4
5,1,4,1000,1,285,4.0541,0.0073,0.1575,0.0204,0.7893,0.7658,0,1000,1000,1,0,4
5,1,4,1000,1,286,4.4868,0.0077,0.0873,0.0128,1.0277,0.8944,1,1000,1000,1,14,4
5,1,4,1000,1,287,3.9197,0.0077,0.0873,0.0178,0.8724,0.8517,0,1000,1000,1,0,4
5,1,4,1000,1,288,4.3229,0.0077,0.0873,0.0196,0.8821,0.8595,0,1000,1000,1,0,4
5,1,4,1000,1,289,8.9291,0.0064,0.1449,0.0128,1.4122,1.225,1,1000,1000,1,11,4
5,1,4,1000,1,290,7.8588,0.0064,0.1449,0.023,0.9367,0.9107,0,1000,1000,1,0,4
5,1,4,1000,1,291,8.6244,0.0104,0.0957,0.0131,1.2748,1.0345,1,1000,1000,1,15,4
5,1,4,1000,1,292,8.0903,0.0104,0.0957,0.0283,0.9522,0.92,0,1000,1000,1,0,4
5,1,4,1000,1,293,4.0927,0.0104,0.0957,0.0245,0.8975,0.8696,0,1000,1000,1,0,4
5,1,4,1000,1,294,4.3766,0.0108,0.0828,0.0131,1.0992,0.9683,1,1000,1000,1,11,4
5,1,4,1000,1,295,4.204,0.0108,0.0828,0.0335,1.1512,1.1144,0,1000,1000,1,0,4
5,1,4,1000,1,296,4.1383,0.0108,0.0828,0.0213,0.9559,0.9315,0,1000,1000,1,0,4
5,1,4,1000,1,297,4.1535,0.0108,0.0828,0.0234,0.9957,0.9692,0,1000,1000,1,0,4
5,1,4,1000,1,298,4.5388,0.0083,0.0906,0.0128,1.0461,0.9078,1,1000,1000,1,9,4
5,1,4,1000,1,299,3.3118,0.0083,0.0906,0.0189,0.8356,0.814,0,1000,1000,1,0,4
5,1,4,1000,1,300,4.5302,0.0083,0.0906,0.0261,1.0218,0.9924,0,1000,1000,1,0,4
5,1,4,1000,1,301,4.0391,0.0083,0.0906,0.0236,0.8883,0.8615,0,1000,1000,1,0,4
5,1,4,1000,1,302,4.7343,0.0086,0.1541,0.0136,1.2322,1.0325,1,1000,1000,1,11,4
5,1,4,1000,1,303,3.5529,0.0086,0.1541,0.0228,0.8767,0.8503,0,1000,1000,1,0,4
5,1,4,1000,1,304,4.2998,0.0086,0.1541,0.0257,0.9375,0.9067,0,1000,1000,1,0,4
5,1,4,1000,1,305,4.0465,0.0086,0.1541,0.0246,0.8696,0.8419,0,1000,1000,1,0,4
5,1,4,1000,1,306,4.3403,0.0065,0.0753,0.0138,0.968,0.8497,1,1000,1000,1,11,4
5,1,4,1000,1,307,8.3119,0.0065,0.0753,0.0251,1.0884,1.0605,0,1000,1000,1,0,4
5,1,4,1000,1,308,8.8712,0.0196,0.1063,0.0136,1.1738,1.0083,1,1000,1000,1,12,4
5,1,4,1000,1,309,7.5443,0.0196,0.1063,0.019,0.9066,0.8834,0,1000,1000,1,0,4
5,1,4,1000,1,310,9.0771,0.0138,0.0947,0.0123,1.1625,1.0169,1,1000,1000,1,3,4
5,1,4,1000,1,311,3.213,0.0138,0.0947,0.0206,0.8575,0.8342,0,1000,1000,1,0,4
5,1,4,1000,1,312,4.5052,0.0138,0.0947,0.0252,0.9121,0.8827,0,1000,1000,1,0,4
5,1,4,1000,1,313,3.9748,0.0138,0.0947,0.0249,0.9896,0.9605,0,1000,1000,1,0,4
5,1,4,1000,1,314,4.7626,0.0108,0.1496,0.0135,1.1508,0.9517,1,1000,1000,1,10,4
5,1,4,1000,1,315,3.5812,0.0108,0.1496,0.024,0.901,0.8745,0,1000,1000,1,0,4
5,1,4,1000,1,316,4.1884,0.0108,0.1496,0.0236,0.8991,0.8726,0,1000,1000,1,0,4
5,1,4,1000,1,317,4.2666,0.0108,0.1496,0.0307,0.9004,0.8651,0,1000,1000,1,0,4
5,1,4,1000,1,318,4.7535,0.0076,0.0947,0.0142,1.2914,1.1451,1,1000,1000,1,7,4
5,1,4,1000,1,319,3.6695,0.0076,0.0947,0.0229,0.9819,0.9556,0,1000,1000,1,0,4
5,1,4,1000,1,320,4.4975,0.0076,0.0947,0.0453,1.0438,0.9938,0,1000,1000,1,0,4
5,1,4,1000,1,321,8.4807,0.0071,0.0849,0.0128,1.0149,0.8861,1,1000,1000,1,11,4
5,1,4,1000,1,322,3.5356,0.0071,0.0849,0.0173,0.8009,0.7804,0,1000,1000,1,0,4
5,1,4,1000,1,323,4.1466,0.0071,0.0849,0.0228,0.9237,0.898,0,1000,1000,1,0,4
5,1,4,1000,1,324,4.0567,0.0071,0.0849,0.0223,0.8044,0.7789,0,1000,1000,1,0,4
5,1,4,1000,1,325,4.9681,0.054,0.0828,0.0128,1.2695,1.0899,1,1000,1000,1,21,4
5,1,4,1000,1,326,3.5709,0.054,0.0828,0.0212,0.8981,0.874,0,1000,1000,1,0,4
5,1,4,1000,1,327,4.2183,0.054,0.0828,0.0268,0.8723,0.8411,0,1000,1000,1,0,4
5,1,4,1000,1,328,8.654,0.0067,0.1486,0.0128,1.1581,0.9661,1,1000,1000,1,78,4
5,1,4,1000,1,329,7.7901,0.0067,0.1486,0.0199,0.8232,0.8004,0,1000,1000,1,0,4
5,1,4,1000,1,330,9.0103,0.0122,0.1696,0.014,1.1647,0.946,1,1000,1000,1,72,4
5,1,4,1000,1,331,3.4768,0.0122,0.1696,0.0208,0.8593,0.8358,0,1000,1000,1,0,4
5,1,4,1000,1,332,4.1947,0.0122,0.1696,0.0256,0.9122,0.8838,0,1000,1000,1,0,4
5,1,4,1000,1,333,4.3577,0.0122,0.1696,0.0218,0.8654,0.8408,0,1000,1000,1,0,4
5,1,4,1000,1,334,4.5998,0.0127,0.1548,0.0141,1.1039,0.8998,1,1000,1000,1,46,4
5,1,4,1000,1,335,7.7698,0.0127,0.1548,0.0191,0.8643,0.8423,0,1000,1000,1,0,4
5,1,4,1000,1,336,4.382,0.0127,0.1548,0.0268,0.943,0.9121,0,1000,1000,1,0,4
5,1,4,1000,1,337,4.2978,0.0157,0.1294,0.0132,1.0983,0.9158,1,1000,1000,1,50,4
5,1,4,1000,1,338,8.125,0.0157,0.1294,0.0279,0.9959,0.9647,0,1000,1000,1,0,4
5,1,4,1000,1,339,3.9495,0.0157,0.1294,0.0221,0.9531,0.9274,0,1000,1000,1,0,4
5,1,4,1000,1,340,4.7001,0.0112,0.2555,0.0128,1.2961,0.9935,1,1000,1000,1,178,4
5,1,4,1000,1,341,3.6064,0.0112,0.2555,0.0186,0.8516,0.8299,0,1000,1000,1,0,4
5,1,4,1000,1,342,4.121,0.0112,0.2555,0.021,0.8666,0.8429,0,1000,1000,1,0,4
5,1,4,1000,1,343,4.0809,0.0112,0.2555,0.0194,0.8062,0.7837,0,1000,1000,1,0,4
5,1,4,1000,1,344,5.1767,0.0179,0.256,0.0141,1.3779,1.0651,1,1000,1000,1,162,4
5,1,4,1000,1,345,3.1656,0.0179,0.256,0.0181,0.7909,0.77,0,1000,1000,1,0,4
5,1,4,1000,1,346,4.4223,0.0179,0.256,0.0216,1.1085,1.0837,0,1000,1000,1,0,4
5,1,4,1000,1,347,4.1495,0.0179,0.256,0.0239,1.036,1.0093,0,1000,1000,1,0,4
5,1,4,1000,1,348,4.7147,0.0079,0.2041,0.0164,1.1968,0.9454,1,1000,1000,1,82,4
5,1,4,1000,1,349,3.4539,0.0079,0.2041,0.0184,0.8287,0.8078,0,1000,1000,1,0,4
5,1,4,1000,1,350,4.4925,0.0079,0.2041,0.0228,0.9171,0.8912,0,1000,1000,1,0,4
5,1,4,1000,1,351,3.9355,0.0079,0.2041,0.022,0.8775,0.8526,0,1000,1000,1,0,4
5,1,4,1000,1,352,5.0254,0.0087,0.2177,0.0132,1.2026,0.9407,1,1000,1000,1,108,4
5,1,4,1000,1,353,7.4341,0.0087,0.2177,0.0192,0.8854,0.8634,0,1000,1000,1,0,4
5,1,4,1000,1,354,9.3521,0.0075,0.7755,0.0141,1.69,0.8691,1,1000,1000,1,242,4
5,1,4,1000,1,355,7.2681,0.0075,0.7755,0.0211,0.8929,0.8684,0,1000,1000,1,0,4
5,1,4,1000,1,356,9.2063,0.0113,0.2782,0.0123,1.4872,1.1637,1,1000,1000,1,163,4
5,1,4,1000,1,357,7.6567,0.0113,0.2782,0.0294,0.972,0.937,0,1000,1000,1,0,4
5,1,4,1000,1,358,4.117,0.0113,0.2782,0.0216,0.9406,0.9161,0,1000,1000,1,0,4
5,1,4,1000,1,359,4.9699,0.0081,0.3227,0.0133,1.3984,1.0265,1,1000,1000,1,143,4
5,1,4,1000,1,360,3.2572,0.0081,0.3227,0.0187,0.8694,0.8475,0,1000,1000,1,0,4
5,1,4,1000,1,361,4.2051,0.0081,0.3227,0.0179,0.8934,0.8729,0,1000,1000,1,0,4
5,1,4,1000,1,362,4.1574,0.0081,0.3227,0.0201,0.8849,0.862,0,1000,1000,1,0,4
5,1,4,1000,1,363,5.1538,0.0133,0.346,0.014,1.4277,1.0272,1,1000,1000,1,105,4
5,1,4,1000,1,364,3.0265,0.0133,0.346,0.0179,0.824,0.8035,0,1000,1000,1,0,4
5,1,4,1000,1,365,4.7228,0.0133,0.346,0.0251,0.9081,0.8804,0,1000,1000,1,0,4
5,1,4,1000,1,366,3.6804,0.0133,0.346,0.0189,0.8607,0.8389,0,1000,1000,1,0,4
5,1,4,1000,1,367,5.3062,0.0082,0.9251,0.0136,1.8845,0.9127,1,1000,1000,1,297,4
5,1,4,1000,1,368,3.024,0.0082,0.9251,0.018,0.8271,0.8065,0,1000,1000,1,0,4
5,1,4,1000,1,369,4.2408,0.0082,0.9251,0.0207,0.8552,0.8315,0,1000,1000,1,0,4
5,1,4,1000,1,370,4.1302,0.0082,0.9251,0.019,0.8796,0.8581,0,1000,1000,1,0,4
5,1,4,1000,1,371,5.067,0.0081,0.3058,0.0142,1.3902,1.0379,1,1000,1000,1,175,4
5,1,4,1000,1,372,3.3927,0.0081,0.3058,0.0189,0.9006,0.8793,0,1000,1000,1,0,4
5,1,4,1000,1,373,4.2374,0.0081,0.3058,0.0224,1.0235,0.998,0,1000,1000,1,0,4
5,1,4,1000,1,374,3.9151,0.0081,0.3058,0.0202,0.8536,0.8302,0,1000,1000,1,0,4
5,1,4,1000,1,375,5.3243,0.0087,0.3767,0.0133,1.4497,1.0263,1,1000,1000,1,162,4
5,1,4,1000,1,376,3.1451,0.0087,0.3767,0.04,0.9045,0.861,0,1000,1000,1,0,4
5,1,4,1000,1,377,8.6754,0.0087,0.3767,0.0229,1.2547,1.2287,0,1000,1000,1,0,4
5,1,4,1000,1,378,9.6682,0.0156,0.6707,0.0151,1.8782,1.152,1,1000,1000,1,320,4
5,1,4,1000,1,379,6.8828,0.0156,0.6707,0.0229,0.963,0.9372,0,1000,1000,1,0,4
5,1,4,1000,1,380,4.9977,0.0089,0.4694,0.0137,1.6105,1.0929,1,1000,1000,1,213,4
5,1,4,1000,1,381,3.1297,0.0089,0.4694,0.0203,0.8786,0.8552,0,1000,1000,1,0,4
5,1,4,1000,1,382,4.0927,0.0089,0.4694,0.0188,0.9489,0.9266,0,1000,1000,1,0,4
5,1,4,1000,1,383,4.2178,0.0089,0.4694,0.0267,1.0019,0.9713,0,1000,1000,1,0,4
5,1,4,1000,1,384,5.3784,0.0197,0.6671,0.0128,1.9946,1.2701,1,1000,1000,1,185,4
5,1,4,1000,1,385,2.8542,0.0197,0.6671,0.0199,0.8656,0.8431,0,1000,1000,1,0,4
5,1,4,1000,1,386,4.6206,0.0197,0.6671,0.0489,1.2689,1.2138,0,1000,1000,1,0,4
5,1,4,1000,1,387,4.1502,0.0197,0.6671,0.0275,1.0095,0.9791,0,1000,1000,1,0,4
5,1,4,1000,1,388,8.7922,0.0098,0.3615,0.0147,1.439,1.0274,1,1000,1000,1,91,4
5,1,4,1000,1,389,3.7728,0.0098,0.3615,0.0221,0.9164,0.8912,0,1000,1000,1,0,4
5,1,4,1000,1,390,3.6744,0.0098,0.3615,0.0214,0.8788,0.8547,0,1000,1000,1,0,4
5,1,4,1000,1,391,5.7931,0.0079,0.7869,0.013,1.7429,0.9088,1,1000,1000,1,405,4
5,1,4,1000,1,392,2.5582,0.0079,0.7869,0.02,0.9484,0.9257,0,1000,1000,1,0,4
5,1,4,1000,1,393,4.4312,0.0079,0.7869,0.0183,0.9055,0.8847,0,1000,1000,1,0,4
5,1,4,1000,1,394,4.2166,0.0079,0.7869,0.0253,0.9547,0.9266,0,1000,1000,1,0,4
5,1,4,1000,1,395,9.0681,0.0117,0.5092,0.0153,1.6121,1.0532,1,1000,1000,1,168,4
5,1,4,1000,1,396,7.5554,0.0117,0.5092,0.0255,1.1058,1.0771,0,1000,1000,1,0,4
5,1,4,1000,1,397,5.1957,0.0092,0.8477,0.0123,1.8601,0.9701,1,1000,1000,1,149,4
5,1,4,1000,1,398,2.8801,0.0092,0.8477,0.0203,0.8704,0.8469,0,1000,1000,1,0,4
5,1,4,1000,1,399,4.2559,0.0092,0.8477,0.0217,0.8906,0.8659,0,1000,1000,1,0,4
5,1,4,1000,1,400,4.0357,0.0092,0.8477,0.019,0.8543,0.8328,0,1000,1000,1,0,4
5,1,4,1000,1,401,5.5164,0.0122,0.6358,0.0128,1.7462,1.0616,1,1000,1000,1,332,4
5,1,4,1000,1,402,2.7407,0.0122,0.6358,0.0163,0.8373,0.8176,0,1000,1000,1,0,4
5,1,4,1000,1,403,4.4094,0.0122,0.6358,0.0271,0.9559,0.9256,0,1000,1000,1,0,4
5,1,4,1000,1,404,8.9978,0.0096,0.2667,0.0132,1.5007,1.1855,1,1000,1000,1,181,4
5,1,4,1000,1,405,3.4242,0.0096,0.2667,0.0189,0.8859,0.8638,0,1000,1000,1,0,4
5,1,4,1000,1,406,4.188,0.0096,0.2667,0.0214,0.9409,0.9167,0,1000,1000,1,0,4
5,1,4,1000,1,407,4.0028,0.0096,0.2667,0.0214,0.8936,0.8693,0,1000,1000,1,0,4
5,1,4,1000,1,408,5.4747,0.0092,0.2371,0.0143,1.2422,0.9579,1,1000,1000,1,117,4
5,1,4,1000,1,409,2.7225,0.0092,0.2371,0.0174,0.8279,0.8076,0,1000,1000,1,0,4
5,1,4,1000,1,410,4.3,0.0092,0.2371,0.0188,0.8665,0.8447,0,1000,1000,1,0,4
5,1,4,1000,1,411,4.3483,0.0092,0.2371,0.0181,0.8536,0.8319,0,1000,1000,1,0,4
5,1,4,1000,1,412,8.7904,0.0101,0.3221,0.0146,1.2906,0.9195,1,1000,1000,1,143,4
5,1,4,1000,1,413,3.8008,0.0101,0.3221,0.0189,0.9275,0.9056,0,1000,1000,1,0,4
5,1,4,1000,1,414,9.7718,0.0099,0.5206,0.0136,1.5992,1.0326,1,1000,1000,1,298,4
5,1,4,1000,1,415,6.7771,0.0099,0.5206,0.0219,0.9467,0.9221,0,1000,1000,1,0,4
5,1,4,1000,1,416,9.6259,0.0101,0.2728,0.0127,1.3608,1.0433,1,1000,1000,1,107,4
5,1,4,1000,1,417,7.2817,0.0101,0.2728,0.0207,0.944,0.9207,0,1000,1000,1,0,4
5,1,4,1000,1,418,9.0113,0.0066,0.5926,0.0124,1.6194,0.9837,1,1000,1000,1,127,4
5,1,4,1000,1,419,7.5955,0.0066,0.5926,0.022,0.8869,0.8621,0,1000,1000,1,0,4
5,1,4,1000,1,420,10.0953,0.0082,0.5274,0.0133,1.5482,0.9754,1,1000,1000,1,283,4
5,1,4,1000,1,421,6.4646,0.0082,0.5274,0.02,0.8543,0.8315,0,1000,1000,1,0,4
5,1,4,1000,1,422,9.2564,0.0133,0.3144,0.0127,1.437,1.0705,1,1000,1000,1,151,4
5,1,4,1000,1,423,7.5609,0.0133,0.3144,0.0202,0.9271,0.9041,0,1000,1000,1,0,4
5,1,4,1000,1,424,8.8556,0.01,0.27,0.0141,1.4313,1.1112,1,1000,1000,1,122,4
5,1,4,1000,1,425,7.8379,0.01,0.27,0.0287,1.0987,1.0661,0,1000,1000,1,0,4
5,1,4,1000,1,426,9.7467,0.0118,0.2365,0.0137,1.2709,0.9843,1,1000,1000,1,83,4
5,1,4,1000,1,427,6.7644,0.0118,0.2365,0.0191,0.9786,0.9564,0,1000,1000,1,0,4
5,1,4,1000,1,428,8.7918,0.0104,0.2157,0.0131,1.3904,1.1283,1,1000,1000,1,59,4
5,1,4,1000,1,429,8.6136,0.0104,0.2157,0.0254,0.9448,0.9161,0,1000,1000,1,0,4
5,1,4,1000,1,430,8.3956,0.0117,0.1661,0.0135,1.3122,1.0994,1,1000,1000,1,59,4
5,1,4,1000,1,431,7.5095,0.0117,0.1661,0.0239,1.0387,1.0115,0,1000,1000,1,0,4
5,1,4,1000,1,432,9.3179,0.0076,0.2145,0.0135,1.2276,0.9593,1,1000,1000,1,35,4
5,1,4,1000,1,433,7.4374,0.0076,0.2145,0.0243,1.0704,1.0429,0,1000,1000,1,0,4
5,1,4,1000,1,434,8.9583,0.0081,0.1481,0.0133,1.3514,1.1528,1,1000,1000,1,49,4
5,1,4,1000,1,435,7.5787,0.0081,0.1481,0.0261,0.978,0.949,0,1000,1000,1,0,4
5,1,4,1000,1,436,8.8815,0.0066,0.1818,0.0186,1.2076,0.968,1,1000,1000,1,23,4
5,1,4,1000,1,437,7.8075,0.0066,0.1818,0.0245,0.9169,0.8883,0,1000,1000,1,0,4
5,1,4,1000,1,438,8.9281,0.0107,0.2162,0.0141,1.2628,0.9917,1,1000,1000,1,43,4
5,1,4,1000,1,439,7.8528,0.0107,0.2162,0.0234,1.0303,1.0041,0,1000,1000,1,0,4
5,1,4,1000,1,440,3.9593,0.0107,0.2162,0.0244,0.9276,0.9003,0,1000,1000,1,0,4
5,1,4,1000,1,441,5.0424,0.0094,0.4048,0.0146,1.3736,0.917,1,1000,1000,1,32,4
5,1,4,1000,1,442,7.5174,0.0094,0.4048,0.0212,0.8871,0.863,0,1000,1000,1,0,4
5,1,4,1000,1,443,9.1372,0.0075,0.0954,0.0134,1.0926,0.9503,1,1000,1000,1,32,4
5,1,4,1000,1,444,7.7694,0.0075,0.0954,0.0256,0.9948,0.9661,0,1000,1000,1,0,4
5,1,4,1000,1,445,8.6934,0.0097,0.1057,0.0146,1.2169,1.0601,1,1000,1000,1,19,4
5,1,4,1000,1,446,7.874,0.0097,0.1057,0.0197,0.9745,0.9521,0,1000,1000,1,0,4
5,1,4,1000,1,447,9.0786,0.013,0.1125,0.0127,1.16,0.9922,1,1000,1000,1,18,4
5,1,4,1000,1,448,7.7206,0.013,0.1125,0.0205,1.0927,1.0676,0,1000,1000,1,0,4
5,1,4,1000,1,449,8.2911,0.0111,0.1125,0.0123,1.0506,0.8882,1,1000,1000,1,12,4
5,1,4,1000,1,450,8.1774,0.0111,0.1125,0.027,1.0177,0.9878,0,1000,1000,1,0,4
5,1,4,1000,1,451,8.6201,0.0085,0.0885,0.0133,1.0676,0.93,1,1000,1000,1,21,4
5,1,4,1000,1,452,8.1272,0.0085,0.0885,0.0231,0.9768,0.9504,0,1000,1000,1,0,4
5,1,4,1000,1,453,8.7478,0.0107,0.1467,0.0141,1.4195,1.2169,1,1000,1000,1,13,4
5,1,4,1000,1,454,3.5174,0.0107,0.1467,0.0228,0.9296,0.9035,0,1000,1000,1,0,4
5,1,4,1000,1,455,4.1223,0.0107,0.1467,0.0218,0.8875,0.863,0,1000,1000,1,0,4
5,1,4,1000,1,456,4.0366,0.0107,0.1467,0.0232,0.8721,0.8459,0,1000,1000,1,0,4
5,1,4,1000,1,457,5.3164,0.0135,0.117,0.0136,1.1815,1.0132,1,1000,1000,1,11,4
5,1,4,1000,1,458,3.0528,0.0135,0.117,0.0192,0.9116,0.8893,0,1000,1000,1,0,4
5,1,4,1000,1,459,4.2775,0.0135,0.117,0.0247,1.0413,1.0126,0,1000,1000,1,0,4
5,1,4,1000,1,460,4.11,0.0135,0.117,0.02,0.9212,0.8984,0,1000,1000,1,0,4
5,1,4,1000,1,461,4.7833,0.0071,0.1147,0.0132,1.0718,0.9076,1,1000,1000,1,13,4
5,1,4,1000,1,462,3.5412,0.0071,0.1147,0.017,0.8888,0.8687,0,1000,1000,1,0,4
5,1,4,1000,1,463,4.6722,0.0071,0.1147,0.0248,1.0325,1.0035,0,1000,1000,1,0,4
5,1,4,1000,1,464,8.4066,0.0086,0.0909,0.0137,1.3627,1.226,1,1000,1000,1,8,4
5,1,4,1000,1,465,3.7441,0.0086,0.0909,0.0182,0.8684,0.8457,0,1000,1000,1,0,4
5,1,4,1000,1,466,8.2642,0.0086,0.0909,0.0199,0.9244,0.9024,0,1000,1000,1,0,4
5,1,4,1000,1,467,8.7388,0.0067,0.0949,0.0138,1.2328,1.0887,1,1000,1000,1,10,4
5,1,4,1000,1,468,8.2304,0.0067,0.0949,0.0217,0.9978,0.9734,0,1000,1000,1,0,4
5,1,4,1000,1,469,8.719,0.0179,0.0942,0.0136,1.1941,1.0376,1,1000,1000,1,9,4
5,1,4,1000,1,470,8.4752,0.0179,0.0942,0.0237,1.259,1.2283,0,1000,1000,1,0,4
5,1,4,1000,1,471,7.7726,0.0186,0.1202,0.0141,1.1113,0.9329,1,1000,1000,1,3,4
5,1,4,1000,1,472,8.0923,0.0186,0.1202,0.0221,1.0473,1.0216,0,1000,1000,1,0,4
5,1,4,1000,1,473,8.7944,0.0093,0.0796,0.0134,1.1295,0.9924,1,1000,1000,1,5,4
5,1,4,1000,1,474,8.1414,0.0093,0.0796,0.0186,1.0095,0.9881,0,1000,1000,1,0,4
5,1,4,1000,1,475,8.4566,0.0068,0.0658,0.0137,1.0724,0.959,1,1000,1000,1,7,4
5,1,4,1000,1,476,8.1359,0.0068,0.0658,0.0155,1.0226,1.0043,0,1000,1000,1,0,4
5,1,4,1000,1,477,8.7471,0.007,0.0722,0.0142,1.1085,0.9897,1,1000,1000,1,2,4
5,1,4,1000,1,478,7.6344,0.007,0.0722,0.0182,0.837,0.8157,0,1000,1000,1,0,4
5,1,4,1000,1,479,8.9814,0.0114,0.0767,0.0145,1.1089,0.9788,1,1000,1000,1,9,4
5,1,4,1000,1,480,7.8813,0.0114,0.0767,0.0251,0.9753,0.9472,0,1000,1000,1,0,4
5,1,4,1000,1,481,8.8355,0.0103,0.0747,0.0137,1.1671,1.0412,1,1000,1000,1,11,4
5,1,4,1000,1,482,8.1237,0.0103,0.0747,0.0255,1.2139,1.1851,0,1000,1000,1,0,4
5,1,4,1000,1,483,8.586,0.0103,0.1216,0.0135,1.4066,1.2353,1,1000,1000,1,4,4
5,1,4,1000,1,484,8.0091,0.0103,0.1216,0.0242,0.9888,0.9618,0,1000,1000,1,0,4
5,1,4,1000,1,485,9.3668,0.0345,0.0738,0.0123,1.3954,1.2456,1,1000,1000,1,2,4
5,1,4,1000,1,486,7.1263,0.0345,0.0738,0.0186,0.8755,0.8542,0,1000,1000,1,0,4
5,1,4,1000,1,487,8.6865,0.0127,0.0793,0.0136,1.2196,1.0882,1,1000,1000,1,2,4
5,1,4,1000,1,488,7.8314,0.0127,0.0793,0.026,0.9737,0.9442,0,1000,1000,1,0,4
5,1,4,1000,1,489,8.7319,0.0118,0.0817,0.0132,1.1273,0.9942,1,1000,1000,1,7,4
5,1,4,1000,1,490,7.9585,0.0118,0.0817,0.0228,0.9159,0.8902,0,1000,1000,1,0,4
5,1,4,1000,1,491,8.7814,0.0115,0.0785,0.0132,1.045,0.9174,1,1000,1000,1,2,4
5,1,4,1000,1,492,7.9073,0.0115,0.0785,0.0247,0.9308,0.9032,0,1000,1000,1,0,4
5,1,4,1000,1,493,9.2708,0.0094,0.1021,0.0135,1.1237,0.9779,1,1000,1000,1,2,4
5,1,4,1000,1,494,7.386,0.0094,0.1021,0.0216,0.9775,0.9531,0,1000,1000,1,0,4
5,1,4,1000,1,495,9.0911,0.0095,0.0776,0.0142,1.2125,1.0827,1,1000,1000,1,3,4
5,1,4,1000,1,496,7.5678,0.0095,0.0776,0.0288,1.0081,0.9764,0,1000,1000,1,0,4
5,1,4,1000,1,497,9.1575,0.0189,0.1059,0.0127,1.0871,0.9229,1,1000,1000,1,6,4
5,1,4,1000,1,498,7.7894,0.0189,0.1059,0.0265,0.9728,0.9433,0,1000,1000,1,0,4
5,1,4,1000,1,499,8.4583,0.0113,0.0902,0.0146,1.1055,0.9598,1,1000,1000,1,5,4
5,1,4,1000,1,500,7.8636,0.0113,0.0902,0.0202,0.9524,0.9288,0,1000,1000,1,0,4
5,1,4,1000,1,501,9.1224,0.01,0.0726,0.0134,1.0676,0.946,1,1000,1000,1,3,4
5,1,4,1000,1,502,7.7711,0.01,0.0726,0.0252,1.0014,0.9733,0,1000,1000,1,0,4
5,1,4,1000,1,503,8.9025,0.0113,0.0586,0.0141,1.0684,0.9551,1,1000,1000,1,2,4
5,1,4,1000,1,504,8.0739,0.0113,0.0586,0.0231,0.9715,0.9455,0,1000,1000,1,0,4
5,1,4,1000,1,505,8.5593,0.012,0.0595,0.0135,1.1389,1.025,1,1000,1000,1,1,4
5,1,4,1000,1,506,8.0201,0.012,0.0595,0.022,0.9908,0.9653,0,1000,1000,1,0,4
5,1,4,1000,1,507,8.4889,0.01,0.0849,0.013,1.31,1.1729,1,1000,1000,1,3,4
5,1,4,1000,1,508,7.9263,0.01,0.0849,0.0227,1.0062,0.9801,0,1000,1000,1,0,4
5,1,4,1000,1,509,9.1332,0.0116,0.0701,0.0141,1.192,1.0607,1,1000,1000,1,8,4
5,1,4,1000,1,510,7.5675,0.0116,0.0701,0.0277,1.1355,1.1046,0,1000,1000,1,0,4
5,1,4,1000,1,511,9.0199,0.0083,0.1393,0.0135,1.2335,1.0471,1,1000,1000,1,8,4
5,1,4,1000,1,512,7.7886,0.0083,0.1393,0.0235,0.9909,0.9647,0,1000,1000,1,0,4
5,1,4,1000,1,513,8.5487,0.0093,0.128,0.014,1.1648,0.9838,1,1000,1000,1,4,4
5,1,4,1000,1,514,7.6572,0.0093,0.128,0.0222,0.8996,0.8746,0,1000,1000,1,0,4
5,1,4,1000,1,515,8.9063,0.0107,0.095,0.014,1.1207,0.9736,1,1000,1000,1,2,4
5,1,4,1000,1,516,7.8839,0.0107,0.095,0.0196,0.9031,0.88,0,1000,1000,1,0,4
5,1,4,1000,1,517,8.9786,0.0118,0.1048,0.0127,1.1654,1.0048,1,1000,1000,1,2,4
5,1,4,1000,1,518,7.9179,0.0118,0.1048,0.0268,0.9846,0.9545,0,1000,1000,1,0,4
5,1,4,1000,1,519,8.5583,0.0087,0.0679,0.0149,1.0818,0.9638,1,1000,1000,1,2,4
5,1,4,1000,1,520,8.1021,0.0087,0.0679,0.0277,0.9815,0.9505,0,1000,1000,1,0,4
5,1,4,1000,1,521,8.7989,0.016,0.0607,0.0141,1.0761,0.9572,1,1000,1000,1,0,4
5,1,4,1000,1,522,7.7983,0.016,0.0607,0.0277,0.963,0.9317,0,1000,1000,1,0,4
5,1,4,1000,1,523,9.3905,0.0185,0.0703,0.0135,1.33,1.2009,1,1000,1000,1,1,4
5,1,4,1000,1,524,7.2703,0.0185,0.0703,0.0214,1.0223,0.998,0,1000,1000,1,0,4
5,1,4,1000,1,525,9.8464,0.015,0.0672,0.0135,1.2987,1.1153,1,1000,1000,1,4,4
5,1,4,1000,1,526,6.8317,0.015,0.0672,0.0207,0.9566,0.9325,0,1000,1000,1,0,4
5,1,4,1000,1,527,8.6774,0.0081,0.0679,0.0135,1.0931,0.977,1,1000,1000,1,2,4
5,1,4,1000,1,528,7.9078,0.0081,0.0679,0.0202,0.8906,0.8673,0,1000,1000,1,0,4
5,1,4,1000,1,529,8.6502,0.0118,0.0656,0.0135,1.13,1.0122,1,1000,1000,1,1,4
5,1,4,1000,1,530,8.1507,0.0118,0.0656,0.0243,0.9524,0.9246,0,1000,1000,1,0,4
5,1,4,1000,1,531,8.4873,0.0108,0.0672,0.0136,1.0628,0.9424,1,1000,1000,1,3,4
5,1,4,1000,1,532,8.0429,0.0108,0.0672,0.0217,0.9135,0.8884,0,1000,1000,1,0,4
5,1,4,1000,1,533,8.6284,0.0065,0.0694,0.0133,1.0671,0.9527,1,1000,1000,1,3,4
5,1,4,1000,1,534,8.1185,0.0065,0.0694,0.0235,0.9868,0.9604,0,1000,1000,1,0,4
5,1,4,1000,1,535,8.8168,0.0068,0.0583,0.0125,1.2162,1.1119,1,1000,1000,1,2,4
5,1,4,1000,1,536,7.8842,0.0068,0.0583,0.0234,0.9351,0.9082,0,1000,1000,1,0,4
5,1,4,1000,1,537,8.928,0.0104,0.0828,0.0137,1.2287,1.0898,1,1000,1000,1,5,4
5,1,4,1000,1,538,7.7317,0.0104,0.0828,0.0635,1.1469,1.0782,0,1000,1000,1,0,4
5,1,4,1000,1,539,4.6866,0.007,0.0681,0.0134,1.1416,1.026,1,1000,1000,1,2,4
5,1,4,1000,1,540,3.4791,0.007,0.0681,0.0196,0.9224,0.8998,0,1000,1000,1,0,4
5,1,4,1000,1,541,4.3632,0.007,0.0681,0.0282,1.0772,1.0457,0,1000,1000,1,0,4
5,1,4,1000,1,542,3.9812,0.007,0.0681,0.0242,1.0746,1.0469,0,1000,1000,1,0,4
5,1,4,1000,1,543,4.6498,0.0088,0.0752,0.0132,1.1894,1.0628,1,1000,1000,1,2,4
5,1,4,1000,1,544,3.3633,0.0088,0.0752,0.0161,0.8536,0.8344,0,1000,1000,1,0,4
5,1,4,1000,1,545,4.2562,0.0088,0.0752,0.0221,0.9205,0.895,0,1000,1000,1,0,4
5,1,4,1000,1,546,4.3851,0.0088,0.0752,0.0247,0.9955,0.9674,0,1000,1000,1,0,4
5,1,4,1000,1,547,8.6237,0.0101,0.0932,0.014,1.1116,0.9682,1,1000,1000,1,2,4
5,1,4,1000,1,548,7.814,0.0101,0.0932,0.0207,0.9566,0.9326,0,1000,1000,1,0,4
5,1,4,1000,1,549,8.8825,0.0101,0.0892,0.0131,1.1544,1.0116,1,1000,1000,1,3,4
5,1,4,1000,1,550,3.5793,0.0101,0.0892,0.0184,0.9184,0.8971,0,1000,1000,1,0,4
6,0,27,1000,1,151,7.356,0,0,0.0412,0.9337,0.8875,0,1000,1000,1,0,27
6,0,27,1000,1,152,9.6744,0.0335,0.9488,0.0209,2.1073,0.9887,1,1000,1000,1,18,27
6,0,27,1000,1,153,7.5682,0,0,0.0527,1.2246,1.1648,0,1000,1000,1,0,27
6,0,27,1000,1,154,9.0873,0.0431,1.0201,0.0144,2.0461,0.9148,1,1000,1000,1,17,27
6,0,27,1000,1,155,7.0818,0,0,0.045,0.8729,0.8226,0,1000,1000,1,0,27
6,0,27,1000,1,156,3.7539,0,0,0.038,0.8078,0.7653,0,1000,1000,1,0,27
6,0,27,1000,1,157,6.2326,0.0355,0.9128,0.0134,2.255,1.2344,1,1000,1000,1,21,27
6,0,27,1000,1,158,2.2912,0,0,0.0324,0.8573,0.8203,0,1000,1000,1,0,27
6,0,27,1000,1,159,4.1624,0,0,0.0527,0.9515,0.8934,0,1000,1000,1,0,27
6,0,27,1000,1,160,3.9216,0,0,0.028,0.7994,0.7655,0,1000,1000,1,0,27
6,0,27,1000,1,161,5.5245,0.0492,1.0347,0.0142,2.1218,0.9803,1,1000,1000,1,24,27
6,0,27,1000,1,162,2.9922,0,0,0.0309,0.9193,0.8813,0,1000,1000,1,0,27
6,0,27,1000,1,163,4.0048,0,0,0.0349,0.88,0.8392,0,1000,1000,1,0,27
6,0,27,1000,1,164,4.1121,0,0,0.037,0.825,0.7831,0,1000,1000,1,0,27
6,0,27,1000,1,165,5.2892,0.0458,0.8613,0.0141,1.782,0.8181,1,1000,1000,1,18,27
6,0,27,1000,1,166,3.3275,0,0,0.0341,0.8367,0.7985,0,1000,1000,1,0,27
6,0,27,1000,1,167,4.3641,0,0,0.0508,0.9191,0.8645,0,1000,1000,1,0,27
6,0,27,1000,1,168,3.9432,0,0,0.0306,0.9201,0.8837,0,1000,1000,1,0,27
6,0,27,1000,1,169,5.2638,0.0407,0.7081,0.0131,1.6914,0.8742,1,1000,1000,1,26,27
6,0,27,1000,1,170,2.7366,0,0,0.0281,0.8178,0.7846,0,1000,1000,1,0,27
6,0,27,1000,1,171,4.5701,0,0,0.0469,0.9302,0.8779,0,1000,1000,1,0,27
6,0,27,1000,1,172,3.8777,0,0,0.0411,0.8871,0.8397,0,1000,1000,1,0,27
6,0,27,1000,1,173,5.7983,0.1249,0.9208,0.0137,2.1414,1.0078,1,1000,1000,1,19,27
6,0,27,1000,1,174,6.8639,0,0,0.0426,0.9147,0.8634,0,1000,1000,1,0,27
6,0,27,1000,1,175,3.9814,0,0,0.0472,0.9083,0.8555,0,1000,1000,1,0,27
6,0,27,1000,1,176,5.5986,0.0378,1.0526,0.016,2.1781,1.0125,1,1000,1000,1,16,27
6,0,27,1000,1,177,2.9954,0,0,0.0371,0.8729,0.8311,0,1000,1000,1,0,27
6,0,27,1000,1,178,4.0196,0,0,0.0319,0.8995,0.8621,0,1000,1000,1,0,27
6,0,27,1000,1,179,4.2391,0,0,0.0411,0.8708,0.8255,0,1000,1000,1,0,27
6,0,27,1000,1,180,5.8072,0.0371,1.1891,0.0154,2.3276,1.0283,1,1000,1000,1,19,27
6,0,27,1000,1,181,6.5702,0,0,0.0263,0.8875,0.8571,0,1000,1000,1,0,27
6,0,27,1000,1,182,4.2971,0,0,0.0408,0.9291,0.8815,0,1000,1000,1,0,27
6,0,27,1000,1,183,9.7044,0.0354,0.8469,0.0132,2.0272,1.0669,1,1000,1000,1,25,27
6,0,27,1000,1,184,7.344,0,0,0.0585,1.1388,1.0742,0,1000,1000,1,0,27
6,0,27,1000,1,185,9.0529,0.038,0.8244,0.0128,1.7945,0.8622,1,1000,1000,1,27,27
6,0,27,1000,1,186,3.3622,0,0,0.0411,0.8832,0.8378,0,1000,1000,1,0,27
6,0,27,1000,1,187,4.0819,0,0,0.0316,0.9399,0.9015,0,1000,1000,1,0,27
6,0,27,1000,1,188,5.7354,0.0672,0.9503,0.0138,1.9597,0.8805,1,1000,1000,1,23,27
6,0,27,1000,1,189,2.2245,0,0,0.0377,0.8801,0.8381,0,1000,1000,1,0,27
6,0,27,1000,1,190,4.4384,0,0,0.047,0.9726,0.9204,0,1000,1000,1,0,27
6,0,27,1000,1,191,4.2297,0,0,0.0422,0.9336,0.8863,0,1000,1000,1,0,27
6,0,27,1000,1,192,5.7225,0.0466,1.2297,0.0154,2.273,0.9246,1,1000,1000,1,18,27
6,0,27,1000,1,193,6.5915,0,0,0.0297,0.9186,0.8849,0,1000,1000,1,0,27
6,0,27,1000,1,194,4.0158,0,0,0.0408,0.8773,0.8311,0,1000,1000,1,0,27
6,0,27,1000,1,195,5.3053,0.0458,0.7924,0.0142,1.7011,0.8047,1,1000,1000,1,27,27
6,0,27,1000,1,196,7.6677,0,0,0.0556,0.9517,0.8911,0,1000,1000,1,0,27
6,0,27,1000,1,197,9.5323,0.0393,1.0112,0.0145,2.1553,1.0422,1,1000,1000,1,25,27
6,0,27,1000,1,198,2.7014,0,0,0.0465,0.9072,0.8558,0,1000,1000,1,0,27
6,0,27,1000,1,199,4.0099,0,0,0.0393,0.925,0.8804,0,1000,1000,1,0,27
6,0,27,1000,1,200,4.0184,0,0,0.0255,0.801,0.7709,0,1000,1000,1,0,27
6,0,27,1000,1,201,6.0722,0.0393,1.3397,0.0136,2.3972,0.9541,1,1000,1000,1,28,27
6,0,27,1000,1,202,6.5543,0,0,0.0288,0.8039,0.7703,0,1000,1000,1,0,27
6,0,27,1000,1,203,10.1256,0.0458,0.9808,0.0132,2.1386,1.0438,1,1000,1000,1,26,27
6,0,27,1000,1,204,2.4765,0,0,0.0363,0.8479,0.8067,0,1000,1000,1,0,27
6,0,27,1000,1,205,4.3837,0,0,0.0405,0.9048,0.8596,0,1000,1000,1,0,27
6,0,27,1000,1,206,4.0725,0,0,0.0345,0.8435,0.8045,0,1000,1000,1,0,27
6,0,27,1000,1,207,5.0322,0.033,0.8116,0.0136,1.8185,0.8969,1,1000,1000,1,26,27
6,0,27,1000,1,208,3.1866,0,0,0.0492,0.9765,0.8558,0,1000,1000,1,0,27
6,0,27,1000,1,209,4.0899,0,0,0.0469,0.8587,0.8077,0,1000,1000,1,0,27
6,0,27,1000,1,210,4.0876,0,0,0.039,0.8435,0.8,0,1000,1000,1,0,27
6,0,27,1000,1,211,5.7565,0.0478,1.0683,0.0142,2.1483,0.9696,1,1000,1000,1,26,27
6,0,27,1000,1,212,6.6944,0,0,0.0277,0.843,0.8111,0,1000,1000,1,0,27
6,0,27,1000,1,213,4.2073,0,0,0.0413,0.8541,0.8078,0,1000,1000,1,0,27
6,0,27,1000,1,214,5.5455,0.0389,0.9826,0.0142,1.991,0.9023,1,1000,1000,1,29,27
6,0,27,1000,1,215,7.7637,0,0,0.0916,1.1423,1.0444,0,1000,1000,1,0,27
6,0,27,1000,1,216,8.8111,0.034,0.9688,0.0133,2.0506,0.9909,1,1000,1000,1,31,27
6,0,27,1000,1,217,2.8411,0,0,0.0281,0.8071,0.7751,0,1000,1000,1,0,27
6,0,27,1000,1,218,4.1869,0,0,0.0368,0.8681,0.8258,0,1000,1000,1,0,27
6,0,27,1000,1,219,4.9415,0,0,0.0461,1.0107,0.957,0,1000,1000,1,0,27
6,0,27,1000,1,220,9.12,0.1717,0.7961,0.0135,1.9405,0.9099,1,1000,1000,1,22,27
6,0,27,1000,1,221,7.1608,0,0,0.0242,0.8551,0.8267,0,1000,1000,1,0,27
6,0,27,1000,1,222,9.9317,0.0398,0.9316,0.0133,1.9302,0.9041,1,1000,1000,1,22,27
6,0,27,1000,1,223,2.1825,0,0,0.0348,0.8575,0.8185,0,1000,1000,1,0,27
6,0,27,1000,1,224,4.2714,0,0,0.0305,0.8601,0.824,0,1000,1000,1,0,27
6,0,27,1000,1,225,5.246,0.035,0.943,0.0138,1.8709,0.8365,1,1000,1000,1,24,27
6,0,27,1000,1,226,3.1977,0,0,0.0805,0.901,0.8155,0,1000,1000,1,0,27
6,0,27,1000,1,227,4.0524,0,0,0.0304,0.8811,0.846,0,1000,1000,1,0,27
6,0,27,1000,1,228,4.2865,0,0,0.0572,0.9946,0.9321,0,1000,1000,1,0,27
6,0,27,1000,1,229,5.5805,0.0389,1.2143,0.0168,2.1903,0.8773,1,1000,1000,1,21,27
6,0,27,1000,1,230,2.7837,0,0,0.0396,0.8943,0.8509,0,1000,1000,1,0,27
6,0,27,1000,1,231,4.116,0,0,0.0407,0.8905,0.844,0,1000,1000,1,0,27
6,0,27,1000,1,232,4.0627,0,0,0.0369,0.8396,0.7975,0,1000,1000,1,0,27
6,0,27,1000,1,233,5.3467,0.0448,0.9493,0.0149,1.949,0.8824,1,1000,1000,1,17,27
6,0,27,1000,1,234,2.9908,0,0,0.0363,0.8417,0.8007,0,1000,1000,1,0,27
6,0,27,1000,1,235,4.0417,0,0,0.0343,0.8525,0.8128,0,1000,1000,1,0,27
6,0,27,1000,1,236,4.1563,0,0,0.0339,0.8368,0.798,0,1000,1000,1,0,27
6,0,27,1000,1,237,5.6931,0.0386,0.9454,0.0163,1.9934,0.9398,1,1000,1000,1,22,27
6,0,27,1000,1,238,6.8789,0,0,0.031,0.8309,0.7953,0,1000,1000,1,0,27
6,0,27,1000,1,239,4.3163,0,0,0.0411,0.9125,0.8636,0,1000,1000,1,0,27
6,0,27,1000,1,240,10.1004,0.0411,1.194,0.0126,2.2194,0.9005,1,1000,1000,1,24,27
6,0,27,1000,1,241,6.6499,0,0,0.046,0.8904,0.8408,0,1000,1000,1,0,27
6,0,27,1000,1,242,9.7097,0.0311,0.9577,0.0132,2.1287,1.0862,1,1000,1000,1,19,27
6,0,27,1000,1,243,6.9249,0,0,0.0296,0.8897,0.8561,0,1000,1000,1,0,27
6,0,27,1000,1,244,9.5977,0.0384,0.8946,0.0151,2.1571,1.1586,1,1000,1000,1,20,27
6,0,27,1000,1,245,2.7549,0,0,0.0504,0.8587,0.8038,0,1000,1000,1,0,27
6,0,27,1000,1,246,4.3759,0,0,0.0654,0.9255,0.8546,0,1000,1000,1,0,27
6,0,27,1000,1,247,5.7899,0.0342,1.2022,0.013,2.1759,0.8722,1,1000,1000,1,17,27
6,0,27,1000,1,248,2.1962,0,0,0.0375,0.8623,0.8199,0,1000,1000,1,0,27
6,0,27,1000,1,249,4.3367,0,0,0.0486,0.9812,0.9285,0,1000,1000,1,0,27
6,0,27,1000,1,250,4.239,0,0,0.0511,1.0043,0.9484,0,1000,1000,1,0,27
6,0,27,1000,1,251,5.4971,0.0364,1.1913,0.0133,2.1732,0.8944,1,1000,1000,1,19,27
6,0,27,1000,1,252,2.8187,0,0,0.0322,0.9228,0.8841,0,1000,1000,1,0,27
6,0,27,1000,1,253,8.1921,0,0,0.038,0.9192,0.8764,0,1000,1000,1,0,27
6,0,27,1000,1,254,5.5603,0.0352,1.0486,0.0136,2.121,0.9669,1,1000,1000,1,16,27
6,0,27,1000,1,255,2.6102,0,0,0.0275,0.8257,0.7939,0,1000,1000,1,0,27
6,0,27,1000,1,256,4.3424,0,0,0.0476,0.9524,0.8997,0,1000,1000,1,0,27
6,0,27,1000,1,257,4.0267,0,0,0.0281,0.8546,0.822,0,1000,1000,1,0,27
6,0,27,1000,1,258,6.782,0.1229,1.6853,0.0153,2.8761,0.9838,1,1000,1000,1,10,27
6,0,27,1000,1,259,6.2364,0,0,0.0419,1.0147,0.9623,0,1000,1000,1,0,27
6,0,27,1000,1,260,9.5533,0.0658,1.0987,0.0146,2.1666,0.9245,1,1000,1000,1,16,27
6,0,27,1000,1,261,2.6933,0,0,0.0315,0.8816,0.8454,0,1000,1000,1,0,27
6,0,27,1000,1,262,4.1254,0,0,0.0536,0.9886,0.9279,0,1000,1000,1,0,27
6,0,27,1000,1,263,4.2758,0,0,0.0478,0.9014,0.8487,0,1000,1000,1,0,27
6,0,27,1000,1,264,5.1167,0.0377,0.8015,0.0163,1.8589,0.9574,1,1000,1000,1,19,27
6,0,27,1000,1,265,3.005,0,0,0.0395,0.8601,0.816,0,1000,1000,1,0,27
6,0,27,1000,1,266,4.3782,0,0,0.0549,0.9365,0.8761,0,1000,1000,1,0,27
6,0,27,1000,1,267,4.0262,0,0,0.0529,0.9362,0.8786,0,1000,1000,1,0,27
6,0,27,1000,1,268,5.3982,0.0453,0.9202,0.0142,1.8992,0.8796,1,1000,1000,1,12,27
6,0,27,1000,1,269,7.1332,0,0,0.0388,0.8933,0.8506,0,1000,1000,1,0,27
6,0,27,1000,1,270,4.2049,0,0,0.0361,0.8639,0.8212,0,1000,1000,1,0,27
6,0,27,1000,1,271,10.0754,0.0487,1.1564,0.0142,2.3393,1.068,1,1000,1000,1,10,27
6,0,27,1000,1,272,6.5974,0,0,0.0244,0.8605,0.831,0,1000,1000,1,0,27
6,0,27,1000,1,273,9.914,0.0393,1.2387,0.0154,2.3069,0.9593,1,1000,1000,1,8,27
6,0,27,1000,1,274,2.4668,0,0,0.0368,0.8646,0.823,0,1000,1000,1,0,27
6,0,27,1000,1,275,4.553,0,0,0.045,0.9821,0.9315,0,1000,1000,1,0,27
6,0,27,1000,1,276,5.4499,0.2821,0.819,0.015,2.0777,0.9227,1,1000,1000,1,21,27
6,0,27,1000,1,277,6.8965,0,0,0.0535,1.037,0.9763,0,1000,1000,1,0,27
6,0,27,1000,1,278,3.826,0,0,0.0431,0.8739,0.8257,0,1000,1000,1,0,27
6,0,27,1000,1,279,5.5099,0.0584,0.8861,0.0158,1.8983,0.8808,1,1000,1000,1,17,27
6,0,27,1000,1,280,2.9179,0,0,0.0407,0.8843,0.8396,0,1000,1000,1,0,27
6,0,27,1000,1,281,4.1422,0,0,0.0394,0.8579,0.8136,0,1000,1000,1,0,27
6,0,27,1000,1,282,4.6695,0,0,0.048,0.9085,0.8542,0,1000,1000,1,0,27
6,0,27,1000,1,283,4.9276,0.0407,0.8301,0.0172,1.8701,0.93,1,1000,1000,1,10,27
6,0,27,1000,1,284,2.9329,0,0,0.0362,0.818,0.7776,0,1000,1000,1,0,27
6,0,27,1000,1,285,4.126,0,0,0.0395,0.9444,0.9002,0,1000,1000,1,0,27
6,0,27,1000,1,286,4.2148,0,0,0.0471,0.894,0.8421,0,1000,1000,1,0,27
6,0,27,1000,1,287,5.6456,0.0438,1.1685,0.0127,2.2013,0.9223,1,1000,1000,1,11,27
6,0,27,1000,1,288,2.663,0,0,0.0296,0.8395,0.8044,0,1000,1000,1,0,27
6,0,27,1000,1,289,4.2481,0,0,0.0417,0.9056,0.8585,0,1000,1000,1,0,27
6,0,27,1000,1,290,10.0404,0.0399,0.7207,0.0144,1.7393,0.9152,1,1000,1000,1,13,27
6,0,27,1000,1,291,2.4228,0,0,0.0303,0.8403,0.8063,0,1000,1000,1,0,27
6,0,27,1000,1,292,4.1196,0,0,0.0442,0.9218,0.8703,0,1000,1000,1,0,27
6,0,27,1000,1,293,9.585,0.0472,0.9538,0.0166,1.979,0.9237,1,1000,1000,1,6,27
6,0,27,1000,1,294,7.2301,0,0,0.0502,0.9506,0.8962,0,1000,1000,1,0,27
6,0,27,1000,1,295,4.1947,0,0,0.0469,0.9147,0.8636,0,1000,1000,1,0,27
6,0,27,1000,1,296,5.7622,0.1515,1.1373,0.0137,2.2961,0.9437,1,1000,1000,1,16,27
6,0,27,1000,1,297,2.7235,0,0,0.034,0.867,0.8289,0,1000,1000,1,0,27
6,0,27,1000,1,298,8.0367,0,0,0.0457,0.9352,0.8847,0,1000,1000,1,0,27
6,0,27,1000,1,299,5.6531,0.0443,0.8998,0.0142,2.1174,1.1111,1,1000,1000,1,20,27
6,0,27,1000,1,300,3.0446,0,0,0.0649,1.1176,1.0453,0,1000,1000,1,0,27
6,0,27,1000,1,301,3.6971,0,0,0.0273,0.8553,0.8228,0,1000,1000,1,0,27
6,0,27,1000,1,302,4.2348,0,0,0.0392,0.8685,0.8251,0,1000,1000,1,0,27
6,0,27,1000,1,303,5.8054,0.0487,0.9176,0.0164,2.2423,1.2117,1,1000,1000,1,10,27
6,0,27,1000,1,304,2.4481,0,0,0.0328,0.8656,0.8285,0,1000,1000,1,0,27
6,0,27,1000,1,305,4.3258,0,0,0.0579,0.9945,0.9312,0,1000,1000,1,0,27
6,0,27,1000,1,306,4.1096,0,0,0.0482,0.9383,0.8844,0,1000,1000,1,0,27
6,0,27,1000,1,307,6.1691,0.0574,1.0792,0.0169,2.1915,0.9746,1,1000,1000,1,5,27
6,0,27,1000,1,308,6.335,0,0,0.053,1.0222,0.9599,0,1000,1000,1,0,27
6,0,27,1000,1,309,4.1969,0,0,0.0447,0.9395,0.8898,0,1000,1000,1,0,27
6,0,27,1000,1,310,5.3933,0.0424,0.7264,0.0146,1.7395,0.8751,1,1000,1000,1,11,27
6,0,27,1000,1,311,3.1568,0,0,0.0291,0.8966,0.862,0,1000,1000,1,0,27
6,0,27,1000,1,312,4.2873,0,0,0.0549,0.993,0.9316,0,1000,1000,1,0,27
6,0,27,1000,1,313,3.8564,0,0,0.0314,0.9096,0.8732,0,1000,1000,1,0,27
6,0,27,1000,1,314,5.7553,0.0422,1.0655,0.0183,2.2122,1.0354,1,1000,1000,1,10,27
6,0,27,1000,1,315,2.6209,0,0,0.02,0.8447,0.8201,0,1000,1000,1,0,27
6,0,27,1000,1,316,4.1535,0,0,0.04,0.9233,0.8782,0,1000,1000,1,0,27
6,0,27,1000,1,317,4.3623,0,0,0.0356,1.2031,1.1591,0,1000,1000,1,0,27
6,0,27,1000,1,318,5.3604,0.0339,1.0208,0.0141,2.0517,0.9141,1,1000,1000,1,21,27
6,0,27,1000,1,319,2.6141,0,0,0.0407,0.8696,0.8252,0,1000,1000,1,0,27
6,0,27,1000,1,320,4.6067,0,0,0.0544,0.9363,0.8761,0,1000,1000,1,0,27
6,0,27,1000,1,321,9.7341,0.0491,1.1803,0.0134,2.3132,1.0193,1,1000,1000,1,9,27
6,0,27,1000,1,322,6.6069,0,0,0.028,0.829,0.7969,0,1000,1000,1,0,27
6,0,27,1000,1,323,9.8578,0.0365,1.0801,0.0131,2.1067,0.9316,1,1000,1000,1,11,27
6,0,27,1000,1,324,6.9055,0,0,0.0376,0.8345,0.793,0,1000,1000,1,0,27
6,0,27,1000,1,325,4.1536,0,0,0.0499,0.9349,0.8798,0,1000,1000,1,0,27
6,0,27,1000,1,326,9.6067,0.0431,0.9632,0.0173,2.1114,1.0376,1,1000,1000,1,9,27
6,0,27,1000,1,327,7.109,0,0,0.048,0.9547,0.9012,0,1000,1000,1,0,27
6,0,27,1000,1,328,5.4072,0.0425,1.092,0.0138,2.1001,0.9112,1,1000,1000,1,9,27
6,0,27,1000,1,329,3.0134,0,0,0.0284,0.8638,0.8306,0,1000,1000,1,0,27
6,0,27,1000,1,330,4.2774,0,0,0.0413,1.0474,1.0002,0,1000,1000,1,0,27
6,0,27,1000,1,331,3.6969,0,0,0.0325,0.88,0.8431,0,1000,1000,1,0,27
6,0,27,1000,1,332,5.8855,0.0507,1.0428,0.015,2.263,1.1037,1,1000,1000,1,14,27
6,0,27,1000,1,333,2.3259,0,0,0.0224,0.8124,0.7854,0,1000,1000,1,0,27
6,0,27,1000,1,334,4.4699,0,0,0.0437,1.0853,1.035,0,1000,1000,1,0,27
6,0,27,1000,1,335,4.1546,0,0,0.0446,0.9284,0.88,0,1000,1000,1,0,27
6,0,27,1000,1,336,5.8657,0.0379,1.2799,0.0144,2.2606,0.878,1,1000,1000,1,17,27
6,0,27,1000,1,337,2.2835,0,0,0.0353,0.8659,0.8264,0,1000,1000,1,0,27
6,0,27,1000,1,338,4.4516,0,0,0.0469,1.188,1.1334,0,1000,1000,1,0,27
6,0,27,1000,1,339,4.5365,0,0,0.0517,1.1974,1.1352,0,1000,1000,1,0,27
6,0,27,1000,1,340,5.8112,0.0584,1.211,0.0166,2.3684,1.0383,1,1000,1000,1,2,27
6,0,27,1000,1,341,6.9055,0,0,0.0428,1.0747,1.026,0,1000,1000,1,0,27
6,0,27,1000,1,342,9.4888,0.0426,1.0248,0.014,2.209,1.0764,1,1000,1000,1,18,27
6,0,27,1000,1,343,7.2965,0,0,0.0536,1.1339,1.0735,0,1000,1000,1,0,27
6,0,27,1000,1,344,9.4574,0.0445,1.1677,0.0127,2.1352,0.8744,1,1000,1000,1,105,27
6,0,27,1000,1,345,6.4482,0,0,0.0367,0.905,0.8634,0,1000,1000,1,0,27
6,0,27,1000,1,346,10.3858,0.0407,1.4968,0.014,2.5846,0.9985,1,1000,1000,1,66,27
6,0,27,1000,1,347,6.5825,0,0,0.0591,1.0886,1.0246,0,1000,1000,1,0,27
6,0,27,1000,1,348,9.6388,0.0327,1.1456,0.0137,2.1885,0.9564,1,1000,1000,1,26,27
6,0,27,1000,1,349,6.9638,0,0,0.0499,0.9509,0.8964,0,1000,1000,1,0,27
6,0,27,1000,1,350,10.9521,0.0427,2.3724,0.0135,3.4823,1.0077,1,1000,1000,1,184,27
6,0,27,1000,1,351,5.5798,0,0,0.0364,0.8468,0.8065,0,1000,1000,1,0,27
6,0,27,1000,1,352,10.3344,0.0543,1.6207,0.0131,2.6242,0.8947,1,1000,1000,1,117,27
6,0,27,1000,1,353,6.4654,0,0,0.0502,0.9067,0.8525,0,1000,1000,1,0,27
6,0,27,1000,1,354,10.2855,0.0471,1.4345,0.0128,2.7549,1.2148,1,1000,1000,1,103,27
6,0,27,1000,1,355,6.4895,0,0,0.0331,1.2266,1.1884,0,1000,1000,1,0,27
6,0,27,1000,1,356,10.0797,0.1167,1.328,0.0135,2.437,0.9437,1,1000,1000,1,78,27
6,0,27,1000,1,357,6.2612,0,0,0.0445,0.9237,0.8754,0,1000,1000,1,0,27
6,0,27,1000,1,358,10.686,0.0399,2.0701,0.0141,3.0782,0.9196,1,1000,1000,1,198,27
6,0,27,1000,1,359,6.0671,0,0,0.0685,1.1016,1.0276,0,1000,1000,1,0,27
6,0,27,1000,1,360,10.5358,0.0301,1.928,0.0159,2.9785,0.962,1,1000,1000,1,175,27
6,0,27,1000,1,361,5.7733,0,0,0.0436,0.927,0.8791,0,1000,1000,1,0,27
6,0,27,1000,1,362,10.5615,0.044,1.6014,0.0136,2.6842,0.9681,1,1000,1000,1,98,27
6,0,27,1000,1,363,7.3241,0,0,0.0338,1.945,1.8991,0,1000,1000,1,0,27
6,0,27,1000,1,364,9.5256,0.0427,1.7055,0.0132,2.7161,0.9176,1,1000,1000,1,98,27
6,0,27,1000,1,365,6.4886,0,0,0.1056,1.0862,0.9745,0,1000,1000,1,0,27
6,0,27,1000,1,366,10.6467,0.0402,2.2557,0.0135,3.2449,0.8927,1,1000,1000,1,333,27
6,0,27,1000,1,367,6.3483,0,0,0.0495,1.0895,1.0326,0,1000,1000,1,0,27
6,0,27,1000,1,368,3.4497,0,0,0.0291,0.8761,0.8419,0,1000,1000,1,0,27
6,0,27,1000,1,369,6.5188,0.0309,2.1011,0.0137,3.1489,0.9657,1,1000,1000,1,132,27
6,0,27,1000,1,370,6.2265,0,0,0.0379,0.9297,0.8857,0,1000,1000,1,0,27
6,0,27,1000,1,371,10.6245,0.0404,1.7829,0.0136,2.9012,1.025,1,1000,1000,1,110,27
6,0,27,1000,1,372,5.6398,0,0,0.0308,0.8801,0.8454,0,1000,1000,1,0,27
6,0,27,1000,1,373,4.3438,0,0,0.0505,0.9546,0.899,0,1000,1000,1,0,27
6,0,27,1000,1,374,7.1806,0.044,2.9319,0.013,3.9618,0.9393,1,1000,1000,1,293,27
6,0,27,1000,1,375,2.2346,0,0,0.0441,0.9797,0.9309,0,1000,1000,1,0,27
6,0,27,1000,1,376,2.8905,0,0,0.0244,0.8175,0.7888,0,1000,1000,1,0,27
6,0,27,1000,1,377,4.3271,0,0,0.0349,1.0453,1.0032,0,1000,1000,1,0,27
6,0,27,1000,1,378,6.0937,0.0322,1.9031,0.0132,2.882,0.8997,1,1000,1000,1,187,27
6,0,27,1000,1,379,1.9792,0,0,0.0299,0.8411,0.807,0,1000,1000,1,0,27
6,0,27,1000,1,380,4.3806,0,0,0.0422,0.9375,0.8906,0,1000,1000,1,0,27
6,0,27,1000,1,381,4.2162,0,0,0.0408,0.9351,0.8895,0,1000,1000,1,0,27
6,0,27,1000,1,382,6.7874,0.0331,2.0928,0.0145,3.166,0.9873,1,1000,1000,1,131,27
6,0,27,1000,1,383,5.6354,0,0,0.0301,0.8496,0.8152,0,1000,1000,1,0,27
6,0,27,1000,1,384,11.0546,0.0646,2.0362,0.0158,3.0904,0.9242,1,1000,1000,1,123,27
6,0,27,1000,1,385,5.6246,0,0,0.0367,0.854,0.813,0,1000,1000,1,0,27
6,0,27,1000,1,386,4.5205,0,0,0.0498,0.9525,0.8983,0,1000,1000,1,0,27
6,0,27,1000,1,387,6.7497,0.0439,2.2601,0.0136,3.2611,0.9067,1,1000,1000,1,288,27
6,0,27,1000,1,388,5.5236,0,0,0.0407,0.9646,0.9198,0,1000,1000,1,0,27
6,0,27,1000,1,389,4.0939,0,0,0.0368,0.9261,0.8844,0,1000,1000,1,0,27
6,0,27,1000,1,390,6.3507,0.0403,2.0498,0.0141,3.0683,0.9326,1,1000,1000,1,164,27
6,0,27,1000,1,391,2.064,0,0,0.0341,0.8812,0.8432,0,1000,1000,1,0,27
6,0,27,1000,1,392,4.0557,0,0,0.0427,0.9529,0.9049,0,1000,1000,1,0,27
6,0,27,1000,1,393,4.6048,0,0,0.051,1.2161,1.1563,0,1000,1000,1,0,27
6,0,27,1000,1,394,10.4186,0.0375,1.9374,0.0141,3.0862,1.058,1,1000,1000,1,143,27
6,0,27,1000,1,395,2.2076,0,0,0.0405,1.0216,0.9749,0,1000,1000,1,0,27
6,0,27,1000,1,396,3.883,0,0,0.0555,1.0452,0.9846,0,1000,1000,1,0,27
6,0,27,1000,1,397,6.2941,0.0484,1.9593,0.0141,3.0172,0.9577,1,1000,1000,1,236,27
6,0,27,1000,1,398,6.2999,0,0,0.0633,1.162,1.0927,0,1000,1000,1,0,27
6,0,27,1000,1,399,4.3254,0,0,0.0393,1.145,1.0901,0,1000,1000,1,0,27
6,0,27,1000,1,400,6.7013,0.0366,2.7994,0.0142,3.8238,0.9361,1,1000,1000,1,206,27
6,0,27,1000,1,401,1.816,0,0,0.031,0.8216,0.7867,0,1000,1000,1,0,27
6,0,27,1000,1,402,3.2102,0,0,0.0282,0.8564,0.8242,0,1000,1000,1,0,27
6,0,27,1000,1,403,4.8431,0,0,0.0539,1.0007,0.9401,0,1000,1000,1,0,27
6,0,27,1000,1,404,6.2127,0.0295,2.1991,0.0133,3.2006,0.9148,1,1000,1000,1,151,27
6,0,27,1000,1,405,1.7596,0,0,0.0263,0.8294,0.7994,0,1000,1000,1,0,27
6,0,27,1000,1,406,8.2018,0,0,0.0374,0.886,0.8438,0,1000,1000,1,0,27
6,0,27,1000,1,407,6.6734,0.0365,2.2986,0.0141,3.3457,0.9513,1,1000,1000,1,119,27
6,0,27,1000,1,408,1.9038,0,0,0.0256,0.844,0.8143,0,1000,1000,1,0,27
6,0,27,1000,1,409,3.8718,0,0,0.0298,0.8943,0.8604,0,1000,1000,1,0,27
6,0,27,1000,1,410,4.3772,0,0,0.045,0.9247,0.8742,0,1000,1000,1,0,27
6,0,27,1000,1,411,6.8021,0.0407,2.3558,0.0137,3.4317,0.9834,1,1000,1000,1,307,27
6,0,27,1000,1,412,1.8987,0,0,0.0309,0.9533,0.9168,0,1000,1000,1,0,27
6,0,27,1000,1,413,3.6226,0,0,0.0467,0.9662,0.9144,0,1000,1000,1,0,27
6,0,27,1000,1,414,4.2079,0,0,0.0587,0.9833,0.9199,0,1000,1000,1,0,27
6,0,27,1000,1,415,6.4543,0.0337,2.0655,0.0143,3.0371,0.8857,1,1000,1000,1,157,27
6,0,27,1000,1,416,1.8367,0,0,0.0277,0.8484,0.8168,0,1000,1000,1,0,27
6,0,27,1000,1,417,4.424,0,0,0.0395,1.0362,0.9897,0,1000,1000,1,0,27
6,0,27,1000,1,418,10.2184,0.0384,1.7317,0.0128,2.7359,0.9138,1,1000,1000,1,123,27
6,0,27,1000,1,419,6.3256,0,0,0.0408,0.9466,0.9011,0,1000,1000,1,0,27
6,0,27,1000,1,420,11.5337,0.0406,2.79,0.0132,4.1027,1.2197,1,1000,1000,1,312,27
6,0,27,1000,1,421,2.3157,0,0,0.0302,1.1167,1.0685,0,1000,1000,1,0,27
6,0,27,1000,1,422,2.9498,0,0,0.0292,0.9397,0.9056,0,1000,1000,1,0,27
6,0,27,1000,1,423,4.121,0,0,0.0401,0.8743,0.829,0,1000,1000,1,0,27
6,0,27,1000,1,424,10.8846,0.0423,2.1234,0.0132,3.133,0.9183,1,1000,1000,1,167,27
6,0,27,1000,1,425,1.83,0,0,0.0343,0.8627,0.8248,0,1000,1000,1,0,27
6,0,27,1000,1,426,3.6038,0,0,0.0277,0.8577,0.8254,0,1000,1000,1,0,27
6,0,27,1000,1,427,7.1697,0.0331,2.3012,0.0137,3.4801,1.0968,1,1000,1000,1,121,27
6,0,27,1000,1,428,5.5767,0,0,0.0223,0.8906,0.8632,0,1000,1000,1,0,27
6,0,27,1000,1,429,10.6958,0.0503,1.7875,0.014,2.842,0.9367,1,1000,1000,1,106,27
6,0,27,1000,1,430,1.9908,0,0,0.0442,0.9075,0.8592,0,1000,1000,1,0,27
6,0,27,1000,1,431,3.9226,0,0,0.0372,0.9475,0.9057,0,1000,1000,1,0,27
6,0,27,1000,1,432,4.1153,0,0,0.0303,0.8823,0.8477,0,1000,1000,1,0,27
6,0,27,1000,1,433,6.2829,0.0281,1.5237,0.0128,2.7568,1.1443,1,1000,1000,1,95,27
6,0,27,1000,1,434,2.0468,0,0,0.0299,0.8941,0.8598,0,1000,1000,1,0,27
6,0,27,1000,1,435,4.2575,0,0,0.0424,0.9138,0.8674,0,1000,1000,1,0,27
6,0,27,1000,1,436,4.2245,0,0,0.0376,0.8944,0.8521,0,1000,1000,1,0,27
6,0,27,1000,1,437,6.0539,0.0447,1.6536,0.0136,2.7238,0.9703,1,1000,1000,1,65,27
6,0,27,1000,1,438,2.2129,0,0,0.0337,0.9199,0.8805,0,1000,1000,1,0,27
6,0,27,1000,1,439,4.8654,0,0,0.0812,1.2753,1.1852,0,1000,1000,1,0,27
6,0,27,1000,1,440,9.3785,0.0289,1.4493,0.0155,2.5202,0.9699,1,1000,1000,1,42,27
6,0,27,1000,1,441,6.5239,0,0,0.0289,0.8868,0.8534,0,1000,1000,1,0,27
6,0,27,1000,1,442,4.5261,0,0,0.0384,0.9346,0.8906,0,1000,1000,1,0,27
6,0,27,1000,1,443,5.5917,0.0366,1.4112,0.0124,2.3836,0.8838,1,1000,1000,1,45,27
6,0,27,1000,1,444,6.7067,0,0,0.0375,0.917,0.8756,0,1000,1000,1,0,27
6,0,27,1000,1,445,9.8046,0.0255,1.2625,0.0133,2.2956,0.9431,1,1000,1000,1,39,27
6,0,27,1000,1,446,6.9278,0,0,0.0509,0.9588,0.9037,0,1000,1000,1,0,27
6,0,27,1000,1,447,10.4149,0.0378,1.5464,0.014,2.7829,1.1255,1,1000,1000,1,40,27
6,0,27,1000,1,448,6.2472,0,0,0.021,1.0194,0.9924,0,1000,1000,1,0,27
6,0,27,1000,1,449,9.7697,0.0298,1.2015,0.0132,2.3409,1.0469,1,1000,1000,1,27,27
6,0,27,1000,1,450,6.922,0,0,0.0415,0.977,0.9317,0,1000,1000,1,0,27
6,0,27,1000,1,451,9.7187,0.031,1.1204,0.0146,2.2278,1.0192,1,1000,1000,1,23,27
6,0,27,1000,1,452,6.9644,0,0,0.0387,0.9314,0.8887,0,1000,1000,1,0,27
6,0,27,1000,1,453,9.7678,0.0422,1.2168,0.0131,2.2589,0.9304,1,1000,1000,1,27,27
6,0,27,1000,1,454,6.929,0,0,0.0478,0.9896,0.9373,0,1000,1000,1,0,27
6,0,27,1000,1,455,10.7619,0.0443,1.0722,0.0136,2.4188,1.2465,1,1000,1000,1,29,27
6,0,27,1000,1,456,6.158,0,0,0.0468,0.9572,0.905,0,1000,1000,1,0,27
6,0,27,1000,1,457,9.6826,0.0419,1.2171,0.0179,2.4607,1.1369,1,1000,1000,1,31,27
6,0,27,1000,1,458,6.384,0,0,0.0314,0.8663,0.8313,0,1000,1000,1,0,27
6,0,27,1000,1,459,10.4918,0.0584,1.2974,0.0127,2.425,0.9965,1,1000,1000,1,17,27
6,0,27,1000,1,460,6.383,0,0,0.0424,0.9003,0.8535,0,1000,1000,1,0,27
6,0,27,1000,1,461,9.6993,0.032,1.1173,0.0147,2.1486,0.9363,1,1000,1000,1,15,27
6,0,27,1000,1,462,6.8752,0,0,0.0447,0.9391,0.8901,0,1000,1000,1,0,27
6,0,27,1000,1,463,9.6736,0.0417,0.8701,0.0149,1.8848,0.9135,1,1000,1000,1,10,27
6,0,27,1000,1,464,6.9713,0,0,0.0351,0.8707,0.832,0,1000,1000,1,0,27
6,0,27,1000,1,465,9.8292,0.0403,0.9359,0.0123,2.0489,0.9925,1,1000,1000,1,12,27
6,0,27,1000,1,466,7.1982,0,0,0.0572,1.0938,1.032,0,1000,1000,1,0,27
6,0,27,1000,1,467,8.9586,0.0466,0.8091,0.0137,1.8158,0.9043,1,1000,1000,1,6,27
6,0,27,1000,1,468,7.8064,0,0,0.0629,1.105,1.0364,0,1000,1000,1,0,27
6,0,27,1000,1,469,9.3747,0.0295,0.9991,0.016,2.1404,1.0173,1,1000,1000,1,6,27
6,0,27,1000,1,470,6.9463,0,0,0.0369,0.9349,0.8938,0,1000,1000,1,0,27
6,0,27,1000,1,471,3.9648,0,0,0.039,0.9323,0.8893,0,1000,1000,1,0,27
6,0,27,1000,1,472,6.3702,0.0385,1.2359,0.0136,2.3705,0.9775,1,1000,1000,1,7,27
6,0,27,1000,1,473,1.9291,0,0,0.0248,0.8817,0.8521,0,1000,1000,1,0,27
6,0,27,1000,1,474,4.2068,0,0,0.036,0.9095,0.8684,0,1000,1000,1,0,27
6,0,27,1000,1,475,4.2898,0,0,0.0425,0.9056,0.8587,0,1000,1000,1,0,27
6,0,27,1000,1,476,5.6606,0.0377,0.9807,0.0138,2.3202,1.2362,1,1000,1000,1,6,27
6,0,27,1000,1,477,6.7591,0,0,0.0369,1.0177,0.9761,0,1000,1000,1,0,27
6,0,27,1000,1,478,4.4778,0,0,0.0632,1.0802,1.0114,0,1000,1000,1,0,27
6,0,27,1000,1,479,5.2298,0.0439,0.8081,0.0301,1.9985,1.0533,1,1000,1000,1,6,27
6,0,27,1000,1,480,6.938,0,0,0.0325,0.9636,0.9253,0,1000,1000,1,0,27
6,0,27,1000,1,481,9.8613,0.0463,1.1007,0.0124,2.1152,0.8981,1,1000,1000,1,6,27
6,0,27,1000,1,482,7.1548,0,0,0.0566,1.003,0.9427,0,1000,1000,1,0,27
6,0,27,1000,1,483,9.3297,0.035,0.7095,0.014,1.8661,1.0434,1,1000,1000,1,7,27
6,0,27,1000,1,484,2.8044,0,0,0.0279,0.9046,0.8721,0,1000,1000,1,0,27
6,0,27,1000,1,485,4.5939,0,0,0.0488,0.9942,0.9393,0,1000,1000,1,0,27
6,0,27,1000,1,486,9.5458,0.1846,0.6885,0.0141,2.0114,1.0572,1,1000,1000,1,3,27
6,0,27,1000,1,487,6.7975,0,0,0.0411,0.9174,0.8726,0,1000,1000,1,0,27
6,0,27,1000,1,488,4.2053,0,0,0.0502,0.974,0.9195,0,1000,1000,1,0,27
6,0,27,1000,1,489,5.3123,0.0295,0.96,0.0141,2.061,0.9947,1,1000,1000,1,5,27
6,0,27,1000,1,490,2.9427,0,0,0.0324,0.948,0.9103,0,1000,1000,1,0,27
6,0,27,1000,1,491,4.4935,0,0,0.0416,0.9705,0.9235,0,1000,1000,1,0,27
6,0,27,1000,1,492,4.1079,0,0,0.0411,0.931,0.8848,0,1000,1000,1,0,27
6,0,27,1000,1,493,5.2978,0.0411,0.8253,0.0137,1.8346,0.9072,1,1000,1000,1,9,27
6,0,27,1000,1,494,7.0869,0,0,0.0542,1.0226,0.9639,0,1000,1000,1,0,27
6,0,27,1000,1,495,4.3381,0,0,0.0461,1.1663,1.1145,0,1000,1000,1,0,27
6,0,27,1000,1,496,5.4699,0.0388,1.0395,0.0154,2.3701,1.2081,1,1000,1000,1,7,27
6,0,27,1000,1,497,2.4466,0,0,0.0382,0.9246,0.8812,0,1000,1000,1,0,27
6,0,27,1000,1,498,4.4472,0,0,0.0558,1.037,0.9745,0,1000,1000,1,0,27
6,0,27,1000,1,499,4.1079,0,0,0.0454,0.9781,0.9278,0,1000,1000,1,0,27
6,0,27,1000,1,500,5.0988,0.049,0.8592,0.0185,2.0715,1.0452,1,1000,1000,1,6,27
6,0,27,1000,1,501,2.9606,0,0,0.0316,0.968,0.9314,0,1000,1000,1,0,27
6,0,27,1000,1,502,8.4854,0,0,0.0524,1.0834,1.024,0,1000,1000,1,0,27
6,0,27,1000,1,503,10.38,0.0437,0.8624,0.0191,2.182,1.1897,1,1000,1000,1,5,27
6,0,27,1000,1,504,2.1956,0,0,0.0346,0.9422,0.9023,0,1000,1000,1,0,27
6,0,27,1000,1,505,4.231,0,0,0.0476,0.9723,0.92,0,1000,1000,1,0,27
6,0,27,1000,1,506,5.2387,0.0482,0.9129,0.0152,2.0559,0.9973,1,1000,1000,1,8,27
6,0,27,1000,1,507,2.8298,0,0,0.0312,0.9244,0.8881,0,1000,1000,1,0,27
6,0,27,1000,1,508,8.961,0,0,0.0681,1.118,1.0428,0,1000,1000,1,0,27
6,0,27,1000,1,509,9.1046,0.0405,0.9647,0.0367,2.1339,1.0269,1,1000,1000,1,3,27
6,0,27,1000,1,510,2.6349,0,0,0.0299,0.8913,0.8571,0,1000,1000,1,0,27
6,0,27,1000,1,511,4.6297,0,0,0.0456,1.2125,1.1558,0,1000,1000,1,0,27
6,0,27,1000,1,512,5.4658,0.0325,0.779,0.0141,1.9117,1.0211,1,1000,1000,1,5,27
6,0,27,1000,1,513,2.3947,0,0,0.0302,0.9042,0.8699,0,1000,1000,1,0,27
6,0,27,1000,1,514,4.3858,0,0,0.0397,1.0264,0.9773,0,1000,1000,1,0,27
6,0,27,1000,1,515,4.2728,0,0,0.0362,1.0722,1.031,0,1000,1000,1,0,27
6,0,27,1000,1,516,5.148,0.0586,0.8694,0.0143,1.8903,0.8993,1,1000,1000,1,8,27
6,0,27,1000,1,517,2.8714,0,0,0.0336,0.9096,0.872,0,1000,1000,1,0,27
6,0,27,1000,1,518,4.3574,0,0,0.0456,0.9751,0.9249,0,1000,1000,1,0,27
6,0,27,1000,1,519,3.9948,0,0,0.0326,0.9035,0.866,0,1000,1000,1,0,27
6,0,27,1000,1,520,5.3802,0.0379,0.6329,0.0148,1.6933,0.9345,1,1000,1000,1,6,27
6,0,27,1000,1,521,2.9057,0,0,0.0246,0.9239,0.8799,0,1000,1000,1,0,27
6,0,27,1000,1,522,4.4652,0,0,0.0378,1.0971,1.0514,0,1000,1000,1,0,27
6,0,27,1000,1,523,3.9286,0,0,0.0309,0.9153,0.8792,0,1000,1000,1,0,27
6,0,27,1000,1,524,5.6122,0.0558,0.6623,0.0185,1.6835,0.8835,1,1000,1000,1,2,27
6,0,27,1000,1,525,6.9855,0,0,0.0399,0.9724,0.9285,0,1000,1000,1,0,27
6,0,27,1000,1,526,9.7745,0.0356,0.93,0.0146,2.0173,0.9888,1,1000,1000,1,2,27
6,0,27,1000,1,527,6.9646,0,0,0.0398,1.0514,1.005,0,1000,1000,1,0,27
6,0,27,1000,1,528,4.2166,0,0,0.0384,1.0751,1.0121,0,1000,1000,1,0,27
6,0,27,1000,1,529,5.2205,0.0353,0.8479,0.0149,1.8922,0.9478,1,1000,1000,1,2,27
6,0,27,1000,1,530,7.4288,0,0,0.0391,0.97,0.9263,0,1000,1000,1,0,27
6,0,27,1000,1,531,3.7954,0,0,0.0335,0.9442,0.9052,0,1000,1000,1,0,27
6,0,27,1000,1,532,5.2051,0.0349,0.8134,0.0155,1.8581,0.9499,1,1000,1000,1,0,27
6,0,27,1000,1,533,3.1249,0,0,0.0307,0.8601,0.8256,0,1000,1000,1,0,27
6,0,27,1000,1,534,4.1518,0,0,0.0334,0.9006,0.8626,0,1000,1000,1,0,27
6,0,27,1000,1,535,4.1597,0,0,0.029,0.8816,0.847,0,1000,1000,1,0,27
6,0,27,1000,1,536,5.6042,0.0317,0.8146,0.0145,1.9552,1.024,1,1000,1000,1,2,27
6,0,27,1000,1,537,2.7578,0,0,0.0296,0.8956,0.8611,0,1000,1000,1,0,27
6,0,27,1000,1,538,4.1687,0,0,0.031,0.9342,0.8981,0,1000,1000,1,0,27
6,0,27,1000,1,539,4.2657,0,0,0.0332,0.9096,0.8715,0,1000,1000,1,0,27
6,0,27,1000,1,540,6.2256,0.1673,0.7523,0.0133,1.9613,0.9682,1,1000,1000,1,2,27
6,0,27,1000,1,541,1.9515,0,0,0.0169,0.9122,0.8904,0,1000,1000,1,0,27
6,0,27,1000,1,542,4.2648,0,0,0.0415,0.9058,0.859,0,1000,1000,1,0,27
6,0,27,1000,1,543,4.1838,0,0,0.0383,0.9236,0.8798,0,1000,1000,1,0,27
6,0,27,1000,1,544,5.6114,0.0383,1.1453,0.0138,2.2106,0.9632,1,1000,1000,1,2,27
6,0,27,1000,1,545,2.7518,0,0,0.0324,0.9059,0.8693,0,1000,1000,1,0,27
6,0,27,1000,1,546,4.4595,0,0,0.0385,0.9461,0.9015,0,1000,1000,1,0,27
6,0,27,1000,1,547,3.9015,0,0,0.0323,0.9547,0.9171,0,1000,1000,1,0,27
6,0,27,1000,1,548,5.7336,0.107,0.9149,0.0148,2.2506,1.15,1,1000,1000,1,1,27
6,0,27,1000,1,549,2.4031,0,0,0.0189,0.8324,0.8101,0,1000,1000,1,0,27
6,0,27,1000,1,550,4.3259,0,0,0.0263,0.8791,0.8483,0,1000,1000,1,0,27
7,1,27,1000,1,151,3.9392,0.0555,0.0899,0.0222,0.8339,0.8088,0,1000,1000,1,0,27
7,1,27,1000,1,152,4.5404,0.0615,0.0989,0.0138,1.2502,1.0506,1,1000,1000,1,13,27
7,1,27,1000,1,153,8.2884,0.0488,0.2438,0.0252,0.8167,0.7872,0,1000,1000,1,0,27
7,1,27,1000,1,154,8.4355,0.0437,0.0842,0.0124,1.2435,1.0682,1,1000,1000,1,14,27
7,1,27,1000,1,155,3.6806,0.0437,0.0842,0.0193,0.8083,0.7866,0,1000,1000,1,0,27
7,1,27,1000,1,156,4.6675,0.0628,0.1754,0.023,0.8944,0.8674,0,1000,1000,1,0,27
7,1,27,1000,1,157,3.8507,0.0628,0.1754,0.0229,0.8485,0.8223,0,1000,1000,1,0,27
7,1,27,1000,1,158,4.5251,0.0532,0.112,0.0127,1.3258,1.1129,1,1000,1000,1,20,27
7,1,27,1000,1,159,3.6649,0.0532,0.112,0.0274,0.8629,0.8324,0,1000,1000,1,0,27
7,1,27,1000,1,160,4.6379,0.0494,0.2453,0.0231,0.8252,0.7979,0,1000,1000,1,0,27
7,1,27,1000,1,161,3.8982,0.0494,0.2453,0.0256,0.9156,0.8867,0,1000,1000,1,0,27
7,1,27,1000,1,162,4.581,0.0628,0.1268,0.0156,1.2893,1.0538,1,1000,1000,1,28,27
7,1,27,1000,1,163,3.567,0.0628,0.1268,0.0178,0.8103,0.7884,0,1000,1000,1,0,27
7,1,27,1000,1,164,8.6498,0.0569,0.0617,0.0282,0.9965,0.9639,0,1000,1000,1,0,27
7,1,27,1000,1,165,4.1813,0.0535,0.1235,0.0137,1.2334,1.0169,1,1000,1000,1,27,27
7,1,27,1000,1,166,4.1995,0.0535,0.1235,0.0209,0.8523,0.829,0,1000,1000,1,0,27
7,1,27,1000,1,167,4.2178,0.056,0.1563,0.0272,1.0602,1.0293,0,1000,1000,1,0,27
7,1,27,1000,1,168,3.9304,0.056,0.1563,0.0227,0.8709,0.844,0,1000,1000,1,0,27
7,1,27,1000,1,169,4.2828,0.071,0.1169,0.0157,1.1241,0.8912,1,1000,1000,1,31,27
7,1,27,1000,1,170,4.0263,0.071,0.1169,0.0192,0.8176,0.7955,0,1000,1000,1,0,27
7,1,27,1000,1,171,4.1405,0.0429,0.1366,0.0219,0.8129,0.7874,0,1000,1000,1,0,27
7,1,27,1000,1,172,4.3018,0.0429,0.1366,0.0281,0.9741,0.9426,0,1000,1000,1,0,27
7,1,27,1000,1,173,8.4177,0.0592,0.1094,0.0133,1.2045,0.9964,1,1000,1000,1,16,27
7,1,27,1000,1,174,4.305,0.0397,0.1009,0.0205,0.8389,0.8152,0,1000,1000,1,0,27
7,1,27,1000,1,175,8.1332,0.0665,0.0892,0.0141,1.1719,0.9751,1,1000,1000,1,24,27
7,1,27,1000,1,176,3.9693,0.0665,0.0892,0.0255,0.8495,0.8208,0,1000,1000,1,0,27
7,1,27,1000,1,177,8.5834,0.0582,0.1572,0.0333,0.93,0.8926,0,1000,1000,1,0,27
7,1,27,1000,1,178,4.3991,0.0639,0.1177,0.0137,1.237,1.0149,1,1000,1000,1,23,27
7,1,27,1000,1,179,7.9087,0.036,0.1676,0.0196,0.8148,0.7921,0,1000,1000,1,0,27
7,1,27,1000,1,180,4.1322,0.036,0.1676,0.0209,0.9416,0.917,0,1000,1000,1,0,27
7,1,27,1000,1,181,4.437,0.0693,0.1706,0.0146,1.2795,0.993,1,1000,1000,1,29,27
7,1,27,1000,1,182,3.8513,0.0693,0.1706,0.0171,0.8414,0.8196,0,1000,1000,1,0,27
7,1,27,1000,1,183,4.2924,0.0482,0.2331,0.021,0.8299,0.8051,0,1000,1000,1,0,27
7,1,27,1000,1,184,3.9609,0.0482,0.2331,0.0269,0.8406,0.8102,0,1000,1000,1,0,27
7,1,27,1000,1,185,4.7105,0.0597,0.3144,0.0169,1.3988,0.9626,1,1000,1000,1,15,27
7,1,27,1000,1,186,3.4914,0.0597,0.3144,0.0198,0.8002,0.7774,0,1000,1000,1,0,27
7,1,27,1000,1,187,4.7354,0.1141,0.0524,0.0233,0.873,0.8452,0,1000,1000,1,0,27
7,1,27,1000,1,188,8.8848,0.062,0.1048,0.0137,1.8397,1.6293,1,1000,1000,1,17,27
7,1,27,1000,1,189,7.7089,0.051,0.0785,0.0284,0.9425,0.9104,0,1000,1000,1,0,27
7,1,27,1000,1,190,4.1682,0.051,0.0785,0.0276,0.9384,0.908,0,1000,1000,1,0,27
7,1,27,1000,1,191,4.6574,0.0496,0.1471,0.0142,1.5007,1.2643,1,1000,1000,1,23,27
7,1,27,1000,1,192,3.2318,0.0496,0.1471,0.021,0.8152,0.7911,0,1000,1000,1,0,27
7,1,27,1000,1,193,4.4399,0.0487,0.0683,0.0257,0.8749,0.8453,0,1000,1000,1,0,27
7,1,27,1000,1,194,4.0174,0.0487,0.0683,0.0222,0.8561,0.8306,0,1000,1000,1,0,27
7,1,27,1000,1,195,4.5655,0.0463,0.1136,0.0128,1.3264,1.1293,1,1000,1000,1,28,27
7,1,27,1000,1,196,3.7397,0.0463,0.1136,0.0245,0.916,0.8879,0,1000,1000,1,0,27
7,1,27,1000,1,197,4.714,0.0455,0.1035,0.0242,0.9963,0.9684,0,1000,1000,1,0,27
7,1,27,1000,1,198,3.5112,0.0455,0.1035,0.0206,0.8513,0.8277,0,1000,1000,1,0,27
7,1,27,1000,1,199,4.8999,0.0718,0.1332,0.0127,1.3329,1.0885,1,1000,1000,1,22,27
7,1,27,1000,1,200,3.4927,0.0718,0.1332,0.0214,0.8385,0.8141,0,1000,1000,1,0,27
7,1,27,1000,1,201,4.4966,0.0521,0.1442,0.0245,0.8324,0.8043,0,1000,1000,1,0,27
7,1,27,1000,1,202,4.0676,0.0521,0.1442,0.0263,1.1469,1.1162,0,1000,1000,1,0,27
7,1,27,1000,1,203,4.7583,0.0795,0.1196,0.0137,1.6163,1.3745,1,1000,1000,1,26,27
7,1,27,1000,1,204,8.0783,0.0733,0.258,0.0195,0.9496,0.9258,0,1000,1000,1,0,27
7,1,27,1000,1,205,3.6386,0.0733,0.258,0.0176,0.7768,0.7561,0,1000,1000,1,0,27
7,1,27,1000,1,206,4.6867,0.0644,0.1409,0.0131,1.3406,1.0943,1,1000,1000,1,30,27
7,1,27,1000,1,207,3.7132,0.0644,0.1409,0.0256,0.9037,0.8742,0,1000,1000,1,0,27
7,1,27,1000,1,208,4.6363,0.0655,0.2565,0.0323,1.0368,0.9906,0,1000,1000,1,0,27
7,1,27,1000,1,209,8.4181,0.0518,0.1029,0.0153,1.424,1.2256,1,1000,1000,1,24,27
7,1,27,1000,1,210,3.6963,0.0518,0.1029,0.0239,0.8674,0.8406,0,1000,1000,1,0,27
7,1,27,1000,1,211,4.7867,0.0785,0.1344,0.0274,0.9161,0.8843,0,1000,1000,1,0,27
7,1,27,1000,1,212,9.0013,0.1003,0.1761,0.0123,1.7233,1.4033,1,1000,1000,1,25,27
7,1,27,1000,1,213,7.3839,0.0558,0.2946,0.0265,0.905,0.8741,0,1000,1000,1,0,27
7,1,27,1000,1,214,3.5307,0.0558,0.2946,0.0208,0.7695,0.7458,0,1000,1000,1,0,27
7,1,27,1000,1,215,5.087,0.0865,0.1772,0.0132,1.6389,1.3196,1,1000,1000,1,25,27
7,1,27,1000,1,216,3.6427,0.0865,0.1772,0.0245,0.8971,0.8691,0,1000,1000,1,0,27
7,1,27,1000,1,217,4.0064,0.0504,0.0392,0.0227,0.9171,0.8907,0,1000,1000,1,0,27
7,1,27,1000,1,218,4.0261,0.0504,0.0392,0.026,0.9257,0.8964,0,1000,1000,1,0,27
7,1,27,1000,1,219,9.1568,0.0522,0.1079,0.0148,1.535,1.3291,1,1000,1000,1,31,27
7,1,27,1000,1,220,8.1852,0.0423,0.2416,0.0438,1.0155,0.9666,0,1000,1000,1,0,27
7,1,27,1000,1,221,4.2532,0.0603,0.1023,0.0132,1.4565,1.2599,1,1000,1000,1,20,27
7,1,27,1000,1,222,3.7757,0.0603,0.1023,0.021,0.8753,0.8511,0,1000,1000,1,0,27
7,1,27,1000,1,223,4.6886,0.0432,0.203,0.0264,0.9384,0.9074,0,1000,1000,1,0,27
7,1,27,1000,1,224,3.723,0.0432,0.203,0.0254,0.8828,0.8542,0,1000,1000,1,0,27
7,1,27,1000,1,225,4.3094,0.0648,0.1136,0.0132,1.3884,1.1679,1,1000,1000,1,23,27
7,1,27,1000,1,226,3.6975,0.0648,0.1136,0.0183,0.8561,0.8356,0,1000,1000,1,0,27
7,1,27,1000,1,227,4.574,0.0661,0.1444,0.026,0.9087,0.8791,0,1000,1000,1,0,27
7,1,27,1000,1,228,3.7188,0.0661,0.1444,0.0237,0.9584,0.9312,0,1000,1000,1,0,27
7,1,27,1000,1,229,4.8808,0.0533,0.3946,0.0168,1.6063,1.022,1,1000,1000,1,29,27
7,1,27,1000,1,230,7.9849,0.0597,0.1782,0.0274,0.9494,0.9162,0,1000,1000,1,0,27
7,1,27,1000,1,231,9.2547,0.0575,0.1513,0.0142,1.7787,1.5289,1,1000,1000,1,29,27
7,1,27,1000,1,232,7.4841,0.085,0.0044,0.0361,1.2067,1.1655,0,1000,1000,1,0,27
7,1,27,1000,1,233,9.0737,0.0702,0.0967,0.0139,1.589,1.3831,1,1000,1000,1,18,27
7,1,27,1000,1,234,3.1193,0.0702,0.0967,0.0182,0.8176,0.7969,0,1000,1000,1,0,27
7,1,27,1000,1,235,4.5687,0.0585,0.0472,0.0279,1.1237,1.0908,0,1000,1000,1,0,27
7,1,27,1000,1,236,3.7793,0.0585,0.0472,0.0311,1.019,0.9846,0,1000,1000,1,0,27
7,1,27,1000,1,237,4.6136,0.0399,0.3651,0.0154,1.4312,0.984,1,1000,1000,1,15,27
7,1,27,1000,1,238,4.0156,0.0399,0.3651,0.0327,1.0003,0.9642,0,1000,1000,1,0,27
7,1,27,1000,1,239,4.3185,0.0584,0.0799,0.0268,0.8729,0.8417,0,1000,1000,1,0,27
7,1,27,1000,1,240,3.481,0.0584,0.0799,0.0202,0.8116,0.7882,0,1000,1000,1,0,27
7,1,27,1000,1,241,5.4054,0.0417,0.8937,0.0158,1.9199,0.9217,1,1000,1000,1,23,27
7,1,27,1000,1,242,7.547,0.0385,0.0439,0.0228,0.9581,0.9317,0,1000,1000,1,0,27
7,1,27,1000,1,243,3.7538,0.0385,0.0439,0.0211,0.8282,0.8041,0,1000,1000,1,0,27
7,1,27,1000,1,244,4.8929,0.0558,0.0893,0.0135,1.3319,1.1487,1,1000,1000,1,30,27
7,1,27,1000,1,245,8.0002,0.0364,0.0769,0.0211,0.9057,0.881,0,1000,1000,1,0,27
7,1,27,1000,1,246,4.107,0.0364,0.0769,0.0249,0.928,0.9001,0,1000,1000,1,0,27
7,1,27,1000,1,247,8.9006,0.0471,0.135,0.0143,1.5423,1.3169,1,1000,1000,1,19,27
7,1,27,1000,1,248,3.4164,0.0331,0.0771,0.0193,0.861,0.838,0,1000,1000,1,0,27
7,1,27,1000,1,249,4.414,0.0331,0.0771,0.0307,1.1266,1.0919,0,1000,1000,1,0,27
7,1,27,1000,1,250,4.8122,0.0619,0.0951,0.0142,1.6223,1.418,1,1000,1000,1,12,27
7,1,27,1000,1,251,7.661,0.0481,0.0571,0.0263,0.9438,0.9133,0,1000,1000,1,0,27
7,1,27,1000,1,252,9.3004,0.1009,0.1033,0.0124,1.5878,1.3433,1,1000,1000,1,23,27
7,1,27,1000,1,253,7.4974,0.0413,0.1835,0.0257,1.0226,0.9643,0,1000,1000,1,0,27
7,1,27,1000,1,254,3.7234,0.0413,0.1835,0.0231,0.9029,0.8764,0,1000,1000,1,0,27
7,1,27,1000,1,255,4.9618,0.0629,0.0815,0.0133,1.3156,1.1341,1,1000,1000,1,10,27
7,1,27,1000,1,256,8.2037,0.0459,0.0779,0.0224,1.0186,0.9918,0,1000,1000,1,0,27
7,1,27,1000,1,257,8.5851,0.0543,0.1374,0.0138,1.5626,1.3264,1,1000,1000,1,16,27
7,1,27,1000,1,258,3.6009,0.0543,0.1374,0.0195,0.8516,0.829,0,1000,1000,1,0,27
7,1,27,1000,1,259,4.1865,0.0371,0.0852,0.0219,0.9008,0.8754,0,1000,1000,1,0,27
7,1,27,1000,1,260,3.7193,0.0371,0.0852,0.02,0.8262,0.8027,0,1000,1000,1,0,27
7,1,27,1000,1,261,4.7481,0.0569,0.1223,0.0135,1.4766,1.2547,1,1000,1000,1,16,27
7,1,27,1000,1,262,3.5884,0.0569,0.1223,0.0197,0.8845,0.8622,0,1000,1000,1,0,27
7,1,27,1000,1,263,4.2219,0.0378,0.0675,0.0176,0.8361,0.8154,0,1000,1000,1,0,27
7,1,27,1000,1,264,3.9945,0.0378,0.0675,0.016,0.7891,0.7701,0,1000,1000,1,0,27
7,1,27,1000,1,265,4.6578,0.0542,0.0888,0.0128,1.2605,1.0739,1,1000,1000,1,16,27
7,1,27,1000,1,266,3.9366,0.0542,0.0888,0.0198,0.8257,0.8026,0,1000,1000,1,0,27
7,1,27,1000,1,267,4.3824,0.0571,0.1618,0.0241,0.9173,0.8896,0,1000,1000,1,0,27
7,1,27,1000,1,268,3.8748,0.0571,0.1618,0.019,0.8269,0.8053,0,1000,1000,1,0,27
7,1,27,1000,1,269,5.1924,0.0668,0.1019,0.0148,1.6412,1.4305,1,1000,1000,1,23,27
7,1,27,1000,1,270,7.946,0.0615,0.0578,0.0239,0.9596,0.932,0,1000,1000,1,0,27
7,1,27,1000,1,271,8.539,0.0568,0.0944,0.0126,1.4001,1.2075,1,1000,1000,1,22,27
7,1,27,1000,1,272,3.3927,0.0568,0.0944,0.0218,0.8467,0.8223,0,1000,1000,1,0,27
7,1,27,1000,1,273,4.4858,0.0579,0.0683,0.0245,0.9351,0.9074,0,1000,1000,1,0,27
7,1,27,1000,1,274,3.8113,0.0579,0.0683,0.0221,0.8904,0.865,0,1000,1000,1,0,27
7,1,27,1000,1,275,5.1897,0.0849,0.4692,0.0154,1.8014,1.2028,1,1000,1000,1,13,27
7,1,27,1000,1,276,3.1133,0.0849,0.4692,0.022,0.8378,0.813,0,1000,1000,1,0,27
7,1,27,1000,1,277,4.5731,0.0552,0.1169,0.0208,0.893,0.8683,0,1000,1000,1,0,27
7,1,27,1000,1,278,3.8546,0.0552,0.1169,0.0198,0.8917,0.869,0,1000,1000,1,0,27
7,1,27,1000,1,279,4.3915,0.0478,0.0873,0.0128,1.1783,1.0049,1,1000,1000,1,7,27
7,1,27,1000,1,280,4.2813,0.0478,0.0873,0.0251,0.878,0.849,0,1000,1000,1,0,27
7,1,27,1000,1,281,8.3794,0.0517,0.0556,0.0246,1.0391,1.0105,0,1000,1000,1,0,27
7,1,27,1000,1,282,8.9989,0.058,0.0979,0.0131,1.3625,1.1659,1,1000,1000,1,13,27
7,1,27,1000,1,283,7.5364,0.0367,0.0727,0.0177,0.9848,0.9639,0,1000,1000,1,0,27
7,1,27,1000,1,284,8.4045,0.0616,0.1055,0.0137,1.3075,1.0708,1,1000,1000,1,14,27
7,1,27,1000,1,285,8.4073,0.0534,0.0936,0.0232,1.0022,0.9742,0,1000,1000,1,0,27
7,1,27,1000,1,286,8.2165,0.0594,0.1243,0.0138,1.2728,1.0524,1,1000,1000,1,8,27
7,1,27,1000,1,287,3.8815,0.0505,0.0603,0.0196,0.8399,0.8175,0,1000,1000,1,0,27
7,1,27,1000,1,288,3.9704,0.0505,0.0603,0.0184,0.8923,0.8713,0,1000,1000,1,0,27
7,1,27,1000,1,289,5.0518,0.065,0.1065,0.0143,1.5494,1.3299,1,1000,1000,1,14,27
7,1,27,1000,1,290,3.352,0.065,0.1065,0.0198,0.8669,0.8443,0,1000,1000,1,0,27
7,1,27,1000,1,291,4.561,0.0447,0.0756,0.032,0.9471,0.9112,0,1000,1000,1,0,27
7,1,27,1000,1,292,8.4762,0.0438,0.107,0.0142,1.2906,1.097,1,1000,1000,1,14,27
7,1,27,1000,1,293,8.1401,0.0407,0.1014,0.0185,0.8704,0.8476,0,1000,1000,1,0,27
7,1,27,1000,1,294,8.5067,0.0516,0.0968,0.0124,1.2668,1.074,1,1000,1000,1,13,27
7,1,27,1000,1,295,3.7685,0.0516,0.0968,0.0254,0.827,0.7988,0,1000,1000,1,0,27
7,1,27,1000,1,296,4.4918,0.0808,0.2835,0.0229,0.8627,0.8362,0,1000,1000,1,0,27
7,1,27,1000,1,297,3.7344,0.0808,0.2835,0.0194,0.8968,0.8718,0,1000,1000,1,0,27
7,1,27,1000,1,298,4.5588,0.0536,0.0904,0.0137,1.3737,1.1922,1,1000,1000,1,13,27
7,1,27,1000,1,299,3.6843,0.0536,0.0904,0.0176,0.881,0.8601,0,1000,1000,1,0,27
7,1,27,1000,1,300,4.3842,0.0522,0.1529,0.0251,0.8721,0.8438,0,1000,1000,1,0,27
7,1,27,1000,1,301,3.9508,0.0522,0.1529,0.0225,0.9301,0.9034,0,1000,1000,1,0,27
7,1,27,1000,1,302,4.7606,0.0708,0.1007,0.0134,1.2807,1.0698,1,1000,1000,1,13,27
7,1,27,1000,1,303,8.1732,0.0429,0.0462,0.0272,0.9144,0.8837,0,1000,1000,1,0,27
7,1,27,1000,1,304,8.6796,0.0617,0.1842,0.0133,1.5023,1.2101,1,1000,1000,1,15,27
7,1,27,1000,1,305,3.9736,0.0617,0.1842,0.0225,0.9356,0.9097,0,1000,1000,1,0,27
7,1,27,1000,1,306,3.9743,0.0456,0.06,0.0379,0.956,0.9143,0,1000,1000,1,0,27
7,1,27,1000,1,307,3.8169,0.0456,0.06,0.0219,0.8284,0.8038,0,1000,1000,1,0,27
7,1,27,1000,1,308,5.2472,0.0683,0.3015,0.014,1.6604,1.2496,1,1000,1000,1,9,27
7,1,27,1000,1,309,3.5302,0.0683,0.3015,0.0186,0.959,0.9371,0,1000,1000,1,0,27
7,1,27,1000,1,310,4.473,0.0517,0.2032,0.0419,1.0982,1.052,0,1000,1000,1,0,27
7,1,27,1000,1,311,3.5143,0.0517,0.2032,0.0183,0.8518,0.8308,0,1000,1000,1,0,27
7,1,27,1000,1,312,4.6945,0.0518,0.1127,0.0125,1.385,1.1826,1,1000,1000,1,11,27
7,1,27,1000,1,313,3.7997,0.0518,0.1127,0.0239,0.963,0.9351,0,1000,1000,1,0,27
7,1,27,1000,1,314,8.6252,0.0605,0.1159,0.0292,1.0579,1.0244,0,1000,1000,1,0,27
7,1,27,1000,1,315,8.5677,0.0426,0.0941,0.0143,1.4199,1.241,1,1000,1000,1,8,27
7,1,27,1000,1,316,3.5635,0.0425,0.0682,0.02,0.8951,0.8719,0,1000,1000,1,0,27
7,1,27,1000,1,317,4.3986,0.0425,0.0682,0.0219,0.8849,0.8596,0,1000,1000,1,0,27
7,1,27,1000,1,318,4.3313,0.0615,0.1149,0.0145,1.4348,1.2179,1,1000,1000,1,13,27
7,1,27,1000,1,319,3.6075,0.0615,0.1149,0.0179,0.8407,0.8201,0,1000,1000,1,0,27
7,1,27,1000,1,320,4.6932,0.0626,0.1024,0.0252,0.9509,0.9221,0,1000,1000,1,0,27
7,1,27,1000,1,321,3.7538,0.0626,0.1024,0.0194,0.8443,0.822,0,1000,1000,1,0,27
7,1,27,1000,1,322,4.8879,0.0514,0.1189,0.0135,1.4899,1.281,1,1000,1000,1,19,27
7,1,27,1000,1,323,7.6864,0.0458,0.0504,0.0216,0.9046,0.8793,0,1000,1000,1,0,27
7,1,27,1000,1,324,4.1139,0.0458,0.0504,0.0214,0.9484,0.9241,0,1000,1000,1,0,27
7,1,27,1000,1,325,4.4712,0.0435,0.1374,0.0156,1.3105,1.0783,1,1000,1000,1,2,27
7,1,27,1000,1,326,3.7372,0.0435,0.1374,0.0212,0.9224,0.8985,0,1000,1000,1,0,27
7,1,27,1000,1,327,4.3779,0.0534,0.0574,0.0213,0.9419,0.9172,0,1000,1000,1,0,27
7,1,27,1000,1,328,3.9416,0.0534,0.0574,0.0201,0.8859,0.8632,0,1000,1000,1,0,27
7,1,27,1000,1,329,4.6904,0.046,0.2864,0.0139,1.4004,1.025,1,1000,1000,1,7,27
7,1,27,1000,1,330,3.7864,0.046,0.2864,0.038,1.0011,0.96,0,1000,1000,1,0,27
7,1,27,1000,1,331,4.1493,0.046,0.1177,0.0215,0.8628,0.8376,0,1000,1000,1,0,27
7,1,27,1000,1,332,4.0974,0.046,0.1177,0.0229,0.8559,0.8303,0,1000,1000,1,0,27
7,1,27,1000,1,333,4.4494,0.049,0.1622,0.0149,1.2902,1.0309,1,1000,1000,1,8,27
7,1,27,1000,1,334,8.3369,0.0481,0.1392,0.0246,0.905,0.8763,0,1000,1000,1,0,27
7,1,27,1000,1,335,3.679,0.0481,0.1392,0.0184,0.8764,0.8552,0,1000,1000,1,0,27
7,1,27,1000,1,336,4.4674,0.0455,0.0922,0.0137,1.1473,0.97,1,1000,1000,1,11,27
7,1,27,1000,1,337,3.9807,0.0455,0.0922,0.0226,0.9186,0.8925,0,1000,1000,1,0,27
7,1,27,1000,1,338,4.7022,0.0544,0.0638,0.028,1.1253,1.0935,0,1000,1000,1,0,27
7,1,27,1000,1,339,3.5788,0.0544,0.0638,0.0197,0.7845,0.7617,0,1000,1000,1,0,27
7,1,27,1000,1,340,9.0721,0.0701,0.1002,0.0133,1.4644,1.256,1,1000,1000,1,14,27
7,1,27,1000,1,341,8.3023,0.0368,0.1186,0.0191,0.872,0.8489,0,1000,1000,1,0,27
7,1,27,1000,1,342,4.395,0.0656,0.104,0.0127,1.2727,1.0714,1,1000,1000,1,15,27
7,1,27,1000,1,343,7.9954,0.0657,0.2876,0.0222,0.8774,0.8516,0,1000,1000,1,0,27
7,1,27,1000,1,344,8.2057,0.0553,0.0922,0.0178,1.3512,1.1614,1,1000,1000,1,6,27
7,1,27,1000,1,345,3.6215,0.0553,0.0922,0.0188,0.8284,0.8067,0,1000,1000,1,0,27
7,1,27,1000,1,346,4.5079,0.0391,0.0716,0.0228,0.9317,0.9059,0,1000,1000,1,0,27
7,1,27,1000,1,347,3.9139,0.0391,0.0716,0.0171,0.8197,0.7999,0,1000,1000,1,0,27
7,1,27,1000,1,348,4.4675,0.0562,0.1304,0.0142,1.1702,0.944,1,1000,1000,1,10,27
7,1,27,1000,1,349,3.9853,0.0562,0.1304,0.0234,0.8898,0.8631,0,1000,1000,1,0,27
7,1,27,1000,1,350,4.6842,0.0496,0.2548,0.0241,0.8756,0.8475,0,1000,1000,1,0,27
7,1,27,1000,1,351,3.5883,0.0496,0.2548,0.0175,0.8843,0.864,0,1000,1000,1,0,27
7,1,27,1000,1,352,5.4166,0.275,0.1982,0.0132,2.0798,1.5653,1,1000,1000,1,95,27
7,1,27,1000,1,353,3.0406,0.275,0.1982,0.0174,0.902,0.8818,0,1000,1000,1,0,27
7,1,27,1000,1,354,4.1049,0.275,0.1982,0.0229,1.0013,0.9752,0,1000,1000,1,0,27
7,1,27,1000,1,355,4.3136,0.0553,0.056,0.0275,0.9615,0.9307,0,1000,1000,1,0,27
7,1,27,1000,1,356,4.5205,0.0551,0.3493,0.0141,1.4469,0.9993,1,1000,1000,1,83,27
7,1,27,1000,1,357,8.0288,0.039,0.0636,0.0207,0.9319,0.9065,0,1000,1000,1,0,27
7,1,27,1000,1,358,4.1028,0.039,0.0636,0.0169,0.8879,0.8687,0,1000,1000,1,0,27
7,1,27,1000,1,359,4.6776,0.0615,0.3804,0.0133,1.5778,1.0956,1,1000,1000,1,41,27
7,1,27,1000,1,360,3.6619,0.0615,0.3804,0.0241,0.9596,0.9321,0,1000,1000,1,0,27
7,1,27,1000,1,361,4.3355,0.0562,0.082,0.0309,1.0652,1.0308,0,1000,1000,1,0,27
7,1,27,1000,1,362,8.4527,0.0503,0.111,0.0132,1.314,1.1161,1,1000,1000,1,18,27
7,1,27,1000,1,363,8.3226,0.0333,0.0821,0.0305,1.0826,1.0477,0,1000,1000,1,0,27
7,1,27,1000,1,364,3.9964,0.0333,0.0821,0.0227,0.9209,0.8959,0,1000,1000,1,0,27
7,1,27,1000,1,365,5.2099,0.0636,0.4524,0.0156,1.9688,1.4031,1,1000,1000,1,194,27
7,1,27,1000,1,366,2.886,0.0636,0.4524,0.0218,0.859,0.8347,0,1000,1000,1,0,27
7,1,27,1000,1,367,4.2462,0.0476,0.0836,0.024,0.8927,0.8654,0,1000,1000,1,0,27
7,1,27,1000,1,368,4.2821,0.0476,0.0836,0.0238,0.9547,0.9275,0,1000,1000,1,0,27
7,1,27,1000,1,369,4.8617,0.0728,0.2751,0.0129,1.7951,1.407,1,1000,1000,1,129,27
7,1,27,1000,1,370,3.1516,0.0728,0.2751,0.0188,0.8589,0.8373,0,1000,1000,1,0,27
7,1,27,1000,1,371,4.4984,0.0692,0.0597,0.0239,0.9205,0.8931,0,1000,1000,1,0,27
7,1,27,1000,1,372,4.0093,0.0692,0.0597,0.0183,0.9197,0.8982,0,1000,1000,1,0,27
7,1,27,1000,1,373,5.006,0.054,0.2107,0.0132,1.5547,1.253,1,1000,1000,1,111,27
7,1,27,1000,1,374,3.1819,0.054,0.2107,0.0191,0.8707,0.849,0,1000,1000,1,0,27
7,1,27,1000,1,375,4.4588,0.0569,0.1344,0.0226,0.975,0.9452,0,1000,1000,1,0,27
7,1,27,1000,1,376,4.1379,0.0569,0.1344,0.0242,0.9753,0.9482,0,1000,1000,1,0,27
7,1,27,1000,1,377,4.8193,0.0401,0.4069,0.0124,1.6832,1.2008,1,1000,1000,1,79,27
7,1,27,1000,1,378,8.0309,0.0423,0.0424,0.0263,1.2194,1.1886,0,1000,1000,1,0,27
7,1,27,1000,1,379,9.5567,0.0856,0.5365,0.0144,2.2505,1.576,1,1000,1000,1,262,27
7,1,27,1000,1,380,7.2563,0.0494,0.0784,0.0314,1.2715,1.2301,0,1000,1000,1,0,27
7,1,27,1000,1,381,9.3875,0.0427,1.3492,0.0152,2.5071,1.074,1,1000,1000,1,183,27
7,1,27,1000,1,382,2.483,0.0427,1.3492,0.0203,0.8702,0.8468,0,1000,1000,1,0,27
7,1,27,1000,1,383,4.408,0.0555,0.0448,0.0279,0.9112,0.8802,0,1000,1000,1,0,27
7,1,27,1000,1,384,3.8287,0.0555,0.0448,0.0187,0.9706,0.9492,0,1000,1000,1,0,27
7,1,27,1000,1,385,5.2713,0.0533,0.7344,0.0136,1.935,1.1106,1,1000,1000,1,93,27
7,1,27,1000,1,386,2.9054,0.0533,0.7344,0.017,0.8109,0.7911,0,1000,1000,1,0,27
7,1,27,1000,1,387,4.5482,0.0495,0.0565,0.0243,0.9928,0.9644,0,1000,1000,1,0,27
7,1,27,1000,1,388,3.833,0.0495,0.0565,0.0214,0.8162,0.792,0,1000,1000,1,0,27
7,1,27,1000,1,389,5.4534,0.0554,0.6899,0.0142,2.0984,1.3084,1,1000,1000,1,93,27
7,1,27,1000,1,390,2.9063,0.0554,0.6899,0.0183,0.8871,0.8647,0,1000,1000,1,0,27
7,1,27,1000,1,391,4.7471,0.0526,0.0911,0.0273,1.1341,1.1029,0,1000,1000,1,0,27
7,1,27,1000,1,392,3.5581,0.0526,0.0911,0.0196,0.8162,0.7937,0,1000,1000,1,0,27
7,1,27,1000,1,393,7.1294,0.0676,2.3823,0.0142,3.5846,1.0932,1,1000,1000,1,354,27
7,1,27,1000,1,394,5.6508,0.0366,0.0687,0.0176,0.9573,0.9362,0,1000,1000,1,0,27
7,1,27,1000,1,395,4.1327,0.0366,0.0687,0.0179,0.8696,0.8491,0,1000,1000,1,0,27
7,1,27,1000,1,396,10.1362,0.2612,0.5218,0.0142,2.7976,1.9736,1,1000,1000,1,149,27
7,1,27,1000,1,397,7.8132,0.0693,0.121,0.055,1.2853,1.2234,0,1000,1000,1,0,27
7,1,27,1000,1,398,9.0374,0.054,1.2462,0.0136,2.7144,1.3728,1,1000,1000,1,117,27
7,1,27,1000,1,399,2.2718,0.0446,0.0881,0.018,0.8395,0.8184,0,1000,1000,1,0,27
7,1,27,1000,1,400,4.0963,0.0446,0.0881,0.0228,0.946,0.9199,0,1000,1000,1,0,27
7,1,27,1000,1,401,5.479,0.0593,1.0567,0.0146,2.3176,1.161,1,1000,1000,1,353,27
7,1,27,1000,1,402,2.6598,0.0593,1.0567,0.0219,0.898,0.8734,0,1000,1000,1,0,27
7,1,27,1000,1,403,4.4669,0.0557,0.0528,0.0267,1.0425,1.012,0,1000,1000,1,0,27
7,1,27,1000,1,404,3.891,0.0557,0.0528,0.0216,0.8791,0.8547,0,1000,1000,1,0,27
7,1,27,1000,1,405,5.9426,0.0582,1.5436,0.0146,2.7421,1.0954,1,1000,1000,1,180,27
7,1,27,1000,1,406,2.5589,0.0582,1.5436,0.0188,1.1043,1.0823,0,1000,1000,1,0,27
7,1,27,1000,1,407,4.8425,0.051,0.1218,0.0288,0.9788,0.9463,0,1000,1000,1,0,27
7,1,27,1000,1,408,8.9327,0.0845,0.8272,0.0141,2.1793,1.2231,1,1000,1000,1,151,27
7,1,27,1000,1,409,2.8438,0.0845,0.8272,0.0206,0.9035,0.8799,0,1000,1000,1,0,27
7,1,27,1000,1,410,4.6338,0.0641,0.3145,0.022,0.9687,0.9435,0,1000,1000,1,0,27
7,1,27,1000,1,411,3.6234,0.0641,0.3145,0.0219,0.8489,0.8238,0,1000,1000,1,0,27
7,1,27,1000,1,412,5.0801,0.0738,0.5257,0.0145,1.9218,1.2853,1,1000,1000,1,116,27
7,1,27,1000,1,413,3.1799,0.0738,0.5257,0.0221,0.8931,0.8684,0,1000,1000,1,0,27
7,1,27,1000,1,414,4.7839,0.0759,0.0802,0.0249,1.0281,0.9993,0,1000,1000,1,0,27
7,1,27,1000,1,415,3.4657,0.0759,0.0802,0.021,0.8767,0.8529,0,1000,1000,1,0,27
7,1,27,1000,1,416,6.0481,0.0756,0.8491,0.0137,2.7252,1.762,1,1000,1000,1,317,27
7,1,27,1000,1,417,7.3396,0.0506,0.1794,0.0413,1.1732,1.1263,0,1000,1000,1,0,27
7,1,27,1000,1,418,3.4806,0.0506,0.1794,0.0204,0.8664,0.8433,0,1000,1000,1,0,27
7,1,27,1000,1,419,6.2475,0.0489,0.8242,0.0145,2.5863,1.6739,1,1000,1000,1,156,27
7,1,27,1000,1,420,6.5718,0.0563,0.0297,0.0291,1.1149,1.082,0,1000,1000,1,0,27
7,1,27,1000,1,421,3.8123,0.0563,0.0297,0.0224,0.9109,0.8858,0,1000,1000,1,0,27
7,1,27,1000,1,422,5.3435,0.0529,0.6018,0.0136,2.171,1.4763,1,1000,1000,1,106,27
7,1,27,1000,1,423,3.1359,0.0529,0.6018,0.021,0.898,0.8741,0,1000,1000,1,0,27
7,1,27,1000,1,424,4.4496,0.0586,0.1704,0.0256,0.9447,0.9162,0,1000,1000,1,0,27
7,1,27,1000,1,425,3.9456,0.0586,0.1704,0.0217,0.9454,0.9211,0,1000,1000,1,0,27
7,1,27,1000,1,426,9.9746,0.0728,1.2338,0.0147,2.5776,1.223,1,1000,1000,1,312,27
7,1,27,1000,1,427,6.78,0.0713,0.0254,0.0593,1.0969,1.0331,0,1000,1000,1,0,27
7,1,27,1000,1,428,9.2718,0.0494,0.9112,0.0137,2.0257,1.0247,1,1000,1000,1,136,27
7,1,27,1000,1,429,7.8294,0.1088,0.2508,0.0216,0.9157,0.89,0,1000,1000,1,0,27
7,1,27,1000,1,430,8.6452,0.053,0.572,0.0132,1.8076,1.1479,1,1000,1000,1,125,27
7,1,27,1000,1,431,7.5874,0.0483,0.148,0.0215,1.0005,0.9758,0,1000,1000,1,0,27
7,1,27,1000,1,432,9.094,0.0578,0.4905,0.0141,1.9072,1.3192,1,1000,1000,1,114,27
7,1,27,1000,1,433,7.8309,0.0392,0.1041,0.0267,1.1288,1.0988,0,1000,1000,1,0,27
7,1,27,1000,1,434,9.2358,0.0529,1.0485,0.0156,2.2611,1.1197,1,1000,1000,1,285,27
7,1,27,1000,1,435,7.0253,0.0467,0.0416,0.0231,0.9198,0.8938,0,1000,1000,1,0,27
7,1,27,1000,1,436,9.4617,0.0651,0.6927,0.014,2.112,1.3171,1,1000,1000,1,138,27
7,1,27,1000,1,437,7.4916,0.0455,0.069,0.03,1.1092,1.0746,0,1000,1000,1,0,27
7,1,27,1000,1,438,9.4533,0.0514,0.9859,0.0142,2.2378,1.1563,1,1000,1000,1,124,27
7,1,27,1000,1,439,7.1522,0.0445,0.2408,0.0151,0.9444,0.926,0,1000,1000,1,0,27
7,1,27,1000,1,440,9.6158,0.0487,1.1877,0.0135,2.5288,1.2496,1,1000,1000,1,292,27
7,1,27,1000,1,441,7.4288,0.0905,0.2339,0.0195,0.9714,0.948,0,1000,1000,1,0,27
7,1,27,1000,1,442,8.7916,0.0414,0.6194,0.0136,1.8396,1.1404,1,1000,1000,1,127,27
7,1,27,1000,1,443,7.4221,0.0387,0.1369,0.0228,0.9879,0.9613,0,1000,1000,1,0,27
7,1,27,1000,1,444,8.9232,0.0469,0.4823,0.0132,1.6828,1.116,1,1000,1000,1,108,27
7,1,27,1000,1,445,8.2528,0.0403,0.1521,0.0265,1.0468,1.0162,0,1000,1000,1,0,27
7,1,27,1000,1,446,8.9146,0.0444,0.9731,0.0132,2.2427,1.1835,1,1000,1000,1,75,27
7,1,27,1000,1,447,7.0063,0.0402,0.1149,0.023,0.8612,0.8351,0,1000,1000,1,0,27
7,1,27,1000,1,448,9.7207,0.0395,0.7582,0.0141,2.1342,1.2896,1,1000,1000,1,78,27
7,1,27,1000,1,449,7.3621,0.0371,0.0823,0.0304,1.201,1.1662,0,1000,1000,1,0,27
7,1,27,1000,1,450,9.1827,0.037,0.8298,0.0123,2.2209,1.3141,1,1000,1000,1,55,27
7,1,27,1000,1,451,7.1254,0.0361,0.079,0.0241,0.9802,0.9528,0,1000,1000,1,0,27
7,1,27,1000,1,452,9.0144,0.0469,0.2287,0.0141,1.7072,1.3867,1,1000,1000,1,50,27
7,1,27,1000,1,453,7.7475,0.038,0.0703,0.0226,1.1856,1.1576,0,1000,1000,1,0,27
7,1,27,1000,1,454,9.509,0.0637,0.1904,0.0147,1.8061,1.502,1,1000,1000,1,39,27
7,1,27,1000,1,455,7.4697,0.0534,0.074,0.0294,1.055,1.0198,0,1000,1000,1,0,27
7,1,27,1000,1,456,4.3361,0.0633,0.2554,0.0127,1.5558,1.2001,1,1000,1000,1,48,27
7,1,27,1000,1,457,3.4229,0.0633,0.2554,0.0199,1.0226,0.9996,0,1000,1000,1,0,27
7,1,27,1000,1,458,4.0191,0.0633,0.2554,0.0188,0.9164,0.8949,0,1000,1000,1,0,27
7,1,27,1000,1,459,9.3518,0.0392,0.16,0.0127,1.7477,1.477,1,1000,1000,1,34,27
7,1,27,1000,1,460,3.4021,0.0392,0.16,0.0235,1.0434,1.0165,0,1000,1000,1,0,27
7,1,27,1000,1,461,3.8734,0.0392,0.16,0.0171,0.8394,0.82,0,1000,1000,1,0,27
7,1,27,1000,1,462,4.5697,0.0396,0.0822,0.0268,0.9809,0.9498,0,1000,1000,1,0,27
7,1,27,1000,1,463,4.4487,0.0499,0.2581,0.0158,1.4979,1.1374,1,1000,1000,1,16,27
7,1,27,1000,1,464,3.6187,0.0499,0.2581,0.0172,0.8457,0.8256,0,1000,1000,1,0,27
7,1,27,1000,1,465,4.3548,0.0499,0.2581,0.0227,1.0764,1.0511,0,1000,1000,1,0,27
7,1,27,1000,1,466,5.2748,0.1207,0.1379,0.0193,1.0097,0.9843,0,1000,1000,1,0,27
7,1,27,1000,1,467,7.5066,0.08,0.1178,0.0133,1.3816,1.1444,1,1000,1000,1,25,27
7,1,27,1000,1,468,3.9389,0.0403,0.083,0.0212,0.9004,0.8759,0,1000,1000,1,0,27
7,1,27,1000,1,469,8.6731,0.0575,0.1021,0.0141,1.4775,1.2809,1,1000,1000,1,28,27
7,1,27,1000,1,470,3.4384,0.0575,0.1021,0.0185,0.8538,0.8324,0,1000,1000,1,0,27
7,1,27,1000,1,471,5.201,0.0789,0.4767,0.0296,1.0802,1.0465,0,1000,1000,1,0,27
7,1,27,1000,1,472,8.2061,0.0641,0.1277,0.0133,1.5189,1.2866,1,1000,1000,1,27,27
7,1,27,1000,1,473,7.8068,0.0414,0.1158,0.0273,0.9459,0.9149,0,1000,1000,1,0,27
7,1,27,1000,1,474,8.6895,0.0498,0.1379,0.0149,1.4287,1.1905,1,1000,1000,1,12,27
7,1,27,1000,1,475,3.7993,0.0498,0.1379,0.02,0.9958,0.973,0,1000,1000,1,0,27
7,1,27,1000,1,476,8.4811,0.0443,0.1173,0.0226,1.004,0.9783,0,1000,1000,1,0,27
7,1,27,1000,1,477,4.5813,0.0645,0.095,0.0124,1.4353,1.2304,1,1000,1000,1,17,27
7,1,27,1000,1,478,8.1437,0.0523,0.1831,0.0392,1.0024,0.9589,0,1000,1000,1,0,27
7,1,27,1000,1,479,8.2918,0.062,0.1087,0.0137,1.3411,1.1285,1,1000,1000,1,16,27
7,1,27,1000,1,480,3.6753,0.062,0.1087,0.026,0.9666,0.9374,0,1000,1000,1,0,27
7,1,27,1000,1,481,4.6608,0.0485,0.1315,0.0295,0.9632,0.9306,0,1000,1000,1,0,27
7,1,27,1000,1,482,3.7347,0.0485,0.1315,0.0224,0.9225,0.8972,0,1000,1000,1,0,27
7,1,27,1000,1,483,4.6621,0.0632,0.1265,0.0127,1.4217,1.192,1,1000,1000,1,17,27
7,1,27,1000,1,484,3.6421,0.0632,0.1265,0.0225,0.8689,0.8437,0,1000,1000,1,0,27
7,1,27,1000,1,485,5.1486,0.0589,0.3111,0.0245,0.9101,0.8821,0,1000,1000,1,0,27
7,1,27,1000,1,486,3.2207,0.0589,0.3111,0.0211,0.891,0.8674,0,1000,1000,1,0,27
7,1,27,1000,1,487,4.8405,0.0453,0.0957,0.0217,1.4216,1.2285,1,1000,1000,1,14,27
7,1,27,1000,1,488,3.4131,0.0453,0.0957,0.0238,0.9466,0.9193,0,1000,1000,1,0,27
7,1,27,1000,1,489,4.7982,0.0616,0.2512,0.0274,0.9711,0.9404,0,1000,1000,1,0,27
7,1,27,1000,1,490,8.3826,0.0586,0.095,0.0142,1.5961,1.3902,1,1000,1000,1,13,27
7,1,27,1000,1,491,8.4814,0.0583,0.1636,0.0264,1.2227,1.1919,0,1000,1000,1,0,27
7,1,27,1000,1,492,8.4889,0.0412,0.4369,0.0131,1.6787,1.1529,1,1000,1000,1,14,27
7,1,27,1000,1,493,7.8331,0.0422,0.0744,0.0301,1.1381,1.1023,0,1000,1000,1,0,27
7,1,27,1000,1,494,4.0651,0.0422,0.0744,0.0283,1.0117,0.9788,0,1000,1000,1,0,27
7,1,27,1000,1,495,8.6403,0.0473,0.1621,0.0131,1.3749,1.1226,1,1000,1000,1,11,27
7,1,27,1000,1,496,8.214,0.0364,0.2493,0.0261,0.9232,0.8936,0,1000,1000,1,0,27
7,1,27,1000,1,497,4.0963,0.0561,0.3484,0.0171,1.5178,1.0406,1,1000,1000,1,11,27
7,1,27,1000,1,498,3.637,0.0561,0.3484,0.0222,0.9104,0.8852,0,1000,1000,1,0,27
7,1,27,1000,1,499,4.712,0.0569,0.1026,0.0263,0.9421,0.9122,0,1000,1000,1,0,27
7,1,27,1000,1,500,8.4503,0.0436,0.0734,0.0131,1.2719,1.1013,1,1000,1000,1,10,27
7,1,27,1000,1,501,8.0617,0.0427,0.0722,0.0237,1.0086,0.9801,0,1000,1000,1,0,27
7,1,27,1000,1,502,3.8133,0.0427,0.0722,0.0264,0.9266,0.8974,0,1000,1000,1,0,27
7,1,27,1000,1,503,4.6427,0.0608,0.0905,0.0129,1.3679,1.1144,1,1000,1000,1,10,27
7,1,27,1000,1,504,3.6955,0.0608,0.0905,0.0179,0.8721,0.8513,0,1000,1000,1,0,27
7,1,27,1000,1,505,5.4417,0.4582,0.0178,0.0245,0.932,0.9026,0,1000,1000,1,0,27
7,1,27,1000,1,506,7.7668,0.0584,0.1083,0.0137,1.5373,1.3303,1,1000,1000,1,13,27
7,1,27,1000,1,507,3.4701,0.0584,0.1083,0.0201,0.8886,0.866,0,1000,1000,1,0,27
7,1,27,1000,1,508,4.5671,0.0442,0.154,0.0256,0.9971,0.9684,0,1000,1000,1,0,27
7,1,27,1000,1,509,3.7353,0.0442,0.154,0.0459,1.0394,0.9895,0,1000,1000,1,0,27
7,1,27,1000,1,510,4.6309,0.0625,0.1044,0.0146,1.3669,1.1367,1,1000,1000,1,8,27
7,1,27,1000,1,511,3.7217,0.0625,0.1044,0.0209,0.8795,0.8558,0,1000,1000,1,0,27
7,1,27,1000,1,512,8.5326,0.0547,0.0377,0.0231,0.956,0.9291,0,1000,1000,1,0,27
7,1,27,1000,1,513,4.1905,0.0506,0.0846,0.0149,1.2944,1.1121,1,1000,1000,1,2,27
7,1,27,1000,1,514,4.4739,0.0506,0.0846,0.0259,1.2283,1.1985,0,1000,1000,1,0,27
7,1,27,1000,1,515,8.0874,0.0512,0.0886,0.0277,1.1146,1.0829,0,1000,1000,1,0,27
7,1,27,1000,1,516,4.1131,0.0512,0.0797,0.0142,1.3253,1.1443,1,1000,1000,1,7,27
7,1,27,1000,1,517,4.0982,0.0512,0.0797,0.0207,0.9709,0.9474,0,1000,1000,1,0,27
7,1,27,1000,1,518,3.9329,0.0512,0.0797,0.0389,1.0412,0.9987,0,1000,1000,1,0,27
7,1,27,1000,1,519,4.4363,0.0533,0.1388,0.0299,0.9586,0.9246,0,1000,1000,1,0,27
7,1,27,1000,1,520,4.2715,0.0619,0.0886,0.0127,1.3928,1.1938,1,1000,1000,1,7,27
7,1,27,1000,1,521,8.3901,0.0344,0.0708,0.0316,1.1214,1.0859,0,1000,1000,1,0,27
7,1,27,1000,1,522,3.7142,0.0344,0.0708,0.0244,0.9712,0.9441,0,1000,1000,1,0,27
7,1,27,1000,1,523,8.7665,0.0439,0.0757,0.0137,1.2798,1.1171,1,1000,1000,1,10,27
7,1,27,1000,1,524,8.2427,0.0505,0.0931,0.0189,0.9555,0.9332,0,1000,1000,1,0,27
7,1,27,1000,1,525,4.4346,0.0937,0.0998,0.0132,1.495,1.259,1,1000,1000,1,7,27
7,1,27,1000,1,526,3.9439,0.0937,0.0998,0.0223,1.0116,0.9868,0,1000,1000,1,0,27
7,1,27,1000,1,527,3.9697,0.0508,0.0864,0.0241,0.9345,0.9075,0,1000,1000,1,0,27
7,1,27,1000,1,528,4.0237,0.0508,0.0864,0.0241,0.9166,0.8896,0,1000,1000,1,0,27
7,1,27,1000,1,529,4.7563,0.0498,0.0861,0.0132,1.4436,1.2645,1,1000,1000,1,4,27
7,1,27,1000,1,530,3.5978,0.0498,0.0861,0.0184,0.8723,0.8516,0,1000,1000,1,0,27
7,1,27,1000,1,531,4.0201,0.0498,0.0861,0.0201,0.9249,0.9023,0,1000,1000,1,0,27
7,1,27,1000,1,532,4.6443,0.051,0.1904,0.0231,0.8901,0.8637,0,1000,1000,1,0,27
7,1,27,1000,1,533,4.0558,0.0438,0.0875,0.0133,1.3065,1.1327,1,1000,1000,1,7,27
7,1,27,1000,1,534,4.0033,0.0438,0.0875,0.0269,0.9689,0.9389,0,1000,1000,1,0,27
7,1,27,1000,1,535,4.0267,0.0438,0.0875,0.0275,0.959,0.9282,0,1000,1000,1,0,27
7,1,27,1000,1,536,5.5576,0.0766,0.3586,0.0238,1.1122,1.0842,0,1000,1000,1,0,27
7,1,27,1000,1,537,7.5735,0.0551,0.0868,0.0124,1.3883,1.1959,1,1000,1000,1,3,27
7,1,27,1000,1,538,3.4414,0.0551,0.0868,0.0179,0.8911,0.8692,0,1000,1000,1,0,27
7,1,27,1000,1,539,4.7044,0.0543,0.2165,0.0239,0.9891,0.9609,0,1000,1000,1,0,27
7,1,27,1000,1,540,4.4002,0.0577,0.1348,0.0127,1.4129,1.1737,1,1000,1000,1,4,27
7,1,27,1000,1,541,3.4384,0.0577,0.1348,0.0194,0.8877,0.8657,0,1000,1000,1,0,27
7,1,27,1000,1,542,4.098,0.0577,0.1348,0.0199,0.8388,0.8165,0,1000,1000,1,0,27
7,1,27,1000,1,543,4.5501,0.047,0.0549,0.0344,1.0579,1.0185,0,1000,1000,1,0,27
7,1,27,1000,1,544,4.288,0.0511,0.109,0.0131,1.3548,1.1517,1,1000,1000,1,5,27
7,1,27,1000,1,545,3.8319,0.0511,0.109,0.0223,0.9345,0.909,0,1000,1000,1,0,27
7,1,27,1000,1,546,3.9396,0.0511,0.109,0.019,0.8588,0.8373,0,1000,1000,1,0,27
7,1,27,1000,1,547,4.464,0.0377,0.0682,0.028,0.9466,0.9152,0,1000,1000,1,0,27
7,1,27,1000,1,548,4.4392,0.0528,0.084,0.0141,1.2844,1.1042,1,1000,1000,1,1,27
7,1,27,1000,1,549,3.9883,0.0528,0.084,0.0214,0.9818,0.9571,0,1000,1000,1,0,27
7,1,27,1000,1,550,3.931,0.0528,0.084,0.0198,0.891,0.8682,0,1000,1000,1,0,27
8,0,4,1000,2,151,4.2831,0,0,0.0416,0.885,0.8383,0,1000,1000,1,0,4
8,0,4,1000,2,152,4.0121,0,0,0.0482,0.8629,0.8089,0,1000,1000,1,0,4
8,0,4,1000,2,153,5.0979,0.0207,0.5317,0.0137,1.4684,0.8517,1,1000,1000,1,18,4
8,0,4,1000,2,154,3.1547,0,0,0.0318,0.7659,0.7297,0,1000,1000,1,0,4
8,0,4,1000,2,155,4.8089,0,0,0.0639,1.0365,0.9666,0,1000,1000,1,0,4
8,0,4,1000,2,156,3.769,0,0,0.0419,0.9151,0.8619,0,1000,1000,1,0,4
8,0,4,1000,2,157,4.6567,0.0155,0.5723,0.0135,1.4685,0.8227,1,1000,1000,1,17,4
8,0,4,1000,2,158,4.4204,0,0,0.0441,0.9232,0.8728,0,1000,1000,1,0,4
8,0,4,1000,2,159,3.4896,0,0,0.0375,0.8285,0.7855,0,1000,1000,1,0,4
8,0,4,1000,2,160,4.0983,0,0,0.0393,0.8307,0.7862,0,1000,1000,1,0,4
8,0,4,1000,2,161,9.3566,0.0172,0.5777,0.0142,1.5219,0.8594,1,1000,1000,1,21,4
8,0,4,1000,2,162,3.6993,0,0,0.0731,0.9897,0.91,0,1000,1000,1,0,4
8,0,4,1000,2,163,8.3535,0.0126,0.6244,0.0132,1.5591,0.8698,1,1000,1000,1,24,4
8,0,4,1000,2,164,3.7816,0,0,0.0477,0.8872,0.8347,0,1000,1000,1,0,4
8,0,4,1000,2,165,8.7,0,0,0.0448,0.8513,0.8008,0,1000,1000,1,0,4
8,0,4,1000,2,166,8.1272,0.0153,0.4557,0.0138,1.3195,0.7908,1,1000,1000,1,18,4
8,0,4,1000,2,167,3.9377,0,0,0.0452,0.9138,0.8629,0,1000,1000,1,0,4
8,0,4,1000,2,168,3.8292,0,0,0.0316,0.8017,0.7657,0,1000,1000,1,0,4
8,0,4,1000,2,169,4.878,0.0151,0.5111,0.0137,1.5132,0.9274,1,1000,1000,1,26,4
8,0,4,1000,2,170,8.0841,0,0,0.0489,1.0075,0.9514,0,1000,1000,1,0,4
8,0,4,1000,2,171,3.9921,0,0,0.0354,0.8558,0.8155,0,1000,1000,1,0,4
8,0,4,1000,2,172,8.9893,0.0152,0.6838,0.0138,1.676,0.9044,1,1000,1000,1,19,4
8,0,4,1000,2,173,8.0091,0,0,0.0463,0.9971,0.9426,0,1000,1000,1,0,4
8,0,4,1000,2,174,4.1505,0.0116,0.5149,0.0141,1.3792,0.8019,1,1000,1000,1,16,4
8,0,4,1000,2,175,3.8629,0,0,0.049,0.8959,0.8416,0,1000,1000,1,0,4
8,0,4,1000,2,176,4.2649,0,0,0.0513,1.0085,0.9487,0,1000,1000,1,0,4
8,0,4,1000,2,177,4.3647,0,0,0.0639,1.0568,0.9872,0,1000,1000,1,0,4
8,0,4,1000,2,178,8.5789,0.0142,0.4911,0.0145,1.4324,0.8703,1,1000,1000,1,19,4
8,0,4,1000,2,179,3.6248,0,0,0.0362,0.8183,0.777,0,1000,1000,1,0,4
8,0,4,1000,2,180,3.9125,0,0,0.0293,0.8311,0.7972,0,1000,1000,1,0,4
8,0,4,1000,2,181,4.7845,0.02,0.5065,0.0136,1.4556,0.8547,1,1000,1000,1,25,4
8,0,4,1000,2,182,3.5429,0,0,0.0239,0.8319,0.802,0,1000,1000,1,0,4
8,0,4,1000,2,183,4.3791,0,0,0.0474,0.9072,0.8517,0,1000,1000,1,0,4
8,0,4,1000,2,184,3.9383,0,0,0.0279,0.7955,0.763,0,1000,1000,1,0,4
8,0,4,1000,2,185,5.0907,0.0152,0.7264,0.0142,1.6594,0.8578,1,1000,1000,1,27,4
8,0,4,1000,2,186,3.252,0,0,0.0258,0.7931,0.7633,0,1000,1000,1,0,4
8,0,4,1000,2,187,4.3727,0,0,0.0337,0.837,0.7977,0,1000,1000,1,0,4
8,0,4,1000,2,188,4.1549,0,0,0.0412,0.8888,0.8425,0,1000,1000,1,0,4
8,0,4,1000,2,189,5.6429,0.0158,0.7374,0.0142,1.7339,0.905,1,1000,1000,1,23,4
8,0,4,1000,2,190,7.019,0,0,0.0423,0.9328,0.8859,0,1000,1000,1,0,4
8,0,4,1000,2,191,3.9034,0,0,0.0476,0.9033,0.8493,0,1000,1000,1,0,4
8,0,4,1000,2,192,9.3871,0.0112,0.8928,0.0141,1.9539,0.9681,1,1000,1000,1,18,4
8,0,4,1000,2,193,3.1209,0,0,0.0279,0.7909,0.7579,0,1000,1000,1,0,4
8,0,4,1000,2,194,9.1662,0.0148,0.5683,0.014,1.471,0.8324,1,1000,1000,1,27,4
8,0,4,1000,2,195,7.9039,0,0,0.0402,0.8791,0.8304,0,1000,1000,1,0,4
8,0,4,1000,2,196,9.3197,0.0223,0.9408,0.0433,2.1414,1.041,1,1000,1000,1,25,4
8,0,4,1000,2,197,2.7972,0,0,0.0228,0.9077,0.8779,0,1000,1000,1,0,4
8,0,4,1000,2,198,8.8595,0,0,0.0588,1.0109,0.9455,0,1000,1000,1,0,4
8,0,4,1000,2,199,8.5612,0.0208,0.5829,0.0137,1.6118,0.9485,1,1000,1000,1,28,4
8,0,4,1000,2,200,3.6117,0,0,0.036,0.8222,0.7813,0,1000,1000,1,0,4
8,0,4,1000,2,201,4.2405,0,0,0.0603,1.0223,0.9565,0,1000,1000,1,0,4
8,0,4,1000,2,202,4.9375,0.0196,0.684,0.0142,1.6702,0.909,1,1000,1000,1,26,4
8,0,4,1000,2,203,7.5795,0,0,0.0728,0.9724,0.8932,0,1000,1000,1,0,4
8,0,4,1000,2,204,3.7511,0,0,0.04,0.8813,0.8347,0,1000,1000,1,0,4
8,0,4,1000,2,205,4.9494,0.0194,0.6074,0.0141,1.6097,0.9256,1,1000,1000,1,26,4
8,0,4,1000,2,206,3.4095,0,0,0.0285,0.8771,0.8446,0,1000,1000,1,0,4
8,0,4,1000,2,207,4.2713,0,0,0.0323,0.8584,0.8201,0,1000,1000,1,0,4
8,0,4,1000,2,208,4.2753,0,0,0.0421,0.8617,0.8148,0,1000,1000,1,0,4
8,0,4,1000,2,209,4.7904,0.0186,0.6679,0.0137,1.6533,0.9102,1,1000,1000,1,26,4
8,0,4,1000,2,210,3.4466,0,0,0.0422,0.9757,0.9266,0,1000,1000,1,0,4
8,0,4,1000,2,211,4.6083,0,0,0.0418,1.3138,1.266,0,1000,1000,1,0,4
8,0,4,1000,2,212,3.6622,0,0,0.0436,0.8767,0.827,0,1000,1000,1,0,4
8,0,4,1000,2,213,4.9161,0.0254,0.6567,0.0133,1.6309,0.8965,1,1000,1000,1,29,4
8,0,4,1000,2,214,3.4314,0,0,0.0419,0.9001,0.8538,0,1000,1000,1,0,4
8,0,4,1000,2,215,5.2696,0,0,0.0689,1.0908,1.015,0,1000,1000,1,0,4
8,0,4,1000,2,216,3.1442,0,0,0.0453,0.8227,0.7728,0,1000,1000,1,0,4
8,0,4,1000,2,217,4.6964,0.0156,0.5485,0.0147,1.5473,0.9241,1,1000,1000,1,31,4
8,0,4,1000,2,218,3.6125,0,0,0.0328,0.7901,0.7529,0,1000,1000,1,0,4
8,0,4,1000,2,219,8.3588,0,0,0.0409,0.8704,0.8239,0,1000,1000,1,0,4
8,0,4,1000,2,220,9.1691,0.0158,0.7516,0.0141,1.6782,0.8572,1,1000,1000,1,22,4
8,0,4,1000,2,221,3.5861,0,0,0.0498,0.9179,0.8622,0,1000,1000,1,0,4
8,0,4,1000,2,222,4.1742,0,0,0.0425,0.9013,0.8526,0,1000,1000,1,0,4
8,0,4,1000,2,223,4.5398,0.0113,0.5632,0.0143,1.6107,0.9288,1,1000,1000,1,22,4
8,0,4,1000,2,224,3.7524,0,0,0.0496,1.0035,0.9488,0,1000,1000,1,0,4
8,0,4,1000,2,225,8.4502,0,0,0.045,0.9619,0.91,0,1000,1000,1,0,4
8,0,4,1000,2,226,4.4402,0.0201,0.6094,0.0142,1.5477,0.8665,1,1000,1000,1,24,4
8,0,4,1000,2,227,3.4941,0,0,0.0292,0.9289,0.8937,0,1000,1000,1,0,4
8,0,4,1000,2,228,4.4549,0,0,0.0398,0.8859,0.8403,0,1000,1000,1,0,4
8,0,4,1000,2,229,3.9827,0,0,0.0396,0.8956,0.8504,0,1000,1000,1,0,4
8,0,4,1000,2,230,4.6031,0.014,0.5714,0.0142,1.4561,0.8224,1,1000,1000,1,21,4
8,0,4,1000,2,231,3.8523,0,0,0.0401,0.8838,0.8394,0,1000,1000,1,0,4
8,0,4,1000,2,232,8.3583,0,0,0.0383,0.8883,0.8444,0,1000,1000,1,0,4
8,0,4,1000,2,233,4.554,0.0151,0.5506,0.0144,1.5102,0.892,1,1000,1000,1,17,4
8,0,4,1000,2,234,3.5052,0,0,0.0324,0.8217,0.7853,0,1000,1000,1,0,4
8,0,4,1000,2,235,4.4534,0,0,0.0354,0.9418,0.901,0,1000,1000,1,0,4
8,0,4,1000,2,236,4.047,0,0,0.0367,0.9669,0.9238,0,1000,1000,1,0,4
8,0,4,1000,2,237,4.7861,0.0145,0.68,0.0137,1.8011,1.0488,1,1000,1000,1,22,4
8,0,4,1000,2,238,3.285,0,0,0.0303,0.8061,0.7714,0,1000,1000,1,0,4
8,0,4,1000,2,239,4.6608,0,0,0.0623,0.9016,0.8327,0,1000,1000,1,0,4
8,0,4,1000,2,240,3.782,0,0,0.0436,0.9982,0.945,0,1000,1000,1,0,4
8,0,4,1000,2,241,5.1955,0.026,0.8203,0.0133,1.9338,1.0302,1,1000,1000,1,24,4
8,0,4,1000,2,242,3.0688,0,0,0.0322,0.9076,0.8695,0,1000,1000,1,0,4
8,0,4,1000,2,243,4.3241,0,0,0.0519,0.9115,0.854,0,1000,1000,1,0,4
8,0,4,1000,2,244,4.0305,0,0,0.0506,0.959,0.9031,0,1000,1000,1,0,4
8,0,4,1000,2,245,4.9567,0.0187,0.694,0.0158,1.7428,0.9624,1,1000,1000,1,19,4
8,0,4,1000,2,246,7.7498,0,0,0.0357,0.9218,0.8804,0,1000,1000,1,0,4
8,0,4,1000,2,247,8.9344,0.0179,0.6164,0.0142,1.5942,0.9019,1,1000,1000,1,20,4
8,0,4,1000,2,248,7.7006,0,0,0.048,0.9329,0.8798,0,1000,1000,1,0,4
8,0,4,1000,2,249,4.107,0,0,0.0288,0.889,0.8553,0,1000,1000,1,0,4
8,0,4,1000,2,250,4.5778,0.0208,0.6021,0.0145,1.4781,0.8055,1,1000,1000,1,17,4
8,0,4,1000,2,251,3.5426,0,0,0.0331,0.8882,0.8486,0,1000,1000,1,0,4
8,0,4,1000,2,252,4.337,0,0,0.0426,0.876,0.828,0,1000,1000,1,0,4
8,0,4,1000,2,253,4.0885,0,0,0.0433,0.9492,0.8997,0,1000,1000,1,0,4
8,0,4,1000,2,254,4.7448,0.0185,0.6235,0.0142,1.514,0.8212,1,1000,1000,1,19,4
8,0,4,1000,2,255,3.5889,0,0,0.0445,0.9466,0.8968,0,1000,1000,1,0,4
8,0,4,1000,2,256,8.6976,0,0,0.0511,0.9694,0.9123,0,1000,1000,1,0,4
8,0,4,1000,2,257,4.4435,0.0178,0.5935,0.0141,1.5379,0.8733,1,1000,1000,1,16,4
8,0,4,1000,2,258,4.1612,0,0,0.0463,0.8852,0.8339,0,1000,1000,1,0,4
8,0,4,1000,2,259,4.3012,0,0,0.05,0.9326,0.8765,0,1000,1000,1,0,4
8,0,4,1000,2,260,3.313,0,0,0.036,0.8436,0.8019,0,1000,1000,1,0,4
8,0,4,1000,2,261,5.0314,0.0223,0.6399,0.0142,1.5645,0.8456,1,1000,1000,1,10,4
8,0,4,1000,2,262,8.2198,0,0,0.047,1.2235,1.1706,0,1000,1000,1,0,4
8,0,4,1000,2,263,3.8769,0,0,0.1407,0.9842,0.8378,0,1000,1000,1,0,4
8,0,4,1000,2,264,8.8465,0.02,0.6854,0.0133,1.5867,0.8305,1,1000,1000,1,16,4
8,0,4,1000,2,265,7.9185,0,0,0.0594,1.0865,1.0216,0,1000,1000,1,0,4
8,0,4,1000,2,266,9.0215,0.0242,0.8111,0.0132,1.7414,0.848,1,1000,1000,1,19,4
8,0,4,1000,2,267,7.5411,0,0,0.0454,1.0697,1.0048,0,1000,1000,1,0,4
8,0,4,1000,2,268,9.0571,0.0252,0.6263,0.0143,1.6676,0.9609,1,1000,1000,1,12,4
8,0,4,1000,2,269,7.4313,0,0,0.0482,0.9301,0.876,0,1000,1000,1,0,4
8,0,4,1000,2,270,9.6819,0.0204,0.5937,0.0132,1.7524,1.076,1,1000,1000,1,10,4
8,0,4,1000,2,271,2.9793,0,0,0.0415,1.025,0.976,0,1000,1000,1,0,4
8,0,4,1000,2,272,3.72,0,0,0.0335,0.8552,0.8173,0,1000,1000,1,0,4
8,0,4,1000,2,273,5.5206,0.0145,0.6623,0.0142,1.7486,1.0136,1,1000,1000,1,8,4
8,0,4,1000,2,274,2.9608,0,0,0.0346,0.8742,0.8345,0,1000,1000,1,0,4
8,0,4,1000,2,275,5.1309,0,0,0.0848,1.1112,1.0156,0,1000,1000,1,0,4
8,0,4,1000,2,276,3.216,0,0,0.0532,0.9392,0.8816,0,1000,1000,1,0,4
8,0,4,1000,2,277,5.416,0.0154,0.8623,0.0381,2.0662,1.095,1,1000,1000,1,21,4
8,0,4,1000,2,278,2.9662,0,0,0.0345,0.8685,0.8294,0,1000,1000,1,0,4
8,0,4,1000,2,279,4.5183,0,0,0.0583,1.0002,0.9363,0,1000,1000,1,0,4
8,0,4,1000,2,280,3.5699,0,0,0.0312,0.8229,0.7875,0,1000,1000,1,0,4
8,0,4,1000,2,281,5.0013,0.0137,0.6118,0.0138,1.5459,0.8722,1,1000,1000,1,17,4
8,0,4,1000,2,282,3.3816,0,0,0.0375,0.8256,0.7842,0,1000,1000,1,0,4
8,0,4,1000,2,283,4.9484,0,0,0.0505,1.192,1.1323,0,1000,1000,1,0,4
8,0,4,1000,2,284,3.4324,0,0,0.0332,0.8607,0.8229,0,1000,1000,1,0,4
8,0,4,1000,2,285,4.7631,0.0154,0.6185,0.0133,1.5849,0.8964,1,1000,1000,1,10,4
8,0,4,1000,2,286,3.8297,0,0,0.0474,0.913,0.8606,0,1000,1000,1,0,4
8,0,4,1000,2,287,8.9812,0,0,0.099,1.0939,0.9874,0,1000,1000,1,0,4
8,0,4,1000,2,288,8.4009,0.0131,0.7828,0.0142,1.8097,0.946,1,1000,1000,1,11,4
8,0,4,1000,2,289,7.5147,0,0,0.0354,0.9229,0.8822,0,1000,1000,1,0,4
8,0,4,1000,2,290,9.0536,0.022,0.6765,0.0133,1.5889,0.8365,1,1000,1000,1,13,4
8,0,4,1000,2,291,8.0086,0,0,0.0478,0.8847,0.8317,0,1000,1000,1,0,4
8,0,4,1000,2,292,4.2915,0.013,0.6886,0.0137,1.6342,0.8822,1,1000,1000,1,6,4
8,0,4,1000,2,293,3.3804,0,0,0.0435,0.8515,0.8041,0,1000,1000,1,0,4
8,0,4,1000,2,294,4.8721,0,0,0.0673,1.0728,0.9987,0,1000,1000,1,0,4
8,0,4,1000,2,295,3.7488,0,0,0.0569,0.9518,0.8892,0,1000,1000,1,0,4
8,0,4,1000,2,296,4.7357,0.0149,0.6383,0.0141,1.5789,0.8768,1,1000,1000,1,16,4
8,0,4,1000,2,297,3.4756,0,0,0.0372,0.9001,0.8591,0,1000,1000,1,0,4
8,0,4,1000,2,298,4.482,0,0,0.0449,0.938,0.8875,0,1000,1000,1,0,4
8,0,4,1000,2,299,3.963,0,0,0.0432,0.9066,0.8587,0,1000,1000,1,0,4
8,0,4,1000,2,300,8.8604,0.0119,0.6819,0.0137,1.6311,0.8651,1,1000,1000,1,20,4
8,0,4,1000,2,301,4.4687,0,0,0.0506,0.935,0.8761,0,1000,1000,1,0,4
8,0,4,1000,2,302,3.1344,0,0,0.0467,0.9227,0.8717,0,1000,1000,1,0,4
8,0,4,1000,2,303,5.5586,0.0162,0.929,0.027,1.9956,0.9809,1,1000,1000,1,10,4
8,0,4,1000,2,304,7.377,0,0,0.0539,1.1478,1.0884,0,1000,1000,1,0,4
8,0,4,1000,2,305,9.2062,0.0142,0.9487,0.0127,1.9044,0.8811,1,1000,1000,1,5,4
8,0,4,1000,2,306,2.8962,0,0,0.0395,0.8739,0.8304,0,1000,1000,1,0,4
8,0,4,1000,2,307,4.4663,0,0,0.0421,1.0304,0.9818,0,1000,1000,1,0,4
8,0,4,1000,2,308,4.2311,0,0,0.0475,0.9501,0.8969,0,1000,1000,1,0,4
8,0,4,1000,2,309,4.5886,0.0121,0.7124,0.0141,1.6321,0.8516,1,1000,1000,1,11,4
8,0,4,1000,2,310,3.6824,0,0,0.0822,1.0193,0.9308,0,1000,1000,1,0,4
8,0,4,1000,2,311,8.4752,0,0,0.0536,1.0216,0.9617,0,1000,1000,1,0,4
8,0,4,1000,2,312,4.3409,0.0159,0.6124,0.014,1.5282,0.8497,1,1000,1000,1,10,4
8,0,4,1000,2,313,3.5172,0,0,0.0386,0.8537,0.8113,0,1000,1000,1,0,4
8,0,4,1000,2,314,4.2355,0,0,0.0337,0.8632,0.8238,0,1000,1000,1,0,4
8,0,4,1000,2,315,4.109,0,0,0.0328,0.8539,0.8165,0,1000,1000,1,0,4
8,0,4,1000,2,316,4.9828,0.0148,0.7725,0.0185,1.6704,0.8291,1,1000,1000,1,21,4
8,0,4,1000,2,317,3.5222,0,0,0.0294,1.0667,1.0309,0,1000,1000,1,0,4
8,0,4,1000,2,318,4.0808,0,0,0.0354,0.8638,0.8224,0,1000,1000,1,0,4
8,0,4,1000,2,319,3.9993,0,0,0.0371,0.8556,0.8138,0,1000,1000,1,0,4
8,0,4,1000,2,320,4.8289,0.0149,0.6348,0.0136,1.522,0.823,1,1000,1000,1,9,4
8,0,4,1000,2,321,3.4773,0,0,0.038,0.864,0.8221,0,1000,1000,1,0,4
8,0,4,1000,2,322,4.4385,0,0,0.049,0.9369,0.8815,0,1000,1000,1,0,4
8,0,4,1000,2,323,3.9245,0,0,0.032,0.8229,0.7862,0,1000,1000,1,0,4
8,0,4,1000,2,324,5.2463,0.0156,0.6825,0.0141,1.7117,0.9524,1,1000,1000,1,11,4
8,0,4,1000,2,325,3.1878,0,0,0.0288,0.9518,0.9153,0,1000,1000,1,0,4
8,0,4,1000,2,326,4.6234,0,0,0.0418,0.8807,0.8335,0,1000,1000,1,0,4
8,0,4,1000,2,327,3.7861,0,0,0.0399,0.9117,0.8671,0,1000,1000,1,0,4
8,0,4,1000,2,328,5.2141,0.0152,0.7143,0.0145,1.7677,0.9784,1,1000,1000,1,9,4
8,0,4,1000,2,329,3.0162,0,0,0.0317,0.8352,0.7981,0,1000,1000,1,0,4
8,0,4,1000,2,330,4.2703,0,0,0.0439,0.9099,0.8605,0,1000,1000,1,0,4
8,0,4,1000,2,331,4.2414,0,0,0.0325,0.9218,0.8807,0,1000,1000,1,0,4
8,0,4,1000,2,332,9.2666,0.0262,0.6301,0.0132,1.5978,0.8868,1,1000,1000,1,9,4
8,0,4,1000,2,333,7.7492,0,0,0.0378,0.9202,0.8779,0,1000,1000,1,0,4
8,0,4,1000,2,334,8.7224,0.0167,0.6747,0.0141,1.7262,0.9778,1,1000,1000,1,14,4
8,0,4,1000,2,335,3.3873,0,0,0.0331,0.9218,0.8825,0,1000,1000,1,0,4
8,0,4,1000,2,336,4.0975,0,0,0.0431,0.9645,0.9152,0,1000,1000,1,0,4
8,0,4,1000,2,337,4.9998,0.0176,0.8202,0.0146,1.7773,0.8857,1,1000,1000,1,17,4
8,0,4,1000,2,338,3.1605,0,0,0.0349,0.874,0.8342,0,1000,1000,1,0,4
8,0,4,1000,2,339,4.2563,0,0,0.0371,0.8942,0.851,0,1000,1000,1,0,4
8,0,4,1000,2,340,4.1463,0,0,0.0388,0.8879,0.8429,0,1000,1000,1,0,4
8,0,4,1000,2,341,4.7826,0.0126,0.5955,0.0139,1.5861,0.925,1,1000,1000,1,2,4
8,0,4,1000,2,342,3.4789,0,0,0.0243,0.866,0.8372,0,1000,1000,1,0,4
8,0,4,1000,2,343,4.4875,0,0,0.042,0.9891,0.9409,0,1000,1000,1,0,4
8,0,4,1000,2,344,4.1526,0,0,0.0313,1.208,1.1699,0,1000,1000,1,0,4
8,0,4,1000,2,345,4.4737,0.0138,0.6013,0.0133,1.4813,0.8175,1,1000,1000,1,18,4
8,0,4,1000,2,346,3.5538,0,0,0.0291,0.864,0.83,0,1000,1000,1,0,4
8,0,4,1000,2,347,4.5057,0,0,0.0498,0.9307,0.8748,0,1000,1000,1,0,4
8,0,4,1000,2,348,4.3491,0,0,0.0541,0.9522,0.8919,0,1000,1000,1,0,4
8,0,4,1000,2,349,8.8781,0.0156,0.8941,0.0133,1.876,0.914,1,1000,1000,1,105,4
8,0,4,1000,2,350,3.3399,0,0,0.0357,0.9265,0.8854,0,1000,1000,1,0,4
8,0,4,1000,2,351,4.0501,0,0,0.0411,0.9081,0.8605,0,1000,1000,1,0,4
8,0,4,1000,2,352,4.938,0.0148,0.7723,0.0138,1.7678,0.93,1,1000,1000,1,66,4
8,0,4,1000,2,353,3.3812,0,0,0.0345,0.8985,0.8594,0,1000,1000,1,0,4
8,0,4,1000,2,354,4.2813,0,0,0.0391,0.8881,0.8436,0,1000,1000,1,0,4
8,0,4,1000,2,355,3.986,0,0,0.0448,0.8975,0.8477,0,1000,1000,1,0,4
8,0,4,1000,2,356,4.8024,0.015,0.6127,0.0145,1.5606,0.8863,1,1000,1000,1,26,4
8,0,4,1000,2,357,3.7322,0,0,0.0404,1.0081,0.9615,0,1000,1000,1,0,4
8,0,4,1000,2,358,5.7172,0,0,0.0692,1.047,0.9708,0,1000,1000,1,0,4
8,0,4,1000,2,359,2.7728,0,0,0.0369,1.0432,1.0003,0,1000,1000,1,0,4
8,0,4,1000,2,360,9.239,0.0149,1.03,0.0141,2.016,0.9218,1,1000,1000,1,184,4
8,0,4,1000,2,361,7.4259,0,0,0.0386,0.8968,0.8526,0,1000,1000,1,0,4
8,0,4,1000,2,362,5.1581,0.0147,1.0705,0.0144,2.0888,0.953,1,1000,1000,1,117,4
8,0,4,1000,2,363,3.0824,0,0,0.0493,1.0218,0.9664,0,1000,1000,1,0,4
8,0,4,1000,2,364,4.5851,0,0,0.0442,0.9551,0.9051,0,1000,1000,1,0,4
8,0,4,1000,2,365,3.518,0,0,0.0273,0.9007,0.8687,0,1000,1000,1,0,4
8,0,4,1000,2,366,5.0064,0.0175,0.8505,0.0144,1.7624,0.8479,1,1000,1000,1,103,4
8,0,4,1000,2,367,7.8779,0,0,0.0379,0.9057,0.8628,0,1000,1000,1,0,4
8,0,4,1000,2,368,3.9675,0,0,0.0412,0.8942,0.8483,0,1000,1000,1,0,4
8,0,4,1000,2,369,9.7688,0.0136,1.0775,0.0141,2.1961,0.9733,1,1000,1000,1,78,4
8,0,4,1000,2,370,7.3635,0,0,0.0626,1.0928,1.0227,0,1000,1000,1,0,4
8,0,4,1000,2,371,4.7391,0.0155,1.1839,0.0147,2.1481,0.8986,1,1000,1000,1,198,4
8,0,4,1000,2,372,3.006,0,0,0.0342,0.9013,0.8629,0,1000,1000,1,0,4
8,0,4,1000,2,373,4.503,0,0,0.0374,1.0626,1.0176,0,1000,1000,1,0,4
8,0,4,1000,2,374,3.8193,0,0,0.0376,0.9385,0.8957,0,1000,1000,1,0,4
8,0,4,1000,2,375,6.0579,0.0174,1.1912,0.0133,2.8086,1.5445,1,1000,1000,1,175,4
8,0,4,1000,2,376,2.233,0,0,0.0371,0.9389,0.8977,0,1000,1000,1,0,4
8,0,4,1000,2,377,4.3873,0,0,0.0358,0.9273,0.8847,0,1000,1000,1,0,4
8,0,4,1000,2,378,4.3822,0,0,0.0544,1.0023,0.9422,0,1000,1000,1,0,4
8,0,4,1000,2,379,9.0513,0.0178,1.0071,0.0142,2.0044,0.9292,1,1000,1000,1,98,4
8,0,4,1000,2,380,3.3856,0,0,0.0416,0.9087,0.8625,0,1000,1000,1,0,4
8,0,4,1000,2,381,3.752,0,0,0.0306,0.8867,0.8501,0,1000,1000,1,0,4
8,0,4,1000,2,382,5.5344,0.0146,1.0877,0.0142,2.0562,0.9026,1,1000,1000,1,98,4
8,0,4,1000,2,383,2.8038,0,0,0.0335,0.8715,0.8336,0,1000,1000,1,0,4
8,0,4,1000,2,384,4.5278,0,0,0.0361,0.8938,0.8522,0,1000,1000,1,0,4
8,0,4,1000,2,385,3.7458,0,0,0.0288,0.818,0.7847,0,1000,1000,1,0,4
8,0,4,1000,2,386,5.6165,0.0149,1.4,0.0132,2.3295,0.8662,1,1000,1000,1,333,4
8,0,4,1000,2,387,2.7784,0,0,0.0351,0.8667,0.8277,0,1000,1000,1,0,4
8,0,4,1000,2,388,4.3649,0,0,0.0354,0.896,0.8545,0,1000,1000,1,0,4
8,0,4,1000,2,389,3.9702,0,0,0.0396,0.9355,0.891,0,1000,1000,1,0,4
8,0,4,1000,2,390,5.3765,0.0148,1.1389,0.0137,2.0881,0.8855,1,1000,1000,1,132,4
8,0,4,1000,2,391,3.1081,0,0,0.037,0.9394,0.8982,0,1000,1000,1,0,4
8,0,4,1000,2,392,4.3608,0,0,0.0613,1.0143,0.9462,0,1000,1000,1,0,4
8,0,4,1000,2,393,4.0363,0,0,0.0483,0.9906,0.9336,0,1000,1000,1,0,4
8,0,4,1000,2,394,5.3878,0.0135,1.3776,0.0142,2.3072,0.8681,1,1000,1000,1,110,4
8,0,4,1000,2,395,2.9388,0,0,0.0429,0.9165,0.8694,0,1000,1000,1,0,4
8,0,4,1000,2,396,4.3112,0,0,0.0402,1.0666,1.0192,0,1000,1000,1,0,4
8,0,4,1000,2,397,3.9466,0,0,0.0467,0.9433,0.8921,0,1000,1000,1,0,4
8,0,4,1000,2,398,10.0112,0.0146,1.5514,0.0142,2.6645,1.038,1,1000,1000,1,293,4
8,0,4,1000,2,399,2.5366,0,0,0.0268,0.8582,0.8271,0,1000,1000,1,0,4
8,0,4,1000,2,400,4.0513,0,0,0.0519,0.9375,0.8801,0,1000,1000,1,0,4
8,0,4,1000,2,401,5.9052,0.0135,1.5081,0.0141,2.4969,0.9236,1,1000,1000,1,187,4
8,0,4,1000,2,402,2.3135,0,0,0.0327,0.8874,0.8505,0,1000,1000,1,0,4
8,0,4,1000,2,403,8.9416,0,0,0.0462,0.9518,0.8993,0,1000,1000,1,0,4
8,0,4,1000,2,404,5.2907,0.0131,1.6455,0.0149,2.612,0.9049,1,1000,1000,1,131,4
8,0,4,1000,2,405,2.518,0,0,0.0363,0.8696,0.8294,0,1000,1000,1,0,4
8,0,4,1000,2,406,4.7232,0,0,0.0476,0.9395,0.8865,0,1000,1000,1,0,4
8,0,4,1000,2,407,3.4681,0,0,0.0307,0.8762,0.8401,0,1000,1000,1,0,4
8,0,4,1000,2,408,5.6241,0.0159,1.2123,0.0129,2.2233,0.9452,1,1000,1000,1,123,4
8,0,4,1000,2,409,2.9648,0,0,0.0439,0.888,0.8403,0,1000,1000,1,0,4
8,0,4,1000,2,410,4.2401,0,0,0.0464,0.9434,0.8914,0,1000,1000,1,0,4
8,0,4,1000,2,411,9.8005,0.0129,1.575,0.0128,2.523,0.8886,1,1000,1000,1,288,4
8,0,4,1000,2,412,2.6728,0,0,0.0433,0.9551,0.9057,0,1000,1000,1,0,4
8,0,4,1000,2,413,4.0254,0,0,0.0428,0.9035,0.8545,0,1000,1000,1,0,4
8,0,4,1000,2,414,4.2411,0,0,0.046,0.9399,0.8886,0,1000,1000,1,0,4
8,0,4,1000,2,415,5.2857,0.0201,1.2472,0.0127,2.1595,0.8433,1,1000,1000,1,164,4
8,0,4,1000,2,416,2.9614,0,0,0.03,0.948,0.913,0,1000,1000,1,0,4
8,0,4,1000,2,417,8.7893,0,0,0.0499,0.9783,0.9227,0,1000,1000,1,0,4
8,0,4,1000,2,418,5.353,0.0136,1.2133,0.0138,2.4464,1.1678,1,1000,1000,1,143,4
8,0,4,1000,2,419,2.4286,0,0,0.0248,0.8351,0.8061,0,1000,1000,1,0,4
8,0,4,1000,2,420,4.8889,0,0,0.053,0.9883,0.9285,0,1000,1000,1,0,4
8,0,4,1000,2,421,3.5011,0,0,0.0436,0.9388,0.8899,0,1000,1000,1,0,4
8,0,4,1000,2,422,5.7664,0.019,1.4332,0.0139,2.3923,0.8925,1,1000,1000,1,236,4
8,0,4,1000,2,423,6.8776,0,0,0.0504,0.9841,0.9293,0,1000,1000,1,0,4
8,0,4,1000,2,424,9.8523,0.0149,1.4685,0.0132,2.5237,0.9961,1,1000,1000,1,206,4
8,0,4,1000,2,425,2.5299,0,0,0.0336,0.9327,0.8944,0,1000,1000,1,0,4
8,0,4,1000,2,426,4.6144,0,0,0.0474,0.9888,0.9348,0,1000,1000,1,0,4
8,0,4,1000,2,427,3.6501,0,0,0.0339,0.891,0.8519,0,1000,1000,1,0,4
8,0,4,1000,2,428,9.7697,0.0178,1.1683,0.0142,2.2029,0.9628,1,1000,1000,1,151,4
8,0,4,1000,2,429,3.3411,0,0,0.0393,0.9692,0.9225,0,1000,1000,1,0,4
8,0,4,1000,2,430,3.5637,0,0,0.0367,0.9071,0.8647,0,1000,1000,1,0,4
8,0,4,1000,2,431,5.6312,0.0351,1.302,0.0147,2.3988,1.0057,1,1000,1000,1,119,4
8,0,4,1000,2,432,2.7155,0,0,0.0402,0.8889,0.8446,0,1000,1000,1,0,4
8,0,4,1000,2,433,4.54,0,0,0.0474,0.9565,0.9034,0,1000,1000,1,0,4
8,0,4,1000,2,434,3.9578,0,0,0.0331,1.0172,0.9718,0,1000,1000,1,0,4
8,0,4,1000,2,435,5.7461,0.012,1.4393,0.0136,2.5741,1.0697,1,1000,1000,1,307,4
8,0,4,1000,2,436,2.5481,0,0,0.0256,0.8446,0.8155,0,1000,1000,1,0,4
8,0,4,1000,2,437,4.5987,0,0,0.044,0.9167,0.8669,0,1000,1000,1,0,4
8,0,4,1000,2,438,3.4891,0,0,0.0327,0.8346,0.7974,0,1000,1000,1,0,4
8,0,4,1000,2,439,5.623,0.0135,1.2692,0.0138,2.2679,0.9334,1,1000,1000,1,157,4
8,0,4,1000,2,440,2.8569,0,0,0.0426,0.8782,0.8307,0,1000,1000,1,0,4
8,0,4,1000,2,441,4.4929,0,0,0.035,1.0917,1.0502,0,1000,1000,1,0,4
8,0,4,1000,2,442,4.1515,0,0,0.0492,0.9897,0.9347,0,1000,1000,1,0,4
8,0,4,1000,2,443,9.7723,0.0152,1.2326,0.0128,2.3811,1.0811,1,1000,1000,1,123,4
8,0,4,1000,2,444,2.9183,0,0,0.049,1.0324,0.9785,0,1000,1000,1,0,4
8,0,4,1000,2,445,4.1847,0,0,0.0352,1.1062,1.0663,0,1000,1000,1,0,4
8,0,4,1000,2,446,5.6328,0.0138,1.8483,0.0136,2.8287,0.9144,1,1000,1000,1,312,4
8,0,4,1000,2,447,2.3993,0,0,0.0346,0.8888,0.8506,0,1000,1000,1,0,4
8,0,4,1000,2,448,9.0294,0,0,0.0545,0.9653,0.9057,0,1000,1000,1,0,4
8,0,4,1000,2,449,8.6305,0.0117,1.1919,0.0137,2.1505,0.8989,1,1000,1000,1,167,4
8,0,4,1000,2,450,3.202,0,0,0.0289,0.9655,0.9312,0,1000,1000,1,0,4
8,0,4,1000,2,451,9.5567,0.0156,1.231,0.0133,2.1916,0.8954,1,1000,1000,1,121,4
8,0,4,1000,2,452,7.5525,0,0,0.0475,0.9724,0.9198,0,1000,1000,1,0,4
8,0,4,1000,2,453,3.4163,0,0,0.0403,0.9189,0.8743,0,1000,1000,1,0,4
8,0,4,1000,2,454,6.0006,0.0133,1.7202,0.0138,2.7171,0.9304,1,1000,1000,1,106,4
8,0,4,1000,2,455,2.4293,0,0,0.0397,0.9565,0.9125,0,1000,1000,1,0,4
8,0,4,1000,2,456,4.3674,0,0,0.0458,0.9592,0.9082,0,1000,1000,1,0,4
8,0,4,1000,2,457,3.9033,0,0,0.0405,0.9341,0.8885,0,1000,1000,1,0,4
8,0,4,1000,2,458,5.4307,0.0142,1.187,0.0133,2.1969,0.944,1,1000,1000,1,95,4
8,0,4,1000,2,459,2.8638,0,0,0.0271,0.848,0.8164,0,1000,1000,1,0,4
8,0,4,1000,2,460,4.2865,0,0,0.0342,0.8965,0.8568,0,1000,1000,1,0,4
8,0,4,1000,2,461,4.5712,0,0,0.0388,0.9375,0.8923,0,1000,1000,1,0,4
8,0,4,1000,2,462,4.9619,0.0146,1.0995,0.0128,2.1535,0.9822,1,1000,1000,1,65,4
8,0,4,1000,2,463,3.0087,0,0,0.0512,0.9857,0.9307,0,1000,1000,1,0,4
8,0,4,1000,2,464,4.1412,0,0,0.0422,0.9173,0.8699,0,1000,1000,1,0,4
8,0,4,1000,2,465,4.03,0,0,0.0403,0.8801,0.8348,0,1000,1000,1,0,4
8,0,4,1000,2,466,5.4674,0.0139,0.8162,0.0138,1.7573,0.8543,1,1000,1000,1,42,4
8,0,4,1000,2,467,3.0002,0,0,0.045,0.9564,0.9064,0,1000,1000,1,0,4
8,0,4,1000,2,468,5.1284,0,0,0.0498,0.9924,0.9362,0,1000,1000,1,0,4
8,0,4,1000,2,469,8.2335,0.0258,0.9023,0.0146,1.8994,0.9103,1,1000,1000,1,45,4
8,0,4,1000,2,470,7.9953,0,0,0.0517,1.1409,1.0807,0,1000,1000,1,0,4
8,0,4,1000,2,471,3.6276,0,0,0.0467,0.9228,0.8708,0,1000,1000,1,0,4
8,0,4,1000,2,472,5.2414,0.024,0.7823,0.0127,1.9073,1.0417,1,1000,1000,1,39,4
8,0,4,1000,2,473,3.1718,0,0,0.0416,0.9426,0.8957,0,1000,1000,1,0,4
8,0,4,1000,2,474,4.2981,0,0,0.0426,1.0599,1.0096,0,1000,1000,1,0,4
8,0,4,1000,2,475,4.0337,0,0,0.0742,1.0533,0.9731,0,1000,1000,1,0,4
8,0,4,1000,2,476,8.9707,0.0144,0.6646,0.0141,1.637,0.9039,1,1000,1000,1,40,4
8,0,4,1000,2,477,3.693,0,0,0.0382,0.9245,0.8806,0,1000,1000,1,0,4
8,0,4,1000,2,478,3.8926,0,0,0.0444,0.9735,0.9237,0,1000,1000,1,0,4
8,0,4,1000,2,479,5.1326,0.0199,0.8395,0.0133,1.8641,0.9391,1,1000,1000,1,27,4
8,0,4,1000,2,480,3.2838,0,0,0.0473,1.0398,0.9865,0,1000,1000,1,0,4
8,0,4,1000,2,481,4.2927,0,0,0.039,0.9854,0.9398,0,1000,1000,1,0,4
8,0,4,1000,2,482,3.9095,0,0,0.04,0.9445,0.8999,0,1000,1000,1,0,4
8,0,4,1000,2,483,9.1279,0.0115,0.6286,0.0142,1.7199,1.0154,1,1000,1000,1,23,4
8,0,4,1000,2,484,3.4103,0,0,0.0276,0.885,0.8532,0,1000,1000,1,0,4
8,0,4,1000,2,485,4.1382,0,0,0.0394,0.9668,0.9188,0,1000,1000,1,0,4
8,0,4,1000,2,486,4.9952,0.0109,0.7052,0.0141,1.6835,0.9063,1,1000,1000,1,27,4
8,0,4,1000,2,487,3.5851,0,0,0.0491,0.9533,0.9006,0,1000,1000,1,0,4
8,0,4,1000,2,488,8.9775,0,0,0.0712,1.0116,0.934,0,1000,1000,1,0,4
8,0,4,1000,2,489,8.2875,0.0107,0.6786,0.014,1.7271,0.9775,1,1000,1000,1,29,4
8,0,4,1000,2,490,3.5703,0,0,0.0396,0.9303,0.8856,0,1000,1000,1,0,4
8,0,4,1000,2,491,3.9228,0,0,0.0393,0.929,0.8856,0,1000,1000,1,0,4
8,0,4,1000,2,492,4.9342,0.0147,0.6684,0.0133,1.6238,0.8861,1,1000,1000,1,31,4
8,0,4,1000,2,493,8.1149,0,0,0.049,1.0115,0.9566,0,1000,1000,1,0,4
8,0,4,1000,2,494,8.7847,0.026,0.6813,0.0145,1.8017,1.0128,1,1000,1000,1,17,4
8,0,4,1000,2,495,3.3229,0,0,0.0345,0.9936,0.9526,0,1000,1000,1,0,4
8,0,4,1000,2,496,5.2482,0,0,0.0698,1.3179,1.2393,0,1000,1000,1,0,4
8,0,4,1000,2,497,7.8426,0.0141,0.5585,0.0146,1.6138,0.9726,1,1000,1000,1,15,4
8,0,4,1000,2,498,3.3971,0,0,0.0404,0.9771,0.9312,0,1000,1000,1,0,4
8,0,4,1000,2,499,4.7698,0,0,0.0423,1.0182,0.9703,0,1000,1000,1,0,4
8,0,4,1000,2,500,3.7037,0,0,0.0447,0.9466,0.8968,0,1000,1000,1,0,4
8,0,4,1000,2,501,4.6594,0.0152,0.5277,0.0146,1.5114,0.9083,1,1000,1000,1,10,4
8,0,4,1000,2,502,3.4343,0,0,0.029,0.8761,0.8418,0,1000,1000,1,0,4
8,0,4,1000,2,503,4.6848,0,0,0.0445,1.0534,0.9938,0,1000,1000,1,0,4
8,0,4,1000,2,504,3.6736,0,0,0.0303,0.9044,0.869,0,1000,1000,1,0,4
8,0,4,1000,2,505,4.7617,0.0151,0.5168,0.0137,1.4914,0.8958,1,1000,1000,1,12,4
8,0,4,1000,2,506,3.6647,0,0,0.0352,0.9217,0.8811,0,1000,1000,1,0,4
8,0,4,1000,2,507,4.6077,0,0,0.047,0.9718,0.9185,0,1000,1000,1,0,4
8,0,4,1000,2,508,3.7477,0,0,0.0415,0.9091,0.863,0,1000,1000,1,0,4
8,0,4,1000,2,509,4.6933,0.0138,0.5222,0.0145,1.4854,0.8926,1,1000,1000,1,6,4
8,0,4,1000,2,510,3.6453,0,0,0.0319,1.0003,0.9629,0,1000,1000,1,0,4
8,0,4,1000,2,511,4.55,0,0,0.0658,1.0253,0.9538,0,1000,1000,1,0,4
8,0,4,1000,2,512,3.6548,0,0,0.0301,0.9013,0.8659,0,1000,1000,1,0,4
8,0,4,1000,2,513,4.7546,0.0146,0.4888,0.0146,1.4548,0.9005,1,1000,1000,1,6,4
8,0,4,1000,2,514,3.8614,0,0,0.0429,0.9573,0.9096,0,1000,1000,1,0,4
8,0,4,1000,2,515,4.3651,0,0,0.0516,1.0255,0.9656,0,1000,1000,1,0,4
8,0,4,1000,2,516,8.7099,0.0124,0.5327,0.03,1.5681,0.9429,1,1000,1000,1,7,4
8,0,4,1000,2,517,3.645,0,0,0.0411,0.9641,0.9167,0,1000,1000,1,0,4
8,0,4,1000,2,518,8.5694,0,0,0.0419,0.9353,0.8875,0,1000,1000,1,0,4
8,0,4,1000,2,519,8.9121,0.0154,0.6381,0.0146,1.7005,0.9839,1,1000,1000,1,6,4
8,0,4,1000,2,520,3.8766,0,0,0.047,1.0617,1.0071,0,1000,1000,1,0,4
8,0,4,1000,2,521,3.3542,0,0,0.0308,0.9203,0.8846,0,1000,1000,1,0,4
8,0,4,1000,2,522,5.3924,0.0183,0.7165,0.0141,1.7346,0.9362,1,1000,1000,1,6,4
8,0,4,1000,2,523,3.0705,0,0,0.0364,0.9212,0.8807,0,1000,1000,1,0,4
8,0,4,1000,2,524,4.4686,0,0,0.0484,1.0231,0.9688,0,1000,1000,1,0,4
8,0,4,1000,2,525,3.8475,0,0,0.0312,0.8716,0.835,0,1000,1000,1,0,4
8,0,4,1000,2,526,4.6136,0.0132,0.4519,0.0146,1.4221,0.899,1,1000,1000,1,6,4
8,0,4,1000,2,527,3.6082,0,0,0.0324,0.9365,0.8991,0,1000,1000,1,0,4
8,0,4,1000,2,528,4.3286,0,0,0.0363,0.9517,0.9098,0,1000,1000,1,0,4
8,0,4,1000,2,529,4.1804,0,0,0.034,0.9,0.8608,0,1000,1000,1,0,4
8,0,4,1000,2,530,4.5688,0.0143,0.4892,0.0146,1.5011,0.939,1,1000,1000,1,7,4
8,0,4,1000,2,531,3.6405,0,0,0.036,0.9404,0.8997,0,1000,1000,1,0,4
8,0,4,1000,2,532,4.7035,0,0,0.0431,0.9648,0.9154,0,1000,1000,1,0,4
8,0,4,1000,2,533,3.8857,0,0,0.0432,0.949,0.901,0,1000,1000,1,0,4
8,0,4,1000,2,534,9.2596,0.0128,0.5764,0.0201,1.7609,1.1019,1,1000,1000,1,3,4
8,0,4,1000,2,535,8.1545,0,0,0.0416,0.9394,0.8924,0,1000,1000,1,0,4
8,0,4,1000,2,536,8.2905,0.0165,0.5829,0.0133,1.5796,0.9116,1,1000,1000,1,5,4
8,0,4,1000,2,537,8.4095,0,0,0.0416,1.0611,1.0131,0,1000,1000,1,0,4
8,0,4,1000,2,538,8.1204,0.0225,0.5722,0.0173,1.6701,0.9931,1,1000,1000,1,9,4
8,0,4,1000,2,539,4.3693,0,0,0.065,1.2933,1.2215,0,1000,1000,1,0,4
8,0,4,1000,2,540,3.1129,0,0,0.0344,0.9334,0.8936,0,1000,1000,1,0,4
8,0,4,1000,2,541,4.8687,0.0145,0.4773,0.0137,1.4733,0.9278,1,1000,1000,1,7,4
8,0,4,1000,2,542,3.6103,0,0,0.0377,0.9343,0.8921,0,1000,1000,1,0,4
8,0,4,1000,2,543,4.6389,0,0,0.0456,1.2225,1.1709,0,1000,1000,1,0,4
8,0,4,1000,2,544,3.7162,0,0,0.0327,0.9087,0.8705,0,1000,1000,1,0,4
8,0,4,1000,2,545,4.5778,0.0139,0.5686,0.0128,1.4943,0.8575,1,1000,1000,1,6,4
8,0,4,1000,2,546,3.6234,0,0,0.0368,0.9068,0.8661,0,1000,1000,1,0,4
8,0,4,1000,2,547,4.489,0,0,0.0505,0.974,0.9171,0,1000,1000,1,0,4
8,0,4,1000,2,548,3.8081,0,0,0.0339,0.8552,0.8171,0,1000,1000,1,0,4
8,0,4,1000,2,549,4.9739,0.0138,0.506,0.0137,1.5018,0.9237,1,1000,1000,1,5,4
8,0,4,1000,2,550,8.0154,0,0,0.052,0.9732,0.9158,0,1000,1000,1,0,4
9,1,4,1000,2,151,4.7063,0.1371,0.0155,0.0269,1.1454,1.1153,0,1000,1000,1,0,4
9,1,4,1000,2,152,8.092,0.0096,0.1366,0.014,1.0554,0.8668,1,1000,1000,1,17,4
9,1,4,1000,2,153,3.8302,0.0096,0.1366,0.0187,0.8353,0.8135,0,1000,1000,1,0,4
9,1,4,1000,2,154,4.1565,0.0096,0.1366,0.024,0.8334,0.8059,0,1000,1000,1,0,4
9,1,4,1000,2,155,4.8274,0.0103,0.229,0.0143,1.348,1.0562,1,1000,1000,1,15,4
9,1,4,1000,2,156,3.3728,0.0103,0.229,0.0171,0.8232,0.8027,0,1000,1000,1,0,4
9,1,4,1000,2,157,4.2059,0.0103,0.229,0.0227,0.8931,0.8659,0,1000,1000,1,0,4
9,1,4,1000,2,158,4.199,0.0103,0.229,0.0199,0.8336,0.8108,0,1000,1000,1,0,4
9,1,4,1000,2,159,4.8431,0.0083,0.1099,0.0142,1.2342,1.0741,1,1000,1000,1,21,4
9,1,4,1000,2,160,3.389,0.0083,0.1099,0.0191,0.7935,0.7711,0,1000,1000,1,0,4
9,1,4,1000,2,161,8.7218,0.0083,0.1099,0.0223,1.0311,1.0047,0,1000,1000,1,0,4
9,1,4,1000,2,162,8.9766,0.009,0.1529,0.0124,1.0361,0.8365,1,1000,1000,1,17,4
9,1,4,1000,2,163,3.0951,0.009,0.1529,0.0161,0.7601,0.7407,0,1000,1000,1,0,4
9,1,4,1000,2,164,4.3164,0.009,0.1529,0.0198,0.8615,0.8378,0,1000,1000,1,0,4
9,1,4,1000,2,165,4.896,0.0127,0.0903,0.0139,1.1245,0.9741,1,1000,1000,1,22,4
9,1,4,1000,2,166,3.3869,0.0127,0.0903,0.0191,0.806,0.784,0,1000,1000,1,0,4
9,1,4,1000,2,167,4.2491,0.0127,0.0903,0.0204,0.8153,0.7918,0,1000,1000,1,0,4
9,1,4,1000,2,168,4.1141,0.0127,0.0903,0.0159,0.8372,0.8185,0,1000,1000,1,0,4
9,1,4,1000,2,169,4.2899,0.0126,0.0835,0.0128,0.9972,0.8609,1,1000,1000,1,16,4
9,1,4,1000,2,170,4.3265,0.0626,0.0885,0.0236,0.8535,0.8261,0,1000,1000,1,0,4
9,1,4,1000,2,171,3.9454,0.0626,0.0885,0.0205,0.8325,0.8094,0,1000,1000,1,0,4
9,1,4,1000,2,172,4.1189,0.0626,0.0885,0.02,0.8826,0.8594,0,1000,1000,1,0,4
9,1,4,1000,2,173,4.2766,0.0135,0.0931,0.0138,1.0423,0.8978,1,1000,1000,1,23,4
9,1,4,1000,2,174,4.2071,0.0459,0.0489,0.0162,0.8407,0.8215,0,1000,1000,1,0,4
9,1,4,1000,2,175,3.9705,0.0459,0.0489,0.0154,0.8125,0.7943,0,1000,1000,1,0,4
9,1,4,1000,2,176,4.5978,0.0459,0.0489,0.0228,0.9177,0.8922,0,1000,1000,1,0,4
9,1,4,1000,2,177,8.33,0.0246,0.0908,0.0142,1.0613,0.9014,1,1000,1000,1,20,4
9,1,4,1000,2,178,8.0403,0.0246,0.0908,0.0224,0.8869,0.8605,0,1000,1000,1,0,4
9,1,4,1000,2,179,9.2971,0.0105,0.1245,0.0138,1.1495,0.9665,1,1000,1000,1,19,4
9,1,4,1000,2,180,7.3654,0.0105,0.1245,0.0227,0.8366,0.8109,0,1000,1000,1,0,4
9,1,4,1000,2,181,4.8042,0.0109,0.1378,0.0141,1.1318,0.9464,1,1000,1000,1,15,4
9,1,4,1000,2,182,3.4884,0.0109,0.1378,0.0189,0.7802,0.7581,0,1000,1000,1,0,4
9,1,4,1000,2,183,4.3801,0.0109,0.1378,0.0267,1.0955,1.0648,0,1000,1000,1,0,4
9,1,4,1000,2,184,4.0567,0.0109,0.1378,0.0233,0.8844,0.8565,0,1000,1000,1,0,4
9,1,4,1000,2,185,4.3687,0.0078,0.1069,0.0132,1.0015,0.8514,1,1000,1000,1,12,4
9,1,4,1000,2,186,3.8695,0.0078,0.1069,0.0176,0.8554,0.8349,0,1000,1000,1,0,4
9,1,4,1000,2,187,4.1885,0.0078,0.1069,0.0249,0.8767,0.8485,0,1000,1000,1,0,4
9,1,4,1000,2,188,4.203,0.0078,0.1069,0.0214,0.8318,0.8062,0,1000,1000,1,0,4
9,1,4,1000,2,189,8.7557,0.0097,0.1294,0.0137,1.1282,0.9493,1,1000,1000,1,27,4
9,1,4,1000,2,190,3.8279,0.0097,0.1294,0.0283,0.9278,0.8948,0,1000,1000,1,0,4
9,1,4,1000,2,191,9.0389,0.0082,0.1266,0.0141,1.2428,1.065,1,1000,1000,1,12,4
9,1,4,1000,2,192,3.2603,0.0082,0.1266,0.0224,0.8569,0.8314,0,1000,1000,1,0,4
9,1,4,1000,2,193,4.6312,0.0082,0.1266,0.0228,0.8528,0.8251,0,1000,1000,1,0,4
9,1,4,1000,2,194,8.9436,0.0135,0.1352,0.0127,1.2985,1.1098,1,1000,1000,1,18,4
9,1,4,1000,2,195,7.9724,0.0135,0.1352,0.0282,1.0461,1.0141,0,1000,1000,1,0,4
9,1,4,1000,2,196,8.474,0.0073,0.1238,0.0138,1.2926,1.1171,1,1000,1000,1,13,4
9,1,4,1000,2,197,3.5795,0.0073,0.1238,0.029,0.9624,0.9299,0,1000,1000,1,0,4
9,1,4,1000,2,198,3.9703,0.0073,0.1238,0.0236,0.8795,0.8528,0,1000,1000,1,0,4
9,1,4,1000,2,199,4.2106,0.0073,0.1238,0.0234,0.8577,0.8315,0,1000,1000,1,0,4
9,1,4,1000,2,200,4.655,0.0101,0.2468,0.0175,1.1862,0.8647,1,1000,1000,1,8,4
9,1,4,1000,2,201,3.7192,0.0101,0.2468,0.022,0.8261,0.8015,0,1000,1000,1,0,4
9,1,4,1000,2,202,4.2262,0.0101,0.2468,0.0222,0.9755,0.9496,0,1000,1000,1,0,4
9,1,4,1000,2,203,4.0175,0.0101,0.2468,0.0219,0.8422,0.8173,0,1000,1000,1,0,4
9,1,4,1000,2,204,4.8305,0.012,0.0777,0.0142,1.0575,0.9269,1,1000,1000,1,14,4
9,1,4,1000,2,205,3.5027,0.012,0.0777,0.0243,0.8612,0.8328,0,1000,1000,1,0,4
9,1,4,1000,2,206,4.4773,0.012,0.0777,0.0223,0.8503,0.8251,0,1000,1000,1,0,4
9,1,4,1000,2,207,3.8534,0.012,0.0777,0.0216,0.8463,0.8216,0,1000,1000,1,0,4
9,1,4,1000,2,208,5.7552,0.0174,0.0993,0.0138,1.5177,1.3551,1,1000,1000,1,19,4
9,1,4,1000,2,209,7.1668,0.0174,0.0993,0.0283,0.9553,0.9236,0,1000,1000,1,0,4
9,1,4,1000,2,210,9.4843,0.0174,0.0941,0.0137,1.5676,1.4176,1,1000,1000,1,14,4
9,1,4,1000,2,211,7.2872,0.0174,0.0941,0.0313,1.0189,0.9843,0,1000,1000,1,0,4
9,1,4,1000,2,212,8.7912,0.0076,0.1187,0.0127,1.3617,1.1905,1,1000,1000,1,22,4
9,1,4,1000,2,213,4.2877,0.0076,0.1187,0.0634,1.6953,1.6242,0,1000,1000,1,0,4
9,1,4,1000,2,214,8.6291,0.0076,0.1187,0.0461,1.1878,1.1363,0,1000,1000,1,0,4
9,1,4,1000,2,215,7.5285,0.0124,0.1102,0.0137,1.0328,0.8709,1,1000,1000,1,21,4
9,1,4,1000,2,216,3.7084,0.0124,0.1102,0.0212,0.8234,0.7988,0,1000,1000,1,0,4
9,1,4,1000,2,217,4.2262,0.0124,0.1102,0.0211,0.8931,0.8687,0,1000,1000,1,0,4
9,1,4,1000,2,218,4.0489,0.0145,0.1333,0.0136,1.0407,0.8527,1,1000,1000,1,25,4
9,1,4,1000,2,219,4.7054,0.0468,0.1914,0.0275,1.078,1.0455,0,1000,1000,1,0,4
9,1,4,1000,2,220,3.7798,0.0468,0.1914,0.0209,0.9435,0.9194,0,1000,1000,1,0,4
9,1,4,1000,2,221,8.8807,0.0097,0.103,0.0132,1.0654,0.9098,1,1000,1000,1,21,4
9,1,4,1000,2,222,7.9149,0.0097,0.103,0.0199,0.9999,0.977,0,1000,1000,1,0,4
9,1,4,1000,2,223,4.0719,0.0097,0.103,0.0167,0.8673,0.8478,0,1000,1000,1,0,4
9,1,4,1000,2,224,4.6941,0.0066,0.1166,0.0128,1.2138,1.0522,1,1000,1000,1,21,4
9,1,4,1000,2,225,3.3534,0.0066,0.1166,0.0208,0.8575,0.8332,0,1000,1000,1,0,4
9,1,4,1000,2,226,4.1329,0.0066,0.1166,0.022,0.8298,0.8036,0,1000,1000,1,0,4
9,1,4,1000,2,227,4.1206,0.0066,0.1166,0.0204,0.8117,0.7883,0,1000,1000,1,0,4
9,1,4,1000,2,228,4.5179,0.013,0.2863,0.0133,1.1459,0.81,1,1000,1000,1,24,4
9,1,4,1000,2,229,3.9349,0.0448,0.0501,0.02,0.8042,0.7808,0,1000,1000,1,0,4
9,1,4,1000,2,230,3.9847,0.0448,0.0501,0.0195,0.8052,0.7819,0,1000,1000,1,0,4
9,1,4,1000,2,231,4.2616,0.0448,0.0501,0.0224,0.9025,0.8771,0,1000,1000,1,0,4
9,1,4,1000,2,232,4.3609,0.0144,0.0876,0.0133,1.049,0.9101,1,1000,1000,1,20,4
9,1,4,1000,2,233,4.664,0.1314,0.016,0.0393,0.9924,0.949,0,1000,1000,1,0,4
9,1,4,1000,2,234,3.4628,0.1314,0.016,0.0201,0.8366,0.8117,0,1000,1000,1,0,4
9,1,4,1000,2,235,4.1846,0.1314,0.016,0.0193,0.8669,0.8449,0,1000,1000,1,0,4
9,1,4,1000,2,236,5.0027,0.0086,0.1327,0.0123,1.0058,0.8263,1,1000,1000,1,14,4
9,1,4,1000,2,237,3.5391,0.0086,0.1327,0.0364,1.1555,1.1155,0,1000,1000,1,0,4
9,1,4,1000,2,238,8.2451,0.0086,0.1327,0.0216,0.9386,0.9135,0,1000,1000,1,0,4
9,1,4,1000,2,239,8.7161,0.0107,0.0882,0.0136,1.102,0.9334,1,1000,1000,1,17,4
9,1,4,1000,2,240,8.0438,0.0107,0.0882,0.0286,0.9527,0.9208,0,1000,1000,1,0,4
9,1,4,1000,2,241,4.1781,0.0121,0.0993,0.0129,1.1474,0.9997,1,1000,1000,1,26,4
9,1,4,1000,2,242,4.6563,0.0558,0.0977,0.0249,0.9832,0.9538,0,1000,1000,1,0,4
9,1,4,1000,2,243,3.5732,0.0558,0.0977,0.0233,0.8898,0.8633,0,1000,1000,1,0,4
9,1,4,1000,2,244,4.1704,0.0558,0.0977,0.0182,0.8792,0.8578,0,1000,1000,1,0,4
9,1,4,1000,2,245,4.2565,0.0136,0.0996,0.0136,1.0268,0.8762,1,1000,1000,1,23,4
9,1,4,1000,2,246,4.3195,0.0478,0.2162,0.0176,0.8785,0.8578,0,1000,1000,1,0,4
9,1,4,1000,2,247,3.7614,0.0478,0.2162,0.0173,0.834,0.814,0,1000,1000,1,0,4
9,1,4,1000,2,248,4.2971,0.0478,0.2162,0.0175,0.8177,0.7967,0,1000,1000,1,0,4
9,1,4,1000,2,249,8.66,0.0079,0.1183,0.0141,1.0513,0.8827,1,1000,1000,1,19,4
9,1,4,1000,2,250,8.1386,0.0079,0.1183,0.0251,0.9858,0.9572,0,1000,1000,1,0,4
9,1,4,1000,2,251,4.1523,0.0144,0.14,0.0128,1.0542,0.8616,1,1000,1000,1,13,4
9,1,4,1000,2,252,4.2281,0.0627,0.0941,0.0221,0.8741,0.8482,0,1000,1000,1,0,4
9,1,4,1000,2,253,3.8302,0.0627,0.0941,0.0176,0.7696,0.7495,0,1000,1000,1,0,4
9,1,4,1000,2,254,4.2428,0.0627,0.0941,0.0182,0.8626,0.8417,0,1000,1000,1,0,4
9,1,4,1000,2,255,4.6329,0.0115,0.1073,0.014,1.0502,0.8915,1,1000,1000,1,19,4
9,1,4,1000,2,256,3.7279,0.0115,0.1073,0.0238,0.8909,0.8639,0,1000,1000,1,0,4
9,1,4,1000,2,257,4.3072,0.0115,0.1073,0.0219,0.9649,0.9394,0,1000,1000,1,0,4
9,1,4,1000,2,258,4.1952,0.0115,0.1073,0.0218,0.9659,0.9394,0,1000,1000,1,0,4
9,1,4,1000,2,259,4.0719,0.0121,0.1145,0.0133,1.0589,0.8927,1,1000,1000,1,22,4
9,1,4,1000,2,260,8.4708,0.06,0.0504,0.0288,0.9539,0.9212,0,1000,1000,1,0,4
9,1,4,1000,2,261,4.1049,0.06,0.0504,0.0204,1.0972,1.0724,0,1000,1000,1,0,4
9,1,4,1000,2,262,4.028,0.0146,0.1196,0.0141,1.0181,0.8378,1,1000,1000,1,14,4
9,1,4,1000,2,263,4.6752,0.0447,0.0802,0.0298,1.2443,1.2101,0,1000,1000,1,0,4
9,1,4,1000,2,264,3.6052,0.0447,0.0802,0.0174,0.839,0.8187,0,1000,1000,1,0,4
9,1,4,1000,2,265,4.6051,0.0447,0.0802,0.0202,0.8364,0.813,0,1000,1000,1,0,4
9,1,4,1000,2,266,8.8312,0.0067,0.1646,0.0128,1.3791,1.172,1,1000,1000,1,20,4
9,1,4,1000,2,267,3.3406,0.0067,0.1646,0.0203,0.8563,0.8335,0,1000,1000,1,0,4
9,1,4,1000,2,268,4.0242,0.0067,0.1646,0.0213,0.8206,0.7958,0,1000,1000,1,0,4
9,1,4,1000,2,269,4.8807,0.0079,0.092,0.0127,1.032,0.8956,1,1000,1000,1,17,4
9,1,4,1000,2,270,3.6785,0.0079,0.092,0.0182,0.8566,0.8353,0,1000,1000,1,0,4
9,1,4,1000,2,271,4.6157,0.0079,0.092,0.0344,1.4936,1.4536,0,1000,1000,1,0,4
9,1,4,1000,2,272,3.5057,0.0079,0.092,0.0251,0.8688,0.8407,0,1000,1000,1,0,4
9,1,4,1000,2,273,4.8777,0.0092,0.1081,0.0175,1.214,1.0257,1,1000,1000,1,22,4
9,1,4,1000,2,274,4.3571,0.0092,0.1081,0.0177,0.9203,0.8994,0,1000,1000,1,0,4
9,1,4,1000,2,275,7.7716,0.0092,0.1081,0.0224,0.8804,0.8549,0,1000,1000,1,0,4
9,1,4,1000,2,276,5.0222,0.008,0.0988,0.0139,1.0341,0.889,1,1000,1000,1,10,4
9,1,4,1000,2,277,7.0837,0.008,0.0988,0.0185,0.8461,0.8247,0,1000,1000,1,0,4
9,1,4,1000,2,278,4.432,0.008,0.0988,0.0208,0.9433,0.9181,0,1000,1000,1,0,4
9,1,4,1000,2,279,4.1952,0.0146,0.0961,0.0133,1.1042,0.955,1,1000,1000,1,16,4
9,1,4,1000,2,280,8.3344,0.0383,0.0591,0.0207,0.9195,0.8953,0,1000,1000,1,0,4
9,1,4,1000,2,281,4.036,0.0383,0.0591,0.0209,0.8759,0.8516,0,1000,1000,1,0,4
9,1,4,1000,2,282,4.4098,0.0135,0.1078,0.0131,1.1878,1.0299,1,1000,1000,1,9,4
9,1,4,1000,2,283,4.1191,0.0434,0.0621,0.0197,0.846,0.823,0,1000,1000,1,0,4
9,1,4,1000,2,284,8.0037,0.0434,0.0621,0.0173,0.8052,0.7848,0,1000,1000,1,0,4
9,1,4,1000,2,285,9.252,0.0134,0.1557,0.0123,1.0943,0.8847,1,1000,1000,1,13,4
9,1,4,1000,2,286,3.5673,0.0134,0.1557,0.0251,0.9392,0.9102,0,1000,1000,1,0,4
9,1,4,1000,2,287,4.5539,0.0134,0.1557,0.0285,1.164,1.1319,0,1000,1000,1,0,4
9,1,4,1000,2,288,8.4509,0.0064,0.0939,0.0127,1.137,1.0032,1,1000,1000,1,17,4
9,1,4,1000,2,289,3.3914,0.0064,0.0939,0.0248,0.9563,0.9268,0,1000,1000,1,0,4
9,1,4,1000,2,290,4.1337,0.0064,0.0939,0.0262,0.8979,0.8689,0,1000,1000,1,0,4
9,1,4,1000,2,291,4.3734,0.0136,0.1416,0.0132,1.1331,0.9375,1,1000,1000,1,13,4
9,1,4,1000,2,292,4.2539,0.041,0.1436,0.0224,0.8771,0.8516,0,1000,1000,1,0,4
9,1,4,1000,2,293,3.8435,0.041,0.1436,0.0196,0.841,0.8181,0,1000,1000,1,0,4
9,1,4,1000,2,294,4.1537,0.041,0.1436,0.0199,0.8446,0.821,0,1000,1000,1,0,4
9,1,4,1000,2,295,4.3209,0.015,0.1177,0.0133,1.0157,0.8458,1,1000,1000,1,10,4
9,1,4,1000,2,296,4.1729,0.0441,0.0581,0.0173,0.9039,0.8827,0,1000,1000,1,0,4
9,1,4,1000,2,297,4.2047,0.0441,0.0581,0.0286,1.0114,0.9778,0,1000,1000,1,0,4
9,1,4,1000,2,298,4.0232,0.0441,0.0581,0.0169,0.825,0.8049,0,1000,1000,1,0,4
9,1,4,1000,2,299,4.8193,0.0156,0.0937,0.0142,1.4616,1.3115,1,1000,1000,1,17,4
9,1,4,1000,2,300,3.461,0.0411,0.045,0.0182,0.7986,0.777,0,1000,1000,1,0,4
9,1,4,1000,2,301,4.264,0.0411,0.045,0.0182,0.9081,0.8867,0,1000,1000,1,0,4
9,1,4,1000,2,302,8.4909,0.0131,0.0752,0.0137,1.0703,0.9444,1,1000,1000,1,13,4
9,1,4,1000,2,303,8.6545,0.0491,0.0491,0.0248,0.9813,0.9524,0,1000,1000,1,0,4
9,1,4,1000,2,304,8.6013,0.0088,0.0909,0.0127,1.2893,1.1484,1,1000,1000,1,12,4
9,1,4,1000,2,305,7.7762,0.0088,0.0909,0.0306,0.976,0.9415,0,1000,1000,1,0,4
9,1,4,1000,2,306,4.0368,0.0088,0.0909,0.0379,1.0311,0.9895,0,1000,1000,1,0,4
9,1,4,1000,2,307,4.2401,0.0149,0.1101,0.0131,1.0414,0.8792,1,1000,1000,1,12,4
9,1,4,1000,2,308,4.3592,0.0526,0.073,0.0188,0.9997,0.9774,0,1000,1000,1,0,4
9,1,4,1000,2,309,3.6709,0.0526,0.073,0.0176,0.8236,0.8031,0,1000,1000,1,0,4
9,1,4,1000,2,310,4.3674,0.0526,0.073,0.0213,0.8645,0.8396,0,1000,1000,1,0,4
9,1,4,1000,2,311,4.1778,0.0156,0.0972,0.0128,1.0374,0.8911,1,1000,1000,1,19,4
9,1,4,1000,2,312,4.5377,0.0584,0.1102,0.0189,1.0569,1.034,0,1000,1000,1,0,4
9,1,4,1000,2,313,3.6464,0.0584,0.1102,0.0183,0.8194,0.7986,0,1000,1000,1,0,4
9,1,4,1000,2,314,4.4171,0.0584,0.1102,0.024,0.944,0.9167,0,1000,1000,1,0,4
9,1,4,1000,2,315,4.0842,0.0149,0.0868,0.0139,1.0277,0.8859,1,1000,1000,1,16,4
9,1,4,1000,2,316,4.4657,0.0483,0.2842,0.0238,0.9365,0.9082,0,1000,1000,1,0,4
9,1,4,1000,2,317,4.1231,0.0483,0.2842,0.0206,1.0345,1.0094,0,1000,1000,1,0,4
9,1,4,1000,2,318,3.8009,0.0483,0.2842,0.0239,0.8654,0.8382,0,1000,1000,1,0,4
9,1,4,1000,2,319,5.1871,0.008,0.1233,0.0144,1.0722,0.9013,1,1000,1000,1,9,4
9,1,4,1000,2,320,3.0217,0.008,0.1233,0.021,0.8258,0.8019,0,1000,1000,1,0,4
9,1,4,1000,2,321,8.5768,0.008,0.1233,0.0212,0.9237,0.8993,0,1000,1000,1,0,4
9,1,4,1000,2,322,5.0138,0.0155,0.1319,0.0137,1.2044,1.0184,1,1000,1000,1,12,4
9,1,4,1000,2,323,3.1637,0.0155,0.1319,0.0159,0.7947,0.7763,0,1000,1000,1,0,4
9,1,4,1000,2,324,8.8238,0.0155,0.1319,0.0259,0.9682,0.9387,0,1000,1000,1,0,4
9,1,4,1000,2,325,8.9933,0.0123,0.1335,0.0145,1.3688,1.1776,1,1000,1000,1,10,4
9,1,4,1000,2,326,7.5312,0.0123,0.1335,0.0292,1.0935,1.0613,0,1000,1000,1,0,4
9,1,4,1000,2,327,4.4158,0.0065,0.116,0.0132,1.1774,1.018,1,1000,1000,1,12,4
9,1,4,1000,2,328,3.7236,0.0065,0.116,0.0239,1.0833,1.0557,0,1000,1000,1,0,4
9,1,4,1000,2,329,4.7884,0.0065,0.116,0.0223,0.9689,0.9435,0,1000,1000,1,0,4
9,1,4,1000,2,330,3.8339,0.0065,0.116,0.0177,0.8221,0.7996,0,1000,1000,1,0,4
9,1,4,1000,2,331,4.4995,0.0082,0.1168,0.0146,1.0663,0.9006,1,1000,1000,1,14,4
9,1,4,1000,2,332,8.2199,0.0082,0.1168,0.028,1.0108,0.9786,0,1000,1000,1,0,4
9,1,4,1000,2,333,8.0081,0.0123,0.1412,0.0132,1.1152,0.9193,1,1000,1000,1,10,4
9,1,4,1000,2,334,4.1438,0.0462,0.1387,0.0222,0.9268,0.9006,0,1000,1000,1,0,4
9,1,4,1000,2,335,3.9804,0.0462,0.1387,0.0232,0.9379,0.9114,0,1000,1000,1,0,4
9,1,4,1000,2,336,4.0683,0.0462,0.1387,0.0179,0.8983,0.8772,0,1000,1000,1,0,4
9,1,4,1000,2,337,4.4331,0.0163,0.0803,0.0134,1.2525,1.119,1,1000,1000,1,9,4
9,1,4,1000,2,338,4.1276,0.056,0.0879,0.0286,0.9249,0.8929,0,1000,1000,1,0,4
9,1,4,1000,2,339,8.3569,0.056,0.0879,0.0304,1.0208,0.987,0,1000,1000,1,0,4
9,1,4,1000,2,340,4.5246,0.0141,0.1758,0.0127,1.3021,1.0729,1,1000,1000,1,12,4
9,1,4,1000,2,341,4.132,0.0537,0.0502,0.0194,0.9268,0.9042,0,1000,1000,1,0,4
9,1,4,1000,2,342,3.6632,0.0537,0.0502,0.0161,0.8422,0.823,0,1000,1000,1,0,4
9,1,4,1000,2,343,4.1541,0.0537,0.0502,0.0208,0.8664,0.843,0,1000,1000,1,0,4
9,1,4,1000,2,344,4.3571,0.0129,0.1363,0.014,1.1019,0.9147,1,1000,1000,1,14,4
9,1,4,1000,2,345,4.0558,0.0567,0.0944,0.0237,0.8797,0.852,0,1000,1000,1,0,4
9,1,4,1000,2,346,3.9921,0.0567,0.0944,0.0203,0.8473,0.8242,0,1000,1000,1,0,4
9,1,4,1000,2,347,4.2489,0.0567,0.0944,0.0184,0.8663,0.8449,0,1000,1000,1,0,4
9,1,4,1000,2,348,4.3189,0.014,0.1226,0.0137,1.0459,0.8712,1,1000,1000,1,6,4
9,1,4,1000,2,349,8.368,0.0432,0.1021,0.0221,0.8971,0.8719,0,1000,1000,1,0,4
9,1,4,1000,2,350,4.2686,0.0432,0.1021,0.0212,0.9334,0.9087,0,1000,1000,1,0,4
9,1,4,1000,2,351,8.6055,0.0106,0.0994,0.0137,1.1659,1.0144,1,1000,1000,1,7,4
9,1,4,1000,2,352,3.5404,0.0106,0.0994,0.0175,0.8745,0.8541,0,1000,1000,1,0,4
9,1,4,1000,2,353,4.1707,0.0106,0.0994,0.0212,0.9115,0.8876,0,1000,1000,1,0,4
9,1,4,1000,2,354,8.6508,0.0071,0.0861,0.0132,1.024,0.8949,1,1000,1000,1,8,4
9,1,4,1000,2,355,8.0231,0.0071,0.0861,0.0155,0.8649,0.847,0,1000,1000,1,0,4
9,1,4,1000,2,356,4.517,0.0162,0.1115,0.0137,1.1115,0.9489,1,1000,1000,1,20,4
9,1,4,1000,2,357,3.7605,0.0479,0.0427,0.0227,0.8535,0.8271,0,1000,1000,1,0,4
9,1,4,1000,2,358,4.4023,0.0479,0.0427,0.0177,0.9555,0.9337,0,1000,1000,1,0,4
9,1,4,1000,2,359,8.9776,0.0109,0.1575,0.0133,1.3291,1.1214,1,1000,1000,1,68,4
9,1,4,1000,2,360,7.6881,0.0109,0.1575,0.0212,0.8801,0.8557,0,1000,1000,1,0,4
9,1,4,1000,2,361,4.0326,0.0109,0.1575,0.0194,0.8658,0.8434,0,1000,1000,1,0,4
9,1,4,1000,2,362,4.8751,0.0248,0.2112,0.0135,1.2137,0.9374,1,1000,1000,1,73,4
9,1,4,1000,2,363,3.3406,0.0248,0.2112,0.0187,0.8306,0.8091,0,1000,1000,1,0,4
9,1,4,1000,2,364,4.3395,0.0248,0.2112,0.0213,0.9548,0.9305,0,1000,1000,1,0,4
9,1,4,1000,2,365,4.381,0.0248,0.2112,0.0253,1.1226,1.0927,0,1000,1000,1,0,4
9,1,4,1000,2,366,4.5688,0.0134,0.1471,0.0141,1.0853,0.8893,1,1000,1000,1,53,4
9,1,4,1000,2,367,8.2267,0.0134,0.1471,0.0298,0.9178,0.8838,0,1000,1000,1,0,4
9,1,4,1000,2,368,8.1543,0.0127,0.1137,0.0137,1.1515,0.9865,1,1000,1000,1,41,4
9,1,4,1000,2,369,8.1315,0.0402,0.0824,0.0247,0.9269,0.8984,0,1000,1000,1,0,4
9,1,4,1000,2,370,3.9441,0.0402,0.0824,0.0203,0.8588,0.8362,0,1000,1000,1,0,4
9,1,4,1000,2,371,4.593,0.0142,0.4572,0.0124,1.379,0.8706,1,1000,1000,1,208,4
9,1,4,1000,2,372,3.9005,0.0601,0.0532,0.0408,0.9726,0.9281,0,1000,1000,1,0,4
9,1,4,1000,2,373,3.9762,0.0601,0.0532,0.0218,0.9071,0.8824,0,1000,1000,1,0,4
9,1,4,1000,2,374,4.4534,0.0601,0.0532,0.0248,1.0164,0.9883,0,1000,1000,1,0,4
9,1,4,1000,2,375,9.0055,0.0087,0.2404,0.0133,1.6282,1.3411,1,1000,1000,1,143,4
9,1,4,1000,2,376,8.1836,0.0087,0.2404,0.0305,1.1489,1.1137,0,1000,1000,1,0,4
9,1,4,1000,2,377,3.5407,0.0127,0.1584,0.0136,1.0963,0.8913,1,1000,1000,1,88,4
9,1,4,1000,2,378,4.5136,0.058,0.2145,0.0237,1.0695,1.0425,0,1000,1000,1,0,4
9,1,4,1000,2,379,3.9234,0.058,0.2145,0.0204,0.8763,0.8526,0,1000,1000,1,0,4
9,1,4,1000,2,380,8.213,0.0123,0.146,0.0132,1.1052,0.9091,1,1000,1000,1,75,4
9,1,4,1000,2,381,4.772,0.0529,0.4031,0.0244,0.9067,0.8785,0,1000,1000,1,0,4
9,1,4,1000,2,382,3.6608,0.0529,0.4031,0.0211,0.8949,0.8712,0,1000,1000,1,0,4
9,1,4,1000,2,383,4.0819,0.0529,0.4031,0.0209,0.8588,0.8347,0,1000,1000,1,0,4
9,1,4,1000,2,384,9.6443,0.0145,0.3003,0.0145,1.6532,1.2956,1,1000,1000,1,231,4
9,1,4,1000,2,385,7.0458,0.0145,0.3003,0.02,0.9191,0.8964,0,1000,1000,1,0,4
9,1,4,1000,2,386,9.6032,0.0104,0.2299,0.0146,1.6899,1.4096,1,1000,1000,1,192,4
9,1,4,1000,2,387,7.0676,0.0104,0.2299,0.0231,0.9334,0.9068,0,1000,1000,1,0,4
9,1,4,1000,2,388,9.2208,0.0086,0.1922,0.0131,1.3596,1.1219,1,1000,1000,1,133,4
9,1,4,1000,2,389,7.859,0.0086,0.1922,0.0226,1.1378,1.1116,0,1000,1000,1,0,4
9,1,4,1000,2,390,9.5379,0.015,0.2093,0.0156,1.5942,1.3242,1,1000,1000,1,73,4
9,1,4,1000,2,391,6.9817,0.015,0.2093,0.0278,1.1008,1.0693,0,1000,1000,1,0,4
9,1,4,1000,2,392,5.0587,0.0056,0.9553,0.0131,1.9099,0.9128,1,1000,1000,1,379,4
9,1,4,1000,2,393,2.7718,0.0056,0.9553,0.0196,0.8887,0.8662,0,1000,1000,1,0,4
9,1,4,1000,2,394,4.5404,0.0056,0.9553,0.0235,0.966,0.9398,0,1000,1000,1,0,4
9,1,4,1000,2,395,3.757,0.0056,0.9553,0.0221,0.8275,0.8023,0,1000,1000,1,0,4
9,1,4,1000,2,396,5.1942,0.0295,0.3829,0.0123,1.3932,0.9465,1,1000,1000,1,142,4
9,1,4,1000,2,397,3.0768,0.0295,0.3829,0.0183,0.813,0.7923,0,1000,1000,1,0,4
9,1,4,1000,2,398,4.479,0.0295,0.3829,0.0342,1.1334,1.0939,0,1000,1000,1,0,4
9,1,4,1000,2,399,4.0492,0.0295,0.3829,0.0411,0.9849,0.9404,0,1000,1000,1,0,4
9,1,4,1000,2,400,5.3551,0.0071,0.4234,0.0133,1.6698,1.2,1,1000,1000,1,139,4
9,1,4,1000,2,401,2.7926,0.0071,0.4234,0.0194,0.8177,0.7952,0,1000,1000,1,0,4
9,1,4,1000,2,402,4.3078,0.0071,0.4234,0.0193,0.8764,0.854,0,1000,1000,1,0,4
9,1,4,1000,2,403,4.0758,0.0071,0.4234,0.0224,0.866,0.8405,0,1000,1000,1,0,4
9,1,4,1000,2,404,5.0314,0.0131,0.844,0.0127,1.8275,0.9311,1,1000,1000,1,358,4
9,1,4,1000,2,405,3.771,0.0604,0.2468,0.0196,0.8702,0.8477,0,1000,1000,1,0,4
9,1,4,1000,2,406,3.9298,0.0604,0.2468,0.0172,0.9786,0.9585,0,1000,1000,1,0,4
9,1,4,1000,2,407,3.9527,0.0604,0.2468,0.019,0.8658,0.8439,0,1000,1000,1,0,4
9,1,4,1000,2,408,9.5412,0.0077,0.687,0.0133,1.6807,0.9496,1,1000,1000,1,195,4
9,1,4,1000,2,409,7.6139,0.0077,0.687,0.031,1.2069,1.1709,0,1000,1000,1,0,4
9,1,4,1000,2,410,9.0354,0.0099,0.5921,0.0217,1.7709,1.0996,1,1000,1000,1,114,4
9,1,4,1000,2,411,7.6943,0.0099,0.5921,0.0265,0.9835,0.9531,0,1000,1000,1,0,4
9,1,4,1000,2,412,9.338,0.0084,0.4173,0.0148,1.6893,1.2235,1,1000,1000,1,143,4
9,1,4,1000,2,413,7.2222,0.0084,0.4173,0.0206,0.9354,0.9121,0,1000,1000,1,0,4
9,1,4,1000,2,414,9.1875,0.006,0.5465,0.0137,1.7278,1.1377,1,1000,1000,1,313,4
9,1,4,1000,2,415,7.3094,0.006,0.5465,0.0233,0.9291,0.9026,0,1000,1000,1,0,4
9,1,4,1000,2,416,9.4294,0.0098,0.4346,0.0135,1.4478,0.966,1,1000,1000,1,183,4
9,1,4,1000,2,417,7.2227,0.0098,0.4346,0.0183,0.8498,0.8287,0,1000,1000,1,0,4
9,1,4,1000,2,418,9.0527,0.0068,0.2785,0.0129,1.3649,1.0414,1,1000,1000,1,151,4
9,1,4,1000,2,419,7.571,0.0068,0.2785,0.0172,0.9141,0.8945,0,1000,1000,1,0,4
9,1,4,1000,2,420,9.5412,0.0115,0.6138,0.0135,1.7266,1.0642,1,1000,1000,1,354,4
9,1,4,1000,2,421,7.1165,0.0115,0.6138,0.0172,0.8713,0.8517,0,1000,1000,1,0,4
9,1,4,1000,2,422,9.2424,0.0068,0.4629,0.0127,1.4289,0.9237,1,1000,1000,1,174,4
9,1,4,1000,2,423,7.4262,0.0068,0.4629,0.0245,0.9498,0.922,0,1000,1000,1,0,4
9,1,4,1000,2,424,9.5961,0.2906,0.3238,0.0213,1.7513,1.0838,1,1000,1000,1,151,4
9,1,4,1000,2,425,7.4894,0.2906,0.3238,0.0246,0.9606,0.9324,0,1000,1000,1,0,4
9,1,4,1000,2,426,8.791,0.0127,0.5261,0.0127,1.5059,0.9314,1,1000,1000,1,292,4
9,1,4,1000,2,427,7.4777,0.0127,0.5261,0.0218,0.9563,0.9316,0,1000,1000,1,0,4
9,1,4,1000,2,428,9.4625,0.0057,0.5435,0.0125,1.6673,1.0844,1,1000,1000,1,230,4
9,1,4,1000,2,429,7.4283,0.0057,0.5435,0.0194,0.9038,0.8815,0,1000,1000,1,0,4
9,1,4,1000,2,430,9.4729,0.0072,0.9094,0.0133,1.8953,0.9413,1,1000,1000,1,140,4
9,1,4,1000,2,431,7.0957,0.0072,0.9094,0.0214,0.9447,0.9201,0,1000,1000,1,0,4
9,1,4,1000,2,432,9.1862,0.0099,0.3212,0.014,1.3376,0.9694,1,1000,1000,1,160,4
9,1,4,1000,2,433,7.4635,0.0099,0.3212,0.0224,0.9403,0.9145,0,1000,1000,1,0,4
9,1,4,1000,2,434,9.1647,0.0076,0.6449,0.0136,1.627,0.9385,1,1000,1000,1,336,4
9,1,4,1000,2,435,7.4311,0.0076,0.6449,0.021,0.9042,0.8801,0,1000,1000,1,0,4
9,1,4,1000,2,436,9.7704,0.0092,0.2372,0.0127,1.3728,1.093,1,1000,1000,1,145,4
9,1,4,1000,2,437,6.7407,0.0092,0.2372,0.0223,0.9409,0.9154,0,1000,1000,1,0,4
9,1,4,1000,2,438,9.1257,0.0113,0.2907,0.0694,1.4619,1.0594,1,1000,1000,1,121,4
9,1,4,1000,2,439,12.5153,0.0085,0.1845,0.014,1.2669,1.0315,1,1000,1000,1,66,4
9,1,4,1000,2,440,7.5355,0.0085,0.1845,0.0251,0.9257,0.8975,0,1000,1000,1,0,4
9,1,4,1000,2,441,9.0078,0.0101,0.2002,0.0151,1.2269,0.9734,1,1000,1000,1,86,4
9,1,4,1000,2,442,7.5779,0.0101,0.2002,0.0204,0.8859,0.8625,0,1000,1000,1,0,4
9,1,4,1000,2,443,8.6771,0.0119,0.2009,0.0136,1.2689,1.0171,1,1000,1000,1,53,4
9,1,4,1000,2,444,8.3683,0.0455,0.0902,0.0228,1.0536,1.027,0,1000,1000,1,0,4
9,1,4,1000,2,445,8.5513,0.0127,0.3323,0.0147,1.3708,0.9895,1,1000,1000,1,55,4
9,1,4,1000,2,446,7.9489,0.0414,0.1187,0.0207,0.9121,0.8882,0,1000,1000,1,0,4
9,1,4,1000,2,447,8.6454,0.012,0.1516,0.0127,1.3941,1.1947,1,1000,1000,1,37,4
9,1,4,1000,2,448,8.0424,0.0508,0.0688,0.0323,1.0168,0.979,0,1000,1000,1,0,4
9,1,4,1000,2,449,8.9551,0.0143,0.1387,0.0141,1.4918,1.285,1,1000,1000,1,24,4
9,1,4,1000,2,450,8.1987,0.0497,0.2059,0.0233,1.0792,1.0513,0,1000,1000,1,0,4
9,1,4,1000,2,451,3.8024,0.0497,0.2059,0.0198,1.0349,1.0111,0,1000,1000,1,0,4
9,1,4,1000,2,452,4.7986,0.0062,0.1464,0.0133,1.2252,1.0327,1,1000,1000,1,24,4
9,1,4,1000,2,453,3.3943,0.0062,0.1464,0.0173,0.8859,0.8654,0,1000,1000,1,0,4
9,1,4,1000,2,454,3.8433,0.0062,0.1464,0.0191,0.8693,0.8473,0,1000,1000,1,0,4
9,1,4,1000,2,455,4.5481,0.0062,0.1464,0.0225,0.933,0.9069,0,1000,1000,1,0,4
9,1,4,1000,2,456,4.0644,0.0124,0.1197,0.0123,1.1653,0.9972,1,1000,1000,1,28,4
9,1,4,1000,2,457,4.1707,0.0546,0.0585,0.0205,0.8836,0.8592,0,1000,1000,1,0,4
9,1,4,1000,2,458,4.0881,0.0546,0.0585,0.0222,0.8967,0.8716,0,1000,1000,1,0,4
9,1,4,1000,2,459,4.1234,0.0546,0.0585,0.0195,0.8838,0.8606,0,1000,1000,1,0,4
9,1,4,1000,2,460,4.2075,0.0137,0.1135,0.0138,1.0788,0.9125,1,1000,1000,1,26,4
9,1,4,1000,2,461,4.5241,0.05,0.1131,0.0236,0.9604,0.9317,0,1000,1000,1,0,4
9,1,4,1000,2,462,8.2393,0.05,0.1131,0.0237,1.3012,1.2741,0,1000,1000,1,0,4
9,1,4,1000,2,463,8.4487,0.0066,0.1262,0.0133,1.166,0.9935,1,1000,1000,1,23,4
9,1,4,1000,2,464,3.97,0.0066,0.1262,0.0206,0.9066,0.8827,0,1000,1000,1,0,4
9,1,4,1000,2,465,4.1141,0.0066,0.1262,0.0256,0.9977,0.9679,0,1000,1000,1,0,4
9,1,4,1000,2,466,4.4713,0.015,0.1133,0.0136,1.3074,1.1367,1,1000,1000,1,15,4
9,1,4,1000,2,467,4.2213,0.044,0.0871,0.023,0.9444,0.9175,0,1000,1000,1,0,4
9,1,4,1000,2,468,3.4354,0.044,0.0871,0.0219,0.8743,0.8492,0,1000,1000,1,0,4
9,1,4,1000,2,469,4.284,0.044,0.0871,0.0205,0.9015,0.8774,0,1000,1000,1,0,4
9,1,4,1000,2,470,4.4703,0.014,0.1271,0.0133,1.2043,1.0267,1,1000,1000,1,12,4
9,1,4,1000,2,471,3.9285,0.0418,0.0534,0.0183,0.9194,0.8969,0,1000,1000,1,0,4
9,1,4,1000,2,472,4.1115,0.0418,0.0534,0.0176,0.967,0.9465,0,1000,1000,1,0,4
9,1,4,1000,2,473,4.0362,0.0418,0.0534,0.0209,0.8644,0.8403,0,1000,1000,1,0,4
9,1,4,1000,2,474,4.3862,0.0151,0.0868,0.0137,1.0974,0.9579,1,1000,1000,1,17,4
9,1,4,1000,2,475,4.066,0.0396,0.0496,0.0164,0.9041,0.8838,0,1000,1000,1,0,4
9,1,4,1000,2,476,4.6221,0.0396,0.0496,0.0281,1.391,1.3583,0,1000,1000,1,0,4
9,1,4,1000,2,477,3.8287,0.0396,0.0496,0.0264,0.9906,0.9606,0,1000,1000,1,0,4
9,1,4,1000,2,478,8.7629,0.0092,0.0885,0.0137,1.3299,1.1929,1,1000,1000,1,12,4
9,1,4,1000,2,479,7.9287,0.0092,0.0885,0.0188,0.943,0.9199,0,1000,1000,1,0,4
9,1,4,1000,2,480,4.2334,0.0154,0.0884,0.0134,1.0935,0.9507,1,1000,1000,1,12,4
9,1,4,1000,2,481,4.4643,0.0409,0.0459,0.0255,1.2531,1.2229,0,1000,1000,1,0,4
9,1,4,1000,2,482,3.5654,0.0409,0.0459,0.0169,0.8887,0.8688,0,1000,1000,1,0,4
9,1,4,1000,2,483,4.3475,0.0409,0.0459,0.0189,0.9006,0.8791,0,1000,1000,1,0,4
9,1,4,1000,2,484,4.3203,0.015,0.1203,0.0137,1.0814,0.9032,1,1000,1000,1,15,4
9,1,4,1000,2,485,8.7531,0.0705,0.1197,0.0281,1.04,1.0082,0,1000,1000,1,0,4
9,1,4,1000,2,486,8.3782,0.0152,0.101,0.0141,1.3446,1.1892,1,1000,1000,1,8,4
9,1,4,1000,2,487,7.926,0.0673,0.0699,0.0243,0.9566,0.9287,0,1000,1000,1,0,4
9,1,4,1000,2,488,8.4262,0.0148,0.1961,0.0135,1.2066,0.9557,1,1000,1000,1,11,4
9,1,4,1000,2,489,8.3515,0.0428,0.138,0.0265,0.98,0.9499,0,1000,1000,1,0,4
9,1,4,1000,2,490,8.7486,0.0154,0.0774,0.0142,1.5142,1.3816,1,1000,1000,1,7,4
9,1,4,1000,2,491,8.3323,0.0673,0.173,0.0207,1.2213,1.1968,0,1000,1000,1,0,4
9,1,4,1000,2,492,7.9661,0.0139,0.1012,0.0133,1.2214,1.0648,1,1000,1000,1,7,4
9,1,4,1000,2,493,3.8366,0.0518,0.0557,0.0262,1.0058,0.9755,0,1000,1000,1,0,4
9,1,4,1000,2,494,4.0859,0.0518,0.0557,0.0255,0.9327,0.9043,0,1000,1000,1,0,4
9,1,4,1000,2,495,4.2638,0.0518,0.0557,0.0233,0.9893,0.9629,0,1000,1000,1,0,4
9,1,4,1000,2,496,9.029,0.0091,0.1356,0.0131,1.3551,1.1693,1,1000,1000,1,9,4
9,1,4,1000,2,497,3.3882,0.0091,0.1356,0.0185,0.9584,0.937,0,1000,1000,1,0,4
9,1,4,1000,2,498,4.1703,0.0091,0.1356,0.0306,0.9331,0.8988,0,1000,1000,1,0,4
9,1,4,1000,2,499,8.6615,0.0084,0.1081,0.0133,1.1362,0.9771,1,1000,1000,1,7,4
9,1,4,1000,2,500,3.878,0.0084,0.1081,0.0212,0.9487,0.9245,0,1000,1000,1,0,4
9,1,4,1000,2,501,4.1695,0.0084,0.1081,0.0185,0.9327,0.9099,0,1000,1000,1,0,4
9,1,4,1000,2,502,4.5617,0.0096,0.0751,0.0132,1.0147,0.8921,1,1000,1000,1,5,4
9,1,4,1000,2,503,3.56,0.0096,0.0751,0.0186,0.8936,0.8718,0,1000,1000,1,0,4
9,1,4,1000,2,504,4.2079,0.0096,0.0751,0.0211,0.8929,0.8688,0,1000,1000,1,0,4
9,1,4,1000,2,505,9.2549,0.01,0.0763,0.0127,1.0366,0.9106,1,1000,1000,1,8,4
9,1,4,1000,2,506,3.1638,0.01,0.0763,0.0157,0.8464,0.8278,0,1000,1000,1,0,4
9,1,4,1000,2,507,4.634,0.01,0.0763,0.0222,1.1171,1.0911,0,1000,1000,1,0,4
9,1,4,1000,2,508,8.5968,0.0151,0.1011,0.0127,1.2156,1.0594,1,1000,1000,1,6,4
9,1,4,1000,2,509,8.162,0.0556,0.161,0.0422,1.0408,0.9945,0,1000,1000,1,0,4
9,1,4,1000,2,510,8.1716,0.0133,0.0931,0.013,1.0605,0.9208,1,1000,1000,1,9,4
9,1,4,1000,2,511,8.5389,0.0421,0.0728,0.0268,0.9643,0.9341,0,1000,1000,1,0,4
9,1,4,1000,2,512,8.4985,0.0069,0.0834,0.0137,1.142,1.0128,1,1000,1000,1,5,4
9,1,4,1000,2,513,7.7409,0.0069,0.0834,0.0287,1.0052,0.9729,0,1000,1000,1,0,4
9,1,4,1000,2,514,9.4421,0.0105,0.0968,0.0136,1.3437,1.191,1,1000,1000,1,5,4
9,1,4,1000,2,515,7.3824,0.0105,0.0968,0.0207,0.9261,0.9016,0,1000,1000,1,0,4
9,1,4,1000,2,516,8.5517,0.0139,0.0786,0.0123,1.1849,1.048,1,1000,1000,1,5,4
9,1,4,1000,2,517,8.9051,0.0531,0.1063,0.0217,1.2229,1.1957,0,1000,1000,1,0,4
9,1,4,1000,2,518,7.696,0.0201,0.0952,0.0185,1.2212,1.0414,1,1000,1000,1,7,4
9,1,4,1000,2,519,8.4416,0.0403,0.0971,0.0145,1.0129,0.9953,0,1000,1000,1,0,4
9,1,4,1000,2,520,8.1541,0.0153,0.103,0.0141,1.1306,0.9709,1,1000,1000,1,1,4
9,1,4,1000,2,521,8.9561,0.0498,0.1204,0.0238,1.1575,1.1296,0,1000,1000,1,0,4
9,1,4,1000,2,522,8.2784,0.0142,0.0933,0.0137,1.2234,1.075,1,1000,1000,1,8,4
9,1,4,1000,2,523,7.9093,0.0142,0.0933,0.024,1.0204,0.9931,0,1000,1000,1,0,4
9,1,4,1000,2,524,8.4757,0.0072,0.0986,0.0138,1.108,0.961,1,1000,1000,1,5,4
9,1,4,1000,2,525,7.9674,0.0072,0.0986,0.0245,1.0923,1.064,0,1000,1000,1,0,4
9,1,4,1000,2,526,8.7517,0.0131,0.0602,0.0128,1.3099,1.2009,1,1000,1000,1,4,4
9,1,4,1000,2,527,7.9401,0.0513,0.0606,0.0407,1.012,0.9676,0,1000,1000,1,0,4
9,1,4,1000,2,528,8.7003,0.0082,0.104,0.0137,1.1619,1.01,1,1000,1000,1,5,4
9,1,4,1000,2,529,8.0298,0.0082,0.104,0.0218,1.0402,1.0143,0,1000,1000,1,0,4
9,1,4,1000,2,530,8.2303,0.0198,0.0767,0.0144,1.0634,0.9255,1,1000,1000,1,3,4
9,1,4,1000,2,531,8.5577,0.0869,0.0536,0.0223,0.9475,0.9213,0,1000,1000,1,0,4
9,1,4,1000,2,532,8.4619,0.015,0.0759,0.0137,1.2091,1.0801,1,1000,1000,1,5,4
9,1,4,1000,2,533,8.2342,0.0469,0.0759,0.02,0.9224,0.8992,0,1000,1000,1,0,4
9,1,4,1000,2,534,8.3532,0.0131,0.0964,0.0132,1.2753,1.1256,1,1000,1000,1,1,4
9,1,4,1000,2,535,8.3912,0.0585,0.3025,0.0236,0.943,0.9162,0,1000,1000,1,0,4
9,1,4,1000,2,536,7.9039,0.0242,0.0827,0.0147,1.0974,0.9492,1,1000,1000,1,1,4
9,1,4,1000,2,537,8.6317,0.0546,0.1895,0.0282,0.9855,0.9535,0,1000,1000,1,0,4
9,1,4,1000,2,538,8.1657,0.0138,0.0742,0.0133,1.087,0.9555,1,1000,1000,1,4,4
9,1,4,1000,2,539,8.6178,0.0626,0.2201,0.0273,0.9893,0.9566,0,1000,1000,1,0,4
9,1,4,1000,2,540,8.1513,0.013,0.1133,0.0143,1.1577,0.9843,1,1000,1000,1,4,4
9,1,4,1000,2,541,4.4785,0.0778,0.2156,0.0208,1.1051,1.079,0,1000,1000,1,0,4
9,1,4,1000,2,542,3.4902,0.0778,0.2156,0.021,0.9409,0.916,0,1000,1000,1,0,4
9,1,4,1000,2,543,4.2855,0.0778,0.2156,0.0209,0.9157,0.8917,0,1000,1000,1,0,4
9,1,4,1000,2,544,4.3299,0.0161,0.0937,0.0138,1.0683,0.9151,1,1000,1000,1,2,4
9,1,4,1000,2,545,4.7692,0.0616,0.3266,0.0396,1.1646,1.1208,0,1000,1000,1,0,4
9,1,4,1000,2,546,3.3085,0.0616,0.3266,0.0198,0.8839,0.8613,0,1000,1000,1,0,4
9,1,4,1000,2,547,4.2599,0.0616,0.3266,0.0249,0.9548,0.9268,0,1000,1000,1,0,4
9,1,4,1000,2,548,4.1396,0.0174,0.0606,0.0137,1.0246,0.9069,1,1000,1000,1,3,4
9,1,4,1000,2,549,4.4402,0.0478,0.0811,0.0262,0.9436,0.9141,0,1000,1000,1,0,4
9,1,4,1000,2,550,3.9041,0.0478,0.0811,0.0164,0.9477,0.9285,0,1000,1000,1,0,4
10,0,27,1000,2,151,6.7931,0,0,0.0338,0.8185,0.7808,0,1000,1000,1,0,27
10,0,27,1000,2,152,4.2301,0,0,0.0338,0.8829,0.8439,0,1000,1000,1,0,27
10,0,27,1000,2,153,5.3438,0.0385,0.8727,0.0154,1.8809,0.904,1,1000,1000,1,18,27
10,0,27,1000,2,154,3.2366,0,0,0.0305,0.825,0.7881,0,1000,1000,1,0,27
10,0,27,1000,2,155,4.1721,0,0,0.0489,0.9999,0.9436,0,1000,1000,1,0,27
10,0,27,1000,2,156,4.261,0,0,0.0396,0.9127,0.8601,0,1000,1000,1,0,27
10,0,27,1000,2,157,4.9122,0.0464,0.9027,0.0163,1.8334,0.8118,1,1000,1000,1,17,27
10,0,27,1000,2,158,2.9391,0,0,0.0379,0.8573,0.8151,0,1000,1000,1,0,27
10,0,27,1000,2,159,4.1289,0,0,0.0354,0.8283,0.7878,0,1000,1000,1,0,27
10,0,27,1000,2,160,4.5736,0,0,0.0383,0.8467,0.8026,0,1000,1000,1,0,27
10,0,27,1000,2,161,4.9661,0.0392,0.8153,0.0179,1.7307,0.803,1,1000,1000,1,21,27
10,0,27,1000,2,162,3.0364,0,0,0.0302,0.8015,0.767,0,1000,1000,1,0,27
10,0,27,1000,2,163,4.139,0,0,0.0481,0.8516,0.7991,0,1000,1000,1,0,27
10,0,27,1000,2,164,4.5166,0,0,0.0412,1.1543,1.105,0,1000,1000,1,0,27
10,0,27,1000,2,165,5.1153,0.0378,0.838,0.0183,1.7973,0.8546,1,1000,1000,1,24,27
10,0,27,1000,2,166,3.1525,0,0,0.0315,0.8492,0.8132,0,1000,1000,1,0,27
10,0,27,1000,2,167,3.9787,0,0,0.043,0.8371,0.7898,0,1000,1000,1,0,27
10,0,27,1000,2,168,4.1284,0,0,0.0442,0.8426,0.7926,0,1000,1000,1,0,27
10,0,27,1000,2,169,5.5992,0.0454,0.8615,0.015,1.9813,1.0068,1,1000,1000,1,18,27
10,0,27,1000,2,170,2.5902,0,0,0.033,0.7907,0.7542,0,1000,1000,1,0,27
10,0,27,1000,2,171,4.4958,0,0,0.0417,0.9471,0.9003,0,1000,1000,1,0,27
10,0,27,1000,2,172,9.3984,0.037,0.7656,0.0133,1.7072,0.8406,1,1000,1000,1,26,27
10,0,27,1000,2,173,2.8252,0,0,0.0315,0.8318,0.7951,0,1000,1000,1,0,27
10,0,27,1000,2,174,4.2614,0,0,0.037,1.0062,0.9621,0,1000,1000,1,0,27
10,0,27,1000,2,175,9.6972,0.0371,1.0575,0.0137,2.1076,0.9152,1,1000,1000,1,19,27
10,0,27,1000,2,176,7.7926,0,0,0.0602,1.0211,0.955,0,1000,1000,1,0,27
10,0,27,1000,2,177,3.5963,0,0,0.044,0.9497,0.8983,0,1000,1000,1,0,27
10,0,27,1000,2,178,9.4714,0.0286,0.8844,0.0142,1.9576,0.9771,1,1000,1000,1,16,27
10,0,27,1000,2,179,7.1731,0,0,0.0537,1.021,0.9607,0,1000,1000,1,0,27
10,0,27,1000,2,180,9.9893,0.0396,1.2645,0.0141,2.3544,0.9735,1,1000,1000,1,19,27
10,0,27,1000,2,181,2.2952,0,0,0.0408,0.8529,0.8079,0,1000,1000,1,0,27
10,0,27,1000,2,182,4.1814,0,0,0.0393,0.9103,0.8656,0,1000,1000,1,0,27
10,0,27,1000,2,183,5.8709,0.0458,1.1677,0.0141,2.1271,0.8537,1,1000,1000,1,25,27
10,0,27,1000,2,184,6.9911,0,0,0.0387,0.9029,0.8585,0,1000,1000,1,0,27
10,0,27,1000,2,185,3.978,0,0,0.0399,0.8357,0.7906,0,1000,1000,1,0,27
10,0,27,1000,2,186,6.1247,0.0548,0.8564,0.0146,1.8029,0.8354,1,1000,1000,1,27,27
10,0,27,1000,2,187,2.027,0,0,0.0282,0.806,0.7737,0,1000,1000,1,0,27
10,0,27,1000,2,188,4.4351,0,0,0.0421,0.8558,0.8087,0,1000,1000,1,0,27
10,0,27,1000,2,189,9.5783,0.0377,0.8821,0.0138,1.85,0.8431,1,1000,1000,1,23,27
10,0,27,1000,2,190,7.038,0,0,0.0426,0.8719,0.8247,0,1000,1000,1,0,27
10,0,27,1000,2,191,10.3034,0.0319,1.4108,0.017,2.6075,1.0936,1,1000,1000,1,18,27
10,0,27,1000,2,192,2.2604,0,0,0.0462,0.9277,0.8758,0,1000,1000,1,0,27
10,0,27,1000,2,193,3.8407,0,0,0.0314,0.8991,0.8627,0,1000,1000,1,0,27
10,0,27,1000,2,194,4.2773,0,0,0.0511,0.9473,0.8895,0,1000,1000,1,0,27
10,0,27,1000,2,195,10.382,0.0632,0.89,0.0138,2.1845,1.1673,1,1000,1000,1,27,27
10,0,27,1000,2,196,1.9944,0,0,0.0319,0.8469,0.8101,0,1000,1000,1,0,27
10,0,27,1000,2,197,4.4207,0,0,0.0455,0.8999,0.8488,0,1000,1000,1,0,27
10,0,27,1000,2,198,5.5453,0.0262,1.0243,0.0151,1.9711,0.8511,1,1000,1000,1,25,27
10,0,27,1000,2,199,2.8312,0,0,0.0324,0.8593,0.8228,0,1000,1000,1,0,27
10,0,27,1000,2,200,3.7258,0,0,0.028,0.8136,0.781,0,1000,1000,1,0,27
10,0,27,1000,2,201,4.1455,0,0,0.0304,0.8071,0.7717,0,1000,1000,1,0,27
10,0,27,1000,2,202,6.5169,0.0522,1.2477,0.0175,2.4096,1.0275,1,1000,1000,1,28,27
10,0,27,1000,2,203,1.9505,0,0,0.0348,0.8691,0.8293,0,1000,1000,1,0,27
10,0,27,1000,2,204,4.0847,0,0,0.0336,0.8095,0.7704,0,1000,1000,1,0,27
10,0,27,1000,2,205,4.3295,0,0,0.0356,0.8866,0.8458,0,1000,1000,1,0,27
10,0,27,1000,2,206,5.8106,0.043,1.1988,0.0177,2.2718,0.965,1,1000,1000,1,26,27
10,0,27,1000,2,207,2.3375,0,0,0.032,0.8336,0.7969,0,1000,1000,1,0,27
10,0,27,1000,2,208,4.1576,0,0,0.0406,0.8488,0.8025,0,1000,1000,1,0,27
10,0,27,1000,2,209,4.3628,0,0,0.0355,0.9134,0.8727,0,1000,1000,1,0,27
10,0,27,1000,2,210,5.5655,0.0401,1.1708,0.0137,2.145,0.8716,1,1000,1000,1,26,27
10,0,27,1000,2,211,2.7141,0,0,0.0285,0.8157,0.783,0,1000,1000,1,0,27
10,0,27,1000,2,212,4.1531,0,0,0.0353,0.8604,0.8195,0,1000,1000,1,0,27
10,0,27,1000,2,213,4.1346,0,0,0.0385,0.8345,0.7904,0,1000,1000,1,0,27
10,0,27,1000,2,214,5.6534,0.0421,0.8673,0.0157,1.9023,0.9336,1,1000,1000,1,26,27
10,0,27,1000,2,215,7.0211,0,0,0.0377,0.8681,0.8255,0,1000,1000,1,0,27
10,0,27,1000,2,216,10.1156,0.0731,1.0573,0.0191,2.211,0.9912,1,1000,1000,1,29,27
10,0,27,1000,2,217,2.3184,0,0,0.03,0.8737,0.8383,0,1000,1000,1,0,27
10,0,27,1000,2,218,4.937,0,0,0.0814,1.4044,1.3151,0,1000,1000,1,0,27
10,0,27,1000,2,219,9.2699,0.043,0.886,0.0155,1.9907,0.9917,1,1000,1000,1,31,27
10,0,27,1000,2,220,2.5732,0,0,0.0215,0.8053,0.7799,0,1000,1000,1,0,27
10,0,27,1000,2,221,5.7052,0,0,0.0703,1.2861,1.2085,0,1000,1000,1,0,27
10,0,27,1000,2,222,8.2815,0.0469,1.0123,0.0135,2.0852,0.9577,1,1000,1000,1,22,27
10,0,27,1000,2,223,2.6191,0,0,0.0436,0.8788,0.8311,0,1000,1000,1,0,27
10,0,27,1000,2,224,4.1768,0,0,0.0493,0.9809,0.9268,0,1000,1000,1,0,27
10,0,27,1000,2,225,4.3535,0,0,0.0424,0.9175,0.8695,0,1000,1000,1,0,27
10,0,27,1000,2,226,5.8535,0.0511,1.2105,0.0276,2.2817,0.8786,1,1000,1000,1,22,27
10,0,27,1000,2,227,2.3345,0,0,0.0183,0.8386,0.8163,0,1000,1000,1,0,27
10,0,27,1000,2,228,3.9713,0,0,0.037,0.8852,0.843,0,1000,1000,1,0,27
10,0,27,1000,2,229,4.3058,0,0,0.0489,0.9451,0.89,0,1000,1000,1,0,27
10,0,27,1000,2,230,5.5354,0.0497,1.237,0.0136,2.3092,0.9604,1,1000,1000,1,24,27
10,0,27,1000,2,231,2.6251,0,0,0.031,0.8217,0.786,0,1000,1000,1,0,27
10,0,27,1000,2,232,8.4153,0,0,0.0374,0.8612,0.8182,0,1000,1000,1,0,27
10,0,27,1000,2,233,9.8156,0.0521,0.8439,0.0142,1.9183,0.9597,1,1000,1000,1,21,27
10,0,27,1000,2,234,7.5737,0,0,0.0398,1.0309,0.9838,0,1000,1000,1,0,27
10,0,27,1000,2,235,4.8955,0.0427,1.0478,0.0133,2.0124,0.8694,1,1000,1000,1,17,27
10,0,27,1000,2,236,2.8446,0,0,0.0396,0.9005,0.8564,0,1000,1000,1,0,27
10,0,27,1000,2,237,5.1323,0,0,0.0529,1.0686,1.0095,0,1000,1000,1,0,27
10,0,27,1000,2,238,3.3762,0,0,0.0436,0.9375,0.889,0,1000,1000,1,0,27
10,0,27,1000,2,239,5.7975,0.0431,0.9351,0.0161,2.1512,1.1068,1,1000,1000,1,22,27
10,0,27,1000,2,240,2.1738,0,0,0.0357,0.8865,0.8459,0,1000,1000,1,0,27
10,0,27,1000,2,241,4.4911,0,0,0.0456,0.9311,0.8797,0,1000,1000,1,0,27
10,0,27,1000,2,242,4.3665,0,0,0.0477,0.9393,0.8857,0,1000,1000,1,0,27
10,0,27,1000,2,243,9.6213,0.0359,0.9741,0.0161,2.0008,0.9293,1,1000,1000,1,24,27
10,0,27,1000,2,244,6.7038,0,0,0.0325,0.871,0.8333,0,1000,1000,1,0,27
10,0,27,1000,2,245,5.6676,0.0422,0.8248,0.0169,1.8422,0.9055,1,1000,1000,1,19,27
10,0,27,1000,2,246,2.604,0,0,0.0388,0.8844,0.8416,0,1000,1000,1,0,27
10,0,27,1000,2,247,4.3116,0,0,0.0412,0.92,0.8727,0,1000,1000,1,0,27
10,0,27,1000,2,248,4.1497,0,0,0.0527,0.938,0.8803,0,1000,1000,1,0,27
10,0,27,1000,2,249,5.3322,0.045,0.8338,0.0145,1.8798,0.9396,1,1000,1000,1,20,27
10,0,27,1000,2,250,3.0309,0,0,0.0378,0.9488,0.9035,0,1000,1000,1,0,27
10,0,27,1000,2,251,4.2778,0,0,0.0402,0.8836,0.839,0,1000,1000,1,0,27
10,0,27,1000,2,252,3.9698,0,0,0.0416,0.8871,0.8407,0,1000,1000,1,0,27
10,0,27,1000,2,253,5.4983,0.0395,0.9508,0.0146,1.9785,0.9125,1,1000,1000,1,17,27
10,0,27,1000,2,254,2.5819,0,0,0.0358,0.832,0.7923,0,1000,1000,1,0,27
10,0,27,1000,2,255,4.4482,0,0,0.0411,0.9462,0.9002,0,1000,1000,1,0,27
10,0,27,1000,2,256,4.1017,0,0,0.0288,0.9167,0.8829,0,1000,1000,1,0,27
10,0,27,1000,2,257,9.8509,0.0373,1.063,0.0133,2.1637,0.9988,1,1000,1000,1,19,27
10,0,27,1000,2,258,7.1898,0,0,0.0385,0.9312,0.8876,0,1000,1000,1,0,27
10,0,27,1000,2,259,5.6202,0.0403,0.9894,0.0133,2.1723,1.0858,1,1000,1000,1,16,27
10,0,27,1000,2,260,2.7972,0,0,0.0646,1.0039,0.9312,0,1000,1000,1,0,27
10,0,27,1000,2,261,8.2438,0,0,0.0536,0.9529,0.893,0,1000,1000,1,0,27
10,0,27,1000,2,262,4.9129,0.0384,0.8765,0.0146,1.9501,0.975,1,1000,1000,1,10,27
10,0,27,1000,2,263,2.8906,0,0,0.0253,0.8382,0.8088,0,1000,1000,1,0,27
10,0,27,1000,2,264,4.1479,0,0,0.0409,0.867,0.8211,0,1000,1000,1,0,27
10,0,27,1000,2,265,4.5257,0,0,0.0436,1.0288,0.9646,0,1000,1000,1,0,27
10,0,27,1000,2,266,4.9075,0.0395,0.8327,0.0171,1.7803,0.8405,1,1000,1000,1,16,27
10,0,27,1000,2,267,3.036,0,0,0.0308,0.8708,0.8353,0,1000,1000,1,0,27
10,0,27,1000,2,268,4.3367,0,0,0.0326,1.0029,0.9645,0,1000,1000,1,0,27
10,0,27,1000,2,269,4.2643,0,0,0.0493,1.017,0.9621,0,1000,1000,1,0,27
10,0,27,1000,2,270,5.2512,0.0349,1.0415,0.0199,2.021,0.8796,1,1000,1000,1,19,27
10,0,27,1000,2,271,7.0646,0,0,0.0311,0.8661,0.8288,0,1000,1000,1,0,27
10,0,27,1000,2,272,9.7668,0.0321,0.8045,0.0151,1.9272,1.0117,1,1000,1000,1,12,27
10,0,27,1000,2,273,6.8858,0,0,0.0323,0.8693,0.8318,0,1000,1000,1,0,27
10,0,27,1000,2,274,4.4422,0,0,0.0608,0.9822,0.9159,0,1000,1000,1,0,27
10,0,27,1000,2,275,5.7033,0.0409,0.9219,0.0142,1.912,0.8902,1,1000,1000,1,10,27
10,0,27,1000,2,276,2.203,0,0,0.0361,0.8467,0.8064,0,1000,1000,1,0,27
10,0,27,1000,2,277,4.4139,0,0,0.0985,0.9937,0.8886,0,1000,1000,1,0,27
10,0,27,1000,2,278,4.1998,0,0,0.0409,0.9338,0.8869,0,1000,1000,1,0,27
10,0,27,1000,2,279,5.6001,0.0338,1.1444,0.0169,2.151,0.8962,1,1000,1000,1,8,27
10,0,27,1000,2,280,3.0964,0,0,0.0389,0.8936,0.8487,0,1000,1000,1,0,27
10,0,27,1000,2,281,8.2934,0,0,0.0652,1.006,0.9348,0,1000,1000,1,0,27
10,0,27,1000,2,282,6.1387,0.0407,1.2144,0.0138,3.1007,1.7778,1,1000,1000,1,21,27
10,0,27,1000,2,283,6.1616,0,0,0.0356,0.8345,0.7947,0,1000,1000,1,0,27
10,0,27,1000,2,284,4.0652,0,0,0.0306,0.8647,0.8297,0,1000,1000,1,0,27
10,0,27,1000,2,285,5.8229,0.0552,0.7633,0.014,2.1616,1.2893,1,1000,1000,1,17,27
10,0,27,1000,2,286,2.3888,0,0,0.0361,0.878,0.8373,0,1000,1000,1,0,27
10,0,27,1000,2,287,4.2375,0,0,0.041,0.9508,0.9035,0,1000,1000,1,0,27
10,0,27,1000,2,288,4.1496,0,0,0.0449,0.914,0.8628,0,1000,1000,1,0,27
10,0,27,1000,2,289,9.6934,0.0382,0.8996,0.0137,1.8677,0.8766,1,1000,1000,1,10,27
10,0,27,1000,2,290,2.9578,0,0,0.0386,0.8593,0.8166,0,1000,1000,1,0,27
10,0,27,1000,2,291,4.2372,0,0,0.0565,0.9747,0.9132,0,1000,1000,1,0,27
10,0,27,1000,2,292,5.4307,0.0368,1.0152,0.0142,2.0678,0.9484,1,1000,1000,1,11,27
10,0,27,1000,2,293,2.9274,0,0,0.0407,1.0472,0.9915,0,1000,1000,1,0,27
10,0,27,1000,2,294,3.8142,0,0,0.0329,0.8875,0.8499,0,1000,1000,1,0,27
10,0,27,1000,2,295,4.3721,0,0,0.0458,0.9001,0.8491,0,1000,1000,1,0,27
10,0,27,1000,2,296,6.2875,0.0739,0.8125,0.014,1.8369,0.8905,1,1000,1000,1,13,27
10,0,27,1000,2,297,6.0291,0,0,0.0392,0.8935,0.8501,0,1000,1000,1,0,27
10,0,27,1000,2,298,4.5323,0,0,0.0481,0.9503,0.8967,0,1000,1000,1,0,27
10,0,27,1000,2,299,9.4915,0.0426,0.8862,0.0132,2.0688,1.0794,1,1000,1000,1,6,27
10,0,27,1000,2,300,7.1337,0,0,0.0305,0.8628,0.8273,0,1000,1000,1,0,27
10,0,27,1000,2,301,5.0129,0.0321,0.8986,0.0155,1.8636,0.8719,1,1000,1000,1,16,27
10,0,27,1000,2,302,2.9974,0,0,0.0281,0.8759,0.844,0,1000,1000,1,0,27
10,0,27,1000,2,303,4.2795,0,0,0.0435,0.9549,0.9067,0,1000,1000,1,0,27
10,0,27,1000,2,304,4.2683,0,0,0.0463,0.9322,0.8802,0,1000,1000,1,0,27
10,0,27,1000,2,305,5.6541,0.0426,1.1843,0.0137,2.4321,1.1424,1,1000,1000,1,20,27
10,0,27,1000,2,306,6.7148,0,0,0.0453,0.9185,0.8674,0,1000,1000,1,0,27
10,0,27,1000,2,307,4.1107,0,0,0.0504,0.9531,0.8969,0,1000,1000,1,0,27
10,0,27,1000,2,308,5.9977,0.0371,1.3507,0.0138,2.371,0.9233,1,1000,1000,1,10,27
10,0,27,1000,2,309,6.6214,0,0,0.0449,0.9869,0.9377,0,1000,1000,1,0,27
10,0,27,1000,2,310,3.9377,0,0,0.0335,0.8543,0.8151,0,1000,1000,1,0,27
10,0,27,1000,2,311,10.3807,0.0436,1.2147,0.0142,2.2495,0.9376,1,1000,1000,1,5,27
10,0,27,1000,2,312,2.296,0,0,0.0199,0.8634,0.8396,0,1000,1000,1,0,27
10,0,27,1000,2,313,3.9967,0,0,0.033,0.8527,0.8149,0,1000,1000,1,0,27
10,0,27,1000,2,314,5.6968,0.0345,0.9919,0.0163,2.0714,0.9826,1,1000,1000,1,11,27
10,0,27,1000,2,315,2.5936,0,0,0.0313,0.8456,0.8104,0,1000,1000,1,0,27
10,0,27,1000,2,316,4.7324,0,0,0.0597,1.286,1.2194,0,1000,1000,1,0,27
10,0,27,1000,2,317,9.3911,0.0415,1.1551,0.0154,2.1501,0.8883,1,1000,1000,1,10,27
10,0,27,1000,2,318,2.6972,0,0,0.0321,0.8655,0.8291,0,1000,1000,1,0,27
10,0,27,1000,2,319,4.0577,0,0,0.0387,0.8706,0.8261,0,1000,1000,1,0,27
10,0,27,1000,2,320,4.1921,0,0,0.0395,0.8723,0.8272,0,1000,1000,1,0,27
10,0,27,1000,2,321,5.7655,0.0322,0.8523,0.0168,2.0788,1.1124,1,1000,1000,1,21,27
10,0,27,1000,2,322,2.545,0,0,0.0278,0.8661,0.8312,0,1000,1000,1,0,27
10,0,27,1000,2,323,4.1387,0,0,0.0337,0.8934,0.854,0,1000,1000,1,0,27
10,0,27,1000,2,324,4.1789,0,0,0.0327,0.8735,0.8359,0,1000,1000,1,0,27
10,0,27,1000,2,325,5.5463,0.0421,1.1396,0.0162,2.1459,0.9005,1,1000,1000,1,9,27
10,0,27,1000,2,326,2.8137,0,0,0.0386,0.914,0.8713,0,1000,1000,1,0,27
10,0,27,1000,2,327,4.2576,0,0,0.0444,0.9364,0.8873,0,1000,1000,1,0,27
10,0,27,1000,2,328,4.1387,0,0,0.0383,0.8951,0.8514,0,1000,1000,1,0,27
10,0,27,1000,2,329,5.6397,0.0495,0.8994,0.0139,2.2002,1.1944,1,1000,1000,1,11,27
10,0,27,1000,2,330,6.7685,0,0,0.0337,0.8798,0.8415,0,1000,1000,1,0,27
10,0,27,1000,2,331,4.1948,0,0,0.0413,0.8565,0.8107,0,1000,1000,1,0,27
10,0,27,1000,2,332,5.4239,0.0491,0.8751,0.0171,2.0219,1.0203,1,1000,1000,1,9,27
10,0,27,1000,2,333,3.0495,0,0,0.0207,0.8514,0.8268,0,1000,1000,1,0,27
10,0,27,1000,2,334,4.0455,0,0,0.0413,0.9261,0.88,0,1000,1000,1,0,27
10,0,27,1000,2,335,4.3861,0,0,0.0334,0.8431,0.805,0,1000,1000,1,0,27
10,0,27,1000,2,336,9.5974,0.0353,0.8387,0.0211,1.8982,0.9632,1,1000,1000,1,9,27
10,0,27,1000,2,337,7.0893,0,0,0.0324,0.8897,0.853,0,1000,1000,1,0,27
10,0,27,1000,2,338,9.921,0.0396,0.9992,0.0137,2.0032,0.8951,1,1000,1000,1,14,27
10,0,27,1000,2,339,6.8147,0,0,0.0427,0.8746,0.8278,0,1000,1000,1,0,27
10,0,27,1000,2,340,9.992,0.0501,1.0942,0.0132,2.0795,0.8797,1,1000,1000,1,17,27
10,0,27,1000,2,341,6.5542,0,0,0.035,0.8481,0.8085,0,1000,1000,1,0,27
10,0,27,1000,2,342,5.5593,0.0433,0.8544,0.0167,1.9283,0.9722,1,1000,1000,1,2,27
10,0,27,1000,2,343,2.568,0,0,0.0353,0.8715,0.832,0,1000,1000,1,0,27
10,0,27,1000,2,344,4.1743,0,0,0.0409,0.9012,0.855,0,1000,1000,1,0,27
10,0,27,1000,2,345,4.5854,0,0,0.0401,0.8832,0.8378,0,1000,1000,1,0,27
10,0,27,1000,2,346,5.3598,0.0412,1.0476,0.0142,2.0791,0.9333,1,1000,1000,1,18,27
10,0,27,1000,2,347,2.8026,0,0,0.0376,0.8713,0.8247,0,1000,1000,1,0,27
10,0,27,1000,2,348,4.249,0,0,0.0394,0.912,0.8679,0,1000,1000,1,0,27
10,0,27,1000,2,349,4.5459,0,0,0.0432,1.0232,0.9725,0,1000,1000,1,0,27
10,0,27,1000,2,350,5.1743,0.0369,1.3225,0.0133,2.3244,0.916,1,1000,1000,1,105,27
10,0,27,1000,2,351,3.0635,0,0,0.0624,1.0189,0.9514,0,1000,1000,1,0,27
10,0,27,1000,2,352,8.1601,0,0,0.0711,1.3214,1.2262,0,1000,1000,1,0,27
10,0,27,1000,2,353,5.1826,0.0382,1.2956,0.0137,2.2969,0.8904,1,1000,1000,1,66,27
10,0,27,1000,2,354,2.5967,0,0,0.0222,0.8359,0.8096,0,1000,1000,1,0,27
10,0,27,1000,2,355,4.5345,0,0,0.0521,0.9625,0.9046,0,1000,1000,1,0,27
10,0,27,1000,2,356,3.9534,0,0,0.042,0.9162,0.8683,0,1000,1000,1,0,27
10,0,27,1000,2,357,5.7585,0.0418,1.0616,0.0167,2.0893,0.9176,1,1000,1000,1,26,27
10,0,27,1000,2,358,2.9692,0,0,0.0358,0.8794,0.8389,0,1000,1000,1,0,27
10,0,27,1000,2,359,3.9423,0,0,0.0326,1.1116,1.0713,0,1000,1000,1,0,27
10,0,27,1000,2,360,10.1099,0.0397,1.7052,0.0141,2.6994,0.9061,1,1000,1000,1,184,27
10,0,27,1000,2,361,6.6759,0,0,0.0356,0.9153,0.8757,0,1000,1000,1,0,27
10,0,27,1000,2,362,10.7017,0.0511,1.6244,0.0128,2.8222,1.0969,1,1000,1000,1,117,27
10,0,27,1000,2,363,5.6839,0,0,0.0343,0.9152,0.8759,0,1000,1000,1,0,27
10,0,27,1000,2,364,10.0221,0.0435,1.5166,0.0141,2.4924,0.8782,1,1000,1000,1,103,27
10,0,27,1000,2,365,6.9336,0,0,0.0473,1.0695,1.0152,0,1000,1000,1,0,27
10,0,27,1000,2,366,10.1886,0.0481,1.3419,0.0147,2.3327,0.8967,1,1000,1000,1,78,27
10,0,27,1000,2,367,6.4167,0,0,0.0546,0.9885,0.9287,0,1000,1000,1,0,27
10,0,27,1000,2,368,3.8473,0,0,0.0395,0.9283,0.8835,0,1000,1000,1,0,27
10,0,27,1000,2,369,6.4429,0.037,1.9513,0.0133,3.0167,0.9792,1,1000,1000,1,198,27
10,0,27,1000,2,370,2.0375,0,0,0.0324,0.8848,0.8482,0,1000,1000,1,0,27
10,0,27,1000,2,371,4.3438,0,0,0.0398,0.8991,0.8541,0,1000,1000,1,0,27
10,0,27,1000,2,372,10.6293,0.0327,1.923,0.0133,3.3166,1.2696,1,1000,1000,1,175,27
10,0,27,1000,2,373,1.9375,0,0,0.0238,0.8339,0.8057,0,1000,1000,1,0,27
10,0,27,1000,2,374,8.1207,0,0,0.0464,0.9569,0.905,0,1000,1000,1,0,27
10,0,27,1000,2,375,10.9071,0.0561,1.9655,0.0147,2.9704,0.8986,1,1000,1000,1,98,27
10,0,27,1000,2,376,2.0395,0,0,0.034,0.8704,0.8327,0,1000,1000,1,0,27
10,0,27,1000,2,377,3.5441,0,0,0.0258,0.8742,0.8441,0,1000,1000,1,0,27
10,0,27,1000,2,378,6.2694,0.0359,1.3181,0.0137,2.314,0.9088,1,1000,1000,1,98,27
10,0,27,1000,2,379,1.9983,0,0,0.0369,0.8504,0.8095,0,1000,1000,1,0,27
10,0,27,1000,2,380,4.1794,0,0,0.0318,0.8716,0.8348,0,1000,1000,1,0,27
10,0,27,1000,2,381,4.4724,0,0,0.046,0.9363,0.884,0,1000,1000,1,0,27
10,0,27,1000,2,382,6.1435,0.0401,1.997,0.0133,2.9955,0.9107,1,1000,1000,1,333,27
10,0,27,1000,2,383,2.174,0,0,0.0317,0.8642,0.8274,0,1000,1000,1,0,27
10,0,27,1000,2,384,3.9995,0,0,0.0376,0.9281,0.8862,0,1000,1000,1,0,27
10,0,27,1000,2,385,4.1395,0,0,0.032,0.8833,0.8461,0,1000,1000,1,0,27
10,0,27,1000,2,386,6.2552,0.0382,1.8041,0.0137,2.87,0.9794,1,1000,1000,1,132,27
10,0,27,1000,2,387,1.9407,0,0,0.0172,0.8305,0.8086,0,1000,1000,1,0,27
10,0,27,1000,2,388,9.1888,0,0,0.1417,1.0905,0.9415,0,1000,1000,1,0,27
10,0,27,1000,2,389,10.5969,0.0445,1.9621,0.0152,3.169,1.109,1,1000,1000,1,110,27
10,0,27,1000,2,390,5.4306,0,0,0.0361,0.8912,0.8508,0,1000,1000,1,0,27
10,0,27,1000,2,391,12.1172,0.0448,3.2145,0.0141,4.2324,0.922,1,1000,1000,1,293,27
10,0,27,1000,2,392,4.4546,0,0,0.0325,0.9212,0.8837,0,1000,1000,1,0,27
10,0,27,1000,2,393,6.3196,0.0381,1.7918,0.0132,2.7806,0.9043,1,1000,1000,1,187,27
10,0,27,1000,2,394,1.9328,0,0,0.0382,0.9331,0.8879,0,1000,1000,1,0,27
10,0,27,1000,2,395,4.2074,0,0,0.0466,0.9356,0.8811,0,1000,1000,1,0,27
10,0,27,1000,2,396,4.2008,0,0,0.0435,0.9483,0.8995,0,1000,1000,1,0,27
10,0,27,1000,2,397,6.8168,0.0313,1.8396,0.0181,3.0646,1.1358,1,1000,1000,1,131,27
10,0,27,1000,2,398,1.9699,0,0,0.0331,0.8772,0.8399,0,1000,1000,1,0,27
10,0,27,1000,2,399,3.746,0,0,0.0314,0.9234,0.8862,0,1000,1000,1,0,27
10,0,27,1000,2,400,4.0256,0,0,0.0295,0.8695,0.835,0,1000,1000,1,0,27
10,0,27,1000,2,401,6.9695,0.0922,1.7743,0.0136,2.9364,1.0183,1,1000,1000,1,123,27
10,0,27,1000,2,402,1.9288,0,0,0.0315,0.864,0.8283,0,1000,1000,1,0,27
10,0,27,1000,2,403,3.6807,0,0,0.0294,0.9029,0.8682,0,1000,1000,1,0,27
10,0,27,1000,2,404,4.4891,0,0,0.0442,0.9901,0.9389,0,1000,1000,1,0,27
10,0,27,1000,2,405,6.8437,0.0497,2.6675,0.0132,3.664,0.8974,1,1000,1000,1,288,27
10,0,27,1000,2,406,2.3099,0,0,0.033,1.129,1.0916,0,1000,1000,1,0,27
10,0,27,1000,2,407,2.9463,0,0,0.0263,0.9189,0.8878,0,1000,1000,1,0,27
10,0,27,1000,2,408,4.1343,0,0,0.0306,0.8799,0.8442,0,1000,1000,1,0,27
10,0,27,1000,2,409,6.9663,0.0388,2.0928,0.0129,3.108,0.929,1,1000,1000,1,164,27
10,0,27,1000,2,410,5.8374,0,0,0.0387,0.9333,0.8893,0,1000,1000,1,0,27
10,0,27,1000,2,411,10.6389,0.0431,1.8918,0.0133,3.0831,1.0963,1,1000,1000,1,143,27
10,0,27,1000,2,412,2.1673,0,0,0.0373,1.0268,0.9849,0,1000,1000,1,0,27
10,0,27,1000,2,413,4.3269,0,0,0.0572,1.4082,1.3429,0,1000,1000,1,0,27
10,0,27,1000,2,414,4.0681,0,0,0.0574,1.2896,1.2219,0,1000,1000,1,0,27
10,0,27,1000,2,415,11.9059,0.0498,3.0564,0.0209,4.5296,1.3348,1,1000,1000,1,236,27
10,0,27,1000,2,416,2.4203,0,0,0.0422,1.0067,0.9587,0,1000,1000,1,0,27
10,0,27,1000,2,417,2.2877,0,0,0.0266,1.0571,1.0196,0,1000,1000,1,0,27
10,0,27,1000,2,418,11.1876,0.06,2.1059,0.0128,3.3247,1.1092,1,1000,1000,1,206,27
10,0,27,1000,2,419,5.9533,0,0,0.0596,1.3111,1.2345,0,1000,1000,1,0,27
10,0,27,1000,2,420,10.4448,0.0454,2.4064,0.0147,3.4078,0.8886,1,1000,1000,1,151,27
10,0,27,1000,2,421,2.0383,0,0,0.0287,0.8622,0.8296,0,1000,1000,1,0,27
10,0,27,1000,2,422,3.3466,0,0,0.0235,0.9238,0.8954,0,1000,1000,1,0,27
10,0,27,1000,2,423,6.5417,0.0303,2.1723,0.015,3.1698,0.9124,1,1000,1000,1,119,27
10,0,27,1000,2,424,2.1674,0,0,0.0421,0.933,0.8865,0,1000,1000,1,0,27
10,0,27,1000,2,425,4.0082,0,0,0.0365,0.9467,0.9048,0,1000,1000,1,0,27
10,0,27,1000,2,426,11.0409,0.034,2.292,0.0133,3.4247,1.0498,1,1000,1000,1,307,27
10,0,27,1000,2,427,1.9611,0,0,0.0332,0.8858,0.8484,0,1000,1000,1,0,27
10,0,27,1000,2,428,3.3159,0,0,0.0302,0.8632,0.8286,0,1000,1000,1,0,27
10,0,27,1000,2,429,4.3899,0,0,0.0342,0.901,0.8608,0,1000,1000,1,0,27
10,0,27,1000,2,430,6.8709,0.0416,2.1757,0.0142,3.4256,1.1511,1,1000,1000,1,157,27
10,0,27,1000,2,431,1.9867,0,0,0.035,0.9184,0.8785,0,1000,1000,1,0,27
10,0,27,1000,2,432,7.7681,0,0,0.0425,0.9917,0.9411,0,1000,1000,1,0,27
10,0,27,1000,2,433,6.3065,0.0422,1.69,0.0138,2.7661,0.9772,1,1000,1000,1,123,27
10,0,27,1000,2,434,1.9154,0,0,0.0303,0.8823,0.8479,0,1000,1000,1,0,27
10,0,27,1000,2,435,8.3475,0,0,0.0454,0.9536,0.9027,0,1000,1000,1,0,27
10,0,27,1000,2,436,7.0089,0.0339,2.3175,0.0138,3.3083,0.9028,1,1000,1000,1,312,27
10,0,27,1000,2,437,5.4794,0,0,0.043,0.9283,0.8803,0,1000,1000,1,0,27
10,0,27,1000,2,438,4.52,0,0,0.0358,0.9523,0.9116,0,1000,1000,1,0,27
10,0,27,1000,2,439,10.4091,0.0319,1.953,0.0145,2.9396,0.8991,1,1000,1000,1,167,27
10,0,27,1000,2,440,1.9661,0,0,0.0314,0.8796,0.8441,0,1000,1000,1,0,27
10,0,27,1000,2,441,4.4165,0,0,0.0442,0.9681,0.9176,0,1000,1000,1,0,27
10,0,27,1000,2,442,10.2796,0.0331,2.005,0.0142,3.0265,0.9186,1,1000,1000,1,121,27
10,0,27,1000,2,443,5.8282,0,0,0.0287,0.899,0.8659,0,1000,1000,1,0,27
10,0,27,1000,2,444,6.8398,0.0365,1.7506,0.0133,2.8551,1.012,1,1000,1000,1,106,27
10,0,27,1000,2,445,2.2914,0,0,0.0431,1.0403,0.992,0,1000,1000,1,0,27
10,0,27,1000,2,446,3.384,0,0,0.0325,0.9491,0.9108,0,1000,1000,1,0,27
10,0,27,1000,2,447,4.1705,0,0,0.0365,0.9554,0.914,0,1000,1000,1,0,27
10,0,27,1000,2,448,6.7011,0.0419,2.0112,0.0159,3.1003,0.9848,1,1000,1000,1,95,27
10,0,27,1000,2,449,1.9742,0,0,0.0354,0.8662,0.8268,0,1000,1000,1,0,27
10,0,27,1000,2,450,4.4168,0,0,0.0435,0.9571,0.906,0,1000,1000,1,0,27
10,0,27,1000,2,451,3.479,0,0,0.0306,0.8772,0.841,0,1000,1000,1,0,27
10,0,27,1000,2,452,6.1554,0.0382,1.4568,0.0151,2.5091,0.9583,1,1000,1000,1,65,27
10,0,27,1000,2,453,2.1422,0,0,0.0449,0.8975,0.848,0,1000,1000,1,0,27
10,0,27,1000,2,454,4.85,0,0,0.0582,1.0483,0.9843,0,1000,1000,1,0,27
10,0,27,1000,2,455,3.6456,0,0,0.0363,0.9177,0.8754,0,1000,1000,1,0,27
10,0,27,1000,2,456,6.1729,0.0412,1.4257,0.0138,2.4896,0.9487,1,1000,1000,1,42,27
10,0,27,1000,2,457,6.2246,0,0,0.0382,0.9086,0.8653,0,1000,1000,1,0,27
10,0,27,1000,2,458,4.2827,0,0,0.054,1.0374,0.9773,0,1000,1000,1,0,27
10,0,27,1000,2,459,6.5348,0.0333,1.8383,0.0146,2.8695,0.9283,1,1000,1000,1,45,27
10,0,27,1000,2,460,1.9187,0,0,0.0304,0.8642,0.8299,0,1000,1000,1,0,27
10,0,27,1000,2,461,3.9838,0,0,0.0381,0.9652,0.9206,0,1000,1000,1,0,27
10,0,27,1000,2,462,4.2265,0,0,0.0297,0.9933,0.9579,0,1000,1000,1,0,27
10,0,27,1000,2,463,5.7649,0.0405,1.2769,0.0141,2.2923,0.9095,1,1000,1000,1,39,27
10,0,27,1000,2,464,2.8672,0,0,0.0363,1.2127,1.1712,0,1000,1000,1,0,27
10,0,27,1000,2,465,3.8272,0,0,0.0269,0.9328,0.8998,0,1000,1000,1,0,27
10,0,27,1000,2,466,4.3387,0,0,0.0491,0.9909,0.9362,0,1000,1000,1,0,27
10,0,27,1000,2,467,5.4285,0.0317,1.0015,0.0136,2.0215,0.9214,1,1000,1000,1,40,27
10,0,27,1000,2,468,2.874,0,0,0.0344,0.9759,0.9361,0,1000,1000,1,0,27
10,0,27,1000,2,469,4.5452,0,0,0.0359,0.9494,0.9083,0,1000,1000,1,0,27
10,0,27,1000,2,470,9.6237,0.0505,1.1312,0.0146,2.3613,1.1137,1,1000,1000,1,27,27
10,0,27,1000,2,471,6.639,0,0,0.0351,1.0542,1.0106,0,1000,1000,1,0,27
10,0,27,1000,2,472,4.1692,0,0,0.0303,0.9208,0.8844,0,1000,1000,1,0,27
10,0,27,1000,2,473,9.7055,0.0394,0.9681,0.0139,2.1282,1.0578,1,1000,1000,1,23,27
10,0,27,1000,2,474,7.1119,0,0,0.0598,1.036,0.9703,0,1000,1000,1,0,27
10,0,27,1000,2,475,10.0513,0.0345,1.2426,0.0145,2.356,0.9975,1,1000,1000,1,27,27
10,0,27,1000,2,476,2.1487,0,0,0.0316,0.8831,0.8465,0,1000,1000,1,0,27
10,0,27,1000,2,477,4.4913,0,0,0.0388,0.96,0.9158,0,1000,1000,1,0,27
10,0,27,1000,2,478,5.8662,0.209,1.0537,0.0146,2.4654,1.1232,1,1000,1000,1,29,27
10,0,27,1000,2,479,2.1399,0,0,0.0244,0.8947,0.8657,0,1000,1000,1,0,27
10,0,27,1000,2,480,4.2429,0,0,0.0423,0.9487,0.9007,0,1000,1000,1,0,27
10,0,27,1000,2,481,4.3572,0,0,0.0445,0.9505,0.901,0,1000,1000,1,0,27
10,0,27,1000,2,482,5.3607,0.0363,0.9229,0.0158,1.9444,0.9028,1,1000,1000,1,31,27
10,0,27,1000,2,483,2.728,0,0,0.0339,0.9064,0.8682,0,1000,1000,1,0,27
10,0,27,1000,2,484,4.4713,0,0,0.0347,0.904,0.8652,0,1000,1000,1,0,27
10,0,27,1000,2,485,4.2604,0,0,0.0484,1.0456,0.9902,0,1000,1000,1,0,27
10,0,27,1000,2,486,5.5029,0.1251,0.7674,0.0145,1.9276,0.9741,1,1000,1000,1,17,27
10,0,27,1000,2,487,6.6327,0,0,0.0382,0.9019,0.859,0,1000,1000,1,0,27
10,0,27,1000,2,488,10.1538,0.0445,0.9568,0.0157,2.133,1.0541,1,1000,1000,1,15,27
10,0,27,1000,2,489,2.3871,0,0,0.036,0.891,0.8503,0,1000,1000,1,0,27
10,0,27,1000,2,490,4.6212,0,0,0.0567,1.043,0.9812,0,1000,1000,1,0,27
10,0,27,1000,2,491,3.6398,0,0,0.0365,0.9199,0.8789,0,1000,1000,1,0,27
10,0,27,1000,2,492,5.6658,0.0389,1.0436,0.0146,2.2238,1.0699,1,1000,1000,1,10,27
10,0,27,1000,2,493,2.7275,0,0,0.0396,0.9224,0.8785,0,1000,1000,1,0,27
10,0,27,1000,2,494,8.3392,0,0,0.0388,1.0757,1.0286,0,1000,1000,1,0,27
10,0,27,1000,2,495,5.7398,0.0391,1.0901,0.0138,2.3661,1.1656,1,1000,1000,1,12,27
10,0,27,1000,2,496,2.5126,0,0,0.0344,0.9108,0.8718,0,1000,1000,1,0,27
10,0,27,1000,2,497,4.6559,0,0,0.0407,0.99,0.9434,0,1000,1000,1,0,27
10,0,27,1000,2,498,3.9161,0,0,0.0292,0.9958,0.9546,0,1000,1000,1,0,27
10,0,27,1000,2,499,5.6827,0.0316,0.997,0.0156,2.2911,1.1698,1,1000,1000,1,6,27
10,0,27,1000,2,500,6.8398,0,0,0.0444,1.0054,0.9551,0,1000,1000,1,0,27
10,0,27,1000,2,501,4.0283,0,0,0.0325,1.0619,1.0216,0,1000,1000,1,0,27
10,0,27,1000,2,502,5.5683,0.0418,0.9155,0.0608,2.1579,1.0645,1,1000,1000,1,6,27
10,0,27,1000,2,503,7.2581,0,0,0.0631,1.104,1.0349,0,1000,1000,1,0,27
10,0,27,1000,2,504,4.0998,0,0,0.0429,1.0613,1.0086,0,1000,1000,1,0,27
10,0,27,1000,2,505,10.4194,0.0975,0.9571,0.0141,2.1701,1.0256,1,1000,1000,1,7,27
10,0,27,1000,2,506,5.9138,0,0,0.0265,0.8892,0.8576,0,1000,1000,1,0,27
10,0,27,1000,2,507,5.9785,0.1811,0.6511,0.015,1.9094,0.9935,1,1000,1000,1,6,27
10,0,27,1000,2,508,2.4424,0,0,0.0314,0.9279,0.8915,0,1000,1000,1,0,27
10,0,27,1000,2,509,4.394,0,0,0.0435,1.0331,0.9833,0,1000,1000,1,0,27
10,0,27,1000,2,510,3.8236,0,0,0.0357,0.9353,0.8937,0,1000,1000,1,0,27
10,0,27,1000,2,511,6.0648,0.0504,0.8084,0.0134,2.0435,1.1068,1,1000,1000,1,6,27
10,0,27,1000,2,512,2.1949,0,0,0.0345,0.9137,0.8738,0,1000,1000,1,0,27
10,0,27,1000,2,513,4.112,0,0,0.025,0.878,0.8482,0,1000,1000,1,0,27
10,0,27,1000,2,514,4.1736,0,0,0.0301,0.8814,0.8465,0,1000,1000,1,0,27
10,0,27,1000,2,515,5.3068,0.038,0.796,0.0142,1.8438,0.92,1,1000,1000,1,6,27
10,0,27,1000,2,516,3.3397,0,0,0.0339,1.0954,1.0556,0,1000,1000,1,0,27
10,0,27,1000,2,517,4.1762,0,0,0.0401,0.9698,0.9241,0,1000,1000,1,0,27
10,0,27,1000,2,518,3.8986,0,0,0.0312,0.8677,0.832,0,1000,1000,1,0,27
10,0,27,1000,2,519,5.8878,0.0552,0.9392,0.0174,2.321,1.2516,1,1000,1000,1,7,27
10,0,27,1000,2,520,2.5513,0,0,0.0388,0.9634,0.9188,0,1000,1000,1,0,27
10,0,27,1000,2,521,4.1923,0,0,0.0642,1.0802,1.0061,0,1000,1000,1,0,27
10,0,27,1000,2,522,9.216,0.0304,0.6977,0.0146,1.8062,0.996,1,1000,1000,1,3,27
10,0,27,1000,2,523,3.3326,0,0,0.0399,0.9355,0.8903,0,1000,1000,1,0,27
10,0,27,1000,2,524,4.0588,0,0,0.0349,0.9291,0.8893,0,1000,1000,1,0,27
10,0,27,1000,2,525,4.2052,0,0,0.0318,0.9105,0.8734,0,1000,1000,1,0,27
10,0,27,1000,2,526,5.1073,0.0371,0.7694,0.0141,1.7945,0.9192,1,1000,1000,1,5,27
10,0,27,1000,2,527,3.0603,0,0,0.0335,0.9123,0.8742,0,1000,1000,1,0,27
10,0,27,1000,2,528,4.3414,0,0,0.0494,0.9454,0.8913,0,1000,1000,1,0,27
10,0,27,1000,2,529,4.1309,0,0,0.038,1.0319,0.9881,0,1000,1000,1,0,27
10,0,27,1000,2,530,5.32,0.0378,0.9403,0.0141,1.9701,0.9232,1,1000,1000,1,9,27
10,0,27,1000,2,531,3.1316,0,0,0.0382,0.9073,0.8647,0,1000,1000,1,0,27
10,0,27,1000,2,532,4.1657,0,0,0.0513,0.9631,0.9071,0,1000,1000,1,0,27
10,0,27,1000,2,533,9.9417,0.0705,0.811,0.0141,2.0904,1.1281,1,1000,1000,1,7,27
10,0,27,1000,2,534,6.7772,0,0,0.0351,0.9223,0.883,0,1000,1000,1,0,27
10,0,27,1000,2,535,9.2317,0.0429,0.6983,0.0146,1.7378,0.9297,1,1000,1000,1,6,27
10,0,27,1000,2,536,7.4097,0,0,0.06,1.0499,0.9842,0,1000,1000,1,0,27
10,0,27,1000,2,537,4.2373,0,0,0.0548,1.0258,0.9642,0,1000,1000,1,0,27
10,0,27,1000,2,538,5.2812,0.0456,0.9497,0.0155,2.1581,1.0807,1,1000,1000,1,5,27
10,0,27,1000,2,539,2.741,0,0,0.0378,0.9145,0.8714,0,1000,1000,1,0,27
10,0,27,1000,2,540,8.6554,0,0,0.0533,1.0081,0.9481,0,1000,1000,1,0,27
10,0,27,1000,2,541,5.7602,0.1557,0.6096,0.0147,1.7355,0.8928,1,1000,1000,1,8,27
10,0,27,1000,2,542,2.4713,0,0,0.0386,0.9222,0.8797,0,1000,1000,1,0,27
10,0,27,1000,2,543,4.3088,0,0,0.0353,0.9808,0.9406,0,1000,1000,1,0,27
10,0,27,1000,2,544,4.1298,0,0,0.0295,1.0412,0.9922,0,1000,1000,1,0,27
10,0,27,1000,2,545,5.5231,0.0482,0.697,0.0142,2.0912,1.2647,1,1000,1000,1,3,27
10,0,27,1000,2,546,2.5102,0,0,0.0294,0.8962,0.8613,0,1000,1000,1,0,27
10,0,27,1000,2,547,4.131,0,0,0.042,0.9327,0.8858,0,1000,1000,1,0,27
10,0,27,1000,2,548,4.3845,0,0,0.0414,0.949,0.9016,0,1000,1000,1,0,27
10,0,27,1000,2,549,5.8546,0.0447,0.9641,0.0148,2.1758,1.0864,1,1000,1000,1,5,27
10,0,27,1000,2,550,2.1539,0,0,0.0254,0.8713,0.842,0,1000,1000,1,0,27
11,1,27,1000,2,151,4.1146,0.0476,0.085,0.0179,0.8194,0.7965,0,1000,1000,1,0,27
11,1,27,1000,2,152,4.7289,0.0476,0.085,0.0256,1.141,1.1118,0,1000,1000,1,0,27
11,1,27,1000,2,153,4.2964,0.032,0.2649,0.0126,1.4219,1.0859,1,1000,1000,1,21,27
11,1,27,1000,2,154,3.7417,0.032,0.2649,0.0192,0.892,0.8689,0,1000,1000,1,0,27
11,1,27,1000,2,155,4.2133,0.032,0.2649,0.0182,0.8033,0.7824,0,1000,1000,1,0,27
11,1,27,1000,2,156,9.4563,0.0471,0.0839,0.0133,1.4383,1.2667,1,1000,1000,1,17,27
11,1,27,1000,2,157,7.2145,0.0471,0.0839,0.0234,0.9067,0.8801,0,1000,1000,1,0,27
11,1,27,1000,2,158,8.779,0.0396,0.1048,0.0135,1.2292,1.0319,1,1000,1000,1,22,27
11,1,27,1000,2,159,3.6275,0.0396,0.1048,0.018,0.8714,0.8504,0,1000,1000,1,0,27
11,1,27,1000,2,160,4.293,0.0396,0.1048,0.0226,0.8557,0.8295,0,1000,1000,1,0,27
11,1,27,1000,2,161,3.8315,0.0396,0.1048,0.0177,0.8106,0.7895,0,1000,1000,1,0,27
11,1,27,1000,2,162,5.1279,0.1674,0.1581,0.0137,1.5509,1.1725,1,1000,1000,1,16,27
11,1,27,1000,2,163,3.1565,0.1674,0.1581,0.0187,0.7974,0.7757,0,1000,1000,1,0,27
11,1,27,1000,2,164,4.7452,0.1674,0.1581,0.0215,1.0083,0.9833,0,1000,1000,1,0,27
11,1,27,1000,2,165,3.6903,0.1674,0.1581,0.0186,0.8248,0.803,0,1000,1000,1,0,27
11,1,27,1000,2,166,4.8913,0.0407,0.1382,0.0141,1.3185,1.0987,1,1000,1000,1,23,27
11,1,27,1000,2,167,3.4213,0.0407,0.1382,0.019,0.7959,0.7737,0,1000,1000,1,0,27
11,1,27,1000,2,168,4.3144,0.0407,0.1382,0.0244,0.8962,0.8686,0,1000,1000,1,0,27
11,1,27,1000,2,169,4.0279,0.0407,0.1382,0.0207,0.835,0.8115,0,1000,1000,1,0,27
11,1,27,1000,2,170,5.158,0.0377,0.0896,0.0133,1.1623,0.9942,1,1000,1000,1,20,27
11,1,27,1000,2,171,3.1259,0.0377,0.0896,0.0198,0.8011,0.7785,0,1000,1000,1,0,27
11,1,27,1000,2,172,4.2836,0.0377,0.0896,0.0218,0.854,0.8294,0,1000,1000,1,0,27
11,1,27,1000,2,173,4.2524,0.0377,0.0896,0.0266,0.9562,0.9261,0,1000,1000,1,0,27
11,1,27,1000,2,174,9.2966,0.0382,0.1352,0.0141,1.4435,1.2247,1,1000,1000,1,19,27
11,1,27,1000,2,175,7.4263,0.0382,0.1352,0.0191,1.0718,1.0493,0,1000,1000,1,0,27
11,1,27,1000,2,176,9.0629,0.0586,0.0923,0.015,1.3465,1.1486,1,1000,1000,1,15,27
11,1,27,1000,2,177,3.3641,0.0586,0.0923,0.026,0.9301,0.9,0,1000,1000,1,0,27
11,1,27,1000,2,178,4.5044,0.0586,0.0923,0.0303,1.0718,1.0381,0,1000,1000,1,0,27
11,1,27,1000,2,179,9.031,0.0746,0.125,0.0134,1.3972,1.1531,1,1000,1000,1,12,27
11,1,27,1000,2,180,7.4511,0.0746,0.125,0.0223,0.9422,0.9171,0,1000,1000,1,0,27
11,1,27,1000,2,181,4.8914,0.0462,0.0894,0.0136,1.2982,1.1226,1,1000,1000,1,27,27
11,1,27,1000,2,182,3.243,0.0462,0.0894,0.0156,0.8174,0.7992,0,1000,1000,1,0,27
11,1,27,1000,2,183,4.2169,0.0462,0.0894,0.0253,0.9522,0.9241,0,1000,1000,1,0,27
11,1,27,1000,2,184,4.1919,0.0462,0.0894,0.0214,0.8629,0.8384,0,1000,1000,1,0,27
11,1,27,1000,2,185,4.8834,0.0344,0.0824,0.0133,1.3332,1.1746,1,1000,1000,1,12,27
11,1,27,1000,2,186,7.5837,0.0344,0.0824,0.0188,0.8676,0.846,0,1000,1000,1,0,27
11,1,27,1000,2,187,9.2991,0.0327,0.0898,0.013,1.3991,1.2313,1,1000,1000,1,18,27
11,1,27,1000,2,188,7.4779,0.0327,0.0898,0.0191,0.7887,0.7665,0,1000,1000,1,0,27
11,1,27,1000,2,189,4.3552,0.0327,0.0898,0.0351,1.1119,1.0721,0,1000,1000,1,0,27
11,1,27,1000,2,190,4.7741,0.0382,0.0939,0.0132,1.3317,1.1614,1,1000,1000,1,13,27
11,1,27,1000,2,191,8.2723,0.0382,0.0939,0.0215,1.002,0.9767,0,1000,1000,1,0,27
11,1,27,1000,2,192,3.6108,0.0382,0.0939,0.018,0.8015,0.7808,0,1000,1000,1,0,27
11,1,27,1000,2,193,9.4299,0.144,0.0889,0.0135,1.543,1.263,1,1000,1000,1,8,27
11,1,27,1000,2,194,7.3173,0.144,0.0889,0.0247,0.9076,0.8797,0,1000,1000,1,0,27
11,1,27,1000,2,195,4.0899,0.0441,0.1212,0.014,1.2076,1.001,1,1000,1000,1,14,27
11,1,27,1000,2,196,3.7728,0.0441,0.1212,0.0204,0.8361,0.812,0,1000,1000,1,0,27
11,1,27,1000,2,197,4.2561,0.0441,0.1212,0.0203,0.8653,0.8419,0,1000,1000,1,0,27
11,1,27,1000,2,198,4.0256,0.0441,0.1212,0.0212,0.9017,0.8769,0,1000,1000,1,0,27
11,1,27,1000,2,199,4.9281,0.039,0.0968,0.0133,1.3854,1.2125,1,1000,1000,1,19,27
11,1,27,1000,2,200,7.7898,0.039,0.0968,0.0254,1.065,1.0362,0,1000,1000,1,0,27
11,1,27,1000,2,201,3.9951,0.039,0.0968,0.0195,0.8547,0.8325,0,1000,1000,1,0,27
11,1,27,1000,2,202,4.6171,0.0415,0.091,0.0141,1.2277,1.0545,1,1000,1000,1,14,27
11,1,27,1000,2,203,3.6494,0.0415,0.091,0.0163,0.7857,0.7662,0,1000,1000,1,0,27
11,1,27,1000,2,204,4.281,0.0415,0.091,0.0216,0.8901,0.8656,0,1000,1000,1,0,27
11,1,27,1000,2,205,4.3559,0.0415,0.091,0.0237,0.9296,0.903,0,1000,1000,1,0,27
11,1,27,1000,2,206,4.4992,0.0367,0.1153,0.014,1.2402,1.0479,1,1000,1000,1,22,27
11,1,27,1000,2,207,3.5281,0.0367,0.1153,0.0178,0.8007,0.78,0,1000,1000,1,0,27
11,1,27,1000,2,208,4.0943,0.0367,0.1153,0.0184,0.8192,0.7963,0,1000,1000,1,0,27
11,1,27,1000,2,209,4.2491,0.0367,0.1153,0.0215,0.9284,0.9039,0,1000,1000,1,0,27
11,1,27,1000,2,210,5.1755,0.0442,0.2465,0.0132,1.5574,1.2158,1,1000,1000,1,21,27
11,1,27,1000,2,211,3.3735,0.0442,0.2465,0.0181,1.088,1.0665,0,1000,1000,1,0,27
11,1,27,1000,2,212,4.3821,0.0442,0.2465,0.0215,0.9037,0.8791,0,1000,1000,1,0,27
11,1,27,1000,2,213,3.8463,0.0442,0.2465,0.0203,0.8246,0.8017,0,1000,1000,1,0,27
11,1,27,1000,2,214,5.3588,0.0434,0.0999,0.0141,1.2121,1.0238,1,1000,1000,1,25,27
11,1,27,1000,2,215,7.4039,0.0434,0.0999,0.0226,0.9268,0.9009,0,1000,1000,1,0,27
11,1,27,1000,2,216,9.0521,0.0513,0.1024,0.0141,1.228,1.0302,1,1000,1000,1,21,27
11,1,27,1000,2,217,3.6467,0.0513,0.1024,0.0417,1.0075,0.9618,0,1000,1000,1,0,27
11,1,27,1000,2,218,3.6792,0.0513,0.1024,0.0204,0.855,0.8307,0,1000,1000,1,0,27
11,1,27,1000,2,219,4.5711,0.0513,0.1024,0.026,1.0546,1.0241,0,1000,1000,1,0,27
11,1,27,1000,2,220,5.0517,0.0516,0.1351,0.0136,1.7107,1.4817,1,1000,1000,1,21,27
11,1,27,1000,2,221,7.0152,0.0516,0.1351,0.0225,0.8617,0.8359,0,1000,1000,1,0,27
11,1,27,1000,2,222,4.325,0.0516,0.1351,0.0159,0.8736,0.8547,0,1000,1000,1,0,27
11,1,27,1000,2,223,5.1584,0.037,0.0997,0.0146,1.2589,1.0783,1,1000,1000,1,24,27
11,1,27,1000,2,224,7.3493,0.037,0.0997,0.0227,1.0054,0.9796,0,1000,1000,1,0,27
11,1,27,1000,2,225,3.9853,0.037,0.0997,0.0201,0.8296,0.8046,0,1000,1000,1,0,27
11,1,27,1000,2,226,5.5193,0.0514,0.1224,0.0137,1.5655,1.328,1,1000,1000,1,20,27
11,1,27,1000,2,227,2.9762,0.0514,0.1224,0.0242,0.9066,0.8791,0,1000,1000,1,0,27
11,1,27,1000,2,228,4.0513,0.0514,0.1224,0.0238,0.9113,0.8846,0,1000,1000,1,0,27
11,1,27,1000,2,229,4.2254,0.0514,0.1224,0.0243,0.9246,0.8951,0,1000,1000,1,0,27
11,1,27,1000,2,230,4.7979,0.0341,0.0782,0.0123,1.3873,1.2384,1,1000,1000,1,14,27
11,1,27,1000,2,231,3.5017,0.0341,0.0782,0.0202,0.8489,0.8258,0,1000,1000,1,0,27
11,1,27,1000,2,232,4.3181,0.0341,0.0782,0.0223,0.881,0.8556,0,1000,1000,1,0,27
11,1,27,1000,2,233,3.9526,0.0341,0.0782,0.0204,0.8503,0.8269,0,1000,1000,1,0,27
11,1,27,1000,2,234,4.8749,0.0347,0.0948,0.014,1.217,1.0462,1,1000,1000,1,17,27
11,1,27,1000,2,235,3.4564,0.0347,0.0948,0.0203,0.8317,0.8087,0,1000,1000,1,0,27
11,1,27,1000,2,236,4.4969,0.0347,0.0948,0.0245,0.9162,0.8883,0,1000,1000,1,0,27
11,1,27,1000,2,237,8.7867,0.0431,0.1641,0.0164,1.2443,0.9885,1,1000,1000,1,26,27
11,1,27,1000,2,238,3.2691,0.0431,0.1641,0.0222,0.8246,0.7992,0,1000,1000,1,0,27
11,1,27,1000,2,239,4.5568,0.0431,0.1641,0.0229,0.8719,0.8463,0,1000,1000,1,0,27
11,1,27,1000,2,240,4.0509,0.0431,0.1641,0.0239,0.8886,0.8617,0,1000,1000,1,0,27
11,1,27,1000,2,241,9.1338,0.071,0.1304,0.0141,1.4641,1.2192,1,1000,1000,1,23,27
11,1,27,1000,2,242,7.3335,0.071,0.1304,0.0196,0.8768,0.8536,0,1000,1000,1,0,27
11,1,27,1000,2,243,4.9274,0.046,0.1221,0.0137,1.2961,1.0902,1,1000,1000,1,19,27
11,1,27,1000,2,244,3.4279,0.046,0.1221,0.0169,0.795,0.7751,0,1000,1000,1,0,27
11,1,27,1000,2,245,4.3085,0.046,0.1221,0.0411,0.923,0.8786,0,1000,1000,1,0,27
11,1,27,1000,2,246,3.9174,0.046,0.1221,0.0205,0.7879,0.7645,0,1000,1000,1,0,27
11,1,27,1000,2,247,5.6333,0.059,0.0936,0.0138,1.6612,1.465,1,1000,1000,1,13,27
11,1,27,1000,2,248,7.1121,0.059,0.0936,0.0221,0.8691,0.8438,0,1000,1000,1,0,27
11,1,27,1000,2,249,4.0816,0.059,0.0936,0.025,0.8737,0.8452,0,1000,1000,1,0,27
11,1,27,1000,2,250,5.1232,0.0436,0.5067,0.0151,1.6219,1.0279,1,1000,1000,1,19,27
11,1,27,1000,2,251,3.4614,0.0436,0.5067,0.0179,0.8266,0.8058,0,1000,1000,1,0,27
11,1,27,1000,2,252,4.1491,0.0436,0.5067,0.0227,0.8856,0.8594,0,1000,1000,1,0,27
11,1,27,1000,2,253,4.152,0.0436,0.5067,0.0221,0.8824,0.857,0,1000,1000,1,0,27
11,1,27,1000,2,254,5.0808,0.0456,0.2577,0.015,1.542,1.1976,1,1000,1000,1,22,27
11,1,27,1000,2,255,3.1416,0.0456,0.2577,0.0195,0.7913,0.7686,0,1000,1000,1,0,27
11,1,27,1000,2,256,4.2805,0.0456,0.2577,0.024,0.8626,0.8356,0,1000,1000,1,0,27
11,1,27,1000,2,257,3.8346,0.0456,0.2577,0.0195,0.7928,0.7703,0,1000,1000,1,0,27
11,1,27,1000,2,258,5.1508,0.0395,0.0829,0.0132,1.4027,1.2419,1,1000,1000,1,14,27
11,1,27,1000,2,259,7.4194,0.0395,0.0829,0.0175,0.7978,0.7774,0,1000,1000,1,0,27
11,1,27,1000,2,260,9.2629,0.0423,0.096,0.0131,1.3816,1.2058,1,1000,1000,1,20,27
11,1,27,1000,2,261,7.5661,0.0423,0.096,0.0233,0.9849,0.9573,0,1000,1000,1,0,27
11,1,27,1000,2,262,4.1014,0.0423,0.096,0.0187,0.9384,0.9162,0,1000,1000,1,0,27
11,1,27,1000,2,263,4.9353,0.0403,0.1107,0.0131,1.4267,1.2307,1,1000,1000,1,17,27
11,1,27,1000,2,264,3.4512,0.0403,0.1107,0.0214,0.9198,0.8949,0,1000,1000,1,0,27
11,1,27,1000,2,265,4.1488,0.0403,0.1107,0.0237,0.9429,0.9147,0,1000,1000,1,0,27
11,1,27,1000,2,266,4.0794,0.0403,0.1107,0.0215,0.9089,0.8835,0,1000,1000,1,0,27
11,1,27,1000,2,267,5.1801,0.039,0.1224,0.0133,1.2911,1.0888,1,1000,1000,1,22,27
11,1,27,1000,2,268,7.5373,0.039,0.1224,0.0245,1.0508,1.0222,0,1000,1000,1,0,27
11,1,27,1000,2,269,3.8835,0.039,0.1224,0.0175,0.8762,0.8552,0,1000,1000,1,0,27
11,1,27,1000,2,270,5.3228,0.0412,0.1358,0.0183,1.3972,1.1745,1,1000,1000,1,10,27
11,1,27,1000,2,271,2.8644,0.0412,0.1358,0.0191,0.8521,0.8296,0,1000,1000,1,0,27
11,1,27,1000,2,272,4.3065,0.0412,0.1358,0.0246,0.9172,0.8884,0,1000,1000,1,0,27
11,1,27,1000,2,273,4.166,0.0412,0.1358,0.0269,0.9244,0.8945,0,1000,1000,1,0,27
11,1,27,1000,2,274,4.9241,0.0576,0.0963,0.0137,1.3648,1.1731,1,1000,1000,1,16,27
11,1,27,1000,2,275,3.3063,0.0576,0.0963,0.0157,0.8368,0.818,0,1000,1000,1,0,27
11,1,27,1000,2,276,4.1587,0.0576,0.0963,0.0222,0.843,0.8176,0,1000,1000,1,0,27
11,1,27,1000,2,277,4.3219,0.0576,0.0963,0.0187,0.8901,0.8678,0,1000,1000,1,0,27
11,1,27,1000,2,278,4.6051,0.0319,0.1167,0.0132,1.1964,1.0098,1,1000,1000,1,9,27
11,1,27,1000,2,279,3.5056,0.0319,0.1167,0.0173,0.8239,0.8036,0,1000,1000,1,0,27
11,1,27,1000,2,280,4.2078,0.0319,0.1167,0.0224,0.8743,0.8476,0,1000,1000,1,0,27
11,1,27,1000,2,281,4.4228,0.0319,0.1167,0.0203,0.9218,0.8982,0,1000,1000,1,0,27
11,1,27,1000,2,282,4.35,0.0345,0.0855,0.0137,1.2172,1.0621,1,1000,1000,1,13,27
11,1,27,1000,2,283,8.046,0.0345,0.0855,0.0249,0.9058,0.8767,0,1000,1000,1,0,27
11,1,27,1000,2,284,8.8951,0.0349,0.1077,0.0133,1.4562,1.2758,1,1000,1000,1,17,27
11,1,27,1000,2,285,3.431,0.0349,0.1077,0.0177,0.8409,0.819,0,1000,1000,1,0,27
11,1,27,1000,2,286,4.2331,0.0349,0.1077,0.022,0.945,0.9196,0,1000,1000,1,0,27
11,1,27,1000,2,287,4.4541,0.0349,0.1077,0.0225,1.2276,1.2009,0,1000,1000,1,0,27
11,1,27,1000,2,288,4.927,0.0557,0.1447,0.0735,1.4723,1.1699,1,1000,1000,1,13,27
11,1,27,1000,2,289,7.5108,0.0557,0.1447,0.0227,0.9514,0.9243,0,1000,1000,1,0,27
11,1,27,1000,2,290,3.9394,0.0557,0.1447,0.0451,0.874,0.8233,0,1000,1000,1,0,27
11,1,27,1000,2,291,4.8891,0.0392,0.1218,0.0131,1.2792,1.0797,1,1000,1000,1,10,27
11,1,27,1000,2,292,3.4864,0.0392,0.1218,0.019,0.899,0.8769,0,1000,1000,1,0,27
11,1,27,1000,2,293,4.1137,0.0392,0.1218,0.02,0.8669,0.8422,0,1000,1000,1,0,27
11,1,27,1000,2,294,4.1174,0.0392,0.1218,0.021,0.81,0.7863,0,1000,1000,1,0,27
11,1,27,1000,2,295,5.1145,0.056,0.1488,0.0136,1.4974,1.2532,1,1000,1000,1,17,27
11,1,27,1000,2,296,3.255,0.056,0.1488,0.0178,0.8313,0.8108,0,1000,1000,1,0,27
11,1,27,1000,2,297,8.3413,0.056,0.1488,0.0208,0.7957,0.7718,0,1000,1000,1,0,27
11,1,27,1000,2,298,9.8538,0.0383,0.0938,0.0131,1.3192,1.1521,1,1000,1000,1,13,27
11,1,27,1000,2,299,7.1503,0.0383,0.0938,0.026,0.9088,0.8792,0,1000,1000,1,0,27
11,1,27,1000,2,300,4.7596,0.0482,0.1145,0.0141,1.3285,1.126,1,1000,1000,1,12,27
11,1,27,1000,2,301,7.6342,0.0482,0.1145,0.0224,0.8115,0.7859,0,1000,1000,1,0,27
11,1,27,1000,2,302,9.3694,0.0367,0.0935,0.0136,1.3001,1.1271,1,1000,1000,1,12,27
11,1,27,1000,2,303,7.3888,0.0367,0.0935,0.0194,0.9052,0.8831,0,1000,1000,1,0,27
11,1,27,1000,2,304,9.6704,0.0452,0.0905,0.0141,1.3727,1.1975,1,1000,1000,1,19,27
11,1,27,1000,2,305,6.8753,0.0452,0.0905,0.0196,0.8229,0.8008,0,1000,1000,1,0,27
11,1,27,1000,2,306,4.1619,0.0452,0.0905,0.0224,0.8921,0.8661,0,1000,1000,1,0,27
11,1,27,1000,2,307,5.0735,0.0457,0.1209,0.0141,1.5745,1.2702,1,1000,1000,1,16,27
11,1,27,1000,2,308,3.4598,0.0457,0.1209,0.0226,0.8976,0.872,0,1000,1000,1,0,27
11,1,27,1000,2,309,4.1068,0.0457,0.1209,0.0223,0.8646,0.839,0,1000,1000,1,0,27
11,1,27,1000,2,310,4.2234,0.0457,0.1209,0.0341,0.9001,0.861,0,1000,1000,1,0,27
11,1,27,1000,2,311,9.1167,0.0329,0.2881,0.0141,1.5556,1.1874,1,1000,1000,1,9,27
11,1,27,1000,2,312,7.7723,0.0329,0.2881,0.0406,1.2392,1.1935,0,1000,1000,1,0,27
11,1,27,1000,2,313,4.9873,0.0289,0.0947,0.0146,1.6066,1.4403,1,1000,1000,1,12,27
11,1,27,1000,2,314,3.0936,0.0289,0.0947,0.0198,0.8625,0.84,0,1000,1000,1,0,27
11,1,27,1000,2,315,4.461,0.0289,0.0947,0.0219,0.879,0.8535,0,1000,1000,1,0,27
11,1,27,1000,2,316,3.8462,0.0289,0.0947,0.0168,0.8578,0.8362,0,1000,1000,1,0,27
11,1,27,1000,2,317,5.1612,0.0539,0.0914,0.0127,1.5188,1.3384,1,1000,1000,1,10,27
11,1,27,1000,2,318,2.8707,0.0539,0.0914,0.0178,0.8084,0.7879,0,1000,1000,1,0,27
11,1,27,1000,2,319,4.601,0.0539,0.0914,0.0402,0.9706,0.926,0,1000,1000,1,0,27
11,1,27,1000,2,320,3.6784,0.0539,0.0914,0.0173,0.8499,0.8297,0,1000,1000,1,0,27
11,1,27,1000,2,321,5.2085,0.0467,0.1061,0.0142,1.2817,1.0865,1,1000,1000,1,12,27
11,1,27,1000,2,322,7.5883,0.0467,0.1061,0.0229,1.0647,1.0383,0,1000,1000,1,0,27
11,1,27,1000,2,323,9.1331,0.0353,0.1128,0.0128,1.3215,1.1358,1,1000,1000,1,14,27
11,1,27,1000,2,324,7.3712,0.0353,0.1128,0.0183,0.8734,0.8516,0,1000,1000,1,0,27
11,1,27,1000,2,325,4.2526,0.0353,0.1128,0.0221,0.8862,0.8603,0,1000,1000,1,0,27
11,1,27,1000,2,326,4.8168,0.0554,0.1009,0.0127,1.4165,1.2185,1,1000,1000,1,10,27
11,1,27,1000,2,327,3.3474,0.0554,0.1009,0.0225,0.8774,0.8517,0,1000,1000,1,0,27
11,1,27,1000,2,328,4.9943,0.0554,0.1009,0.0556,1.1786,1.1158,0,1000,1000,1,0,27
11,1,27,1000,2,329,8.7323,0.0388,0.231,0.0126,1.5358,1.2253,1,1000,1000,1,9,27
11,1,27,1000,2,330,7.3872,0.0388,0.231,0.0183,0.9743,0.9528,0,1000,1000,1,0,27
11,1,27,1000,2,331,9.4456,0.062,0.0833,0.0142,1.412,1.2239,1,1000,1000,1,12,27
11,1,27,1000,2,332,7.3504,0.062,0.0833,0.033,1.0183,0.9812,0,1000,1000,1,0,27
11,1,27,1000,2,333,4.6043,0.062,0.0833,0.0255,1.1088,1.0792,0,1000,1000,1,0,27
11,1,27,1000,2,334,4.3193,0.0326,0.0912,0.0131,1.5949,1.4355,1,1000,1000,1,14,27
11,1,27,1000,2,335,3.3508,0.0326,0.0912,0.0189,0.8901,0.8681,0,1000,1000,1,0,27
11,1,27,1000,2,336,4.426,0.0326,0.0912,0.0271,1.1049,1.0746,0,1000,1000,1,0,27
11,1,27,1000,2,337,3.7468,0.0326,0.0912,0.0233,0.8558,0.8288,0,1000,1000,1,0,27
11,1,27,1000,2,338,5.889,0.0428,0.1305,0.0127,1.6779,1.4592,1,1000,1000,1,6,27
11,1,27,1000,2,339,2.6836,0.0428,0.1305,0.0273,0.9262,0.8956,0,1000,1000,1,0,27
11,1,27,1000,2,340,8.3749,0.0428,0.1305,0.0254,0.9139,0.8852,0,1000,1000,1,0,27
11,1,27,1000,2,341,9.5775,0.0528,0.2366,0.0134,1.5697,1.2391,1,1000,1000,1,7,27
11,1,27,1000,2,342,7.9521,0.0528,0.2366,0.0235,1.3687,1.3408,0,1000,1000,1,0,27
11,1,27,1000,2,343,8.0924,0.0403,0.3217,0.015,1.4955,1.0776,1,1000,1000,1,8,27
11,1,27,1000,2,344,7.8699,0.0403,0.3217,0.0216,0.8899,0.8657,0,1000,1000,1,0,27
11,1,27,1000,2,345,9.0489,0.0475,0.095,0.013,1.5688,1.3894,1,1000,1000,1,20,27
11,1,27,1000,2,346,7.4338,0.0475,0.095,0.0182,0.865,0.8427,0,1000,1000,1,0,27
11,1,27,1000,2,347,9.131,0.0422,0.1645,0.0123,1.67,1.426,1,1000,1000,1,68,27
11,1,27,1000,2,348,7.6401,0.0422,0.1645,0.0219,0.9607,0.936,0,1000,1000,1,0,27
11,1,27,1000,2,349,9.0732,0.043,0.1957,0.0131,1.7838,1.5014,1,1000,1000,1,73,27
11,1,27,1000,2,350,3.0608,0.043,0.1957,0.0188,0.8056,0.7836,0,1000,1000,1,0,27
11,1,27,1000,2,351,9.5868,0.0435,0.2996,0.0123,1.7189,1.3365,1,1000,1000,1,53,27
11,1,27,1000,2,352,7.4308,0.0435,0.2996,0.0195,0.9628,0.9406,0,1000,1000,1,0,27
11,1,27,1000,2,353,9.2467,0.0673,0.2091,0.0192,1.7837,1.4419,1,1000,1000,1,41,27
11,1,27,1000,2,354,3.0771,0.0673,0.2091,0.0237,0.9488,0.9213,0,1000,1000,1,0,27
11,1,27,1000,2,355,4.0287,0.0673,0.2091,0.0259,0.9394,0.9109,0,1000,1000,1,0,27
11,1,27,1000,2,356,4.0937,0.0673,0.2091,0.0193,0.8618,0.8389,0,1000,1000,1,0,27
11,1,27,1000,2,357,5.7554,0.0451,0.7121,0.0136,1.9568,1.1566,1,1000,1000,1,208,27
11,1,27,1000,2,358,2.5262,0.0451,0.7121,0.0173,0.8582,0.8378,0,1000,1000,1,0,27
11,1,27,1000,2,359,4.3232,0.0451,0.7121,0.0194,0.9116,0.8891,0,1000,1000,1,0,27
11,1,27,1000,2,360,4.1775,0.0451,0.7121,0.0229,0.9515,0.9256,0,1000,1000,1,0,27
11,1,27,1000,2,361,5.511,0.0511,0.4013,0.0155,2.0481,1.5536,1,1000,1000,1,143,27
11,1,27,1000,2,362,7.7119,0.0511,0.4013,0.0235,1.0605,1.0327,0,1000,1000,1,0,27
11,1,27,1000,2,363,8.7983,0.0362,0.2723,0.0159,1.7815,1.4295,1,1000,1000,1,88,27
11,1,27,1000,2,364,7.6342,0.0362,0.2723,0.0272,0.9585,0.9277,0,1000,1000,1,0,27
11,1,27,1000,2,365,3.7996,0.0362,0.2723,0.0247,1.0029,0.975,0,1000,1000,1,0,27
11,1,27,1000,2,366,5.0606,0.047,0.2236,0.0147,1.5936,1.2832,1,1000,1000,1,75,27
11,1,27,1000,2,367,3.2458,0.047,0.2236,0.0189,0.8748,0.8522,0,1000,1000,1,0,27
11,1,27,1000,2,368,4.1847,0.047,0.2236,0.0186,0.8811,0.8602,0,1000,1000,1,0,27
11,1,27,1000,2,369,3.921,0.047,0.2236,0.0204,0.8776,0.8545,0,1000,1000,1,0,27
11,1,27,1000,2,370,6.4491,0.0414,1.3858,0.0141,2.5178,1.053,1,1000,1000,1,231,27
11,1,27,1000,2,371,6.1307,0.0414,1.3858,0.0195,0.8869,0.8649,0,1000,1000,1,0,27
11,1,27,1000,2,372,4.2344,0.0414,1.3858,0.0248,0.9305,0.903,0,1000,1000,1,0,27
11,1,27,1000,2,373,5.558,0.0388,1.0892,0.0146,2.2267,1.049,1,1000,1000,1,192,27
11,1,27,1000,2,374,2.7019,0.0388,1.0892,0.0227,0.8696,0.8426,0,1000,1000,1,0,27
11,1,27,1000,2,375,4.5656,0.0388,1.0892,0.0244,1.024,0.9954,0,1000,1000,1,0,27
11,1,27,1000,2,376,3.8281,0.0388,1.0892,0.0194,0.8762,0.8539,0,1000,1000,1,0,27
11,1,27,1000,2,377,5.3841,0.0543,0.6248,0.0139,1.9277,1.2088,1,1000,1000,1,133,27
11,1,27,1000,2,378,2.7678,0.0543,0.6248,0.0187,0.8849,0.863,0,1000,1000,1,0,27
11,1,27,1000,2,379,4.1863,0.0543,0.6248,0.0192,0.846,0.8239,0,1000,1000,1,0,27
11,1,27,1000,2,380,4.4683,0.0543,0.6248,0.0197,0.9221,0.8997,0,1000,1000,1,0,27
11,1,27,1000,2,381,4.9816,0.0339,0.307,0.0133,1.5813,1.2027,1,1000,1000,1,73,27
11,1,27,1000,2,382,7.4682,0.0339,0.307,0.0242,1.0706,1.0412,0,1000,1000,1,0,27
11,1,27,1000,2,383,10.7728,0.0526,1.1967,0.0141,2.8939,1.6031,1,1000,1000,1,379,27
11,1,27,1000,2,384,2.2393,0.0526,1.1967,0.0237,0.9231,0.8963,0,1000,1000,1,0,27
11,1,27,1000,2,385,3.654,0.0526,1.1967,0.0242,1.0652,1.037,0,1000,1000,1,0,27
11,1,27,1000,2,386,4.5932,0.0526,1.1967,0.0207,0.9643,0.9402,0,1000,1000,1,0,27
11,1,27,1000,2,387,4.8707,0.0354,1.0526,0.0135,2.1263,0.9983,1,1000,1000,1,142,27
11,1,27,1000,2,388,2.7706,0.0354,1.0526,0.0154,0.8386,0.8205,0,1000,1000,1,0,27
11,1,27,1000,2,389,4.2063,0.0354,1.0526,0.019,0.9148,0.8926,0,1000,1000,1,0,27
11,1,27,1000,2,390,4.1846,0.0354,1.0526,0.0192,0.9392,0.9166,0,1000,1000,1,0,27
11,1,27,1000,2,391,6.0155,0.1391,0.3022,0.0141,1.8059,1.3191,1,1000,1000,1,139,27
11,1,27,1000,2,392,2.2045,0.1391,0.3022,0.017,0.8413,0.8213,0,1000,1000,1,0,27
11,1,27,1000,2,393,4.4794,0.1391,0.3022,0.0189,1.0881,1.0656,0,1000,1000,1,0,27
11,1,27,1000,2,394,3.9113,0.1391,0.3022,0.0178,0.9059,0.8846,0,1000,1000,1,0,27
11,1,27,1000,2,395,5.8084,0.0575,1.0288,0.0132,2.3221,1.1947,1,1000,1000,1,358,27
11,1,27,1000,2,396,2.5174,0.0575,1.0288,0.0171,0.8203,0.8004,0,1000,1000,1,0,27
11,1,27,1000,2,397,4.3862,0.0575,1.0288,0.021,0.9256,0.9019,0,1000,1000,1,0,27
11,1,27,1000,2,398,9.73,0.0373,0.913,0.0135,2.1658,1.1788,1,1000,1000,1,195,27
11,1,27,1000,2,399,6.8809,0.0373,0.913,0.0212,0.8654,0.8411,0,1000,1000,1,0,27
11,1,27,1000,2,400,4.127,0.0373,0.913,0.0194,0.8587,0.8367,0,1000,1000,1,0,27
11,1,27,1000,2,401,6.0317,0.0447,1.2653,0.0141,2.4066,1.0552,1,1000,1000,1,114,27
11,1,27,1000,2,402,2.3023,0.0447,1.2653,0.0196,0.9252,0.9015,0,1000,1000,1,0,27
11,1,27,1000,2,403,4.0864,0.0447,1.2653,0.0195,0.8986,0.8764,0,1000,1000,1,0,27
11,1,27,1000,2,404,4.1416,0.0447,1.2653,0.0199,0.929,0.9054,0,1000,1000,1,0,27
11,1,27,1000,2,405,5.4617,0.0398,0.4208,0.0145,1.8274,1.3273,1,1000,1000,1,143,27
11,1,27,1000,2,406,3.0103,0.0398,0.4208,0.021,0.8699,0.8457,0,1000,1000,1,0,27
11,1,27,1000,2,407,4.0636,0.0398,0.4208,0.0199,0.8787,0.8559,0,1000,1000,1,0,27
11,1,27,1000,2,408,4.981,0.0398,0.4208,0.0505,1.2305,1.1757,0,1000,1000,1,0,27
11,1,27,1000,2,409,5.063,0.0404,0.8794,0.0128,2.1708,1.2161,1,1000,1000,1,313,27
11,1,27,1000,2,410,2.309,0.0404,0.8794,0.0161,0.8213,0.803,0,1000,1000,1,0,27
11,1,27,1000,2,411,4.2907,0.0404,0.8794,0.0216,0.9216,0.897,0,1000,1000,1,0,27
11,1,27,1000,2,412,6.1304,0.0459,0.5785,0.0146,1.8939,1.2286,1,1000,1000,1,183,27
11,1,27,1000,2,413,2.6054,0.0521,0.1725,0.0227,0.9003,0.874,0,1000,1000,1,0,27
11,1,27,1000,2,414,8.1259,0.0521,0.1725,0.0221,0.9373,0.9118,0,1000,1000,1,0,27
11,1,27,1000,2,415,4.1314,0.0521,0.1725,0.0179,0.8801,0.8587,0,1000,1000,1,0,27
11,1,27,1000,2,416,5.8204,0.0511,1.373,0.0132,2.5829,1.1206,1,1000,1000,1,151,27
11,1,27,1000,2,417,2.2973,0.0511,1.373,0.0182,0.8588,0.8378,0,1000,1000,1,0,27
11,1,27,1000,2,418,4.4287,0.0511,1.373,0.0187,0.8698,0.8487,0,1000,1000,1,0,27
11,1,27,1000,2,419,4.4009,0.0511,1.373,0.0271,0.9997,0.9698,0,1000,1000,1,0,27
11,1,27,1000,2,420,10.2604,0.0422,1.799,0.0137,3.0474,1.1663,1,1000,1000,1,354,27
11,1,27,1000,2,421,6.2462,0.0422,1.799,0.0219,0.9672,0.9423,0,1000,1000,1,0,27
11,1,27,1000,2,422,6.0909,0.0482,0.5962,0.0143,2.1367,1.4535,1,1000,1000,1,174,27
11,1,27,1000,2,423,6.3489,0.0482,0.5962,0.0243,1.0805,1.0528,0,1000,1000,1,0,27
11,1,27,1000,2,424,4.2108,0.0482,0.5962,0.0205,0.9125,0.8894,0,1000,1000,1,0,27
11,1,27,1000,2,425,10.0461,0.0316,1.1209,0.0134,2.5007,1.3074,1,1000,1000,1,151,27
11,1,27,1000,2,426,6.5828,0.0316,1.1209,0.022,0.9269,0.9015,0,1000,1000,1,0,27
11,1,27,1000,2,427,11.0192,0.037,1.9652,0.0146,3.2526,1.2071,1,1000,1000,1,292,27
11,1,27,1000,2,428,5.9107,0.037,1.9652,0.0253,1.0673,1.0382,0,1000,1000,1,0,27
11,1,27,1000,2,429,6.3348,0.0451,1.7213,0.013,2.9842,1.1804,1,1000,1000,1,230,27
11,1,27,1000,2,430,6.1283,0.0451,1.7213,0.0343,1.0469,1.0079,0,1000,1000,1,0,27
11,1,27,1000,2,431,3.9162,0.0451,1.7213,0.0234,1.1044,1.0759,0,1000,1000,1,0,27
11,1,27,1000,2,432,5.7844,0.0504,0.9316,0.0128,2.428,1.398,1,1000,1000,1,140,27
11,1,27,1000,2,433,2.3966,0.0504,0.9316,0.0203,0.9482,0.9243,0,1000,1000,1,0,27
11,1,27,1000,2,434,4.3825,0.0504,0.9316,0.0229,1.1147,1.0884,0,1000,1000,1,0,27
11,1,27,1000,2,435,4.0933,0.0504,0.9316,0.0198,1.0401,1.0167,0,1000,1000,1,0,27
11,1,27,1000,2,436,6.304,0.0486,1.4875,0.0133,2.8863,1.2896,1,1000,1000,1,160,27
11,1,27,1000,2,437,1.9444,0.0486,1.4875,0.0182,0.8792,0.8581,0,1000,1000,1,0,27
11,1,27,1000,2,438,4.171,0.0486,1.4875,0.0205,0.8779,0.8545,0,1000,1000,1,0,27
11,1,27,1000,2,439,4.11,0.0486,1.4875,0.0205,0.8886,0.8641,0,1000,1000,1,0,27
11,1,27,1000,2,440,6.0761,0.0524,1.0238,0.0132,2.6543,1.5376,1,1000,1000,1,336,27
11,1,27,1000,2,441,2.2054,0.0524,1.0238,0.0176,0.8467,0.8258,0,1000,1000,1,0,27
11,1,27,1000,2,442,4.2425,0.0524,1.0238,0.0184,0.9679,0.9463,0,1000,1000,1,0,27
11,1,27,1000,2,443,4.1415,0.0524,1.0238,0.0181,0.8834,0.8624,0,1000,1000,1,0,27
11,1,27,1000,2,444,5.9341,0.0321,1.204,0.0146,2.5906,1.3072,1,1000,1000,1,145,27
11,1,27,1000,2,445,6.7776,0.0321,1.204,0.0217,0.8899,0.8652,0,1000,1000,1,0,27
11,1,27,1000,2,446,4.081,0.0321,1.204,0.022,0.9107,0.8854,0,1000,1000,1,0,27
11,1,27,1000,2,447,5.6585,0.1977,0.3331,0.0136,2.192,1.6123,1,1000,1000,1,121,27
11,1,27,1000,2,448,7.0175,0.1977,0.3331,0.0185,0.8956,0.8747,0,1000,1000,1,0,27
11,1,27,1000,2,449,9.3614,0.0452,0.5566,0.014,1.9308,1.2867,1,1000,1000,1,83,27
11,1,27,1000,2,450,7.706,0.0452,0.5566,0.0326,1.1406,1.1036,0,1000,1000,1,0,27
11,1,27,1000,2,451,9.0822,0.0408,0.3216,0.0137,1.7484,1.3472,1,1000,1000,1,73,27
11,1,27,1000,2,452,6.9251,0.0408,0.3216,0.0189,0.8792,0.8578,0,1000,1000,1,0,27
11,1,27,1000,2,453,4.7777,0.0408,0.3216,0.0372,1.2593,1.2151,0,1000,1000,1,0,27
11,1,27,1000,2,454,9.3594,0.0337,0.8557,0.0139,2.0446,1.1146,1,1000,1000,1,55,27
11,1,27,1000,2,455,6.7051,0.0337,0.8557,0.0241,0.8891,0.8623,0,1000,1000,1,0,27
11,1,27,1000,2,456,5.7397,0.0359,0.1896,0.014,1.5226,1.255,1,1000,1000,1,54,27
11,1,27,1000,2,457,6.8975,0.0359,0.1896,0.0276,0.96,0.9293,0,1000,1000,1,0,27
11,1,27,1000,2,458,4.1012,0.0359,0.1896,0.0228,0.8861,0.8603,0,1000,1000,1,0,27
11,1,27,1000,2,459,5.6359,0.0348,0.886,0.0135,1.9286,0.9705,1,1000,1000,1,38,27
11,1,27,1000,2,460,6.9208,0.0348,0.886,0.0236,0.9186,0.8919,0,1000,1000,1,0,27
11,1,27,1000,2,461,9.3236,0.0409,0.2193,0.0162,1.7056,1.403,1,1000,1000,1,25,27
11,1,27,1000,2,462,2.901,0.0409,0.2193,0.0205,0.8342,0.8112,0,1000,1000,1,0,27
11,1,27,1000,2,463,4.3298,0.0409,0.2193,0.0216,0.9048,0.8801,0,1000,1000,1,0,27
11,1,27,1000,2,464,4.0808,0.0409,0.2193,0.0397,1.0374,0.9943,0,1000,1000,1,0,27
11,1,27,1000,2,465,5.7369,0.0389,0.1676,0.0132,1.4398,1.1937,1,1000,1000,1,28,27
11,1,27,1000,2,466,2.5984,0.0389,0.1676,0.0182,0.9476,0.926,0,1000,1000,1,0,27
11,1,27,1000,2,467,4.1967,0.0389,0.1676,0.0216,0.8975,0.8735,0,1000,1000,1,0,27
11,1,27,1000,2,468,4.1337,0.0389,0.1676,0.0221,0.9498,0.9247,0,1000,1000,1,0,27
11,1,27,1000,2,469,4.8638,0.0427,0.1185,0.0126,1.5205,1.3205,1,1000,1000,1,29,27
11,1,27,1000,2,470,3.5647,0.0427,0.1185,0.0173,0.8506,0.8304,0,1000,1000,1,0,27
11,1,27,1000,2,471,3.9964,0.0427,0.1185,0.0211,0.9641,0.94,0,1000,1000,1,0,27
11,1,27,1000,2,472,9.3156,0.0336,0.1141,0.0125,1.5703,1.3821,1,1000,1000,1,25,27
11,1,27,1000,2,473,7.5546,0.0336,0.1141,0.0194,0.908,0.8856,0,1000,1000,1,0,27
11,1,27,1000,2,474,9.7901,0.0412,0.1253,0.0136,1.5039,1.2967,1,1000,1000,1,24,27
11,1,27,1000,2,475,6.8433,0.0412,0.1253,0.0207,0.9314,0.9075,0,1000,1000,1,0,27
11,1,27,1000,2,476,9.7909,0.0499,0.5415,0.0141,1.7244,1.0911,1,1000,1000,1,14,27
11,1,27,1000,2,477,3.0064,0.0499,0.5415,0.0202,0.9207,0.8972,0,1000,1000,1,0,27
11,1,27,1000,2,478,4.0446,0.0499,0.5415,0.0225,0.9523,0.9272,0,1000,1000,1,0,27
11,1,27,1000,2,479,4.0599,0.0499,0.5415,0.037,1.0661,1.0251,0,1000,1000,1,0,27
11,1,27,1000,2,480,5.4224,0.1853,0.096,0.0133,2.0973,1.7646,1,1000,1000,1,13,27
11,1,27,1000,2,481,3.0824,0.1853,0.096,0.0222,0.9697,0.9428,0,1000,1000,1,0,27
11,1,27,1000,2,482,4.9536,0.1853,0.096,0.0261,1.0499,1.0192,0,1000,1000,1,0,27
11,1,27,1000,2,483,2.9057,0.1853,0.096,0.0179,0.8967,0.8754,0,1000,1000,1,0,27
11,1,27,1000,2,484,5.5289,0.0449,0.3465,0.0133,1.845,1.4054,1,1000,1000,1,22,27
11,1,27,1000,2,485,2.8128,0.0449,0.3465,0.0193,0.947,0.924,0,1000,1000,1,0,27
11,1,27,1000,2,486,4.269,0.0449,0.3465,0.0221,0.9304,0.9036,0,1000,1000,1,0,27
11,1,27,1000,2,487,4.2791,0.0449,0.3465,0.0216,0.9522,0.9274,0,1000,1000,1,0,27
11,1,27,1000,2,488,4.9507,0.0404,0.0969,0.0127,1.3898,1.2127,1,1000,1000,1,12,27
11,1,27,1000,2,489,7.4323,0.0404,0.0969,0.0182,0.9273,0.906,0,1000,1000,1,0,27
11,1,27,1000,2,490,9.0298,0.0346,0.1025,0.0132,1.397,1.1641,1,1000,1000,1,9,27
11,1,27,1000,2,491,8.3473,0.0346,0.1025,0.0225,1.0815,1.0552,0,1000,1000,1,0,27
11,1,27,1000,2,492,8.5899,0.0453,0.1093,0.0128,1.4536,1.2501,1,1000,1000,1,12,27
11,1,27,1000,2,493,7.7205,0.0453,0.1093,0.0244,0.986,0.9586,0,1000,1000,1,0,27
11,1,27,1000,2,494,9.179,0.0428,0.4049,0.0156,1.6383,1.1443,1,1000,1000,1,4,27
11,1,27,1000,2,495,7.2292,0.0428,0.4049,0.0221,0.9364,0.912,0,1000,1000,1,0,27
11,1,27,1000,2,496,4.8079,0.0428,0.4049,0.027,1.018,0.9329,0,1000,1000,1,0,27
11,1,27,1000,2,497,8.9569,0.0454,0.1299,0.0131,1.4853,1.2111,1,1000,1000,1,11,27
11,1,27,1000,2,498,7.0831,0.0454,0.1299,0.0268,0.9614,0.9304,0,1000,1000,1,0,27
11,1,27,1000,2,499,5.4914,0.0426,0.5109,0.0152,1.7115,1.1139,1,1000,1000,1,9,27
11,1,27,1000,2,500,7.2114,0.0426,0.5109,0.0727,1.1533,1.0744,0,1000,1000,1,0,27
11,1,27,1000,2,501,8.7988,0.0477,0.0883,0.019,1.2931,1.1094,1,1000,1000,1,11,27
11,1,27,1000,2,502,8.2541,0.0477,0.0883,0.0238,1.0107,0.9827,0,1000,1000,1,0,27
11,1,27,1000,2,503,4.2236,0.0477,0.0883,0.0291,1.0199,0.9875,0,1000,1000,1,0,27
11,1,27,1000,2,504,9.4639,0.0783,0.0867,0.0127,1.738,1.5232,1,1000,1000,1,6,27
11,1,27,1000,2,505,2.6075,0.0783,0.0867,0.0217,0.9774,0.9531,0,1000,1000,1,0,27
11,1,27,1000,2,506,9.9925,0.0377,0.0812,0.0165,2.1212,1.8747,1,1000,1000,1,7,27
11,1,27,1000,2,507,6.4057,0.0377,0.0812,0.0202,1.017,0.9939,0,1000,1000,1,0,27
11,1,27,1000,2,508,4.1183,0.0377,0.0812,0.0213,0.9157,0.8916,0,1000,1000,1,0,27
11,1,27,1000,2,509,5.2472,0.0427,0.1757,0.0141,1.5213,1.2609,1,1000,1000,1,8,27
11,1,27,1000,2,510,3.0931,0.0427,0.1757,0.0176,0.9702,0.9494,0,1000,1000,1,0,27
11,1,27,1000,2,511,4.1437,0.0427,0.1757,0.0215,0.9334,0.9088,0,1000,1000,1,0,27
11,1,27,1000,2,512,4.4807,0.0427,0.1757,0.023,0.9386,0.9097,0,1000,1000,1,0,27
11,1,27,1000,2,513,5.0675,0.0631,0.1052,0.0132,1.5939,1.3807,1,1000,1000,1,7,27
11,1,27,1000,2,514,3.3311,0.0631,0.1052,0.0214,0.9211,0.8967,0,1000,1000,1,0,27
11,1,27,1000,2,515,3.8198,0.0631,0.1052,0.0213,0.8996,0.8758,0,1000,1000,1,0,27
11,1,27,1000,2,516,4.509,0.0631,0.1052,0.0263,0.9524,0.9229,0,1000,1000,1,0,27
11,1,27,1000,2,517,4.7868,0.0426,0.0962,0.0136,1.3683,1.1882,1,1000,1000,1,13,27
11,1,27,1000,2,518,7.6718,0.0426,0.0962,0.0261,0.9865,0.9564,0,1000,1000,1,0,27
11,1,27,1000,2,519,9.1526,0.0435,0.0736,0.0136,1.5093,1.3492,1,1000,1000,1,7,27
11,1,27,1000,2,520,7.4547,0.0435,0.0736,0.0207,0.9516,0.928,0,1000,1000,1,0,27
11,1,27,1000,2,521,9.4005,0.0423,0.1044,0.0155,1.4332,1.232,1,1000,1000,1,4,27
11,1,27,1000,2,522,7.2382,0.0423,0.1044,0.0228,1.0079,0.9813,0,1000,1000,1,0,27
11,1,27,1000,2,523,8.7885,0.0443,0.073,0.0134,1.3389,1.1783,1,1000,1000,1,5,27
11,1,27,1000,2,524,8.7683,0.0443,0.073,0.0239,1.0974,1.0692,0,1000,1000,1,0,27
11,1,27,1000,2,525,8.748,0.0568,0.1174,0.0131,1.6281,1.4143,1,1000,1000,1,5,27
11,1,27,1000,2,526,7.0515,0.0568,0.1174,0.0211,0.8958,0.8718,0,1000,1000,1,0,27
11,1,27,1000,2,527,9.152,0.0393,0.0862,0.0149,1.4753,1.2801,1,1000,1000,1,7,27
11,1,27,1000,2,528,7.5235,0.0393,0.0862,0.026,0.9976,0.9678,0,1000,1000,1,0,27
11,1,27,1000,2,529,9.3368,0.0467,0.0698,0.0142,1.3716,1.2094,1,1000,1000,1,5,27
11,1,27,1000,2,530,7.4867,0.0467,0.0698,0.0275,1.0796,1.0484,0,1000,1000,1,0,27
11,1,27,1000,2,531,8.8751,0.0366,0.0871,0.0136,1.2028,1.0388,1,1000,1000,1,5,27
11,1,27,1000,2,532,7.5648,0.0366,0.0871,0.0255,0.9715,0.9427,0,1000,1000,1,0,27
11,1,27,1000,2,533,8.8328,0.045,0.0885,0.0176,1.225,1.0464,1,1000,1000,1,6,27
11,1,27,1000,2,534,7.8382,0.045,0.0885,0.023,0.9844,0.9581,0,1000,1000,1,0,27
11,1,27,1000,2,535,9.0779,0.0657,0.0716,0.0136,1.3534,1.1775,1,1000,1000,1,2,27
11,1,27,1000,2,536,7.7606,0.0657,0.0716,0.0234,1.0176,0.9911,0,1000,1000,1,0,27
11,1,27,1000,2,537,8.9479,0.0463,0.0733,0.0124,1.3115,1.153,1,1000,1000,1,5,27
11,1,27,1000,2,538,7.5933,0.0463,0.0733,0.0261,1.042,1.012,0,1000,1000,1,0,27
11,1,27,1000,2,539,8.9168,0.0367,0.1132,0.0131,1.3942,1.1979,1,1000,1000,1,3,27
11,1,27,1000,2,540,7.824,0.0367,0.1132,0.0237,0.9402,0.9136,0,1000,1000,1,0,27
11,1,27,1000,2,541,9.3618,0.1617,0.077,0.0128,1.5505,1.2651,1,1000,1000,1,5,27
11,1,27,1000,2,542,7.2274,0.1617,0.077,0.0212,0.9469,0.9233,0,1000,1000,1,0,27
11,1,27,1000,2,543,9.0255,0.0379,0.0728,0.013,1.3288,1.1774,1,1000,1000,1,3,27
11,1,27,1000,2,544,7.8378,0.0379,0.0728,0.0234,0.9354,0.9087,0,1000,1000,1,0,27
11,1,27,1000,2,545,8.6908,0.0341,0.177,0.0132,1.3663,1.1157,1,1000,1000,1,2,27
11,1,27,1000,2,546,7.6999,0.0341,0.177,0.0186,0.9113,0.8901,0,1000,1000,1,0,27
11,1,27,1000,2,547,9.2096,0.0487,0.0709,0.0135,1.5978,1.2864,1,1000,1000,1,4,27
11,1,27,1000,2,548,7.6628,0.0487,0.0709,0.0179,0.9543,0.9338,0,1000,1000,1,0,27
11,1,27,1000,2,549,8.7397,0.0412,0.0692,0.014,1.2901,1.1368,1,1000,1000,1,3,27
11,1,27,1000,2,550,7.7279,0.0412,0.0692,0.0162,0.9587,0.9394,0,1000,1000,1,0,27
