run,async,threads_cfg,bodies_cfg,repeat,frame,frame_ms,sim_ms,fetch_ms,interp_ms,total_ms,actor_tick_ms,substeps,active,dyn,static,contacts,threads_actual
0,0,4,12000,0,151,74.1291,0.0546,29.4738,0.1992,63.6866,33.2831,5,12000,12000,1,4373,4
0,0,4,12000,0,152,82.4702,0.0693,32.3531,0.2292,69.7363,36.4253,4,12000,12000,1,5095,4
0,0,4,12000,0,153,80.5669,0.0582,35.0113,0.1824,69.6137,33.7449,5,12000,12000,1,5269,4
0,0,4,12000,0,154,80.6462,0.0598,33.7869,0.1715,69.1543,34.5556,5,12000,12000,1,7201,4
0,0,4,12000,0,155,81.7667,0.0471,34.4027,0.1795,71.3994,36.1798,5,12000,12000,1,6923,4
0,0,4,12000,0,156,81.0251,0.069,34.1149,0.1653,68.9299,33.834,5,12000,12000,1,5762,4
0,0,4,12000,0,157,76.9624,0.0525,31.7189,0.1723,65.55,33.0192,5,12000,12000,1,5318,4
0,0,4,12000,0,158,72.6625,0.042,26.2022,0.1928,60.696,33.5988,4,12000,12000,1,5156,4
0,0,4,12000,0,159,78.3444,0.0479,30.2978,0.1736,67.0917,35.9048,5,12000,12000,1,4478,4
0,0,4,12000,0,160,83.5005,0.0636,33.0744,0.1798,70.2998,36.2932,4,12000,12000,1,5069,4
0,0,4,12000,0,161,83.4636,0.0685,35.2387,0.1903,71.8434,35.5929,5,12000,12000,1,4717,4
0,0,4,12000,0,162,89.4218,0.0635,38.1696,0.2573,77.8471,38.3932,5,12000,12000,1,5102,4
0,0,4,12000,0,163,91.9512,0.0847,42.7638,0.193,79.71,35.8725,6,12000,12000,1,5431,4
0,0,4,12000,0,164,86.9399,0.0679,35.9866,0.196,75.2739,38.2892,5,12000,12000,1,6053,4
0,0,4,12000,0,165,86.4367,0.0766,37.5726,0.2055,73.8647,35.2996,5,12000,12000,1,4577,4
0,0,4,12000,0,166,91.7863,0.0964,40.9306,0.242,79.8087,37.8094,6,12000,12000,1,5137,4
0,0,4,12000,0,167,83.879,0.0627,36.1899,0.2235,72.6679,35.2438,5,12000,12000,1,5968,4
0,0,4,12000,0,168,88.6686,0.0544,40.1239,0.1983,77.3548,36.1039,5,12000,12000,1,6135,4
0,0,4,12000,0,169,79.8178,0.056,34.5548,0.2016,68.5385,33.1337,5,12000,12000,1,5805,4
0,0,4,12000,0,170,78.9178,0.0464,32.6777,0.2993,68.5962,34.9621,5,12000,12000,1,5996,4
0,0,4,12000,0,171,80.8479,0.0489,31.1713,0.175,68.3485,36.3556,5,12000,12000,1,5392,4
0,0,4,12000,0,172,73.7876,0.052,28.9982,0.1875,62.4424,32.596,5,12000,12000,1,5401,4
0,0,4,12000,0,173,70.4559,0.0313,26.3283,0.189,59.8431,32.7306,4,12000,12000,1,5120,4
0,0,4,12000,0,174,72.845,0.0559,25.4697,0.188,61.965,35.5801,4,12000,12000,1,3862,4
0,0,4,12000,0,175,74.1602,0.052,28.6346,0.1834,62.2864,32.8372,5,12000,12000,1,4316,4
0,0,4,12000,0,176,71.0076,0.0701,24.8573,0.1774,60.2226,34.5573,4,12000,12000,1,5165,4
0,0,4,12000,0,177,71.3795,0.045,22.9873,0.1852,60.1096,36.255,4,12000,12000,1,3781,4
0,0,4,12000,0,178,73.8126,0.0498,28.376,0.1943,63.1399,33.8972,5,12000,12000,1,4257,4
0,0,4,12000,0,179,72.7252,0.0464,24.9138,0.1725,62.0753,36.3284,4,12000,12000,1,4572,4
0,0,4,12000,0,180,75.9406,0.0488,27.6052,0.1947,64.9726,36.3986,5,12000,12000,1,4136,4
0,0,4,12000,0,181,69.2839,0.0415,24.6563,0.1933,57.7826,32.3016,4,12000,12000,1,4640,4
0,0,4,12000,0,182,80.6643,0.0584,31.5515,0.356,69.1168,36.1844,4,12000,12000,1,3786,4
0,0,4,12000,0,183,83.2099,0.0673,32.8607,0.1716,71.5609,37.8602,5,12000,12000,1,4278,4
0,0,4,12000,0,184,81.9897,0.047,29.9877,0.1861,70.9927,40.1414,5,12000,12000,1,5232,4
0,0,4,12000,0,185,83.0189,0.0522,31.2913,0.1816,70.5051,38.3196,5,12000,12000,1,4541,4
0,0,4,12000,0,186,76.6721,0.0535,27.5,0.1717,64.4587,36.1448,5,12000,12000,1,4731,4
0,0,4,12000,0,187,79.8221,0.0737,33.4206,0.1876,68.355,33.9211,5,12000,12000,1,4823,4
0,0,4,12000,0,188,73.8197,0.0486,25.4086,0.171,63.0088,36.7499,4,12000,12000,1,4513,4
0,0,4,12000,0,189,90.4125,0.2096,34.7952,0.1849,75.4835,39.5549,5,12000,12000,1,3790,4
0,0,4,12000,0,190,91.0038,0.0614,35.4744,0.2663,79.0124,42.1972,5,12000,12000,1,5116,4
0,0,4,12000,0,191,98.8593,0.0974,45.5619,0.2073,86.9434,40.1534,6,12000,12000,1,5942,4
0,0,4,12000,0,192,87.0836,0.0862,34.5076,0.1769,72.7578,37.3915,6,12000,12000,1,6018,4
0,0,4,12000,0,193,80.2993,0.0627,31.4192,0.1799,69.2691,37.0138,5,12000,12000,1,6302,4
0,0,4,12000,0,194,80.2118,0.0649,34.6841,0.2023,68.6122,33.1047,5,12000,12000,1,4974,4
0,0,4,12000,0,195,71.9792,0.0462,25.4899,0.1749,61.3702,35.0819,4,12000,12000,1,4212,4
0,0,4,12000,0,196,73.7848,0.0495,25.9146,0.2394,62.7813,35.9663,5,12000,12000,1,4254,4
0,0,4,12000,0,197,72.5137,0.0401,26.5043,0.1751,61.7699,34.4675,4,12000,12000,1,4958,4
0,0,4,12000,0,198,80.173,0.0576,28.6431,0.2453,69.3385,39.5388,5,12000,12000,1,4494,4
0,0,4,12000,0,199,75.2756,0.0484,25.7178,0.1689,63.3419,36.7514,4,12000,12000,1,4917,4
0,0,4,12000,0,200,76.9022,0.0523,30.9055,0.1712,65.1773,33.4515,5,12000,12000,1,4859,4
0,0,4,12000,0,201,77.6105,0.0343,29.4256,0.1971,66.3153,35.9943,5,12000,12000,1,5431,4
0,0,4,12000,0,202,69.3498,0.0471,23.4256,0.187,57.7457,33.3872,4,12000,12000,1,4535,4
0,0,4,12000,0,203,75.4948,0.0524,25.8451,0.1696,63.8416,37.178,4,12000,12000,1,3575,4
0,0,4,12000,0,204,76.0367,0.0668,27.0919,0.1715,65.0959,37.1769,5,12000,12000,1,4013,4
0,0,4,12000,0,205,69.1541,0.0301,25.4434,0.1711,58.0717,31.865,4,12000,12000,1,4520,4
0,0,4,12000,0,206,77.05,0.0713,31.2663,0.2899,65.3736,33.1568,5,12000,12000,1,4637,4
0,0,4,12000,0,207,71.5974,0.058,26.0882,0.1582,60.4958,33.5725,4,12000,12000,1,4544,4
0,0,4,12000,0,208,71.8142,0.0354,23.9402,0.1801,61.0637,36.3066,4,12000,12000,1,3986,4
0,0,4,12000,0,209,78.9342,0.0553,28.8523,0.168,68.169,38.5083,5,12000,12000,1,4130,4
0,0,4,12000,0,210,87.8241,0.0616,37.7098,0.1797,74.752,35.9065,5,12000,12000,1,5273,4
0,0,4,12000,0,211,90.8473,0.0688,38.6453,0.1743,78.703,38.8481,5,12000,12000,1,6111,4
0,0,4,12000,0,212,85.5237,0.0724,29.7403,0.1949,69.203,38.6138,5,12000,12000,1,4548,4
0,0,4,12000,0,213,79.828,0.0511,29.4868,0.1787,68.1737,37.881,5,12000,12000,1,4438,4
0,0,4,12000,0,214,78.4216,0.045,28.0851,0.1703,66.8027,37.9008,5,12000,12000,1,4200,4
0,0,4,12000,0,215,77.7852,0.0636,26.2365,0.212,66.2333,39.0719,5,12000,12000,1,4313,4
0,0,4,12000,0,216,98.872,0.1044,39.8899,0.241,80.9336,39.8347,5,12000,12000,1,5621,4
0,0,4,12000,0,217,96.767,0.1822,43.6501,0.1942,84.4594,39.6295,6,12000,12000,1,5917,4
0,0,4,12000,0,218,96.1306,0.0895,39.4859,0.1932,83.5389,42.9837,5,12000,12000,1,6274,4
0,0,4,12000,0,219,108.365,0.1184,53.0275,0.2562,92.9319,38.6954,6,12000,12000,1,5779,4
0,0,4,12000,0,220,137.968,0.1336,79.1081,0.2186,123.314,42.793,7,12000,12000,1,7665,4
0,0,4,12000,0,221,130.122,0.1353,71.2817,0.1819,115.175,42.8474,8,12000,12000,1,8158,4
0,0,4,12000,0,222,126.5,0.111,67.7022,0.2257,111.694,42.5732,7,12000,12000,1,9685,4
0,0,4,12000,0,223,118.514,0.1044,61.8136,0.1902,104.693,41.7792,8,12000,12000,1,9401,4
0,0,4,12000,0,224,108.982,0.1099,58.1365,0.2145,96.5374,37.2339,7,12000,12000,1,9761,4
0,0,4,12000,0,225,109.073,0.095,58.4272,0.1813,98.2454,38.7543,7,12000,12000,1,9003,4
0,0,4,12000,0,226,87.7548,0.0759,38.7402,0.1772,76.5278,36.9422,6,12000,12000,1,8055,4
0,0,4,12000,0,227,77.7834,0.0532,32.4592,0.1844,65.8985,32.6094,5,12000,12000,1,6284,4
0,0,4,12000,0,228,78.3701,0.0481,31.4998,0.1782,67.1084,34.818,5,12000,12000,1,4936,4
0,0,4,12000,0,229,77.1839,0.0471,31.8569,0.2326,66.2432,33.5336,5,12000,12000,1,6039,4
0,0,4,12000,0,230,72.6086,0.0448,24.4678,0.2678,61.1984,35.8311,4,12000,12000,1,4448,4
0,0,4,12000,0,231,75.6937,0.0576,28.4554,0.2493,63.9791,34.6273,5,12000,12000,1,4306,4
0,0,4,12000,0,232,71.9201,0.0393,24.4719,0.1832,60.7249,35.3685,4,12000,12000,1,5095,4
0,0,4,12000,0,233,76.4964,0.0546,28.7625,0.1943,65.4633,35.8035,5,12000,12000,1,4063,4
0,0,4,12000,0,234,71.2479,0.0461,24.5385,0.1794,59.9629,34.5312,4,12000,12000,1,4837,4
0,0,4,12000,0,235,76.566,0.0697,29.5246,0.1984,64.7723,34.388,5,12000,12000,1,4283,4
0,0,4,12000,0,236,73.0663,0.0438,24.3926,0.2573,61.6286,36.2454,4,12000,12000,1,4390,4
0,0,4,12000,0,237,70.9304,0.0348,23.1436,0.1774,60.1397,36.1886,4,12000,12000,1,3947,4
0,0,4,12000,0,238,70.8589,0.0532,25.4118,0.2305,60.3621,34.0879,5,12000,12000,1,3377,4
0,0,4,12000,0,239,72.6898,0.041,25.5701,0.1678,61.3843,35.0062,4,12000,12000,1,4960,4
0,0,4,12000,0,240,69.5233,0.0405,23.2316,0.1826,57.4135,33.247,4,12000,12000,1,3738,4
0,0,4,12000,0,241,68.1603,0.0443,21.4979,0.2087,57.4187,34.9689,4,12000,12000,1,3726,4
0,0,4,12000,0,242,75.8932,0.0725,28.7279,0.2247,63.7606,34.1359,5,12000,12000,1,4180,4
0,0,4,12000,0,243,71.4507,0.0462,26.7118,0.2101,60.4337,32.8618,4,12000,12000,1,4768,4
0,0,4,12000,0,244,71.4679,0.0489,24.8789,0.1958,60.369,34.6554,4,12000,12000,1,4312,4
0,0,4,12000,0,245,74.0046,0.0703,27.0547,0.2533,62.9801,35.027,5,12000,12000,1,4407,4
0,0,4,12000,0,246,71.6291,0.0485,26.6921,0.1992,60.6916,33.1141,4,12000,12000,1,5258,4
0,0,4,12000,0,247,68.6985,0.0403,22.4562,0.1947,57.4097,34.0591,4,12000,12000,1,3352,4
0,0,4,12000,0,248,71.8015,0.064,25.4515,0.1877,60.7157,34.4212,5,12000,12000,1,3711,4
0,0,4,12000,0,249,73.3564,0.0432,25.9664,0.1785,61.8691,35.0859,4,12000,12000,1,5153,4
0,0,4,12000,0,250,69.8486,0.0352,21.933,0.1714,58.678,35.9545,4,12000,12000,1,3630,4
0,0,4,12000,0,251,72.2624,0.0493,22.9956,0.1951,61.3153,37.4395,4,12000,12000,1,4036,4
0,0,4,12000,0,252,77.2566,0.0588,30.2248,0.1799,65.7492,34.6551,5,12000,12000,1,4241,4
0,0,4,12000,0,253,73.4527,0.043,25.9644,0.1886,62.6453,35.817,4,12000,12000,1,4694,4
0,0,4,12000,0,254,75.5241,0.053,28.5731,0.1865,64.4675,35.0495,5,12000,12000,1,4274,4
0,0,4,12000,0,255,71.6027,0.051,26.5693,0.1804,60.8554,33.4107,4,12000,12000,1,5001,4
0,0,4,12000,0,256,72.429,0.0787,27.3437,0.2077,61.6499,33.3491,5,12000,12000,1,4209,4
0,0,4,12000,0,257,72.1966,0.0414,25.2766,0.1825,60.9808,34.8071,4,12000,12000,1,4788,4
0,0,4,12000,0,258,70.0385,0.0427,23.7,0.1699,58.643,34.1536,4,12000,12000,1,4451,4
0,0,4,12000,0,259,74.7332,0.0559,30.1045,0.2033,64.1524,33.175,5,12000,12000,1,4813,4
0,0,4,12000,0,260,70.8136,0.0578,26.1616,0.1756,60.0388,33.0814,4,12000,12000,1,5581,4
0,0,4,12000,0,261,76.6719,0.074,27.2827,0.1961,65.7896,37.6514,4,12000,12000,1,4048,4
0,0,4,12000,0,262,76.5394,0.0496,29.1676,0.1743,65.4166,35.3564,5,12000,12000,1,4798,4
0,0,4,12000,0,263,103.389,0.0638,38.7788,0.2184,91.788,51.9646,5,12000,12000,1,6068,4
0,0,4,12000,0,264,114.45,0.103,55.8817,0.2306,97.1678,40.1508,6,12000,12000,1,6212,4
0,0,4,12000,0,265,105.603,0.1102,55.8486,0.2433,93.4292,36.5856,7,12000,12000,1,7793,4
0,0,4,12000,0,266,93.8751,0.0643,44.6897,0.1741,82.0139,36.4336,6,12000,12000,1,8083,4
0,0,4,12000,0,267,83.9553,0.0603,34.2602,0.2027,72.9093,37.6738,6,12000,12000,1,6062,4
0,0,4,12000,0,268,77.6531,0.0651,28.3442,0.189,66.9024,37.6919,5,12000,12000,1,5324,4
0,0,4,12000,0,269,70.5028,0.0474,24.7272,0.2418,59.4835,33.8879,4,12000,12000,1,4835,4
0,0,4,12000,0,270,68.9062,0.0388,22.8064,0.1839,58.0012,34.2437,4,12000,12000,1,3639,4
0,0,4,12000,0,271,78.4123,0.0683,28.2219,0.2377,67.6387,38.4897,5,12000,12000,1,4297,4
0,0,4,12000,0,272,85.2878,0.0509,31.6876,0.192,73.4265,40.8114,4,12000,12000,1,5904,4
0,0,4,12000,0,273,78.8859,0.0512,29.4322,0.1804,67.4831,37.2328,5,12000,12000,1,4316,4
0,0,4,12000,0,274,78.3512,0.05,31.7438,0.1821,67.2504,34.6469,5,12000,12000,1,5664,4
0,0,4,12000,0,275,81.2038,0.0516,35.1027,0.1916,70.2988,34.3202,5,12000,12000,1,6651,4
0,0,4,12000,0,276,80.0208,0.0484,31.1163,0.1771,68.6711,36.5826,5,12000,12000,1,5475,4
0,0,4,12000,0,277,78.5064,0.0572,31.4148,0.1749,67.4796,35.2428,5,12000,12000,1,5457,4
0,0,4,12000,0,278,72.1091,0.0367,26.6391,0.1914,61.402,33.8301,4,12000,12000,1,4350,4
0,0,4,12000,0,279,77.5899,0.08,30.2137,0.1749,65.9378,34.8914,5,12000,12000,1,4280,4
0,0,4,12000,0,280,73.6809,0.0475,26.5945,0.2009,62.9208,35.4909,4,12000,12000,1,4773,4
0,0,4,12000,0,281,73.9817,0.0618,27.5849,0.2073,62.2279,33.7771,5,12000,12000,1,3821,4
0,0,4,12000,0,282,71.1642,0.0385,25.3234,0.2176,60.0787,33.7918,4,12000,12000,1,5151,4
0,0,4,12000,0,283,71.772,0.0666,24.9535,0.1801,59.9381,34.0854,4,12000,12000,1,4086,4
0,0,4,12000,0,284,73.7307,0.0516,26.203,0.1717,62.5884,35.5887,5,12000,12000,1,3306,4
0,0,4,12000,0,285,71.688,0.0448,26.3986,0.1851,60.5922,33.3696,4,12000,12000,1,5281,4
0,0,4,12000,0,286,68.1019,0.0628,22.4328,0.1741,57.0727,33.5953,4,12000,12000,1,3530,4
0,0,4,12000,0,287,69.1507,0.0416,23.1505,0.1644,58.3418,34.383,4,12000,12000,1,3743,4
0,0,4,12000,0,288,74.4619,0.0764,27.933,0.1784,64.0427,35.2331,5,12000,12000,1,3716,4
0,0,4,12000,0,289,74.3073,0.046,25.9404,0.2034,62.6202,35.7732,4,12000,12000,1,5000,4
0,0,4,12000,0,290,74.8103,0.057,28.3837,0.2425,62.821,33.4249,5,12000,12000,1,4350,4
0,0,4,12000,0,291,86.7687,0.0821,36.647,0.196,75.6208,38.0187,4,12000,12000,1,5263,4
0,0,4,12000,0,292,76.8522,0.046,29.9353,0.1878,65.733,34.9344,5,12000,12000,1,4522,4
0,0,4,12000,0,293,76.0477,0.0734,28.4815,0.1873,64.4896,35.0478,5,12000,12000,1,4503,4
0,0,4,12000,0,294,75.8979,0.0659,28.0355,0.1753,64.392,35.4714,4,12000,12000,1,5832,4
0,0,4,12000,0,295,79.8827,0.049,26.4765,0.1813,68.0965,40.7492,5,12000,12000,1,3568,4
0,0,4,12000,0,296,81.4698,0.0654,31.7917,0.2621,70.6146,37.7862,5,12000,12000,1,4652,4
0,0,4,12000,0,297,77.7542,0.0483,30.5768,0.1721,66.316,34.8968,5,12000,12000,1,4870,4
0,0,4,12000,0,298,75.2106,0.0504,26.7019,0.1718,63.0503,35.5202,4,12000,12000,1,4533,4
0,0,4,12000,0,299,80.1715,0.0579,28.8381,0.1694,68.5552,38.8429,5,12000,12000,1,3877,4
0,0,4,12000,0,300,83.4507,0.0844,31.1504,0.1881,70.3725,38.2772,5,12000,12000,1,4717,4
0,0,4,12000,0,301,82.8588,0.0684,34.3819,0.1714,71.2374,35.9932,5,12000,12000,1,5825,4
0,0,4,12000,0,302,81.5602,0.0627,32.3886,0.1807,71.0177,37.7501,5,12000,12000,1,5571,4
0,0,4,12000,0,303,71.8843,0.0552,25.8538,0.1755,60.4805,33.8281,4,12000,12000,1,5083,4
0,0,4,12000,0,304,78.4669,0.0621,28.5649,0.1931,66.8491,37.4495,5,12000,12000,1,4206,4
0,0,4,12000,0,305,77.1803,0.0747,29.4691,0.2009,66.2841,35.8463,5,12000,12000,1,4536,4
0,0,4,12000,0,306,76.9226,0.0633,27.1954,0.1818,65.0022,36.9941,4,12000,12000,1,4923,4
0,0,4,12000,0,307,74.3542,0.0535,25.6083,0.2298,62.9369,36.4909,5,12000,12000,1,3552,4
0,0,4,12000,0,308,72.6084,0.0452,24.9398,0.1853,61.5878,35.8372,4,12000,12000,1,4579,4
0,0,4,12000,0,309,75.8157,0.0535,27.4191,0.1808,64.7433,36.5109,5,12000,12000,1,4032,4
0,0,4,12000,0,310,73.3103,0.0448,24.7956,0.1796,62.642,37.0686,4,12000,12000,1,4817,4
0,0,4,12000,0,311,72.8874,0.0759,28.2218,0.1852,61.2548,32.1789,5,12000,12000,1,4454,4
0,0,4,12000,0,312,73.0618,0.0379,25.9873,0.1751,62.1731,35.3816,4,12000,12000,1,4924,4
0,0,4,12000,0,313,71.2925,0.0377,22.895,0.1854,60.3125,36.6311,4,12000,12000,1,3476,4
0,0,4,12000,0,314,79.9745,0.072,28.9854,0.1849,68.6829,38.8385,5,12000,12000,1,4518,4
0,0,4,12000,0,315,74.2869,0.0423,27.5493,0.1846,63.1904,34.7801,4,12000,12000,1,5954,4
0,0,4,12000,0,316,75.7676,0.0511,29.0873,0.2342,64.6652,34.6741,5,12000,12000,1,4503,4
0,0,4,12000,0,317,72.5489,0.0452,24.9973,0.2045,61.6167,35.7073,4,12000,12000,1,4466,4
0,0,4,12000,0,318,76.2245,0.0488,26.8488,0.176,64.2566,36.6054,5,12000,12000,1,4204,4
0,0,4,12000,0,319,72.6748,0.0688,24.8962,0.1678,61.2275,35.4913,4,12000,12000,1,4995,4
0,0,4,12000,0,320,75.6032,0.0668,27.8082,0.2011,64.6953,35.9605,5,12000,12000,1,4092,4
0,0,4,12000,0,321,74.2617,0.0433,25.0053,0.2183,62.6333,36.6953,4,12000,12000,1,4473,4
0,0,4,12000,0,322,92.6292,0.2326,35.1377,0.1857,72.9696,36.8004,5,12000,12000,1,4123,4
0,0,4,12000,0,323,77.4479,0.0571,29.3368,0.1881,66.4253,36.2229,5,12000,12000,1,5498,4
0,0,4,12000,0,324,76.7791,0.0404,27.7632,0.214,66.1304,37.4529,5,12000,12000,1,4169,4
0,0,4,12000,0,325,74.5364,0.0593,25.1247,0.1827,62.8274,36.847,4,12000,12000,1,4062,4
0,0,4,12000,0,326,76.3674,0.0527,26.4236,0.1827,64.8421,37.5872,5,12000,12000,1,3720,4
0,0,4,12000,0,327,77.6958,0.0543,28.1768,0.1728,66.1012,37.1123,5,12000,12000,1,4622,4
0,0,4,12000,0,328,72.3621,0.054,25.5518,0.195,60.7106,34.2993,4,12000,12000,1,4882,4
0,0,4,12000,0,329,72.8428,0.0471,27.721,0.1934,62.0622,33.4312,5,12000,12000,1,4160,4
0,0,4,12000,0,330,70.6782,0.0612,24.4963,0.179,60.3904,35.0677,4,12000,12000,1,4563,4
0,0,4,12000,0,331,73.0003,0.0603,25.112,0.1687,62.1325,36.1058,4,12000,12000,1,3912,4
0,0,4,12000,0,332,77.1832,0.0518,31.5245,0.1758,65.9007,33.5858,5,12000,12000,1,4901,4
0,0,4,12000,0,333,70.3654,0.0437,24.9581,0.1846,58.648,32.8298,4,12000,12000,1,4902,4
0,0,4,12000,0,334,70.4296,0.0438,22.1006,0.1774,59.4438,36.5529,4,12000,12000,1,3490,4
0,0,4,12000,0,335,77.8587,0.0569,27.4464,0.1986,66.3035,38.0241,5,12000,12000,1,4487,4
0,0,4,12000,0,336,76.6737,0.0484,28.4712,0.1732,65.2577,35.9845,4,12000,12000,1,6178,4
0,0,4,12000,0,337,73.2714,0.0756,25.5984,0.1983,62.268,35.73,5,12000,12000,1,3568,4
0,0,4,12000,0,338,72.3794,0.0456,22.9353,0.1769,60.6031,36.8614,4,12000,12000,1,4161,4
0,0,4,12000,0,339,72.1916,0.0724,27.9469,0.1757,61.2095,32.42,5,12000,12000,1,4318,4
0,0,4,12000,0,340,74.9123,0.0452,26.6192,0.1595,63.991,36.4143,4,12000,12000,1,4871,4
0,0,4,12000,0,341,68.2606,0.0552,23.0639,0.1965,56.71,32.7596,4,12000,12000,1,3442,4
0,0,4,12000,0,342,76.5058,0.0614,28.0162,0.1943,65.1659,36.2373,5,12000,12000,1,3986,4
0,0,4,12000,0,343,68.9193,0.0477,23.622,0.1763,57.6221,33.1732,4,12000,12000,1,4437,4
0,0,4,12000,0,344,68.6674,0.0374,24.2869,0.1831,57.9034,32.7446,4,12000,12000,1,4203,4
0,0,4,12000,0,345,69.965,0.0479,23.2769,0.1776,59.2772,35.1956,4,12000,12000,1,3769,4
0,0,4,12000,0,346,75.0327,0.0463,26.6989,0.1788,63.5944,36.0713,5,12000,12000,1,4141,4
0,0,4,12000,0,347,69.9856,0.0532,25.4978,0.1791,58.8689,32.5474,4,12000,12000,1,5101,4
0,0,4,12000,0,348,72.2431,0.0427,23.3688,0.1912,60.4394,36.2556,4,12000,12000,1,4263,4
0,0,4,12000,0,349,77.1464,0.0796,28.3598,0.222,65.1431,35.8342,5,12000,12000,1,4422,4
0,0,4,12000,0,350,75.2119,0.042,25.1031,0.1807,63.7316,37.8025,4,12000,12000,1,4756,4
0,0,4,12000,0,351,78.4052,0.0523,27.9117,0.17,65.5504,36.8457,5,12000,12000,1,4199,4
0,0,4,12000,0,352,71.2489,0.0448,23.5051,0.1787,60.2066,35.9054,4,12000,12000,1,4333,4
0,0,4,12000,0,353,75.2237,0.063,28.5508,0.1853,64.0121,34.5952,5,12000,12000,1,4804,4
0,0,4,12000,0,354,78.5198,0.0539,28.4126,0.1989,67.0212,37.715,4,12000,12000,1,5213,4
0,0,4,12000,0,355,73.8853,0.0518,27.7935,0.1724,62.4355,33.8421,5,12000,12000,1,4632,4
0,0,4,12000,0,356,76.2835,0.0403,25.953,0.1978,65.7484,38.9471,4,12000,12000,1,4902,4
0,0,4,12000,0,357,75.0825,0.0589,24.9932,0.1786,64.0306,38.1831,5,12000,12000,1,3552,4
0,0,4,12000,0,358,70.5061,0.0409,24.9457,0.2061,59.0054,33.181,4,12000,12000,1,4557,4
0,0,4,12000,0,359,74.3393,0.0451,27.1343,0.1833,63.8594,35.8616,5,12000,12000,1,3632,4
0,0,4,12000,0,360,71.7314,0.0431,25.3187,0.1585,60.4996,34.3376,4,12000,12000,1,4850,4
0,0,4,12000,0,361,68.1925,0.0518,22.4278,0.1771,57.011,33.7447,4,12000,12000,1,3546,4
0,0,4,12000,0,362,74.9027,0.0546,27.3323,0.1879,63.1207,34.7665,5,12000,12000,1,4122,4
0,0,4,12000,0,363,70.7077,0.0427,24.6135,0.1738,59.57,34.1737,4,12000,12000,1,5041,4
0,0,4,12000,0,364,71.9707,0.0394,26.1036,0.1997,60.6905,33.705,4,12000,12000,1,4193,4
0,0,4,12000,0,365,76.4,0.0646,28.1461,0.1765,65.3288,36.2851,5,12000,12000,1,4284,4
0,0,4,12000,0,366,73.324,0.054,26.6614,0.1978,61.3259,33.863,4,12000,12000,1,5507,4
0,0,4,12000,0,367,72.4348,0.0552,27.2186,0.1918,61.1195,32.9697,5,12000,12000,1,4234,4
0,0,4,12000,0,368,71.7829,0.0415,26.1014,0.2105,60.9201,33.8544,4,12000,12000,1,4827,4
0,0,4,12000,0,369,80.0248,0.0505,28.9526,0.2364,69.4054,39.2695,4,12000,12000,1,4326,4
0,0,4,12000,0,370,73.1999,0.0599,27.3109,0.1704,62.4244,34.2926,5,12000,12000,1,3875,4
0,0,4,12000,0,371,72.8373,0.0344,26.2764,0.1708,61.031,33.9717,4,12000,12000,1,5304,4
0,0,4,12000,0,372,76.9051,0.0638,28.5256,0.1746,65.3224,35.9565,5,12000,12000,1,4340,4
0,0,4,12000,0,373,77.1166,0.0722,28.5028,0.2187,64.4996,34.7839,4,12000,12000,1,4623,4
0,0,4,12000,0,374,76.2986,0.0529,28.2502,0.1923,62.9899,33.9478,5,12000,12000,1,4251,4
0,0,4,12000,0,375,77.186,0.0505,30.6743,0.1711,65.7505,34.2686,5,12000,12000,1,6310,4
0,0,4,12000,0,376,72.9548,0.058,26.0337,0.1631,61.6147,34.7771,4,12000,12000,1,4912,4
0,0,4,12000,0,377,73.2646,0.0493,28.1208,0.1788,62.4881,33.5784,5,12000,12000,1,4664,4
0,0,4,12000,0,378,71.1922,0.0635,26.4661,0.1697,60.2384,32.9552,4,12000,12000,1,5015,4
0,0,4,12000,0,379,75.5859,0.056,27.918,0.1875,63.6335,34.8523,4,12000,12000,1,3723,4
0,0,4,12000,0,380,75.719,0.0807,27.9337,0.2438,63.2747,34.4243,5,12000,12000,1,4213,4
0,0,4,12000,0,381,70.5396,0.0523,24.9747,0.208,59.4566,33.4524,4,12000,12000,1,4603,4
0,0,4,12000,0,382,77.102,0.0508,28.206,0.1844,65.5483,36.518,5,12000,12000,1,4671,4
0,0,4,12000,0,383,71.7487,0.0417,25.5903,0.2334,61.1372,34.6008,4,12000,12000,1,4660,4
0,0,4,12000,0,384,72.0584,0.0543,26.1753,0.1689,61.2524,34.289,5,12000,12000,1,4189,4
0,0,4,12000,0,385,81.4668,0.0469,31.2434,0.1917,70.4213,38.1866,4,12000,12000,1,5331,4
0,0,4,12000,0,386,77.7161,0.0455,29.643,0.1894,66.6715,36.1704,5,12000,12000,1,4040,4
0,0,4,12000,0,387,75.7835,0.0557,25.0351,0.1944,64.4484,38.4666,4,12000,12000,1,4417,4
0,0,4,12000,0,388,72.0241,0.0518,27.0471,0.244,60.8128,32.897,5,12000,12000,1,4010,4
0,0,4,12000,0,389,68.7213,0.0384,23.2038,0.172,57.691,33.7017,4,12000,12000,1,4086,4
0,0,4,12000,0,390,68.8187,0.0379,24.3629,0.1785,58.2154,33.0442,4,12000,12000,1,3908,4
0,0,4,12000,0,391,72.6645,0.0592,27.1649,0.2638,61.401,33.3326,5,12000,12000,1,4213,4
0,0,4,12000,0,392,72.1838,0.0446,25.1669,0.1999,60.542,34.5782,4,12000,12000,1,4626,4
0,0,4,12000,0,393,70.759,0.0542,23.8203,0.2203,59.9224,35.2434,4,12000,12000,1,3588,4
0,0,4,12000,0,394,69.7799,0.0592,22.9403,0.1696,58.8443,35.1263,4,12000,12000,1,3724,4
0,0,4,12000,0,395,72.5729,0.0494,27.3257,0.239,61.1543,32.9715,5,12000,12000,1,3947,4
0,0,4,12000,0,396,77.1077,0.0612,29.061,0.1733,65.8559,35.9761,4,12000,12000,1,4889,4
0,0,4,12000,0,397,72.7099,0.0438,26.526,0.1626,62.0851,34.7521,5,12000,12000,1,3692,4
0,0,4,12000,0,398,69.8771,0.0421,24.2776,0.1895,57.9804,32.8066,4,12000,12000,1,4531,4
0,0,4,12000,0,399,74.2004,0.0398,25.8691,0.1729,63.1605,36.4836,4,12000,12000,1,4994,4
0,0,4,12000,0,400,83.1502,0.0643,32.2498,0.2332,67.4917,34.3229,5,12000,12000,1,4760,4
0,0,4,12000,0,401,76.8081,0.0467,31.6243,0.1711,65.6413,33.1959,5,12000,12000,1,5533,4
0,0,4,12000,0,402,71.7283,0.0391,25.3842,0.1809,59.8392,33.5957,4,12000,12000,1,4661,4
0,0,4,12000,0,403,72.846,0.0444,28.1599,0.1661,62.051,33.0926,5,12000,12000,1,4399,4
0,0,4,12000,0,404,74.609,0.0675,27.1893,0.2096,62.6804,34.5572,4,12000,12000,1,4816,4
0,0,4,12000,0,405,73.7427,0.0599,27.8142,0.1846,62.9565,34.3005,4,12000,12000,1,5305,4
0,0,4,12000,0,406,75.3799,0.0472,28.5799,0.1791,64.3098,34.8596,5,12000,12000,1,4100,4
0,0,4,12000,0,407,73.9459,0.0461,27.4539,0.1761,63.1329,34.8919,4,12000,12000,1,5512,4
0,0,4,12000,0,408,83.9893,0.0618,35.2759,0.2155,72.8553,36.5716,5,12000,12000,1,3900,4
0,0,4,12000,0,409,81.1522,0.0577,33.6182,0.1818,69.8838,35.4091,5,12000,12000,1,6177,4
0,0,4,12000,0,410,77.7902,0.0456,31.9094,0.1809,67.1201,34.388,5,12000,12000,1,5592,4
0,0,4,12000,0,411,74.3009,0.0419,27.158,0.1697,63.363,35.3221,4,12000,12000,1,5128,4
0,0,4,12000,0,412,73.9224,0.0499,28.5561,0.1866,62.8898,33.4397,5,12000,12000,1,4211,4
0,0,4,12000,0,413,72.5667,0.0403,27.1048,0.3201,61.4537,33.3976,4,12000,12000,1,5604,4
0,0,4,12000,0,414,77.1018,0.0825,30.6821,0.1768,65.7678,34.208,5,12000,12000,1,4624,4
0,0,4,12000,0,415,71.9973,0.0366,25.3911,0.1683,60.9857,34.8231,4,12000,12000,1,4344,4
0,0,4,12000,0,416,73.3879,0.0551,27.3581,0.1785,62.4196,34.2505,5,12000,12000,1,3678,4
0,0,4,12000,0,417,71.1722,0.0414,24.9696,0.1818,60.1294,34.2025,4,12000,12000,1,4674,4
0,0,4,12000,0,418,69.394,0.042,23.8957,0.1741,58.2914,33.6065,4,12000,12000,1,3923,4
0,0,4,12000,0,419,71.6899,0.044,24.7929,0.1771,60.723,35.1189,4,12000,12000,1,4356,4
0,0,4,12000,0,420,74.0762,0.0595,28.637,0.2278,63.1156,33.5135,5,12000,12000,1,4255,4
0,0,4,12000,0,421,70.9846,0.0378,26.1241,0.1798,60.445,33.5273,4,12000,12000,1,5235,4
0,0,4,12000,0,422,68.3938,0.0418,23.5821,0.1874,58.0888,33.688,4,12000,12000,1,3825,4
0,0,4,12000,0,423,71.6824,0.0464,24.0768,0.1832,60.4301,35.4706,4,12000,12000,1,3800,4
0,0,4,12000,0,424,78.4909,0.0524,31.9895,0.177,67.3451,34.4922,5,12000,12000,1,4229,4
0,0,4,12000,0,425,78.1312,0.0568,29.919,0.1741,67.0758,36.3471,5,12000,12000,1,4963,4
0,0,4,12000,0,426,72.2559,0.0428,26.4976,0.1733,60.8242,33.5486,4,12000,12000,1,5260,4
0,0,4,12000,0,427,75.4782,0.0465,27.5718,0.1719,64.5642,36.1289,5,12000,12000,1,3929,4
0,0,4,12000,0,428,74.3227,0.0518,25.7133,0.1859,63.1528,36.6206,4,12000,12000,1,4573,4
0,0,4,12000,0,429,74.6166,0.0665,27.9184,0.1933,63.6827,34.8924,5,12000,12000,1,3770,4
0,0,4,12000,0,430,77.6591,0.0368,28.468,0.1797,65.1712,35.8348,4,12000,12000,1,5893,4
0,0,4,12000,0,431,82.9864,0.0868,36.0756,0.2057,72.126,34.9715,5,12000,12000,1,3862,4
0,0,4,12000,0,432,79.0678,0.0565,33.4748,0.2108,67.7555,33.3967,5,12000,12000,1,5632,4
0,0,4,12000,0,433,73.4456,0.038,26.7247,0.1764,62.6077,35.0158,4,12000,12000,1,5193,4
0,0,4,12000,0,434,75.3789,0.0529,26.9827,0.197,63.7814,35.9107,5,12000,12000,1,3660,4
0,0,4,12000,0,435,72.6387,0.0487,27.6318,0.1668,62.1474,33.7557,4,12000,12000,1,5046,4
0,0,4,12000,0,436,75.4076,0.0439,27.86,0.2392,64.7277,35.7409,5,12000,12000,1,3900,4
0,0,4,12000,0,437,78.8993,0.0401,28.5347,0.2003,67.549,38.1035,4,12000,12000,1,4990,4
0,0,4,12000,0,438,74.6117,0.0479,27.5287,0.1834,64.1311,35.7728,5,12000,12000,1,3901,4
0,0,4,12000,0,439,71.5283,0.0465,26.5798,0.1678,60.3681,32.9874,4,12000,12000,1,4471,4
0,0,4,12000,0,440,76.5245,0.4166,27.4835,0.1676,65.7413,37.0865,5,12000,12000,1,3834,4
0,0,4,12000,0,441,76.1239,0.0587,29.9137,0.2121,63.4484,32.5989,4,12000,12000,1,5115,4
0,0,4,12000,0,442,79.0991,0.0447,31.3076,0.1823,68.19,36.0649,5,12000,12000,1,4260,4
0,0,4,12000,0,443,77.8359,0.0465,30.8893,0.2323,66.4362,34.6374,5,12000,12000,1,5398,4
0,0,4,12000,0,444,86.0325,0.0541,31.4948,0.1938,70.9047,38.5203,4,12000,12000,1,4423,4
0,0,4,12000,0,445,77.9372,0.0586,30.2408,0.1818,66.5801,35.5258,5,12000,12000,1,4571,4
0,0,4,12000,0,446,75.1476,0.0533,28.3638,0.1777,63.0994,33.9252,5,12000,12000,1,4491,4
0,0,4,12000,0,447,75.1487,0.0527,29.9164,0.1958,63.9906,33.1883,5,12000,12000,1,5340,4
0,0,4,12000,0,448,74.0806,0.0395,27.1033,0.1783,63.3821,35.4801,4,12000,12000,1,4480,4
0,0,4,12000,0,449,76.2384,0.0653,29.4415,0.1833,65.469,35.1246,5,12000,12000,1,4503,4
0,0,4,12000,0,450,77.5018,0.0394,26.739,0.2112,66.0889,38.4617,4,12000,12000,1,4781,4
0,0,4,12000,0,451,76.5308,0.0496,27.4024,0.1772,64.6415,36.4385,5,12000,12000,1,3889,4
0,0,4,12000,0,452,72.8191,0.0404,26.2522,0.1829,62.0789,35.0119,4,12000,12000,1,4771,4
0,0,4,12000,0,453,75.7393,0.067,29.9298,0.2027,64.1759,33.2803,5,12000,12000,1,4431,4
0,0,4,12000,0,454,71.0741,0.0398,23.2477,0.1766,60.6037,36.5616,4,12000,12000,1,3670,4
0,0,4,12000,0,455,75.6078,0.0433,27.8828,0.2292,64.6096,35.882,5,12000,12000,1,4002,4
0,0,4,12000,0,456,71.2154,0.0472,26.7615,0.1887,60.2147,32.5653,4,12000,12000,1,5165,4
0,0,4,12000,0,457,71.4673,0.0358,24.4517,0.1754,60.3913,35.1052,4,12000,12000,1,4077,4
0,0,4,12000,0,458,75.243,0.0891,27.1914,0.1792,63.9327,35.8971,5,12000,12000,1,3880,4
0,0,4,12000,0,459,71.4186,0.0348,26.0117,0.1616,60.7028,33.9009,4,12000,12000,1,4255,4
0,0,4,12000,0,460,74.7281,0.0549,25.2135,0.1969,62.5263,36.4129,4,12000,12000,1,3771,4
0,0,4,12000,0,461,74.4763,0.0487,28.8098,0.1872,62.9763,33.2963,5,12000,12000,1,4127,4
0,0,4,12000,0,462,73.6533,0.0619,26.2904,0.1653,62.9182,35.7385,4,12000,12000,1,4096,4
0,0,4,12000,0,463,83.864,0.069,31.2487,0.2062,69.7268,36.6885,5,12000,12000,1,4542,4
0,0,4,12000,0,464,78.9765,0.0522,29.9728,0.1896,67.6341,36.7628,5,12000,12000,1,5149,4
0,0,4,12000,0,465,72.7883,0.047,28.9681,0.1782,61.6979,31.8725,5,12000,12000,1,4713,4
0,0,4,12000,0,466,70.1706,0.0411,26.0458,0.172,59.7325,32.9188,4,12000,12000,1,4943,4
0,0,4,12000,0,467,69.8951,0.0531,23.2424,0.1745,59.4803,35.3946,4,12000,12000,1,3883,4
0,0,4,12000,0,468,70.6941,0.0498,23.8315,0.1741,59.8058,35.1845,4,12000,12000,1,3497,4
0,0,4,12000,0,469,73.8212,0.0511,29.551,0.1731,62.6787,32.3114,5,12000,12000,1,4717,4
0,0,4,12000,0,470,75.0347,0.0693,28.5073,0.1653,63.4945,34.1272,4,12000,12000,1,5309,4
0,0,4,12000,0,471,74.658,0.0462,30.1096,0.1652,64.0527,33.1512,5,12000,12000,1,4564,4
0,0,4,12000,0,472,72.4476,0.0658,27.5743,0.1791,61.3959,32.983,4,12000,12000,1,5398,4
0,0,4,12000,0,473,71.2632,0.0398,24.6103,0.166,60.5436,35.1475,4,12000,12000,1,3936,4
0,0,4,12000,0,474,76.9357,0.0557,28.4112,0.1702,65.5954,36.4087,5,12000,12000,1,4304,4
0,0,4,12000,0,475,73.1978,0.0469,25.4778,0.1989,62.0005,35.6784,4,12000,12000,1,4837,4
0,0,4,12000,0,476,73.8647,0.0553,27.1845,0.2569,62.4836,34.2547,5,12000,12000,1,3648,4
0,0,4,12000,0,477,73.1802,0.0413,24.3765,0.2048,61.5584,36.306,4,12000,12000,1,4067,4
0,0,4,12000,0,478,76.5013,0.0476,26.1462,0.1849,65.0795,38.1442,4,12000,12000,1,3671,4
0,0,4,12000,0,479,74.2662,0.0608,28.9477,0.1794,63.1839,33.4113,5,12000,12000,1,4302,4
0,0,4,12000,0,480,75.8217,0.0544,30.4645,0.1704,64.605,33.3568,5,12000,12000,1,5507,4
0,0,4,12000,0,481,73.0409,0.0629,25.0326,0.1973,62.0553,35.7712,4,12000,12000,1,3924,4
0,0,4,12000,0,482,72.5793,0.0694,24.6418,0.2136,61.6561,36.0807,4,12000,12000,1,4073,4
0,0,4,12000,0,483,75.3593,0.0732,27.5028,0.1944,64.0669,35.6606,5,12000,12000,1,3693,4
0,0,4,12000,0,484,71.8985,0.0409,26.5272,0.2047,60.8111,33.4395,4,12000,12000,1,4131,4
0,0,4,12000,0,485,73.7658,0.0467,28.1021,0.1845,62.6665,33.7325,5,12000,12000,1,4161,4
0,0,4,12000,0,486,76.1765,0.0421,27.3097,0.1854,64.6944,36.5353,4,12000,12000,1,6112,4
0,0,4,12000,0,487,77.2274,0.0569,29.361,0.1952,66.6149,36.3382,5,12000,12000,1,4341,4
0,0,4,12000,0,488,74.8041,0.0397,26.8352,0.1938,63.2754,35.621,4,12000,12000,1,4860,4
0,0,4,12000,0,489,73.9008,0.0725,26.7873,0.1878,62.1396,34.496,5,12000,12000,1,3537,4
0,0,4,12000,0,490,73.6114,0.0454,25.6691,0.1681,62.3432,35.8569,4,12000,12000,1,4764,4
0,0,4,12000,0,491,75.3845,0.0509,30.1969,0.1733,64.2911,33.2545,5,12000,12000,1,4541,4
0,0,4,12000,0,492,72.6741,0.0431,27.4394,0.172,61.7431,33.5205,4,12000,12000,1,5171,4
0,0,4,12000,0,493,70.9963,0.0378,22.7391,0.1653,60.3125,36.7886,4,12000,12000,1,3091,4
0,0,4,12000,0,494,75.2296,0.051,29.795,0.1874,63.7516,33.0479,5,12000,12000,1,5141,4
0,0,4,12000,0,495,73.5629,0.0603,28.6874,0.1805,62.6108,33.058,4,12000,12000,1,5949,4
0,0,4,12000,0,496,76.1796,0.0502,29.2882,0.1805,65.4603,35.3015,5,12000,12000,1,4318,4
0,0,4,12000,0,497,74.8899,0.0421,27.2094,0.1721,63.6887,35.6354,4,12000,12000,1,4937,4
0,0,4,12000,0,498,76.7906,0.0563,31.3106,0.1965,64.793,32.6311,5,12000,12000,1,4617,4
0,0,4,12000,0,499,77.6609,0.0447,31.5601,0.173,66.1676,33.7481,4,12000,12000,1,4800,4
0,0,4,12000,0,500,76.7277,0.0509,29.528,0.1886,65.1758,34.7106,5,12000,12000,1,3895,4
0,0,4,12000,0,501,76.5337,0.0517,29.3388,0.1745,65.3943,35.2793,5,12000,12000,1,4967,4
0,0,4,12000,0,502,70.5741,0.0592,25.6686,0.1698,59.6151,33.1788,4,12000,12000,1,4338,4
0,0,4,12000,0,503,74.5473,0.0641,27.1854,0.1834,62.765,34.6117,4,12000,12000,1,3699,4
0,0,4,12000,0,504,78.1928,0.0528,31.5282,0.1746,66.6696,34.3167,5,12000,12000,1,4484,4
0,0,4,12000,0,505,78.9557,0.0571,33.4919,0.2057,68.2553,33.8485,5,12000,12000,1,5471,4
0,0,4,12000,0,506,73.0565,0.0402,25.8012,0.1767,61.8085,35.1774,4,12000,12000,1,4760,4
0,0,4,12000,0,507,75.9039,0.0519,27.4307,0.1811,64.2668,35.9607,5,12000,12000,1,4275,4
0,0,4,12000,0,508,74.0906,0.0494,27.9446,0.166,62.4848,33.7149,4,12000,12000,1,4550,4
0,0,4,12000,0,509,74.5086,0.0645,27.7094,0.1741,62.8462,34.2873,5,12000,12000,1,3980,4
0,0,4,12000,0,510,85.5974,0.0369,27.4164,0.1693,74.5007,46.2505,4,12000,12000,1,5284,4
0,0,4,12000,0,511,79.0866,0.0445,31.0171,0.1713,67.6598,35.8615,5,12000,12000,1,4629,4
0,0,4,12000,0,512,74.7169,0.0597,29.4382,0.228,63.752,33.4038,5,12000,12000,1,4712,4
0,0,4,12000,0,513,76.7582,0.0523,30.4504,0.192,65.3953,34.0629,5,12000,12000,1,5247,4
0,0,4,12000,0,514,75.1565,0.0543,26.853,0.1841,63.0508,35.3464,4,12000,12000,1,4894,4
0,0,4,12000,0,515,72.343,0.059,28.0076,0.1731,61.2276,32.3965,5,12000,12000,1,3518,4
0,0,4,12000,0,516,76.9961,0.0692,26.2286,0.2069,65.6416,38.4883,4,12000,12000,1,4359,4
0,0,4,12000,0,517,77.3897,0.0551,29.6049,0.1733,65.9602,35.5469,5,12000,12000,1,4619,4
0,0,4,12000,0,518,75.04,0.0453,26.8408,0.1658,62.8537,35.2301,4,12000,12000,1,4764,4
0,0,4,12000,0,519,75.35,0.0439,30.6188,0.1668,64.5735,33.1768,5,12000,12000,1,4560,4
0,0,4,12000,0,520,77.0889,0.065,29.947,0.1739,64.8461,34.0754,4,12000,12000,1,5569,4
0,0,4,12000,0,521,78.771,0.0521,30.9001,0.1661,67.407,35.6694,5,12000,12000,1,4582,4
0,0,4,12000,0,522,104.084,0.0646,40.8716,0.1992,76.4074,34.6848,6,12000,12000,1,6933,4
0,0,4,12000,0,523,80.8014,0.0599,33.7427,0.1821,69.3726,34.7981,5,12000,12000,1,5904,4
0,0,4,12000,0,524,81.5805,0.0605,34.8061,0.1731,69.5118,33.8727,5,12000,12000,1,5526,4
0,0,4,12000,0,525,80.6909,0.0543,34.1258,0.182,69.2161,34.2576,5,12000,12000,1,5599,4
0,0,4,12000,0,526,74.4204,0.0455,27.3046,0.1705,62.5156,34.3833,4,12000,12000,1,4751,4
0,0,4,12000,0,527,77.5379,0.0498,29.425,0.1771,65.2566,35.0326,5,12000,12000,1,3959,4
0,0,4,12000,0,528,77.1443,0.0532,30.101,0.173,64.9241,34.0358,5,12000,12000,1,5146,4
0,0,4,12000,0,529,76.5786,0.0617,28.0727,0.2974,64.7925,35.5945,4,12000,12000,1,4579,4
0,0,4,12000,0,530,76.0095,0.0531,30.0256,0.2925,64.8708,33.8955,5,12000,12000,1,4356,4
0,0,4,12000,0,531,73.2115,0.0393,27.8886,0.1767,62.2995,33.5813,4,12000,12000,1,4877,4
0,0,4,12000,0,532,74.9022,0.0559,28.08,0.1578,63.7801,34.933,5,12000,12000,1,3665,4
0,0,4,12000,0,533,74.3554,0.0404,27.8674,0.1631,62.8681,34.1698,4,12000,12000,1,4568,4
0,0,4,12000,0,534,76.1803,0.053,29.1013,0.1741,63.256,33.3361,5,12000,12000,1,4397,4
0,0,4,12000,0,535,71.092,0.0331,24.6709,0.1865,60.4319,34.9271,4,12000,12000,1,3953,4
0,0,4,12000,0,536,74.9015,0.0579,28.8551,0.2378,63.9537,34.2298,5,12000,12000,1,4687,4
0,0,4,12000,0,537,71.6273,0.0472,26.3405,0.1872,60.3804,33.2019,4,12000,12000,1,4882,4
0,0,4,12000,0,538,71.5647,0.0589,25.3109,0.1755,60.8524,34.7402,4,12000,12000,1,4254,4
0,0,4,12000,0,539,75.4577,0.0664,28.9821,0.2099,64.7335,34.7191,5,12000,12000,1,4373,4
0,0,4,12000,0,540,75.8817,0.0418,27.6829,0.1766,64.0552,35.5557,4,12000,12000,1,4889,4
0,0,4,12000,0,541,75.9491,0.076,29.9256,0.1682,64.2729,33.5105,5,12000,12000,1,4539,4
0,0,4,12000,0,542,71.5354,0.0416,24.3856,0.1743,60.7201,35.465,4,12000,12000,1,4412,4
0,0,4,12000,0,543,73.7629,0.0605,28.9878,0.166,63.3958,33.6201,5,12000,12000,1,4018,4
0,0,4,12000,0,544,71.1407,0.04,24.8955,0.1671,60.1489,34.4583,4,12000,12000,1,4625,4
0,0,4,12000,0,545,70.1789,0.0458,23.542,0.2038,58.7389,34.3399,4,12000,12000,1,3381,4
0,0,4,12000,0,546,70.2945,0.0428,25.5731,0.1756,59.3337,32.9375,4,12000,12000,1,4250,4
0,0,4,12000,0,547,74.9712,0.0454,30.217,0.1869,63.9673,32.9341,5,12000,12000,1,4509,4
0,0,4,12000,0,548,72.4095,0.0342,26.3674,0.1702,60.8755,33.7441,4,12000,12000,1,4442,4
0,0,4,12000,0,549,74.0155,0.0633,28.6548,0.1748,63.2681,33.7984,5,12000,12000,1,3861,4
0,0,4,12000,0,550,71.8371,0.063,25.0616,0.2025,60.4881,34.5909,4,12000,12000,1,4115,4
1,1,4,12000,0,151,47.2003,0.0143,2.2649,0.1578,36.3215,33.314,3,12000,12000,1,996,4
1,1,4,12000,0,152,49.7147,0.0146,2.4272,0.1724,38.7062,35.4794,3,12000,12000,1,1003,4
1,1,4,12000,0,153,48.741,0.0132,2.274,0.1974,38.4248,35.4313,3,12000,12000,1,972,4
1,1,4,12000,0,154,55.2368,0.0258,2.5283,0.201,44.587,41.2093,3,12000,12000,1,873,4
1,1,4,12000,0,155,52.3037,0.0158,2.1537,0.2418,37.6159,34.6923,3,12000,12000,1,886,4
1,1,4,12000,0,156,51.1304,0.0127,2.3466,0.1872,39.9046,36.6954,3,12000,12000,1,930,4
1,1,4,12000,0,157,49.6018,0.0136,2.4362,0.1805,37.2591,34.013,3,12000,12000,1,1017,4
1,1,4,12000,0,158,49.3395,0.0142,2.2182,0.1841,38.0811,35.0608,3,12000,12000,1,1127,4
1,1,4,12000,0,159,53.2985,0.0171,2.5575,0.1717,40.3265,36.9385,3,12000,12000,1,1182,4
1,1,4,12000,0,160,51.0596,0.0128,2.4635,0.1876,39.1585,35.898,3,12000,12000,1,1313,4
1,1,4,12000,0,161,50.9818,0.0262,2.9307,0.1644,39.9404,36.3107,4,12000,12000,1,1281,4
1,1,4,12000,0,162,49.9941,0.016,2.9684,0.1792,39.029,35.338,3,12000,12000,1,1639,4
1,1,4,12000,0,163,50.8186,0.0124,2.784,0.1687,38.8222,35.2524,3,12000,12000,1,1662,4
1,1,4,12000,0,164,49.171,0.0151,3.0218,0.1787,37.6455,33.8284,3,12000,12000,1,1811,4
1,1,4,12000,0,165,50.0897,0.0291,3.0729,0.1879,38.9974,35.181,3,12000,12000,1,1619,4
1,1,4,12000,0,166,50.8887,0.0193,3.924,0.1933,40.193,35.0701,3,12000,12000,1,1775,4
1,1,4,12000,0,167,55.148,0.0138,5.1138,0.185,43.0869,37.0963,3,12000,12000,1,2206,4
1,1,4,12000,0,168,55.0633,0.0152,4.2143,0.1999,43.849,38.8705,3,12000,12000,1,2212,4
1,1,4,12000,0,169,55.2943,0.0172,3.915,0.2503,43.0517,38.3637,3,12000,12000,1,2358,4
1,1,4,12000,0,170,49.1822,0.0201,3.9055,0.1744,37.8216,33.2409,4,12000,12000,1,2656,4
1,1,4,12000,0,171,51.664,0.0171,4.5984,0.17,39.6163,34.3332,3,12000,12000,1,2834,4
1,1,4,12000,0,172,51.6628,0.0156,4.6106,0.1621,40.5096,35.2044,3,12000,12000,1,3243,4
1,1,4,12000,0,173,51.6671,0.0148,4.2927,0.1678,39.5287,34.5322,3,12000,12000,1,3032,4
1,1,4,12000,0,174,52.9157,0.0132,5.2686,0.1743,41.5064,35.4049,3,12000,12000,1,2919,4
1,1,4,12000,0,175,57.6568,0.0168,5.247,0.1835,44.2988,38.2268,3,12000,12000,1,3237,4
1,1,4,12000,0,176,55.5293,0.0168,6.5097,0.1994,43.2681,35.9975,4,12000,12000,1,3239,4
1,1,4,12000,0,177,53.7673,0.0219,4.8467,0.1609,41.5524,36.0621,3,12000,12000,1,3302,4
1,1,4,12000,0,178,53.6114,0.0145,5.3884,0.1686,41.7133,35.5926,3,12000,12000,1,4082,4
1,1,4,12000,0,179,51.8475,0.0192,5.2544,0.1651,41.124,35.2128,3,12000,12000,1,3542,4
1,1,4,12000,0,180,52.3068,0.0128,5.2176,0.1808,40.3735,34.3727,3,12000,12000,1,3485,4
1,1,4,12000,0,181,52.1334,0.0125,5.2661,0.1657,40.9812,35.0481,4,12000,12000,1,3770,4
1,1,4,12000,0,182,51.9675,0.0149,5.6648,0.1597,41.176,34.8022,3,12000,12000,1,3892,4
1,1,4,12000,0,183,54.1224,0.0245,5.8886,0.6493,42.6382,35.4431,3,12000,12000,1,4940,4
1,1,4,12000,0,184,53.2789,0.0155,6.0057,0.1708,42.3283,35.5715,3,12000,12000,1,4040,4
1,1,4,12000,0,185,52.5499,0.0143,5.6311,0.1635,41.0528,34.6692,3,12000,12000,1,3991,4
1,1,4,12000,0,186,55.1745,0.0134,6.449,0.1756,42.8627,35.7275,3,12000,12000,1,4016,4
1,1,4,12000,0,187,54.8555,0.0173,5.6575,0.1757,43.0904,36.765,4,12000,12000,1,4251,4
1,1,4,12000,0,188,51.9833,0.0184,5.7784,0.1827,40.5845,34.1677,3,12000,12000,1,4094,4
1,1,4,12000,0,189,52.3417,0.0137,6.392,0.1722,40.8255,33.779,3,12000,12000,1,4672,4
1,1,4,12000,0,190,52.619,0.0135,5.8969,0.1659,41.3217,34.6934,3,12000,12000,1,4388,4
1,1,4,12000,0,191,53.9182,0.0308,6.0061,0.18,43.4276,36.6633,3,12000,12000,1,3835,4
1,1,4,12000,0,192,56.8432,0.0206,5.7774,0.2554,45.4888,38.8266,4,12000,12000,1,3596,4
1,1,4,12000,0,193,53.9754,0.0159,5.8341,0.1783,42.8228,36.1985,3,12000,12000,1,3489,4
1,1,4,12000,0,194,50.6545,0.0145,5.5406,0.1719,39.3477,33.0813,3,12000,12000,1,4648,4
1,1,4,12000,0,195,55.7765,0.0175,5.6745,0.178,44.7804,38.3448,3,12000,12000,1,3712,4
1,1,4,12000,0,196,55.7232,0.0162,5.3389,0.1637,44.4406,38.3411,4,12000,12000,1,3880,4
1,1,4,12000,0,197,52.1073,0.0191,5.6255,0.1682,40.2941,33.9743,3,12000,12000,1,3653,4
1,1,4,12000,0,198,56.5509,0.0164,5.9649,0.1911,45.3873,38.6505,3,12000,12000,1,4300,4
1,1,4,12000,0,199,54.9613,0.0145,5.7364,0.1967,43.7796,37.211,4,12000,12000,1,3510,4
1,1,4,12000,0,200,55.85,0.0164,6.4694,0.1848,44.6975,37.5179,3,12000,12000,1,3702,4
1,1,4,12000,0,201,53.9862,0.0142,5.7683,0.1691,43.0464,36.552,3,12000,12000,1,3893,4
1,1,4,12000,0,202,51.3778,0.0184,5.3627,0.1786,40.6704,34.6107,3,12000,12000,1,3595,4
1,1,4,12000,0,203,52.9759,0.012,5.2831,0.1791,41.6752,35.6785,3,12000,12000,1,3582,4
1,1,4,12000,0,204,51.3379,0.0167,5.1374,0.1655,40.0926,34.2715,4,12000,12000,1,3163,4
1,1,4,12000,0,205,52.8908,0.0173,5.2772,0.1756,41.3868,35.3369,3,12000,12000,1,3388,4
1,1,4,12000,0,206,57.1464,0.0135,5.8201,0.1863,45.8026,39.2338,3,12000,12000,1,3917,4
1,1,4,12000,0,207,52.6602,0.0152,5.1492,0.1815,40.3051,34.4106,3,12000,12000,1,3119,4
1,1,4,12000,0,208,52.1055,0.0158,4.7465,0.1757,40.5652,35.122,3,12000,12000,1,2967,4
1,1,4,12000,0,209,52.2382,0.0178,5.0387,0.1902,40.8611,35.0083,4,12000,12000,1,2982,4
1,1,4,12000,0,210,53.9147,0.0136,4.7103,0.1792,42.6563,37.1942,3,12000,12000,1,2735,4
1,1,4,12000,0,211,54.4984,0.0184,4.4064,0.1807,43.2714,38.0634,3,12000,12000,1,2785,4
1,1,4,12000,0,212,53.0947,0.016,4.071,0.1592,42.2017,37.4102,3,12000,12000,1,2214,4
1,1,4,12000,0,213,51.4893,0.0137,3.9397,0.1823,40.4541,35.7149,3,12000,12000,1,2140,4
1,1,4,12000,0,214,53.6466,0.0679,4.0285,0.1956,41.4562,36.6563,4,12000,12000,1,2086,4
1,1,4,12000,0,215,55.857,0.0325,3.6819,0.185,44.7605,40.2737,3,12000,12000,1,1998,4
1,1,4,12000,0,216,53.1431,0.0158,3.8851,0.1933,41.8999,37.1757,3,12000,12000,1,1948,4
1,1,4,12000,0,217,52.1422,0.0153,3.3696,0.1767,40.7609,36.5976,3,12000,12000,1,1910,4
1,1,4,12000,0,218,52.4499,0.0207,3.5562,0.1851,41.4099,37.1189,3,12000,12000,1,1944,4
1,1,4,12000,0,219,53.643,0.0163,3.5598,0.177,42.1978,37.9316,4,12000,12000,1,1688,4
1,1,4,12000,0,220,52.0066,0.0167,3.5188,0.1795,41.2099,36.9298,3,12000,12000,1,1892,4
1,1,4,12000,0,221,49.0786,0.0233,3.5166,0.1614,37.5881,33.4082,3,12000,12000,1,2066,4
1,1,4,12000,0,222,67.2897,0.0354,3.7145,0.1959,40.6626,36.1604,4,12000,12000,1,1922,4
1,1,4,12000,0,223,49.067,0.0175,3.7855,0.173,38.3621,33.8508,3,12000,12000,1,2144,4
1,1,4,12000,0,224,50.1286,0.0126,3.5817,0.1726,39.6081,35.2112,3,12000,12000,1,2417,4
1,1,4,12000,0,225,52.0238,0.0163,3.679,0.1803,39.5524,35.1044,3,12000,12000,1,2190,4
1,1,4,12000,0,226,53.6646,0.0142,4.0878,0.1721,42.552,37.749,3,12000,12000,1,2608,4
1,1,4,12000,0,227,54.2151,0.0242,4.0658,0.2309,41.3929,36.4743,3,12000,12000,1,2407,4
1,1,4,12000,0,228,53.2324,0.0147,4.2148,0.1947,42.1192,37.1691,3,12000,12000,1,2531,4
1,1,4,12000,0,229,61.8328,0.0217,4.5401,0.189,46.6797,41.3455,4,12000,12000,1,2755,4
1,1,4,12000,0,230,53.1164,0.0397,4.343,0.172,42.0498,36.9838,3,12000,12000,1,2676,4
1,1,4,12000,0,231,50.5774,0.0163,4.3802,0.159,39.6536,34.5406,4,12000,12000,1,3497,4
1,1,4,12000,0,232,53.058,0.0146,4.8055,0.1773,41.9801,36.4342,3,12000,12000,1,2962,4
1,1,4,12000,0,233,59.2617,0.021,5.3648,0.1885,47.6066,41.395,3,12000,12000,1,3077,4
1,1,4,12000,0,234,52.7912,0.0212,4.5383,0.1729,40.9604,35.6685,3,12000,12000,1,2878,4
1,1,4,12000,0,235,53.7278,0.0125,4.8643,0.1808,43.1165,37.5499,3,12000,12000,1,2889,4
1,1,4,12000,0,236,51.3198,0.0142,5.3506,0.1663,40.4539,34.3793,4,12000,12000,1,3312,4
1,1,4,12000,0,237,56.505,0.0131,5.4615,0.18,44.6567,38.4175,3,12000,12000,1,3516,4
1,1,4,12000,0,238,50.635,0.0123,5.07,0.1626,39.2459,33.4572,3,12000,12000,1,3568,4
1,1,4,12000,0,239,51.8005,0.0162,4.7748,0.1706,40.335,34.9016,3,12000,12000,1,3191,4
1,1,4,12000,0,240,53.3246,0.0154,5.06,0.183,41.7528,35.9543,3,12000,12000,1,3439,4
1,1,4,12000,0,241,54.335,0.0144,5.0057,0.1955,43.1709,37.398,3,12000,12000,1,2869,4
1,1,4,12000,0,242,53.2511,0.0152,4.6712,0.1833,42.2424,36.8465,4,12000,12000,1,2618,4
1,1,4,12000,0,243,52.8251,0.0157,5.0829,0.2117,40.3426,34.3485,3,12000,12000,1,3008,4
1,1,4,12000,0,244,50.6827,0.0147,4.9249,0.1746,39.5298,33.8423,3,12000,12000,1,3794,4
1,1,4,12000,0,245,51.2215,0.0119,5.1415,0.1689,40.4525,34.5434,3,12000,12000,1,3104,4
1,1,4,12000,0,246,53.0171,0.02,4.705,0.1616,41.1528,35.7085,3,12000,12000,1,3287,4
1,1,4,12000,0,247,52.7969,0.0135,5.0277,0.1708,41.2286,35.5062,3,12000,12000,1,3443,4
1,1,4,12000,0,248,50.6682,0.0187,4.541,0.1586,39.7146,34.439,4,12000,12000,1,3301,4
1,1,4,12000,0,249,54.8435,0.0144,6.2768,0.1864,43.6348,36.58,3,12000,12000,1,3710,4
1,1,4,12000,0,250,54.2838,0.0148,5.2602,0.1769,42.8628,36.9079,3,12000,12000,1,4151,4
1,1,4,12000,0,251,56.7677,0.0265,4.9487,0.1662,43.8134,38.1364,3,12000,12000,1,3532,4
1,1,4,12000,0,252,55.7074,0.0163,5.3568,0.1987,45.0192,38.6594,4,12000,12000,1,3595,4
1,1,4,12000,0,253,54.9381,0.0171,5.2093,0.1899,43.8899,37.8815,3,12000,12000,1,3222,4
1,1,4,12000,0,254,54.3057,0.0138,5.5654,0.1883,43.1066,36.7256,3,12000,12000,1,3805,4
1,1,4,12000,0,255,54.646,0.0127,5.2538,0.1914,43.6841,37.6462,3,12000,12000,1,3437,4
1,1,4,12000,0,256,54.1619,0.0271,5.1385,0.1746,42.8489,37.0117,4,12000,12000,1,3267,4
1,1,4,12000,0,257,56.1013,0.0127,5.5388,0.1876,44.0061,37.7227,3,12000,12000,1,3374,4
1,1,4,12000,0,258,56.937,0.0251,5.8389,0.1779,44.9512,38.3005,3,12000,12000,1,4106,4
1,1,4,12000,0,259,55.1618,0.0206,5.3987,0.2356,42.4105,36.2484,4,12000,12000,1,3721,4
1,1,4,12000,0,260,57.3789,0.0211,5.0859,0.1704,45.3702,39.6002,3,12000,12000,1,3243,4
1,1,4,12000,0,261,52.2213,0.0171,4.9755,0.1725,41.4399,35.8075,4,12000,12000,1,3866,4
1,1,4,12000,0,262,55.1485,0.0149,5.7294,0.1807,43.4302,36.9906,3,12000,12000,1,3652,4
1,1,4,12000,0,263,55.2423,0.019,5.5268,0.268,43.8413,37.2205,3,12000,12000,1,4244,4
1,1,4,12000,0,264,53.3765,0.0172,5.6817,0.1772,41.4383,34.9992,3,12000,12000,1,3746,4
1,1,4,12000,0,265,53.9422,0.0148,5.5319,0.1826,41.9346,35.6727,3,12000,12000,1,3797,4
1,1,4,12000,0,266,54.0811,0.0163,5.5006,0.1809,43.1815,36.9645,4,12000,12000,1,3500,4
1,1,4,12000,0,267,53.3065,0.0164,5.2777,0.1718,40.8495,34.8517,3,12000,12000,1,3608,4
1,1,4,12000,0,268,53.8521,0.0158,5.8749,0.1624,42.661,36.0925,3,12000,12000,1,4216,4
1,1,4,12000,0,269,54.7942,0.0158,5.568,0.1769,43.7832,37.4732,3,12000,12000,1,3329,4
1,1,4,12000,0,270,51.6833,0.0141,4.4029,0.1713,40.5019,35.298,4,12000,12000,1,2866,4
1,1,4,12000,0,271,53.0825,0.0158,5.4024,0.1801,42.3276,36.2385,3,12000,12000,1,3350,4
1,1,4,12000,0,272,56.0038,0.0146,5.3278,0.1897,45.0507,38.9947,3,12000,12000,1,3393,4
1,1,4,12000,0,273,54.7172,0.0169,5.0077,0.1604,43.8084,38.0933,3,12000,12000,1,3269,4
1,1,4,12000,0,274,51.2703,0.0244,5.1517,0.17,39.7725,33.9374,4,12000,12000,1,3409,4
1,1,4,12000,0,275,53.0923,0.0178,4.7756,0.1696,42.1947,36.6869,3,12000,12000,1,3041,4
1,1,4,12000,0,276,55.0023,0.0177,5.1481,0.1691,43.9431,38.0184,3,12000,12000,1,3600,4
1,1,4,12000,0,277,55.0756,0.0137,4.8081,0.178,43.6028,38.0131,3,12000,12000,1,2871,4
1,1,4,12000,0,278,52.8674,0.0249,4.3174,0.1735,41.2796,36.2341,4,12000,12000,1,2820,4
1,1,4,12000,0,279,52.6785,0.0307,4.9697,0.1746,42.0486,36.3342,3,12000,12000,1,2842,4
1,1,4,12000,0,280,52.7105,0.0158,5.1629,0.1825,42.0573,36.1803,3,12000,12000,1,3406,4
1,1,4,12000,0,281,49.4272,0.0181,4.1563,0.2132,38.2053,33.3668,3,12000,12000,1,2690,4
1,1,4,12000,0,282,50.1456,0.0365,4.1644,0.1616,38.8914,33.9713,3,12000,12000,1,2655,4
1,1,4,12000,0,283,51.0693,0.0206,4.4587,0.1695,40.1513,34.9204,3,12000,12000,1,2820,4
1,1,4,12000,0,284,50.4247,0.0116,4.0935,0.1782,39.4829,34.663,3,12000,12000,1,2402,4
1,1,4,12000,0,285,51.7873,0.0207,4.3331,0.1857,40.1461,35.0522,3,12000,12000,1,2797,4
1,1,4,12000,0,286,49.8159,0.0272,4.1809,0.1746,39.112,34.1701,3,12000,12000,1,2785,4
1,1,4,12000,0,287,51.885,0.0151,4.5412,0.1797,40.4374,35.1385,3,12000,12000,1,2739,4
1,1,4,12000,0,288,50.8699,0.0108,4.1569,0.1635,39.5793,34.6826,3,12000,12000,1,2760,4
1,1,4,12000,0,289,50.2317,0.0338,4.1787,0.1618,39.3404,34.4145,3,12000,12000,1,2596,4
1,1,4,12000,0,290,50.9726,0.0258,4.396,0.2734,40.0951,34.7874,3,12000,12000,1,2906,4
1,1,4,12000,0,291,53.2579,0.0205,4.828,0.1609,42.7933,37.1828,3,12000,12000,1,2801,4
1,1,4,12000,0,292,51.0014,0.2561,4.0899,0.1623,39.7279,34.6214,4,12000,12000,1,2594,4
1,1,4,12000,0,293,54.3982,0.0156,5.1182,0.1889,42.8874,37.0046,3,12000,12000,1,2948,4
1,1,4,12000,0,294,53.0782,0.0157,4.8235,0.1952,41.8725,36.3066,3,12000,12000,1,3063,4
1,1,4,12000,0,295,56.5576,0.0152,5.0509,0.1881,45.1056,39.2886,3,12000,12000,1,2627,4
1,1,4,12000,0,296,53.9561,0.0181,4.7929,0.1868,42.9205,37.3975,3,12000,12000,1,2868,4
1,1,4,12000,0,297,55.3986,0.0218,5.2009,0.1966,43.1637,37.1932,4,12000,12000,1,3264,4
1,1,4,12000,0,298,56.5553,0.0165,5.5791,0.2472,44.6256,38.0832,3,12000,12000,1,2929,4
1,1,4,12000,0,299,59.2254,0.0161,5.0764,0.1904,46.7884,40.947,3,12000,12000,1,3121,4
1,1,4,12000,0,300,55.1465,0.0179,4.7663,0.1891,42.6213,37.1122,4,12000,12000,1,2716,4
1,1,4,12000,0,301,52.8759,0.0152,4.2709,0.1701,41.1878,36.1918,3,12000,12000,1,2636,4
1,1,4,12000,0,302,51.1247,0.0136,4.3506,0.1889,39.2691,34.1133,4,12000,12000,1,3102,4
1,1,4,12000,0,303,55.3489,0.0213,5.1506,0.1842,43.9024,38.0159,3,12000,12000,1,2920,4
1,1,4,12000,0,304,53.9014,0.0162,4.6776,0.1714,42.8007,37.4207,3,12000,12000,1,3398,4
1,1,4,12000,0,305,51.4013,0.0132,4.6644,0.1767,40.7818,35.3306,3,12000,12000,1,2916,4
1,1,4,12000,0,306,52.5901,0.0157,4.4134,0.1613,40.8856,35.7316,3,12000,12000,1,2933,4
1,1,4,12000,0,307,54.6632,0.0132,5.1323,0.1863,43.1538,37.3085,3,12000,12000,1,3322,4
1,1,4,12000,0,308,52.8327,0.0169,5.0097,0.1922,42.0091,36.2215,4,12000,12000,1,2920,4
1,1,4,12000,0,309,57.879,0.0145,5.9365,0.2068,46.401,39.5992,3,12000,12000,1,3006,4
1,1,4,12000,0,310,68.7012,0.0176,6.7596,0.3086,56.0263,48.093,3,12000,12000,1,3074,4
1,1,4,12000,0,311,54.5923,0.0223,4.4993,0.171,40.5207,35.3384,4,12000,12000,1,2855,4
1,1,4,12000,0,312,53.5647,0.0173,4.5798,0.1678,42.5403,37.2708,4,12000,12000,1,2828,4
1,1,4,12000,0,313,53.7383,0.0156,5.3044,0.1815,42.6502,36.6071,3,12000,12000,1,3455,4
1,1,4,12000,0,314,52.7765,0.019,5.1079,0.1867,41.8694,36.0475,3,12000,12000,1,3751,4
1,1,4,12000,0,315,51.6705,0.0139,5.0699,0.1674,41.1035,35.3299,3,12000,12000,1,3171,4
1,1,4,12000,0,316,53.426,0.0151,4.9257,0.1797,41.7375,36.0958,3,12000,12000,1,2855,4
1,1,4,12000,0,317,52.809,0.0142,4.59,0.1706,41.2991,36.0178,4,12000,12000,1,2981,4
1,1,4,12000,0,318,52.8486,0.0142,4.9295,0.1638,41.6492,36.0132,3,12000,12000,1,2959,4
1,1,4,12000,0,319,53.0504,0.0154,5.3657,0.166,41.2853,35.1377,3,12000,12000,1,3612,4
1,1,4,12000,0,320,52.7916,0.0167,4.6379,0.1604,41.058,35.6833,3,12000,12000,1,2902,4
1,1,4,12000,0,321,52.564,0.0156,4.9788,0.1878,41.0083,35.258,3,12000,12000,1,2870,4
1,1,4,12000,0,322,51.8737,0.026,4.7448,0.1834,40.8459,35.3113,3,12000,12000,1,2846,4
1,1,4,12000,0,323,52.8955,0.0161,4.284,0.1952,41.5429,36.479,4,12000,12000,1,2580,4
1,1,4,12000,0,324,53.8448,0.0264,4.9632,0.1814,43.2025,37.5054,3,12000,12000,1,2879,4
1,1,4,12000,0,325,53.9691,0.0153,4.7032,0.182,42.4012,36.9308,3,12000,12000,1,2982,4
1,1,4,12000,0,326,53.4963,0.0116,4.5511,0.1868,42.3378,37.0762,3,12000,12000,1,2586,4
1,1,4,12000,0,327,51.8421,0.012,4.3464,0.1871,40.7825,35.6659,3,12000,12000,1,2614,4
1,1,4,12000,0,328,50.6054,0.0179,4.5674,0.169,39.6501,34.3405,3,12000,12000,1,2868,4
1,1,4,12000,0,329,52.3217,0.0232,4.9402,0.1836,40.288,34.579,4,12000,12000,1,2855,4
1,1,4,12000,0,330,51.4347,0.0131,4.5484,0.1603,40.8288,35.5384,3,12000,12000,1,2927,4
1,1,4,12000,0,331,53.3385,0.0125,5.426,0.184,42.1238,35.9585,3,12000,12000,1,4062,4
1,1,4,12000,0,332,52.093,0.0186,5.3177,0.1707,40.7898,34.7881,3,12000,12000,1,3309,4
1,1,4,12000,0,333,53.8323,0.015,4.7161,0.161,41.0001,35.5456,3,12000,12000,1,3194,4
1,1,4,12000,0,334,51.432,0.0174,5.5294,0.1861,40.071,33.7298,3,12000,12000,1,4019,4
1,1,4,12000,0,335,51.4032,0.0132,4.8899,0.1688,40.1383,34.5193,3,12000,12000,1,2976,4
1,1,4,12000,0,336,52.5408,0.0228,4.9754,0.1714,41.3887,35.6483,3,12000,12000,1,3172,4
1,1,4,12000,0,337,52.51,0.02,4.9824,0.1768,40.9801,35.2855,4,12000,12000,1,3290,4
1,1,4,12000,0,338,51.2439,0.0176,5.0014,0.2378,39.7346,33.9428,3,12000,12000,1,3101,4
1,1,4,12000,0,339,51.434,0.0136,5.1201,0.1682,40.3506,34.53,3,12000,12000,1,3711,4
1,1,4,12000,0,340,52.2329,0.0154,5.1188,0.1837,40.6962,34.8304,3,12000,12000,1,3551,4
1,1,4,12000,0,341,52.103,0.0133,5.6226,0.1729,41.1849,34.8848,3,12000,12000,1,3870,4
1,1,4,12000,0,342,52.4654,0.0144,5.355,0.1793,41.5194,35.4398,3,12000,12000,1,3348,4
1,1,4,12000,0,343,53.5139,0.0143,5.5143,0.1659,42.3572,36.1455,3,12000,12000,1,3397,4
1,1,4,12000,0,344,51.5969,0.0182,4.7418,0.1607,40.8004,35.3958,4,12000,12000,1,3212,4
1,1,4,12000,0,345,51.353,0.0122,5.0724,0.1673,40.8814,35.1121,3,12000,12000,1,3132,4
1,1,4,12000,0,346,52.9223,0.0132,4.9978,0.1759,40.5708,34.915,3,12000,12000,1,3543,4
1,1,4,12000,0,347,51.3619,0.0218,4.6808,0.1588,39.9258,34.5298,3,12000,12000,1,3252,4
1,1,4,12000,0,348,50.8226,0.0154,4.8035,0.1688,39.7803,34.2054,3,12000,12000,1,3003,4
1,1,4,12000,0,349,51.2697,0.0115,4.6785,0.1649,39.8611,34.4506,3,12000,12000,1,2980,4
1,1,4,12000,0,350,51.3484,0.027,5.0358,0.1681,40.7049,34.8925,3,12000,12000,1,3130,4
1,1,4,12000,0,351,51.7824,0.0141,4.7217,0.1739,39.755,34.2738,3,12000,12000,1,3237,4
1,1,4,12000,0,352,61.2423,0.0131,5.4268,0.1828,49.5928,43.3815,3,12000,12000,1,3319,4
1,1,4,12000,0,353,51.6013,0.022,4.9615,0.1673,40.5072,34.7896,4,12000,12000,1,3493,4
1,1,4,12000,0,354,53.2448,0.0137,5.2808,0.2842,41.7968,35.6239,3,12000,12000,1,3322,4
1,1,4,12000,0,355,56.2754,0.0205,6.0323,0.178,43.8911,37.1106,3,12000,12000,1,4634,4
1,1,4,12000,0,356,54.8859,0.0155,5.4896,0.1679,42.849,36.6775,4,12000,12000,1,3678,4
1,1,4,12000,0,357,50.7523,0.0149,5.2322,0.1645,40.1412,34.251,3,12000,12000,1,3354,4
1,1,4,12000,0,358,51.8733,0.0142,5.4103,0.1673,40.5315,34.4157,3,12000,12000,1,4228,4
1,1,4,12000,0,359,52.0262,0.0152,5.5639,0.1724,40.9707,34.6422,3,12000,12000,1,3295,4
1,1,4,12000,0,360,52.7002,0.0268,4.4987,0.1595,41.9385,36.6846,3,12000,12000,1,2858,4
1,1,4,12000,0,361,51.6522,0.0306,4.4083,0.1643,40.0487,34.9129,3,12000,12000,1,3047,4
1,1,4,12000,0,362,51.7616,0.0161,5.2605,0.1632,41.2053,35.2781,3,12000,12000,1,2769,4
1,1,4,12000,0,363,53.1075,0.0225,4.7376,0.1695,42.2177,36.7481,4,12000,12000,1,2770,4
1,1,4,12000,0,364,52.9758,0.0164,5.0789,0.1732,41.4758,35.7116,3,12000,12000,1,2963,4
1,1,4,12000,0,365,54.288,0.0177,5.049,0.1627,43.8928,38.1878,3,12000,12000,1,3396,4
1,1,4,12000,0,366,53.046,0.0126,4.7182,0.1638,41.0682,35.6436,3,12000,12000,1,3595,4
1,1,4,12000,0,367,51.185,0.0156,4.9841,0.1766,40.1933,34.4382,3,12000,12000,1,3289,4
1,1,4,12000,0,368,53.3564,0.018,5.2351,0.1626,41.8903,35.8982,3,12000,12000,1,3363,4
1,1,4,12000,0,369,54.6157,0.0238,5.1691,0.1835,42.9657,37.0643,4,12000,12000,1,3231,4
1,1,4,12000,0,370,52.0875,0.0326,5.546,0.1729,40.3506,34.0817,3,12000,12000,1,3228,4
1,1,4,12000,0,371,53.074,0.0144,5.9062,0.1852,42.3002,35.609,3,12000,12000,1,4729,4
1,1,4,12000,0,372,53.4725,0.0131,5.4387,0.1643,42.1002,35.8905,3,12000,12000,1,3697,4
1,1,4,12000,0,373,53.4336,0.0148,5.6134,0.1715,42.143,35.7519,3,12000,12000,1,3622,4
1,1,4,12000,0,374,52.1503,0.1624,5.0108,0.1673,40.6808,34.8407,4,12000,12000,1,3474,4
1,1,4,12000,0,375,55.0928,0.0154,6.0851,0.1868,43.8897,37.0669,3,12000,12000,1,4016,4
1,1,4,12000,0,376,55.8812,0.014,5.9354,0.2148,43.9821,37.2296,3,12000,12000,1,4901,4
1,1,4,12000,0,377,51.6023,0.0161,5.6698,0.1771,40.8423,34.457,3,12000,12000,1,3772,4
1,1,4,12000,0,378,54.1321,0.0225,5.152,0.1949,42.7462,36.7855,4,12000,12000,1,3247,4
1,1,4,12000,0,379,56.4189,0.0135,5.3094,0.1831,44.6949,38.6175,3,12000,12000,1,3551,4
1,1,4,12000,0,380,55.5025,0.0155,6.1116,0.1872,44.8586,37.8405,3,12000,12000,1,4708,4
1,1,4,12000,0,381,55.1204,0.018,5.8515,0.1902,43.9709,37.43,4,12000,12000,1,3845,4
1,1,4,12000,0,382,56.6332,0.0131,5.8154,0.1791,45.0328,38.5245,3,12000,12000,1,3744,4
1,1,4,12000,0,383,55.4676,0.0152,5.8006,0.1846,43.9327,37.3431,3,12000,12000,1,4454,4
1,1,4,12000,0,384,53.8077,0.0233,6.0989,0.1688,42.665,35.8516,4,12000,12000,1,4070,4
1,1,4,12000,0,385,54.9751,0.0171,5.8548,0.1853,43.4927,36.8272,3,12000,12000,1,3654,4
1,1,4,12000,0,386,54.7252,0.0129,5.5467,0.1697,43.1182,36.8945,3,12000,12000,1,4458,4
1,1,4,12000,0,387,53.7514,0.0152,5.3974,0.1833,42.6561,36.5054,3,12000,12000,1,3364,4
1,1,4,12000,0,388,55.5337,0.0133,5.8065,0.1857,43.7698,37.2605,4,12000,12000,1,3743,4
1,1,4,12000,0,389,56.1631,0.0145,5.5436,0.1884,44.6775,38.3432,3,12000,12000,1,3752,4
1,1,4,12000,0,390,53.5327,0.0235,6.3912,0.1866,42.4491,35.2683,3,12000,12000,1,4798,4
1,1,4,12000,0,391,55.4696,0.0143,5.6123,0.2144,43.8678,37.446,4,12000,12000,1,3527,4
1,1,4,12000,0,392,59.1027,0.0171,5.8907,0.1838,48.1044,41.4001,3,12000,12000,1,3710,4
1,1,4,12000,0,393,56.1098,0.0139,5.7098,0.1779,44.5271,38.1082,3,12000,12000,1,4060,4
1,1,4,12000,0,394,55.7601,0.0133,5.6379,0.1838,43.3196,36.9717,4,12000,12000,1,3477,4
1,1,4,12000,0,395,53.6526,0.0178,5.2232,0.1796,42.9517,37.002,3,12000,12000,1,3223,4
1,1,4,12000,0,396,56.383,0.024,6.4494,0.1827,44.8293,37.535,3,12000,12000,1,4687,4
1,1,4,12000,0,397,53.9115,0.0152,5.8322,0.1777,42.4478,35.9088,4,12000,12000,1,3919,4
1,1,4,12000,0,398,52.3602,0.0204,5.6162,0.169,41.4091,35.1077,3,12000,12000,1,3867,4
1,1,4,12000,0,399,52.1181,0.0158,5.8175,0.1747,41.3344,34.8323,3,12000,12000,1,4107,4
1,1,4,12000,0,400,52.4492,0.0205,5.2849,0.1754,41.5958,35.5575,3,12000,12000,1,3298,4
1,1,4,12000,0,401,54.8574,0.0156,5.0099,0.1987,43.504,37.7065,3,12000,12000,1,3198,4
1,1,4,12000,0,402,53.5078,0.0366,4.7258,0.1672,42.3721,36.8774,4,12000,12000,1,3206,4
1,1,4,12000,0,403,55.0504,0.0146,5.4566,0.1667,44.0904,37.8885,3,12000,12000,1,3063,4
1,1,4,12000,0,404,54.3865,0.0157,5.4968,0.1836,43.5257,37.2976,3,12000,12000,1,3992,4
1,1,4,12000,0,405,55.8893,0.0135,5.4095,0.1887,44.8159,38.6743,3,12000,12000,1,3358,4
1,1,4,12000,0,406,55.9216,0.0162,5.4084,0.1904,44.5324,38.3571,4,12000,12000,1,3343,4
1,1,4,12000,0,407,54.7832,0.0164,5.5689,0.1686,42.9998,36.6485,3,12000,12000,1,3207,4
1,1,4,12000,0,408,54.9033,0.0142,5.5032,0.186,43.3046,37.0597,3,12000,12000,1,3684,4
1,1,4,12000,0,409,67.6602,0.013,5.3786,0.1806,56.0995,49.9593,4,12000,12000,1,3257,4
1,1,4,12000,0,410,56.5872,0.0151,5.3763,0.175,45.4725,39.3984,4,12000,12000,1,3387,4
1,1,4,12000,0,411,55.4867,0.018,5.7272,0.18,44.458,38.0114,3,12000,12000,1,4081,4
1,1,4,12000,0,412,54.7439,0.0129,6.0017,0.1901,43.6462,36.9011,3,12000,12000,1,4074,4
1,1,4,12000,0,413,54.9286,0.0184,5.492,0.1858,43.5709,37.3097,4,12000,12000,1,3375,4
1,1,4,12000,0,414,52.656,0.0152,5.5516,0.1611,41.2575,35.0381,3,12000,12000,1,3595,4
1,1,4,12000,0,415,53.7176,0.0167,5.8003,0.1714,41.7654,35.1824,3,12000,12000,1,4193,4
1,1,4,12000,0,416,55.6096,0.0152,5.5366,0.1964,43.9214,37.6267,3,12000,12000,1,3300,4
1,1,4,12000,0,417,55.5036,0.0174,5.8399,0.2035,44.3913,37.7329,4,12000,12000,1,3318,4
1,1,4,12000,0,418,60.4101,0.0211,6.2124,0.1939,48.3774,41.3696,3,12000,12000,1,3593,4
1,1,4,12000,0,419,55.8414,0.0169,5.498,0.174,43.6462,37.3699,4,12000,12000,1,4087,4
1,1,4,12000,0,420,54.6349,0.0194,5.5784,0.4062,43.1575,36.1911,3,12000,12000,1,3523,4
1,1,4,12000,0,421,55.2938,0.0155,5.8886,0.17,43.611,36.9466,3,12000,12000,1,4222,4
1,1,4,12000,0,422,57.4168,0.0157,6.795,0.2094,44.5311,36.7339,4,12000,12000,1,3472,4
1,1,4,12000,0,423,54.9774,0.0132,5.4379,0.187,43.4876,37.1921,3,12000,12000,1,3077,4
1,1,4,12000,0,424,57.0544,0.0164,5.6835,0.2015,44.5776,38.0172,3,12000,12000,1,3642,4
1,1,4,12000,0,425,59.4298,0.0151,5.5206,0.1898,47.7483,41.4139,4,12000,12000,1,3234,4
1,1,4,12000,0,426,58.1264,0.0188,5.7341,0.1842,46.7016,40.1377,3,12000,12000,1,3303,4
1,1,4,12000,0,427,55.854,0.0235,5.5351,0.1842,44.196,37.9285,4,12000,12000,1,3442,4
1,1,4,12000,0,428,62.0204,0.0139,5.5361,0.1686,50.105,43.8813,3,12000,12000,1,3237,4
1,1,4,12000,0,429,54.1426,0.0155,5.5589,0.1822,42.4808,36.2298,4,12000,12000,1,3470,4
1,1,4,12000,0,430,54.1961,0.0151,5.4687,0.188,43.2303,37.0014,3,12000,12000,1,3061,4
1,1,4,12000,0,431,55.3534,0.0161,5.226,0.1934,44.2738,38.3008,3,12000,12000,1,3195,4
1,1,4,12000,0,432,55.5143,0.0163,4.6245,0.1793,44.645,39.2763,4,12000,12000,1,2753,4
1,1,4,12000,0,433,56.8279,0.0256,5.7348,0.1643,45.1211,38.6717,3,12000,12000,1,3089,4
1,1,4,12000,0,434,53.9595,0.013,4.9261,0.1733,41.7884,36.1016,4,12000,12000,1,3417,4
1,1,4,12000,0,435,53.8642,0.0167,4.9569,0.1679,42.4805,36.8556,3,12000,12000,1,3134,4
1,1,4,12000,0,436,52.233,0.0123,4.728,0.1639,40.6593,35.1715,3,12000,12000,1,3169,4
1,1,4,12000,0,437,53.3509,0.0152,5.2348,0.1845,41.4787,35.4304,3,12000,12000,1,3528,4
1,1,4,12000,0,438,55.4986,0.0146,5.1243,0.1862,44.2364,38.3167,3,12000,12000,1,3136,4
1,1,4,12000,0,439,50.3107,0.0156,4.3496,0.1741,38.9713,33.8827,4,12000,12000,1,2866,4
1,1,4,12000,0,440,53.0257,0.0627,5.3869,0.1771,41.4764,35.3335,3,12000,12000,1,3112,4
1,1,4,12000,0,441,53.0744,0.0153,5.4375,0.1798,41.787,35.6494,3,12000,12000,1,4296,4
1,1,4,12000,0,442,51.3683,0.0258,5.1563,0.1798,40.5837,34.6479,3,12000,12000,1,3545,4
1,1,4,12000,0,443,53.9321,0.0153,5.618,0.1767,41.1733,34.8507,3,12000,12000,1,3547,4
1,1,4,12000,0,444,53.7091,0.0181,5.1569,0.1763,41.4995,35.5972,3,12000,12000,1,3459,4
1,1,4,12000,0,445,55.0014,0.0122,5.405,0.1644,43.2623,37.1162,4,12000,12000,1,3621,4
1,1,4,12000,0,446,55.1347,0.0167,5.6303,0.1809,43.2028,36.8381,3,12000,12000,1,3761,4
1,1,4,12000,0,447,55.5733,0.0157,6.8136,0.1711,43.7389,36.213,3,12000,12000,1,4547,4
1,1,4,12000,0,448,53.3561,0.0131,5.4269,0.1814,42.2348,36.0119,4,12000,12000,1,3463,4
1,1,4,12000,0,449,52.9714,0.0162,5.5027,0.1779,41.4465,35.2348,3,12000,12000,1,3311,4
1,1,4,12000,0,450,57.3682,0.0169,6.5181,0.1925,46.3707,39.0591,3,12000,12000,1,4707,4
1,1,4,12000,0,451,63.3859,0.019,6.431,0.3027,49.6611,42.1732,3,12000,12000,1,3913,4
1,1,4,12000,0,452,78.2431,0.017,8.9128,0.2493,65.1119,55.098,4,12000,12000,1,3556,4
1,1,4,12000,0,453,64.4131,0.0152,7.5437,0.2154,51.0278,42.5389,5,12000,12000,1,3567,4
1,1,4,12000,0,454,74.406,0.0322,7.0568,0.2014,59.0313,51.1256,4,12000,12000,1,4478,4
1,1,4,12000,0,455,64.7299,0.0143,8.1263,0.2128,51.8195,42.8326,4,12000,12000,1,5562,4
1,1,4,12000,0,456,62.7613,0.0222,8.5783,0.2227,49.6651,40.136,4,12000,12000,1,5545,4
1,1,4,12000,0,457,66.6659,0.0279,11.2904,0.1922,54.1521,42.0438,4,12000,12000,1,5845,4
1,1,4,12000,0,458,64.2876,0.0147,8.0779,0.1824,52.1235,43.2716,4,12000,12000,1,5548,4
1,1,4,12000,0,459,63.6441,0.0225,8.6133,0.1959,51.6456,42.2022,4,12000,12000,1,5079,4
1,1,4,12000,0,460,58.0092,0.0152,7.9087,0.1799,45.2575,36.641,4,12000,12000,1,5397,4
1,1,4,12000,0,461,59.4116,0.0226,7.8683,0.5758,46.9188,37.9297,3,12000,12000,1,6081,4
1,1,4,12000,0,462,58.0278,0.0153,8.0788,0.251,46.5692,37.6759,4,12000,12000,1,5870,4
1,1,4,12000,0,463,56.1487,0.0139,7.7082,0.1691,44.6714,36.2513,3,12000,12000,1,4640,4
1,1,4,12000,0,464,56.6872,0.0132,6.7625,0.1722,44.1962,36.6661,3,12000,12000,1,5042,4
1,1,4,12000,0,465,57.8788,0.0141,6.954,0.1949,45.6955,37.9232,4,12000,12000,1,4418,4
1,1,4,12000,0,466,58.1017,0.0214,6.6549,0.1847,46.0433,38.5775,3,12000,12000,1,4094,4
1,1,4,12000,0,467,56.1041,0.0149,6.4516,0.1677,44.0898,36.8519,4,12000,12000,1,4811,4
1,1,4,12000,0,468,53.6161,0.0135,6.2356,0.1793,42.2347,35.2652,3,12000,12000,1,3841,4
1,1,4,12000,0,469,55.5338,0.0169,6.9914,0.1733,43.7807,36.0922,3,12000,12000,1,5353,4
1,1,4,12000,0,470,55.5938,0.014,6.9697,0.1866,43.5609,35.888,4,12000,12000,1,4295,4
1,1,4,12000,0,471,55.5208,0.0275,5.6317,0.1685,43.4715,37.0648,3,12000,12000,1,3268,4
1,1,4,12000,0,472,54.0526,0.0169,5.7151,0.1879,42.631,36.1553,3,12000,12000,1,4086,4
1,1,4,12000,0,473,52.7896,0.0136,5.5237,0.1623,41.8479,35.5834,4,12000,12000,1,3842,4
1,1,4,12000,0,474,52.6389,0.0149,5.9098,0.1804,41.8178,35.1418,3,12000,12000,1,3475,4
1,1,4,12000,0,475,54.6141,0.0162,5.6944,0.1733,43.4267,36.9284,3,12000,12000,1,3984,4
1,1,4,12000,0,476,56.361,0.0165,6.7556,0.1729,44.5624,36.9991,3,12000,12000,1,3733,4
1,1,4,12000,0,477,55.9095,0.0172,5.6155,0.1667,42.6625,36.3578,4,12000,12000,1,3806,4
1,1,4,12000,0,478,54.1134,0.022,5.8051,0.1802,42.6537,36.0584,3,12000,12000,1,3564,4
1,1,4,12000,0,479,55.1649,0.013,5.9461,0.1917,43.6001,36.8818,3,12000,12000,1,4175,4
1,1,4,12000,0,480,57.6127,0.0127,5.6751,0.1691,45.1415,38.7871,4,12000,12000,1,3483,4
1,1,4,12000,0,481,57.1602,0.0166,6.2636,0.17,45.5873,38.6076,3,12000,12000,1,3459,4
1,1,4,12000,0,482,52.3244,0.0269,5.4502,0.1756,41.0289,34.8774,3,12000,12000,1,4029,4
1,1,4,12000,0,483,55.3199,0.0163,5.4468,0.1729,44.3436,38.1761,3,12000,12000,1,3098,4
1,1,4,12000,0,484,55.7509,0.0163,5.1657,0.1682,42.8379,36.903,4,12000,12000,1,3295,4
1,1,4,12000,0,485,56.6629,0.0202,5.6645,0.1829,44.8097,38.3506,3,12000,12000,1,3335,4
1,1,4,12000,0,486,54.5856,0.0124,4.9674,0.1598,42.8373,37.1227,4,12000,12000,1,3576,4
1,1,4,12000,0,487,55.7086,0.0254,5.7753,0.1871,43.6274,37.1234,3,12000,12000,1,3397,4
1,1,4,12000,0,488,56.7647,0.0146,5.9468,0.2353,45.1885,38.4445,3,12000,12000,1,3833,4
1,1,4,12000,0,489,57.7819,0.0265,5.6097,0.2108,45.8513,39.3766,4,12000,12000,1,2963,4
1,1,4,12000,0,490,60.427,0.0185,6.35,0.2122,48.5134,41.2103,3,12000,12000,1,3335,4
1,1,4,12000,0,491,59.605,0.0185,5.5276,0.2347,46.2704,39.9063,4,12000,12000,1,3402,4
1,1,4,12000,0,492,54.2113,0.0175,4.8543,0.1663,42.2188,36.4789,3,12000,12000,1,2987,4
1,1,4,12000,0,493,57.9664,0.0289,5.4994,0.196,46.3087,39.9965,4,12000,12000,1,3707,4
1,1,4,12000,0,494,60.2551,0.02,5.763,0.1908,46.3397,39.8094,3,12000,12000,1,3365,4
1,1,4,12000,0,495,57.5495,0.0159,6.0086,0.1992,45.7642,38.9731,4,12000,12000,1,3663,4
1,1,4,12000,0,496,58.4385,0.0182,5.8978,0.1928,46.6137,39.919,3,12000,12000,1,3306,4
1,1,4,12000,0,497,59.6061,0.014,5.614,0.1843,48.2105,41.854,4,12000,12000,1,3367,4
1,1,4,12000,0,498,56.0655,0.0144,5.3944,0.1889,44.4527,38.3234,3,12000,12000,1,3140,4
1,1,4,12000,0,499,55.4016,0.0155,5.3098,0.1952,43.5345,37.4328,4,12000,12000,1,3463,4
1,1,4,12000,0,500,55.1048,0.0143,5.3485,0.1683,42.8667,36.8331,3,12000,12000,1,3157,4
1,1,4,12000,0,501,56.9541,0.0195,5.6287,0.1885,45.4756,39.0614,3,12000,12000,1,3617,4
1,1,4,12000,0,502,51.4884,0.0125,4.5908,0.1624,40.2806,35.025,4,12000,12000,1,2790,4
1,1,4,12000,0,503,57.1625,0.0304,5.274,0.1811,45.7458,39.7014,3,12000,12000,1,3101,4
1,1,4,12000,0,504,56.8526,0.0171,5.7108,0.1833,45.0667,38.556,3,12000,12000,1,4097,4
1,1,4,12000,0,505,56.2566,0.0264,5.3182,0.1689,42.3156,36.228,4,12000,12000,1,3604,4
1,1,4,12000,0,506,55.691,0.0138,6.0339,0.1963,44.6299,37.8023,3,12000,12000,1,3583,4
1,1,4,12000,0,507,59.7962,0.0118,6.0393,0.179,47.3705,40.6349,3,12000,12000,1,4652,4
1,1,4,12000,0,508,57.3939,0.017,6.2898,0.1923,45.2105,38.1732,4,12000,12000,1,3887,4
1,1,4,12000,0,509,58.1015,0.0201,6.6056,0.2527,45.867,38.4663,3,12000,12000,1,3802,4
1,1,4,12000,0,510,58.1915,0.0208,7.1558,0.1792,45.4651,37.4831,4,12000,12000,1,5728,4
1,1,4,12000,0,511,57.5932,0.0167,6.8947,0.2386,45.616,37.9602,3,12000,12000,1,4587,4
1,1,4,12000,0,512,54.0235,0.0208,7.2627,0.1773,42.4203,34.4306,4,12000,12000,1,5523,4
1,1,4,12000,0,513,54.7526,0.0163,6.5016,0.1646,42.8708,35.5982,3,12000,12000,1,4736,4
1,1,4,12000,0,514,56.4171,0.0139,7.7495,0.1782,45.0037,36.4556,3,12000,12000,1,5609,4
1,1,4,12000,0,515,58.6709,0.0162,6.9406,0.1914,46.0401,38.3395,4,12000,12000,1,4825,4
1,1,4,12000,0,516,58.4433,0.0142,7.3766,0.1797,46.5764,38.4586,3,12000,12000,1,5081,4
1,1,4,12000,0,517,56.0117,0.0128,8.7485,0.175,44.2197,34.6754,4,12000,12000,1,6348,4
1,1,4,12000,0,518,57.2642,0.0226,7.3221,0.1719,45.3082,37.2853,3,12000,12000,1,4525,4
1,1,4,12000,0,519,56.2366,0.0153,8.0118,0.1841,45.2517,36.5152,3,12000,12000,1,5992,4
1,1,4,12000,0,520,57.978,0.0153,7.2798,0.1864,46.7167,38.6675,4,12000,12000,1,4887,4
1,1,4,12000,0,521,56.9405,0.0147,6.9861,0.1662,45.6099,37.8607,3,12000,12000,1,4969,4
1,1,4,12000,0,522,57.3909,0.0272,6.9805,0.1673,45.59,37.8725,4,12000,12000,1,5773,4
1,1,4,12000,0,523,56.7485,0.0132,7.6342,0.1978,45.2753,36.8385,3,12000,12000,1,4948,4
1,1,4,12000,0,524,58.6356,0.0148,8.7582,0.218,47.1372,37.5586,4,12000,12000,1,7371,4
1,1,4,12000,0,525,58.0808,0.0148,7.9742,0.1895,46.3077,37.5325,3,12000,12000,1,4916,4
1,1,4,12000,0,526,57.9263,0.0148,7.4525,0.1936,45.5473,37.2995,4,12000,12000,1,5562,4
1,1,4,12000,0,527,60.0785,0.0132,8.3756,0.1861,48.6907,39.5391,3,12000,12000,1,4647,4
1,1,4,12000,0,528,60.8292,0.017,7.8487,0.1842,48.9317,40.3147,4,12000,12000,1,5946,4
1,1,4,12000,0,529,55.7362,0.0153,7.0939,0.1644,43.8242,36.0512,3,12000,12000,1,4597,4
1,1,4,12000,0,530,56.9864,0.0151,7.2679,0.1994,45.1058,37.0528,4,12000,12000,1,5776,4
1,1,4,12000,0,531,56.8942,0.0169,7.2261,0.1797,45.7171,37.6913,3,12000,12000,1,4413,4
1,1,4,12000,0,532,54.1559,0.0147,6.5839,0.1886,43.2244,35.8978,3,12000,12000,1,4545,4
1,1,4,12000,0,533,54.2496,0.0232,5.728,0.1691,41.7345,35.2981,4,12000,12000,1,3464,4
1,1,4,12000,0,534,55.6259,0.0159,5.6884,0.1856,44.1852,37.7694,3,12000,12000,1,3300,4
1,1,4,12000,0,535,52.0971,0.0154,5.5098,0.1723,40.6502,34.3958,3,12000,12000,1,3712,4
1,1,4,12000,0,536,53.0501,0.0144,5.3753,0.183,41.8147,35.7088,3,12000,12000,1,3225,4
1,1,4,12000,0,537,55.2786,0.0153,5.1513,0.1878,43.1375,37.243,4,12000,12000,1,3064,4
1,1,4,12000,0,538,53.295,0.0276,5.3721,0.1787,42.583,36.4528,3,12000,12000,1,3261,4
1,1,4,12000,0,539,56.3996,0.0175,5.564,0.1833,44.3031,37.931,3,12000,12000,1,4032,4
1,1,4,12000,0,540,55.6854,0.1382,4.6674,0.1584,44.2414,38.7049,3,12000,12000,1,2848,4
1,1,4,12000,0,541,53.7881,0.0306,4.6237,0.1813,42.7437,37.3131,4,12000,12000,1,2917,4
1,1,4,12000,0,542,56.9824,0.017,5.3004,0.1873,45.7723,39.5673,3,12000,12000,1,2858,4
1,1,4,12000,0,543,57.7604,0.0154,5.9409,0.1974,45.6907,38.646,3,12000,12000,1,3300,4
1,1,4,12000,0,544,55.1564,0.0146,4.6183,0.1817,40.777,35.2394,4,12000,12000,1,3215,4
1,1,4,12000,0,545,61.0886,0.0144,13.8702,0.276,49.8703,34.7104,3,12000,12000,1,3177,4
1,1,4,12000,0,546,56.8446,0.0226,5.0678,0.1713,41.8219,35.9883,4,12000,12000,1,3581,4
1,1,4,12000,0,547,53.6583,0.0137,5.1941,0.1818,42.3965,36.45,3,12000,12000,1,3275,4
1,1,4,12000,0,548,55.7528,0.0149,5.6006,0.1821,43.7469,37.393,4,12000,12000,1,3757,4
1,1,4,12000,0,549,56.9501,0.0118,6.3922,0.1731,45.5878,38.3786,3,12000,12000,1,3702,4
1,1,4,12000,0,550,55.315,0.0151,5.9015,0.1764,43.893,37.199,3,12000,12000,1,4101,4
2,0,27,12000,0,151,152.079,0.3488,94.3418,0.2503,138.268,42.578,8,12000,12000,1,10800,27
2,0,27,12000,0,152,143.427,0.376,87.8906,0.2877,130.262,41.0019,8,12000,12000,1,10929,27
2,0,27,12000,0,153,153.464,0.3778,96.5642,0.238,140.747,42.8237,8,12000,12000,1,11613,27
2,0,27,12000,0,154,141.541,0.394,84.0897,0.2504,127.306,41.8095,8,12000,12000,1,8761,27
2,0,27,12000,0,155,146.111,0.374,86.8713,0.2271,132.705,44.2285,8,12000,12000,1,9355,27
2,0,27,12000,0,156,155.913,0.4137,91.743,0.2332,137.236,44.0773,8,12000,12000,1,8946,27
2,0,27,12000,0,157,141.698,0.3951,83.0117,0.235,125.756,41.4003,8,12000,12000,1,9576,27
2,0,27,12000,0,158,149.647,0.515,93.6784,0.3006,136.312,41.1331,8,12000,12000,1,11597,27
2,0,27,12000,0,159,140.862,0.3987,85.2816,0.2413,127.968,41.1992,8,12000,12000,1,10718,27
2,0,27,12000,0,160,137.775,0.4245,81.0719,0.259,123.821,41.261,8,12000,12000,1,9598,27
2,0,27,12000,0,161,139.387,0.4437,85.0785,0.2342,126.564,40.0713,8,12000,12000,1,10442,27
2,0,27,12000,0,162,132.112,0.4855,77.8488,0.2304,118.886,39.6424,8,12000,12000,1,9776,27
2,0,27,12000,0,163,136.174,0.403,82.6337,0.235,123.281,39.2771,8,12000,12000,1,10558,27
2,0,27,12000,0,164,136.374,0.4224,83.0114,0.2412,123.837,39.4204,8,12000,12000,1,10633,27
2,0,27,12000,0,165,133.83,0.5279,77.8305,0.2074,121.168,41.8857,8,12000,12000,1,9675,27
2,0,27,12000,0,166,139,0.3765,82.6208,0.2361,125.488,41.4405,8,12000,12000,1,10908,27
2,0,27,12000,0,167,142.883,0.4566,86.0759,0.2316,128.3,40.6956,8,12000,12000,1,12273,27
2,0,27,12000,0,168,122.687,0.3587,72.07,0.1968,110.331,37.0572,8,12000,12000,1,8904,27
2,0,27,12000,0,169,116.858,0.2809,67.3861,0.196,105.229,36.6825,7,12000,12000,1,10667,27
2,0,27,12000,0,170,110.884,0.2924,62.1981,0.1874,98.9091,35.6298,7,12000,12000,1,8502,27
2,0,27,12000,0,171,113.928,0.3585,64.3101,0.2063,101.48,35.9496,7,12000,12000,1,9398,27
2,0,27,12000,0,172,111.207,0.3775,61.1064,0.209,99.6802,37.2389,7,12000,12000,1,8866,27
2,0,27,12000,0,173,105.845,0.4555,55.6539,0.2525,94.3092,37.333,7,12000,12000,1,8376,27
2,0,27,12000,0,174,100.293,0.3042,51.101,0.198,88.937,36.7074,6,12000,12000,1,7977,27
2,0,27,12000,0,175,104.828,0.3023,51.6637,0.1997,92.1694,39.3096,6,12000,12000,1,6250,27
2,0,27,12000,0,176,95.4711,0.2301,48.892,0.1988,83.8352,33.9148,6,12000,12000,1,6179,27
2,0,27,12000,0,177,96.0653,0.2496,45.8942,0.1775,82.9522,35.8546,6,12000,12000,1,5988,27
2,0,27,12000,0,178,95.5746,0.2484,48.894,0.2377,84.5003,34.4864,6,12000,12000,1,6621,27
2,0,27,12000,0,179,96.9783,0.3335,50.536,0.1826,85.6915,33.9533,6,12000,12000,1,5736,27
2,0,27,12000,0,180,94.5529,0.2695,46.7432,0.2158,83.5958,35.5433,5,12000,12000,1,5920,27
2,0,27,12000,0,181,93.1979,0.2452,43.2362,0.2235,81.4524,37.1029,6,12000,12000,1,5007,27
2,0,27,12000,0,182,103.195,0.2869,53.4747,0.1798,92.4883,37.863,6,12000,12000,1,6920,27
2,0,27,12000,0,183,99.1561,0.8039,47.632,0.2588,86.7873,37.4895,6,12000,12000,1,6625,27
2,0,27,12000,0,184,98.9976,0.5915,47.9249,0.2018,86.0131,36.5888,6,12000,12000,1,6200,27
2,0,27,12000,0,185,106.668,0.304,56.3565,0.1883,94.1164,36.6097,6,12000,12000,1,7346,27
2,0,27,12000,0,186,109.024,0.2712,54.7835,0.2271,96.8832,40.9788,6,12000,12000,1,6752,27
2,0,27,12000,0,187,110.438,0.3546,57.7551,0.1854,97.7109,38.7874,7,12000,12000,1,7647,27
2,0,27,12000,0,188,106.36,0.2466,53.7804,0.1887,93.2282,38.3903,6,12000,12000,1,8092,27
2,0,27,12000,0,189,113.681,0.2778,63.4119,0.2157,101.663,37.0874,7,12000,12000,1,6378,27
2,0,27,12000,0,190,109.163,0.2675,59.6432,0.2013,97.776,37.0451,6,12000,12000,1,9269,27
2,0,27,12000,0,191,116.072,0.3134,66.9663,0.2308,104.797,36.6234,7,12000,12000,1,8097,27
2,0,27,12000,0,192,123.308,0.4101,72.5919,0.2054,111.189,37.304,7,12000,12000,1,8403,27
2,0,27,12000,0,193,113.618,0.3246,63.0379,0.2094,100.422,36.2019,7,12000,12000,1,8046,27
2,0,27,12000,0,194,115.643,0.2988,66.2301,0.1895,103.914,36.5473,7,12000,12000,1,9844,27
2,0,27,12000,0,195,112.084,0.2992,62.8976,0.1877,99.4643,35.403,7,12000,12000,1,7710,27
2,0,27,12000,0,196,113.446,0.3122,62.0094,0.2105,99.3305,36.1068,7,12000,12000,1,7982,27
2,0,27,12000,0,197,110.681,0.3161,60.8365,0.2116,97.9692,35.8514,7,12000,12000,1,7988,27
2,0,27,12000,0,198,110.517,0.5959,58.5889,0.1873,97.2547,37.2332,6,12000,12000,1,8677,27
2,0,27,12000,0,199,111.989,0.3105,60.7364,0.1814,98.5931,36.7047,7,12000,12000,1,7582,27
2,0,27,12000,0,200,113.689,0.3327,62.5438,0.1823,100.93,37.2329,7,12000,12000,1,8863,27
2,0,27,12000,0,201,102.305,0.2377,52.1458,0.2301,90.4141,37.1924,6,12000,12000,1,7274,27
2,0,27,12000,0,202,107.315,0.3487,61.7329,0.1902,95.6077,32.7523,7,12000,12000,1,6994,27
2,0,27,12000,0,203,101.606,0.5137,50.954,0.1801,90.1202,37.822,6,12000,12000,1,7139,27
2,0,27,12000,0,204,107.842,0.5515,56.9361,0.233,96.6615,38.1592,6,12000,12000,1,7098,27
2,0,27,12000,0,205,117.997,0.2889,64.3928,0.1844,106.558,41.0271,7,12000,12000,1,8083,27
2,0,27,12000,0,206,120.888,0.3103,69.2138,0.1885,106.82,36.4678,7,12000,12000,1,9460,27
2,0,27,12000,0,207,113.999,0.3225,62.6698,0.1942,100.729,36.8622,7,12000,12000,1,8530,27
2,0,27,12000,0,208,126.046,0.3203,73.2825,0.1955,113.351,38.8688,7,12000,12000,1,9814,27
2,0,27,12000,0,209,116.004,0.3737,65.6581,0.1997,102.992,36.1392,7,12000,12000,1,6710,27
2,0,27,12000,0,210,117.005,0.3515,60.1778,0.1932,104.432,43.0516,7,12000,12000,1,8167,27
2,0,27,12000,0,211,139.209,0.3371,80.7886,0.3099,124.863,42.358,7,12000,12000,1,8020,27
2,0,27,12000,0,212,147.129,0.4583,88.1976,0.2639,131.813,42.0721,8,12000,12000,1,9217,27
2,0,27,12000,0,213,149.392,0.4394,94.3224,0.2846,135.704,39.9919,8,12000,12000,1,11522,27
2,0,27,12000,0,214,134.706,0.3628,80.5949,0.2406,121.59,39.6902,8,12000,12000,1,10790,27
2,0,27,12000,0,215,144.737,0.3629,92.389,0.2026,131.683,37.9738,8,12000,12000,1,13139,27
2,0,27,12000,0,216,140.789,0.3831,88.7678,0.1969,127.824,37.6882,8,12000,12000,1,12053,27
2,0,27,12000,0,217,128.454,0.3694,79.1534,0.2138,116.694,36.2513,8,12000,12000,1,10513,27
2,0,27,12000,0,218,128.313,0.3552,78.6249,0.2582,116.986,37.0879,8,12000,12000,1,11360,27
2,0,27,12000,0,219,128.907,0.3323,78.3342,0.2069,116.755,37.1235,8,12000,12000,1,9467,27
2,0,27,12000,0,220,124.646,0.3692,73.3374,0.2002,111.415,36.8128,8,12000,12000,1,10248,27
2,0,27,12000,0,221,118.195,0.5733,67.1044,0.1885,105.56,36.8664,7,12000,12000,1,9899,27
2,0,27,12000,0,222,110.452,0.6659,60.69,0.183,98.961,36.7843,7,12000,12000,1,8463,27
2,0,27,12000,0,223,106.271,0.3093,55.7121,0.187,93.9669,37.1348,7,12000,12000,1,7329,27
2,0,27,12000,0,224,106.402,0.3119,55.761,0.1838,94.5285,37.5972,6,12000,12000,1,8227,27
2,0,27,12000,0,225,113.706,0.4018,60.5612,0.1869,99.4286,37.5977,7,12000,12000,1,7933,27
2,0,27,12000,0,226,105.966,0.313,56.5208,0.2509,93.8451,36.1309,6,12000,12000,1,8442,27
2,0,27,12000,0,227,124.56,0.3102,71.0913,0.247,111.915,39.5001,7,12000,12000,1,7201,27
2,0,27,12000,0,228,143.62,0.3992,86.0822,0.2087,126.678,38.9564,7,12000,12000,1,9884,27
2,0,27,12000,0,229,137.226,0.4076,85.0016,0.226,124.071,37.7217,8,12000,12000,1,9855,27
2,0,27,12000,0,230,153.791,0.4512,98.582,0.2285,140.513,40.5175,8,12000,12000,1,11879,27
2,0,27,12000,0,231,123.455,0.3572,71.8533,0.2008,110.263,37.2125,8,12000,12000,1,9451,27
2,0,27,12000,0,232,133.905,0.4337,81.6592,0.2466,121.433,38.3464,8,12000,12000,1,10185,27
2,0,27,12000,0,233,124.59,0.3422,73.5873,0.2568,112.482,37.441,8,12000,12000,1,10035,27
2,0,27,12000,0,234,121.681,0.4297,70.7639,0.2115,108.496,36.3813,7,12000,12000,1,9830,27
2,0,27,12000,0,235,121.699,0.3427,70.4991,0.2012,107.878,36.1579,7,12000,12000,1,7369,27
2,0,27,12000,0,236,116.367,0.553,65.6666,0.2357,103.107,35.9966,8,12000,12000,1,8759,27
2,0,27,12000,0,237,126.154,0.3144,74.6176,0.1893,111.536,35.7946,7,12000,12000,1,8885,27
2,0,27,12000,0,238,116.191,0.3356,67.8003,0.1948,104.769,35.3729,7,12000,12000,1,9378,27
2,0,27,12000,0,239,121.348,0.3601,71.4879,0.194,109.389,36.5781,7,12000,12000,1,10073,27
2,0,27,12000,0,240,118.37,0.2963,66.3066,0.2249,105.638,38.0553,7,12000,12000,1,7786,27
2,0,27,12000,0,241,134.175,0.5585,81.0393,0.2009,119.624,36.9332,8,12000,12000,1,10383,27
2,0,27,12000,0,242,134.482,0.3492,82.6337,0.2603,120.863,36.2573,8,12000,12000,1,11567,27
2,0,27,12000,0,243,131.233,0.3485,80.8209,0.1971,118.568,36.4025,8,12000,12000,1,10045,27
2,0,27,12000,0,244,122.518,0.5982,73.5624,0.2391,109.655,34.4855,8,12000,12000,1,10406,27
2,0,27,12000,0,245,122.938,0.3594,74.1457,0.188,111.244,35.8976,7,12000,12000,1,11131,27
2,0,27,12000,0,246,109.465,0.2758,61.1849,0.183,97.5975,35.3574,7,12000,12000,1,8258,27
2,0,27,12000,0,247,109.723,0.2813,62.8873,0.1789,97.5602,33.612,7,12000,12000,1,7537,27
2,0,27,12000,0,248,102.808,0.6894,54.7911,0.1711,91.2924,35.0303,6,12000,12000,1,8708,27
2,0,27,12000,0,249,105.433,0.3543,58.882,0.2349,93.5628,33.4882,7,12000,12000,1,6405,27
2,0,27,12000,0,250,96.3134,0.4401,49.1367,0.2425,84.4747,34.0241,6,12000,12000,1,7950,27
2,0,27,12000,0,251,104.934,0.243,56.7855,0.2256,93.4508,35.4986,6,12000,12000,1,7892,27
2,0,27,12000,0,252,92.5913,0.2427,45.2643,0.1833,81.196,34.8386,6,12000,12000,1,5980,27
2,0,27,12000,0,253,92.6919,0.4715,45.3423,0.1772,80.5242,33.9172,5,12000,12000,1,6969,27
2,0,27,12000,0,254,100.062,0.2954,51.7291,0.2164,88.1342,35.1841,6,12000,12000,1,5745,27
2,0,27,12000,0,255,100.823,0.2644,51.5726,0.2114,87.8692,35.0976,6,12000,12000,1,6378,27
2,0,27,12000,0,256,103.635,0.3829,55.3615,0.2103,92.1293,35.4729,6,12000,12000,1,7732,27
2,0,27,12000,0,257,108.725,0.3011,60.6833,0.207,96.9086,35.0468,6,12000,12000,1,6955,27
2,0,27,12000,0,258,115.132,0.3571,64.7618,0.185,102.526,36.5473,7,12000,12000,1,7355,27
2,0,27,12000,0,259,115.51,0.3796,66.3184,0.1787,102.754,35.2784,7,12000,12000,1,9597,27
2,0,27,12000,0,260,111.523,0.3109,64.8986,0.1876,99.7099,33.6849,7,12000,12000,1,9488,27
2,0,27,12000,0,261,108.664,0.2838,61.7338,0.2352,96.3394,33.4982,6,12000,12000,1,8709,27
2,0,27,12000,0,262,108.182,0.2788,60.094,0.2134,96.2984,35.0101,7,12000,12000,1,7595,27
2,0,27,12000,0,263,105.701,0.2558,58.8899,0.2557,94.5627,34.5386,6,12000,12000,1,9011,27
2,0,27,12000,0,264,106.531,0.6063,59.3945,0.1867,94.3312,33.4856,7,12000,12000,1,7302,27
2,0,27,12000,0,265,105.477,0.2556,57.8724,0.2197,95.2536,35.9578,6,12000,12000,1,8557,27
2,0,27,12000,0,266,99.0165,0.3133,53.5338,0.1973,88.6401,33.9179,6,12000,12000,1,5645,27
2,0,27,12000,0,267,100.599,0.2793,54.0664,0.1903,89.7266,34.5219,6,12000,12000,1,6812,27
2,0,27,12000,0,268,104.784,0.2919,56.3803,0.1857,92.4973,34.8821,6,12000,12000,1,7191,27
2,0,27,12000,0,269,109.499,0.3307,60.6809,0.1902,97.0141,35.1274,7,12000,12000,1,7568,27
2,0,27,12000,0,270,99.3871,0.2309,52.1267,0.2303,87.1814,34.0186,6,12000,12000,1,7958,27
2,0,27,12000,0,271,98.281,0.2883,50.3959,0.2413,85.3398,33.7871,6,12000,12000,1,6367,27
2,0,27,12000,0,272,101.515,0.3263,54.1994,0.1985,89.1792,33.7987,6,12000,12000,1,7241,27
2,0,27,12000,0,273,106.718,0.2588,58.4804,0.1824,94.959,35.3895,6,12000,12000,1,7877,27
2,0,27,12000,0,274,107.957,0.2878,60.4497,0.1931,95.8398,34.3033,7,12000,12000,1,7279,27
2,0,27,12000,0,275,102.916,0.2494,55.7442,0.1971,91.902,35.1213,6,12000,12000,1,7597,27
2,0,27,12000,0,276,105.954,0.2607,57.6629,0.2558,94.3103,35.5435,6,12000,12000,1,8105,27
2,0,27,12000,0,277,110.532,0.3244,62.0623,0.2061,98.8978,35.6124,7,12000,12000,1,7564,27
2,0,27,12000,0,278,103.115,0.2452,55.4676,0.2123,90.9509,34.3654,6,12000,12000,1,8289,27
2,0,27,12000,0,279,109.222,0.3086,59.4778,0.2035,97.6426,36.9284,6,12000,12000,1,6872,27
2,0,27,12000,0,280,120.766,0.359,70.9332,0.2128,109.454,37.2375,7,12000,12000,1,6839,27
2,0,27,12000,0,281,116.83,0.3196,67.2398,0.2361,104.128,35.7236,7,12000,12000,1,8732,27
2,0,27,12000,0,282,121.605,0.3641,72.8556,0.2435,110.434,36.2927,7,12000,12000,1,10192,27
2,0,27,12000,0,283,118.633,0.3368,71.0856,0.2092,107.098,34.7609,8,12000,12000,1,8587,27
2,0,27,12000,0,284,107.319,0.3418,58.6741,0.2084,95.7413,35.9157,7,12000,12000,1,7762,27
2,0,27,12000,0,285,106.826,0.2515,58.6365,0.1866,95.6707,35.95,6,12000,12000,1,8101,27
2,0,27,12000,0,286,116.475,0.3042,65.5644,0.213,104.906,38.2041,7,12000,12000,1,8655,27
2,0,27,12000,0,287,110.811,0.423,60.2351,0.2049,97.8265,36.3114,7,12000,12000,1,8162,27
2,0,27,12000,0,288,106.121,0.2764,55.5121,0.1951,94.2931,37.6389,6,12000,12000,1,7270,27
2,0,27,12000,0,289,117.54,0.3239,67.5273,0.1959,104.941,36.2968,7,12000,12000,1,8481,27
2,0,27,12000,0,290,107.333,0.3298,60.6369,0.1928,95.6169,33.7944,7,12000,12000,1,7240,27
2,0,27,12000,0,291,114.319,0.2717,63.3283,0.1844,102.733,38.2887,6,12000,12000,1,8705,27
2,0,27,12000,0,292,105.588,0.3524,56.3284,0.182,94.4388,36.9303,7,12000,12000,1,6470,27
2,0,27,12000,0,293,104.059,0.483,55.9851,0.2081,93.1871,35.8658,6,12000,12000,1,7429,27
2,0,27,12000,0,294,104.118,0.5258,54.9581,0.1901,92.8508,36.5954,6,12000,12000,1,7420,27
2,0,27,12000,0,295,107.737,0.3481,56.985,0.175,96.6119,38.4269,7,12000,12000,1,5875,27
2,0,27,12000,0,296,104.616,0.3807,56.1588,0.1704,91.5389,34.1724,6,12000,12000,1,8798,27
2,0,27,12000,0,297,98.8931,0.2386,49.6674,0.223,87.7037,36.9661,6,12000,12000,1,6386,27
2,0,27,12000,0,298,103.714,0.2937,52.8087,0.1904,92.3839,38.4842,6,12000,12000,1,7723,27
2,0,27,12000,0,299,109.515,0.3282,58.4027,0.1906,96.7513,37.1685,7,12000,12000,1,7083,27
2,0,27,12000,0,300,104.963,0.2122,52.4649,0.1888,92.4414,38.9068,6,12000,12000,1,8130,27
2,0,27,12000,0,301,106.098,0.2743,56.7039,0.1774,94.4496,36.6973,6,12000,12000,1,7131,27
2,0,27,12000,0,302,101.326,0.3009,50.2149,0.2261,88.7795,37.4303,7,12000,12000,1,5768,27
2,0,27,12000,0,303,101.805,0.2552,51.7392,0.2396,89.4638,36.6394,6,12000,12000,1,8356,27
2,0,27,12000,0,304,107.456,0.5043,56.4349,0.2513,94.0997,36.3203,6,12000,12000,1,8851,27
2,0,27,12000,0,305,100.965,0.4618,51.4134,0.1783,88.9271,36.2387,6,12000,12000,1,5551,27
2,0,27,12000,0,306,104.667,0.3693,55.6722,0.2001,92.6867,35.8167,7,12000,12000,1,6663,27
2,0,27,12000,0,307,106.716,0.5413,55.9975,0.1778,94.9987,37.6173,6,12000,12000,1,8869,27
2,0,27,12000,0,308,100.538,0.2719,50.7269,0.1983,88.5466,36.709,6,12000,12000,1,6606,27
2,0,27,12000,0,309,102.294,0.3299,53.3758,0.1893,90.8918,36.3973,6,12000,12000,1,6625,27
2,0,27,12000,0,310,102.543,0.2713,45.338,0.2359,90.1229,43.6486,6,12000,12000,1,5917,27
2,0,27,12000,0,311,109.726,0.3007,59.9304,0.243,97.1067,35.9867,7,12000,12000,1,7078,27
2,0,27,12000,0,312,108.746,0.3752,60.6484,0.23,97.0611,35.1903,6,12000,12000,1,9079,27
2,0,27,12000,0,313,109.305,0.3074,59.8013,0.1724,98.7833,37.8805,7,12000,12000,1,7603,27
2,0,27,12000,0,314,110.604,0.247,61.701,0.1893,98.3953,35.5887,6,12000,12000,1,10315,27
2,0,27,12000,0,315,104.342,0.3152,54.6145,0.1676,91.9466,36.2359,7,12000,12000,1,6590,27
2,0,27,12000,0,316,120.511,0.2908,70.017,0.2329,109.427,37.8783,6,12000,12000,1,9123,27
2,0,27,12000,0,317,118.009,0.3025,68.643,0.1816,105.625,35.8514,7,12000,12000,1,7032,27
2,0,27,12000,0,318,112.835,0.2907,62.8023,0.2232,101.365,37.4145,7,12000,12000,1,8903,27
2,0,27,12000,0,319,117.986,0.3192,68.1549,0.2516,105.909,36.5335,7,12000,12000,1,10263,27
2,0,27,12000,0,320,118.064,0.304,66.2764,0.2516,106.241,38.6553,7,12000,12000,1,10719,27
2,0,27,12000,0,321,109.035,0.2974,59.8669,0.1939,97.4035,36.4541,7,12000,12000,1,8649,27
2,0,27,12000,0,322,112.658,0.3066,63.6355,0.1948,101.488,36.7538,7,12000,12000,1,8784,27
2,0,27,12000,0,323,112.606,0.31,62.4197,0.172,101.417,37.8999,7,12000,12000,1,7845,27
2,0,27,12000,0,324,107.994,0.2769,58.7938,0.2015,95.7776,35.9277,6,12000,12000,1,8771,27
2,0,27,12000,0,325,107.501,0.3009,59.5348,0.1763,96.0339,35.3717,7,12000,12000,1,7540,27
2,0,27,12000,0,326,108.677,0.2924,56.7428,0.2194,96.8773,38.9284,6,12000,12000,1,8259,27
2,0,27,12000,0,327,108.346,0.3157,59.3628,0.1899,97.1007,36.5737,7,12000,12000,1,6644,27
2,0,27,12000,0,328,110.223,0.2809,58.3754,0.2047,98.7341,39.208,6,12000,12000,1,8071,27
2,0,27,12000,0,329,118.95,0.3658,65.7471,0.2337,106.102,38.9895,7,12000,12000,1,6875,27
2,0,27,12000,0,330,143.658,0.3556,90.4044,0.2212,131.411,39.6396,7,12000,12000,1,10679,27
2,0,27,12000,0,331,144.508,0.5963,87.2428,0.3023,131.136,42.2497,8,12000,12000,1,7478,27
2,0,27,12000,0,332,150.182,0.4194,96.1449,0.2232,136.433,38.8162,8,12000,12000,1,12297,27
2,0,27,12000,0,333,132.54,0.4764,82.7171,0.2218,120.934,36.8468,8,12000,12000,1,11833,27
2,0,27,12000,0,334,130.47,0.3876,80.9485,0.241,118.366,36.1734,8,12000,12000,1,12019,27
2,0,27,12000,0,335,133.853,0.3434,82.3312,0.2513,120.757,37.1114,8,12000,12000,1,13243,27
2,0,27,12000,0,336,133.247,0.7916,83.0809,0.2355,121.633,36.9012,8,12000,12000,1,13157,27
2,0,27,12000,0,337,125.818,0.352,76.1987,0.2318,113.421,36.0338,8,12000,12000,1,12429,27
2,0,27,12000,0,338,117.737,0.3604,67.1613,0.1995,105.566,37.2213,7,12000,12000,1,11504,27
2,0,27,12000,0,339,113.669,0.4496,63.4207,0.1747,101.487,36.8227,7,12000,12000,1,8624,27
2,0,27,12000,0,340,107.241,0.5902,59.0925,0.175,95.4125,34.95,7,12000,12000,1,8298,27
2,0,27,12000,0,341,111.333,0.2902,63.5297,0.2008,98.9233,34.0739,7,12000,12000,1,9927,27
2,0,27,12000,0,342,108.118,0.4785,57.8195,0.1751,95.3355,36.2261,6,12000,12000,1,9473,27
2,0,27,12000,0,343,101.23,0.3488,54.6899,0.1787,89.6323,33.791,7,12000,12000,1,7233,27
2,0,27,12000,0,344,99.5024,0.4098,51.2059,0.2308,88.0472,35.5915,6,12000,12000,1,7910,27
2,0,27,12000,0,345,101.881,0.2442,52.9439,0.2046,89.5979,35.598,6,12000,12000,1,5972,27
2,0,27,12000,0,346,102.747,0.2507,55.6416,0.1761,90.8551,34.1745,6,12000,12000,1,7460,27
2,0,27,12000,0,347,96.4534,0.2328,47.2211,0.1743,84.1005,35.8857,6,12000,12000,1,6081,27
2,0,27,12000,0,348,98.4219,0.289,51.2496,0.2327,86.7879,34.4041,6,12000,12000,1,6505,27
2,0,27,12000,0,349,100.493,0.2478,51.8139,0.1854,88.7178,35.7482,6,12000,12000,1,6496,27
2,0,27,12000,0,350,94.7656,0.2301,45.9842,0.185,82.7082,35.6283,6,12000,12000,1,6637,27
2,0,27,12000,0,351,95.7477,0.3469,48.0229,0.2215,84.1841,34.9875,6,12000,12000,1,7591,27
2,0,27,12000,0,352,87.7046,0.237,41.5778,0.2324,76.5934,33.9566,5,12000,12000,1,5388,27
2,0,27,12000,0,353,96.5479,0.3432,48.3471,0.178,84.933,35.4756,6,12000,12000,1,5999,27
2,0,27,12000,0,354,91.4979,0.4328,45.3098,0.1818,80.7339,34.1463,5,12000,12000,1,6595,27
2,0,27,12000,0,355,96.2212,0.2385,47.5297,0.2104,84.3422,35.5874,6,12000,12000,1,5310,27
2,0,27,12000,0,356,97.2025,0.2317,49.2282,0.1958,85.8294,35.5305,6,12000,12000,1,6922,27
2,0,27,12000,0,357,109.238,0.2471,62.3777,0.1935,98.0429,34.6123,6,12000,12000,1,9308,27
2,0,27,12000,0,358,97.1843,0.2477,50.0076,0.2011,85.8316,34.7075,6,12000,12000,1,6729,27
2,0,27,12000,0,359,104.391,0.2397,55.5496,0.1813,91.9821,35.3862,6,12000,12000,1,7991,27
2,0,27,12000,0,360,103.213,0.2663,55.3214,0.2275,91.3008,34.8934,6,12000,12000,1,7104,27
2,0,27,12000,0,361,99.2098,0.2642,51.8048,0.1965,87.513,34.6027,6,12000,12000,1,5955,27
2,0,27,12000,0,362,101.549,0.2721,53.886,0.178,89.9249,34.9863,6,12000,12000,1,6059,27
2,0,27,12000,0,363,103.451,0.2582,56.2672,0.1913,92.0526,34.6786,6,12000,12000,1,6941,27
2,0,27,12000,0,364,104.027,0.7164,54.9809,0.1769,92.1034,35.6402,7,12000,12000,1,6983,27
2,0,27,12000,0,365,113.186,0.2533,65.0693,0.1745,101.58,35.4839,6,12000,12000,1,9432,27
2,0,27,12000,0,366,112.571,0.657,63.6681,0.2384,100.647,35.4458,7,12000,12000,1,8163,27
2,0,27,12000,0,367,101.602,0.2682,55.3307,0.1704,90.6177,34.2535,6,12000,12000,1,7829,27
2,0,27,12000,0,368,98.0183,0.2474,52.3145,0.1894,87.4367,33.9584,6,12000,12000,1,6970,27
2,0,27,12000,0,369,98.5175,0.3414,48.5711,0.1715,86.0115,36.3042,6,12000,12000,1,6336,27
2,0,27,12000,0,370,103.076,0.2411,52.4554,0.2091,90.833,37.2994,6,12000,12000,1,6815,27
2,0,27,12000,0,371,107.5,0.3134,58.0102,0.167,95.6175,36.4781,7,12000,12000,1,7218,27
2,0,27,12000,0,372,102.387,0.5095,50.5227,0.1921,90.8761,38.8993,6,12000,12000,1,6842,27
2,0,27,12000,0,373,102.775,0.2591,54.6566,0.1776,90.1762,34.4735,6,12000,12000,1,7287,27
2,0,27,12000,0,374,105.047,0.5591,54.1795,0.2091,92.6,36.7371,6,12000,12000,1,6458,27
2,0,27,12000,0,375,117.313,0.3355,64.0906,0.1873,101.329,36.0808,7,12000,12000,1,6194,27
2,0,27,12000,0,376,111.865,0.2887,61.8186,0.2022,98.5841,35.5898,7,12000,12000,1,8097,27
2,0,27,12000,0,377,104.36,0.3062,56.7445,0.2468,92.6498,34.7575,6,12000,12000,1,8221,27
2,0,27,12000,0,378,104.394,0.4116,57.0968,0.1732,92.4079,34.0802,7,12000,12000,1,6086,27
2,0,27,12000,0,379,109.433,0.5791,61.0535,0.2334,96.9374,34.4862,6,12000,12000,1,9321,27
2,0,27,12000,0,380,103.657,0.2805,57.4729,0.1828,92.2968,33.7621,6,12000,12000,1,8102,27
2,0,27,12000,0,381,121.823,0.3761,73.1361,0.2063,109.99,35.6598,7,12000,12000,1,6775,27
2,0,27,12000,0,382,107.386,0.8893,58.4473,0.2141,95.4546,35.2174,7,12000,12000,1,7227,27
2,0,27,12000,0,383,106.211,0.5736,56.0196,0.1906,93.6139,36.1691,6,12000,12000,1,8445,27
2,0,27,12000,0,384,114.753,0.3023,66.8516,0.2037,102.596,34.5394,7,12000,12000,1,8225,27
2,0,27,12000,0,385,121.85,0.3793,74.5143,0.1939,110.479,34.7876,7,12000,12000,1,9918,27
2,0,27,12000,0,386,111.493,0.4024,61.5984,0.2065,98.3852,35.5504,7,12000,12000,1,8693,27
2,0,27,12000,0,387,113.381,0.3337,64.8557,0.2363,100.564,34.5013,7,12000,12000,1,8964,27
2,0,27,12000,0,388,104.847,0.3283,56.3983,0.203,92.1852,34.6274,6,12000,12000,1,8103,27
2,0,27,12000,0,389,106.257,0.3628,58.5793,0.1728,94.8815,35.1836,7,12000,12000,1,6975,27
2,0,27,12000,0,390,105.206,0.3748,58.9967,0.2267,94.5317,34.3393,6,12000,12000,1,7728,27
2,0,27,12000,0,391,106.781,0.3363,60.1699,0.1922,95.8798,34.5799,6,12000,12000,1,8658,27
2,0,27,12000,0,392,112.46,0.3308,64.3725,0.192,101.395,35.8055,7,12000,12000,1,6759,27
2,0,27,12000,0,393,113.867,0.4151,66.6302,0.1683,101.895,34.1065,7,12000,12000,1,9174,27
2,0,27,12000,0,394,110.391,0.481,62.6739,0.1841,98.6335,34.7032,6,12000,12000,1,8840,27
2,0,27,12000,0,395,100.486,0.384,52.6046,0.2023,88.544,34.6578,7,12000,12000,1,6108,27
2,0,27,12000,0,396,108.346,0.259,60.9028,0.178,96.75,34.8151,6,12000,12000,1,9697,27
2,0,27,12000,0,397,107.421,0.3543,60.1434,0.1848,95.9229,34.3727,7,12000,12000,1,5638,27
2,0,27,12000,0,398,107.404,0.6884,59.6444,0.1694,95.9646,34.8543,6,12000,12000,1,9902,27
2,0,27,12000,0,399,96.3592,0.4646,47.8707,0.2369,84.6924,35.387,6,12000,12000,1,6622,27
2,0,27,12000,0,400,102.845,0.2485,54.6919,0.198,91.8879,36.0851,6,12000,12000,1,8362,27
2,0,27,12000,0,401,95.4684,0.261,46.1288,0.1905,83.5381,36.3277,6,12000,12000,1,5795,27
2,0,27,12000,0,402,101.773,0.2588,51.3357,0.183,89.7451,37.3485,6,12000,12000,1,6513,27
2,0,27,12000,0,403,100.111,0.2569,50.8033,0.2327,88.2726,36.3886,6,12000,12000,1,6607,27
2,0,27,12000,0,404,104.685,0.6867,53.2073,0.2417,91.5507,36.7919,6,12000,12000,1,7284,27
2,0,27,12000,0,405,104.351,0.2936,56.0588,0.1815,93.211,36.071,7,12000,12000,1,6354,27
2,0,27,12000,0,406,104.339,0.5387,54.6308,0.2414,93.0281,36.9788,6,12000,12000,1,7776,27
2,0,27,12000,0,407,119.785,0.3145,66.6597,0.246,105.956,38.095,6,12000,12000,1,7772,27
2,0,27,12000,0,408,109.028,0.3482,59.7368,0.1728,96.9805,36.1357,7,12000,12000,1,6026,27
2,0,27,12000,0,409,112.208,0.3239,62.3528,0.1827,100.551,37.0599,7,12000,12000,1,7686,27
2,0,27,12000,0,410,112.237,0.288,63.514,0.1777,101.066,36.477,6,12000,12000,1,8691,27
2,0,27,12000,0,411,108.861,0.2922,61.6751,0.171,97.8385,35.0934,7,12000,12000,1,7517,27
2,0,27,12000,0,412,112.217,0.5068,65.3883,0.1769,100.717,34.0781,7,12000,12000,1,8770,27
2,0,27,12000,0,413,106.223,0.3082,57.961,0.2372,95.3952,36.2988,6,12000,12000,1,8274,27
2,0,27,12000,0,414,111.198,0.3145,61.2877,0.2259,99.3663,36.9357,7,12000,12000,1,6923,27
2,0,27,12000,0,415,120.103,0.3135,71.4181,0.1843,108.134,35.5561,7,12000,12000,1,9694,27
2,0,27,12000,0,416,126.616,0.2805,77.0133,0.1719,114.752,36.5416,7,12000,12000,1,11172,27
2,0,27,12000,0,417,112.581,0.2811,61.7402,0.2281,99.6366,36.7881,7,12000,12000,1,7903,27
2,0,27,12000,0,418,115.259,0.2976,66.5594,0.1871,103.691,35.9911,7,12000,12000,1,9334,27
2,0,27,12000,0,419,115.46,0.4194,66.9774,0.2311,101.498,33.2775,7,12000,12000,1,9311,27
2,0,27,12000,0,420,116.518,0.3432,66.1123,0.26,105.376,37.89,7,12000,12000,1,9056,27
2,0,27,12000,0,421,108.853,0.2676,60.6894,0.2021,96.3904,34.4341,7,12000,12000,1,7978,27
2,0,27,12000,0,422,111.252,0.4356,60.3386,0.1926,98.1688,36.571,6,12000,12000,1,9826,27
2,0,27,12000,0,423,109.845,0.3049,61.6265,0.1926,98.7998,36.0474,7,12000,12000,1,6407,27
2,0,27,12000,0,424,127.705,0.7963,74.7029,0.2014,112.832,36.4711,7,12000,12000,1,10633,27
2,0,27,12000,0,425,115.241,0.5193,64.8679,0.1806,102.735,36.5799,7,12000,12000,1,8714,27
2,0,27,12000,0,426,114.959,0.2766,59.034,0.1919,102.059,41.8737,7,12000,12000,1,7815,27
2,0,27,12000,0,427,141.373,0.4126,81.2221,0.2449,127.386,44.7426,7,12000,12000,1,7346,27
2,0,27,12000,0,428,144.725,0.423,87.4932,0.2395,129.018,40.0983,8,12000,12000,1,8825,27
2,0,27,12000,0,429,124.69,0.3541,74.0038,0.2389,111.607,36.4079,8,12000,12000,1,9976,27
2,0,27,12000,0,430,124.871,0.4646,76.4063,0.1847,113.329,35.511,8,12000,12000,1,11820,27
2,0,27,12000,0,431,119.987,0.299,68.532,0.244,106.329,36.6451,7,12000,12000,1,11729,27
2,0,27,12000,0,432,122.644,0.3222,70.9534,0.1873,110.252,38.1186,7,12000,12000,1,9762,27
2,0,27,12000,0,433,125.954,0.4815,73.5439,0.1742,113.086,38.2846,8,12000,12000,1,10569,27
2,0,27,12000,0,434,119.584,0.6703,68.0264,0.1914,107.244,37.671,7,12000,12000,1,11035,27
2,0,27,12000,0,435,113.041,0.3144,62.3823,0.2365,101.317,37.7342,7,12000,12000,1,9190,27
2,0,27,12000,0,436,110.861,0.3157,62.4101,0.2522,99.5026,35.8969,7,12000,12000,1,9997,27
2,0,27,12000,0,437,121.478,0.3547,70.1352,0.207,108.498,37.097,7,12000,12000,1,10637,27
2,0,27,12000,0,438,113.749,0.4172,66.1923,0.1916,101.896,34.3851,7,12000,12000,1,9582,27
2,0,27,12000,0,439,116.217,0.3089,66.8919,0.2368,103.859,35.8145,7,12000,12000,1,9003,27
2,0,27,12000,0,440,106.554,0.2768,55.4668,0.184,93.9788,37.4203,7,12000,12000,1,7960,27
2,0,27,12000,0,441,104.274,0.2836,54.7374,0.2268,90.3999,34.5253,6,12000,12000,1,8782,27
2,0,27,12000,0,442,109.092,0.2861,58.62,0.2314,97.1244,37.2435,7,12000,12000,1,7046,27
2,0,27,12000,0,443,103.361,0.2403,52.2977,0.1974,90.3801,36.9576,6,12000,12000,1,7357,27
2,0,27,12000,0,444,98.7968,0.2467,47.3518,0.1741,85.9844,37.5427,6,12000,12000,1,6672,27
2,0,27,12000,0,445,106.054,0.2524,54.7317,0.1749,92.922,37.1599,6,12000,12000,1,7083,27
2,0,27,12000,0,446,108.83,0.328,59.4225,0.1769,97.5551,36.9977,7,12000,12000,1,6835,27
2,0,27,12000,0,447,111.832,0.246,56.6133,0.2319,98.4811,40.6689,6,12000,12000,1,9172,27
2,0,27,12000,0,448,116.745,0.2921,64.4834,0.1925,102.835,37.2309,7,12000,12000,1,7925,27
2,0,27,12000,0,449,117.354,0.3441,65.0659,0.1769,104.992,38.7267,7,12000,12000,1,9902,27
2,0,27,12000,0,450,111.957,0.3582,61.9415,0.1903,99.654,36.5038,7,12000,12000,1,8507,27
2,0,27,12000,0,451,117.703,0.6888,65.3512,0.1771,104.078,37.2265,7,12000,12000,1,10313,27
2,0,27,12000,0,452,110.971,0.3281,60.7155,0.1698,99.6323,37.815,7,12000,12000,1,9374,27
2,0,27,12000,0,453,126.057,0.3418,75.0866,0.1907,112.78,36.4372,6,12000,12000,1,9071,27
2,0,27,12000,0,454,127.027,0.41,72.7867,0.2246,113.196,39.1063,8,12000,12000,1,6560,27
2,0,27,12000,0,455,135.86,0.4109,82.8675,0.2025,122.665,38.4791,8,12000,12000,1,9147,27
2,0,27,12000,0,456,138.917,0.3892,86.7091,0.2557,125.747,37.7407,8,12000,12000,1,12007,27
2,0,27,12000,0,457,143.445,0.3872,90.1305,0.247,129.955,38.4687,8,12000,12000,1,11860,27
2,0,27,12000,0,458,135.481,0.4028,83.6286,0.2179,121.797,36.8272,8,12000,12000,1,10539,27
2,0,27,12000,0,459,128.643,0.368,80.0072,0.1924,117.135,35.8764,8,12000,12000,1,11761,27
2,0,27,12000,0,460,122.642,0.3407,73.6709,0.2495,111.506,36.5903,7,12000,12000,1,9764,27
2,0,27,12000,0,461,127.117,0.4607,76.8812,0.1984,114.349,36.1423,8,12000,12000,1,10173,27
2,0,27,12000,0,462,123.664,0.7038,74.3666,0.2378,112.004,35.9864,7,12000,12000,1,9767,27
2,0,27,12000,0,463,136.004,0.4081,85.2681,0.2074,123.872,37.31,8,12000,12000,1,9366,27
2,0,27,12000,0,464,137.571,0.3878,86.6772,0.2223,126.08,38.1462,8,12000,12000,1,12599,27
2,0,27,12000,0,465,133.462,0.389,83.1007,0.201,121.113,36.7051,8,12000,12000,1,11124,27
2,0,27,12000,0,466,129.506,0.3521,80.1132,0.2023,117.436,36.1366,8,12000,12000,1,10986,27
2,0,27,12000,0,467,126.112,0.3854,76.0507,0.2085,113.553,36.2668,8,12000,12000,1,10771,27
2,0,27,12000,0,468,118.089,0.3442,68.7656,0.2135,105.935,35.9739,7,12000,12000,1,10028,27
2,0,27,12000,0,469,116.019,0.3299,64.8586,0.2494,102.564,36.4716,7,12000,12000,1,8072,27
2,0,27,12000,0,470,117.467,0.3647,66.4908,0.2496,104.144,36.3773,7,12000,12000,1,7502,27
2,0,27,12000,0,471,135.983,0.4216,81.634,0.2394,123.391,40.4077,7,12000,12000,1,9235,27
2,0,27,12000,0,472,127.734,0.3953,76.6146,0.2233,115.333,37.4421,8,12000,12000,1,9369,27
2,0,27,12000,0,473,134.575,0.4141,83.2238,0.1932,120.971,36.454,8,12000,12000,1,11783,27
2,0,27,12000,0,474,137.975,0.3958,87.9744,0.1922,125.221,36.009,8,12000,12000,1,11903,27
2,0,27,12000,0,475,131.633,0.4488,82.2113,0.1976,119.264,35.7479,8,12000,12000,1,12283,27
2,0,27,12000,0,476,133.108,0.3291,82.0107,0.1878,120.376,37.1965,8,12000,12000,1,12100,27
2,0,27,12000,0,477,163.506,0.4134,106.255,0.258,150.541,42.7459,8,12000,12000,1,10720,27
2,0,27,12000,0,478,155.391,0.4037,97.9379,0.2316,141.059,41.7331,8,12000,12000,1,10393,27
2,0,27,12000,0,479,141.991,0.409,88.029,0.2557,128.346,38.9779,8,12000,12000,1,11982,27
2,0,27,12000,0,480,128.21,0.3827,75.8962,0.2243,115.835,38.4447,8,12000,12000,1,10708,27
2,0,27,12000,0,481,132.55,0.3546,80.6508,0.2018,118.777,36.8565,8,12000,12000,1,12016,27
2,0,27,12000,0,482,123.284,0.3651,72.5442,0.2046,110.401,36.6062,7,12000,12000,1,10689,27
2,0,27,12000,0,483,122.033,0.4213,72.8391,0.203,109.903,35.7929,8,12000,12000,1,8575,27
2,0,27,12000,0,484,116.192,0.359,66.5678,0.1866,104.159,36.3637,7,12000,12000,1,8903,27
2,0,27,12000,0,485,117.316,0.2845,67.5978,0.1871,105.818,37.0485,7,12000,12000,1,7970,27
2,0,27,12000,0,486,119.694,0.3271,70.1523,0.1885,107.978,36.6785,7,12000,12000,1,10150,27
2,0,27,12000,0,487,119.197,0.3098,68.889,0.2345,106.343,36.273,7,12000,12000,1,9360,27
2,0,27,12000,0,488,109.706,0.3142,60.7431,0.1891,97.8558,35.9776,7,12000,12000,1,7293,27
2,0,27,12000,0,489,122.855,0.3038,72.8357,0.1851,110.807,36.8454,7,12000,12000,1,9165,27
2,0,27,12000,0,490,117.62,0.3169,68.1744,0.208,105.738,36.3395,7,12000,12000,1,8667,27
2,0,27,12000,0,491,122.217,0.6667,71.8143,0.2036,109.893,36.5483,8,12000,12000,1,9167,27
2,0,27,12000,0,492,127.245,0.3841,77.454,0.1919,114.928,36.25,7,12000,12000,1,12322,27
2,0,27,12000,0,493,133.673,0.4281,81.1797,0.2131,120.339,37.8644,8,12000,12000,1,9784,27
2,0,27,12000,0,494,130.604,0.5015,80.3411,0.246,117.982,36.2232,8,12000,12000,1,13009,27
2,0,27,12000,0,495,125.888,0.35,76.268,0.2086,114.115,36.5675,7,12000,12000,1,11410,27
2,0,27,12000,0,496,119.424,0.3577,68.3984,0.193,106.319,36.7108,8,12000,12000,1,9564,27
2,0,27,12000,0,497,126.593,0.3296,77.6547,0.2419,114.383,35.5188,7,12000,12000,1,12125,27
2,0,27,12000,0,498,126.896,0.3679,76.2843,0.2172,114.98,37.4552,8,12000,12000,1,10079,27
2,0,27,12000,0,499,121.545,0.6434,72.2953,0.2291,109.439,35.6393,7,12000,12000,1,10528,27
2,0,27,12000,0,500,124.721,0.4017,76.4524,0.232,113.304,35.5789,8,12000,12000,1,9269,27
2,0,27,12000,0,501,124.241,0.408,74.3881,0.2223,112.741,36.9853,7,12000,12000,1,10619,27
2,0,27,12000,0,502,129.411,0.3537,80.7554,0.2051,117.377,35.4358,8,12000,12000,1,9683,27
2,0,27,12000,0,503,117.339,0.2424,65.7917,0.2546,104.8,37.6913,7,12000,12000,1,10141,27
2,0,27,12000,0,504,115.967,0.3099,66.3434,0.1825,103.297,35.7024,7,12000,12000,1,8012,27
2,0,27,12000,0,505,115.661,0.4816,67.9126,0.1948,103.792,34.5668,7,12000,12000,1,9261,27
2,0,27,12000,0,506,116.162,0.4778,65.2863,0.1906,103.108,36.4083,7,12000,12000,1,8492,27
2,0,27,12000,0,507,123.523,0.6973,72.3349,0.1919,110.536,36.6682,7,12000,12000,1,9727,27
2,0,27,12000,0,508,129.555,0.3681,78.3949,0.1838,117.481,37.8503,8,12000,12000,1,9887,27
2,0,27,12000,0,509,131.419,0.3848,80.9662,0.2013,119.055,36.8213,7,12000,12000,1,12180,27
2,0,27,12000,0,510,130.712,0.3724,76.8877,0.2295,116.365,38.0866,8,12000,12000,1,9266,27
2,0,27,12000,0,511,127.791,0.6707,76.755,0.1786,115.149,36.9092,8,12000,12000,1,10961,27
2,0,27,12000,0,512,130.908,0.3648,78.9238,0.1974,118.356,38.2149,8,12000,12000,1,11055,27
2,0,27,12000,0,513,138.008,0.3564,86.2723,0.1846,125.351,37.8988,8,12000,12000,1,11917,27
2,0,27,12000,0,514,141.023,1.0047,87.554,0.1988,129.073,39.468,8,12000,12000,1,13162,27
2,0,27,12000,0,515,126.586,0.4471,75.9385,0.2032,113.291,36.1062,8,12000,12000,1,11460,27
2,0,27,12000,0,516,116.366,0.3515,64.8677,0.2103,103.718,37.5342,7,12000,12000,1,10959,27
2,0,27,12000,0,517,116.955,0.7164,67.5541,0.1747,105.521,36.4215,7,12000,12000,1,10847,27
2,0,27,12000,0,518,112.584,0.4035,61.6653,0.1729,100.778,37.8846,7,12000,12000,1,7722,27
2,0,27,12000,0,519,106.951,0.2793,56.4314,0.1772,95.3692,37.8561,7,12000,12000,1,7345,27
2,0,27,12000,0,520,108.833,0.393,57.3339,0.1772,96.7003,38.1707,6,12000,12000,1,8801,27
2,0,27,12000,0,521,109.205,0.2796,58.6708,0.1807,97.1946,37.4343,7,12000,12000,1,7170,27
2,0,27,12000,0,522,106.484,0.2568,57.4704,0.1988,94.6139,36.0413,6,12000,12000,1,9325,27
2,0,27,12000,0,523,115.959,0.2734,60.9272,0.1798,100.957,38.9632,7,12000,12000,1,8754,27
2,0,27,12000,0,524,112.014,0.3,60.2353,0.1803,99.5563,38.2397,7,12000,12000,1,9024,27
2,0,27,12000,0,525,110.556,0.5618,61.2701,0.2643,98.6451,35.9156,6,12000,12000,1,9102,27
2,0,27,12000,0,526,114.052,0.8021,59.3435,0.1788,99.6152,38.6253,7,12000,12000,1,7492,27
2,0,27,12000,0,527,109.444,0.6021,58.6227,0.2324,96.9792,36.9261,7,12000,12000,1,7897,27
2,0,27,12000,0,528,110.402,0.2475,58.9052,0.1718,97.8466,37.8376,6,12000,12000,1,9758,27
2,0,27,12000,0,529,108.217,0.3185,55.8832,0.1795,96.1932,39.176,7,12000,12000,1,6820,27
2,0,27,12000,0,530,113.971,0.2909,61.2222,0.2959,101.528,38.5536,7,12000,12000,1,8135,27
2,0,27,12000,0,531,111.239,0.3119,58.2194,0.184,97.3133,37.9113,6,12000,12000,1,9149,27
2,0,27,12000,0,532,111.083,0.337,60.6012,0.1743,98.3789,36.5837,7,12000,12000,1,7207,27
2,0,27,12000,0,533,110.918,0.2728,61.237,0.193,99.1545,36.818,7,12000,12000,1,8535,27
2,0,27,12000,0,534,108.092,0.3526,55.819,0.2153,94.765,37.6707,7,12000,12000,1,7334,27
2,0,27,12000,0,535,109.208,0.3,56.634,0.1712,95.9083,38.1793,6,12000,12000,1,8781,27
2,0,27,12000,0,536,107.134,0.5349,55.7114,0.1749,94.5923,37.5178,6,12000,12000,1,8217,27
2,0,27,12000,0,537,103.689,0.3012,53.2407,0.1759,90.9215,36.519,7,12000,12000,1,7168,27
2,0,27,12000,0,538,108.058,0.582,56.2088,0.1906,95.9173,38.2942,6,12000,12000,1,8713,27
2,0,27,12000,0,539,122.397,0.3814,66.8714,0.1899,107.259,39.1342,7,12000,12000,1,7438,27
2,0,27,12000,0,540,112.803,0.2961,61.6736,0.173,99.5405,36.7659,7,12000,12000,1,9583,27
2,0,27,12000,0,541,122.346,0.2985,69.1462,0.1706,110.214,39.9698,7,12000,12000,1,10003,27
2,0,27,12000,0,542,114.022,0.3221,64.2622,0.1935,101.874,36.4641,7,12000,12000,1,10217,27
2,0,27,12000,0,543,112.546,0.5136,62.9038,0.1776,100.939,36.7107,7,12000,12000,1,8926,27
2,0,27,12000,0,544,116.941,0.3392,64.8593,0.1841,103.158,37.007,7,12000,12000,1,9206,27
2,0,27,12000,0,545,111.025,0.2846,60.261,0.1761,98.7768,37.4129,7,12000,12000,1,7421,27
2,0,27,12000,0,546,111.762,0.2561,58.9433,0.2307,97.8308,37.7963,6,12000,12000,1,9437,27
2,0,27,12000,0,547,110.392,0.3272,59.3402,0.1765,98.5124,38.0321,7,12000,12000,1,5839,27
2,0,27,12000,0,548,119.551,0.3727,65.387,0.1738,106.491,39.9396,7,12000,12000,1,8256,27
2,0,27,12000,0,549,118.606,0.2858,67.0717,0.1742,106.19,37.9115,7,12000,12000,1,9273,27
2,0,27,12000,0,550,123.97,0.4041,69.7637,0.1851,111.673,40.6614,7,12000,12000,1,10791,27
3,1,27,12000,0,151,56.0797,0.1334,4.2391,0.1828,45.7369,40.6093,3,12000,12000,1,2357,27
3,1,27,12000,0,152,56.7541,0.0893,4.9671,0.1793,45.0965,39.338,4,12000,12000,1,2254,27
3,1,27,12000,0,153,55.1534,0.0504,4.5513,0.1858,43.2261,37.901,3,12000,12000,1,2690,27
3,1,27,12000,0,154,59.5001,0.0783,5.1289,0.1937,47.5002,41.5554,4,12000,12000,1,3697,27
3,1,27,12000,0,155,58.4548,0.0782,5.9789,0.1767,46.8281,40.0623,3,12000,12000,1,3614,27
3,1,27,12000,0,156,58.7149,0.0717,7.3687,0.1816,47.276,39.0604,4,12000,12000,1,5420,27
3,1,27,12000,0,157,57.1829,0.0946,7.1642,0.1884,46.6088,38.6258,3,12000,12000,1,4776,27
3,1,27,12000,0,158,67.8969,0.0746,8.4339,0.1905,55.3829,46.1432,4,12000,12000,1,6775,27
3,1,27,12000,0,159,65.3657,0.0754,9.8716,0.1927,53.8453,43.1087,4,12000,12000,1,5870,27
3,1,27,12000,0,160,67.4637,0.0663,10.3386,0.1829,55.1019,43.981,4,12000,12000,1,8429,27
3,1,27,12000,0,161,69.8052,0.0621,13.6423,0.1953,58.4285,43.9945,4,12000,12000,1,9604,27
3,1,27,12000,0,162,72.2445,0.1213,14.6663,0.2001,60.5871,45.0241,4,12000,12000,1,10809,27
3,1,27,12000,0,163,73.9433,0.0852,14.2073,0.1845,62.0142,46.9995,4,12000,12000,1,11519,27
3,1,27,12000,0,164,67.2017,0.0486,13.9518,0.1928,55.1384,40.2213,5,12000,12000,1,10140,27
3,1,27,12000,0,165,68.941,0.0764,14.0273,0.1881,56.2185,41.412,4,12000,12000,1,9020,27
3,1,27,12000,0,166,71.5189,0.0628,14.6807,0.1978,59.1329,43.6442,4,12000,12000,1,11766,27
3,1,27,12000,0,167,74.2113,0.0556,16.4836,0.1906,62.6876,45.3696,4,12000,12000,1,8990,27
3,1,27,12000,0,168,71.7973,0.0672,13.5731,0.188,59.1364,44.7458,5,12000,12000,1,7784,27
3,1,27,12000,0,169,71.4715,0.0704,12.2215,0.2061,59.2196,46.1952,4,12000,12000,1,7624,27
3,1,27,12000,0,170,72.3443,0.1006,13.8049,0.1914,60.622,45.8978,4,12000,12000,1,9002,27
3,1,27,12000,0,171,65.3298,0.0596,10.8538,0.1967,53.4093,41.7865,4,12000,12000,1,6793,27
3,1,27,12000,0,172,65.6157,0.0635,9.611,0.1987,54.4508,44.0547,4,12000,12000,1,5445,27
3,1,27,12000,0,173,64.2919,0.0679,8.2853,0.1913,52.8796,43.825,4,12000,12000,1,4885,27
3,1,27,12000,0,174,65.0429,0.0696,8.312,0.1986,52.5709,43.4438,4,12000,12000,1,4312,27
3,1,27,12000,0,175,62.2745,0.054,8.0045,0.2086,50.2182,41.4094,4,12000,12000,1,4080,27
3,1,27,12000,0,176,62.6912,0.061,6.8755,0.1934,49.5779,41.9363,4,12000,12000,1,3027,27
3,1,27,12000,0,177,62.7595,0.0968,5.445,0.2034,49.1053,42.8246,4,12000,12000,1,2507,27
3,1,27,12000,0,178,59.475,0.056,4.9563,0.1927,46.6759,40.9325,3,12000,12000,1,2132,27
3,1,27,12000,0,179,55.8287,0.0568,4.1974,0.1882,44.6353,39.6632,4,12000,12000,1,1634,27
3,1,27,12000,0,180,56.4689,0.0619,4.1819,0.1904,44.8489,39.8704,3,12000,12000,1,1479,27
3,1,27,12000,0,181,60.8323,0.0696,3.5019,0.2058,48.899,44.4451,4,12000,12000,1,1253,27
3,1,27,12000,0,182,57.5153,0.056,3.0569,0.1826,44.9977,41.18,3,12000,12000,1,1189,27
3,1,27,12000,0,183,54.4115,0.052,2.7249,0.1892,41.867,38.3547,4,12000,12000,1,987,27
3,1,27,12000,0,184,54.9109,0.0976,3.0242,0.1805,43.5755,39.7324,3,12000,12000,1,1010,27
3,1,27,12000,0,185,56.028,0.068,3.2855,0.1902,44.4875,39.8166,3,12000,12000,1,942,27
3,1,27,12000,0,186,53.4366,0.0515,2.6913,0.1792,41.7378,38.2458,4,12000,12000,1,905,27
3,1,27,12000,0,187,57.7145,0.0626,2.9214,0.2135,45.2458,41.3877,3,12000,12000,1,1118,27
3,1,27,12000,0,188,58.7089,0.0788,2.7255,0.2006,46.1361,42.5396,3,12000,12000,1,1095,27
3,1,27,12000,0,189,56.535,0.0598,2.6042,0.1945,44.9157,41.4882,4,12000,12000,1,1072,27
3,1,27,12000,0,190,59.0005,0.0654,3.0476,0.2041,46.4224,42.5296,3,12000,12000,1,1164,27
3,1,27,12000,0,191,55.5031,0.0566,2.9311,0.2008,43.4802,39.7112,4,12000,12000,1,1136,27
3,1,27,12000,0,192,56.243,0.051,2.9866,0.1896,44.1177,40.3479,3,12000,12000,1,1389,27
3,1,27,12000,0,193,56.765,0.1114,4.5549,0.1949,45.55,40.0609,3,12000,12000,1,1598,27
3,1,27,12000,0,194,52.4269,0.0556,3.0009,0.184,40.7827,36.9637,4,12000,12000,1,1518,27
3,1,27,12000,0,195,55.3168,0.055,3.4195,0.201,43.4851,39.2349,3,12000,12000,1,1691,27
3,1,27,12000,0,196,57.4151,0.0573,3.6063,0.2244,44.2287,39.6547,3,12000,12000,1,1849,27
3,1,27,12000,0,197,56.3552,0.0715,3.3667,0.2006,44.8686,40.6581,4,12000,12000,1,1561,27
3,1,27,12000,0,198,59.6885,0.0745,3.6577,0.2051,47.7091,43.1294,3,12000,12000,1,1683,27
3,1,27,12000,0,199,60.5205,0.0523,4.1642,0.2248,47.8334,42.6598,4,12000,12000,1,2015,27
3,1,27,12000,0,200,60.4644,0.0527,3.8236,0.1981,46.4046,41.743,4,12000,12000,1,1837,27
3,1,27,12000,0,201,59.3056,0.0536,4.4036,0.2007,46.7725,41.52,3,12000,12000,1,2439,27
3,1,27,12000,0,202,58.6223,0.0616,4.4224,0.1935,46.0212,40.7948,4,12000,12000,1,2666,27
3,1,27,12000,0,203,61.635,0.0977,4.5664,0.1998,50.2912,44.8769,3,12000,12000,1,2411,27
3,1,27,12000,0,204,58.0849,0.0673,4.8182,0.179,46.1616,40.5625,4,12000,12000,1,3471,27
3,1,27,12000,0,205,57.0714,0.0572,4.7968,0.1787,46.2724,40.6918,3,12000,12000,1,2547,27
3,1,27,12000,0,206,58.5721,0.0944,5.1512,0.1835,47.3617,41.4021,4,12000,12000,1,3420,27
3,1,27,12000,0,207,62.1513,0.0858,5.3341,0.1863,50.5656,44.4143,3,12000,12000,1,2892,27
3,1,27,12000,0,208,59.7725,0.0878,5.7639,0.1888,48.8302,42.2145,4,12000,12000,1,3802,27
3,1,27,12000,0,209,60.8493,0.0711,5.8734,0.1843,47.7215,41.0672,4,12000,12000,1,3496,27
3,1,27,12000,0,210,60.6506,0.1229,6.458,0.1852,49.2085,41.9126,3,12000,12000,1,4704,27
3,1,27,12000,0,211,62.6114,0.052,8.0192,0.1759,51.454,42.6859,4,12000,12000,1,4534,27
3,1,27,12000,0,212,55.6692,0.0523,6.4847,0.1902,44.56,37.2553,4,12000,12000,1,3961,27
3,1,27,12000,0,213,64.96,0.0971,7.3991,0.1876,52.3034,44.0871,3,12000,12000,1,4699,27
3,1,27,12000,0,214,63.9504,0.0577,7.2643,0.1836,52.2439,44.1983,4,12000,12000,1,5110,27
3,1,27,12000,0,215,62.584,0.096,7.4099,0.1938,50.9031,42.5885,4,12000,12000,1,4520,27
3,1,27,12000,0,216,68.5032,0.0834,9.1435,0.2035,55.1509,45.1688,3,12000,12000,1,5783,27
3,1,27,12000,0,217,66.6118,0.0715,8.6933,0.1986,54.4444,44.9234,5,12000,12000,1,6055,27
3,1,27,12000,0,218,67.8157,0.0748,8.359,0.1962,54.1443,44.9393,4,12000,12000,1,4399,27
3,1,27,12000,0,219,70.1222,0.0773,9.6165,0.2093,57.4774,47.0269,4,12000,12000,1,6850,27
3,1,27,12000,0,220,69.1299,0.063,9.3685,0.2011,57.1486,46.9523,4,12000,12000,1,5901,27
3,1,27,12000,0,221,67.4717,0.0538,9.642,0.1977,55.1768,44.7346,4,12000,12000,1,5691,27
3,1,27,12000,0,222,70.5892,0.0658,10.1974,0.2018,58.1475,47.1205,4,12000,12000,1,5790,27
3,1,27,12000,0,223,69.9599,0.0888,9.3745,0.2015,57.4157,47.2088,4,12000,12000,1,5432,27
3,1,27,12000,0,224,71.0133,0.0738,9.8504,0.2093,58.4405,47.7541,4,12000,12000,1,5376,27
3,1,27,12000,0,225,63.3573,0.0694,8.7335,0.1923,51.0111,41.4654,5,12000,12000,1,5253,27
3,1,27,12000,0,226,66.1946,0.0668,8.9024,0.1914,53.7823,44.0666,4,12000,12000,1,4923,27
3,1,27,12000,0,227,63.6709,0.0515,8.4264,0.2031,50.7348,41.4846,4,12000,12000,1,5515,27
3,1,27,12000,0,228,63.641,0.0612,8.6696,0.2024,51.5626,42.08,3,12000,12000,1,5077,27
3,1,27,12000,0,229,63.9971,0.0633,9.2428,0.2291,51.6362,41.3301,4,12000,12000,1,4849,27
3,1,27,12000,0,230,63.423,0.105,8.7901,0.2017,50.3261,40.5841,4,12000,12000,1,3577,27
3,1,27,12000,0,231,65.8064,0.0739,6.9807,0.1975,52.7434,44.9592,4,12000,12000,1,3558,27
3,1,27,12000,0,232,65.4312,0.1118,6.7864,0.1999,53.2988,45.6527,4,12000,12000,1,3581,27
3,1,27,12000,0,233,63.2501,0.0771,5.8694,0.2004,50.8865,44.1862,4,12000,12000,1,3212,27
3,1,27,12000,0,234,61.7849,0.068,6.1478,0.1969,49.5927,42.6219,3,12000,12000,1,3067,27
3,1,27,12000,0,235,62.0309,0.0657,5.4701,0.1875,48.704,42.3471,4,12000,12000,1,2595,27
3,1,27,12000,0,236,58.444,0.0966,4.8833,0.1953,46.3763,40.6265,4,12000,12000,1,2317,27
3,1,27,12000,0,237,58.3245,0.0637,4.7629,0.2032,46.2342,40.6159,3,12000,12000,1,2296,27
3,1,27,12000,0,238,62.7835,0.0852,5.4048,0.2028,50.2256,43.9568,4,12000,12000,1,2000,27
3,1,27,12000,0,239,63.3833,0.0692,4.2334,0.2046,50.8277,45.7574,4,12000,12000,1,1940,27
3,1,27,12000,0,240,60.4422,0.0574,4.1472,0.2013,48.1054,43.1408,3,12000,12000,1,1863,27
3,1,27,12000,0,241,56.8433,0.0857,3.8454,0.1978,44.9624,40.2726,4,12000,12000,1,1697,27
3,1,27,12000,0,242,57.6686,0.0766,3.9231,0.1926,45.8088,41.055,3,12000,12000,1,1789,27
3,1,27,12000,0,243,57.4121,0.0666,3.6466,0.1978,45.2297,40.7393,4,12000,12000,1,1646,27
3,1,27,12000,0,244,61.1187,0.0565,3.8333,0.1953,48.2997,43.6602,3,12000,12000,1,1772,27
3,1,27,12000,0,245,59.8942,0.0542,4.003,0.2036,47.4244,42.5606,4,12000,12000,1,1934,27
3,1,27,12000,0,246,58.7413,0.0692,4.1434,0.1964,45.3505,40.3525,4,12000,12000,1,1876,27
3,1,27,12000,0,247,60.2981,0.0664,4.0799,0.203,47.6768,42.7594,3,12000,12000,1,2053,27
3,1,27,12000,0,248,60.0529,0.1229,3.9021,0.2001,47.0783,42.2616,4,12000,12000,1,2071,27
3,1,27,12000,0,249,62.3659,0.0894,5.4575,0.215,50.042,43.6282,3,12000,12000,1,1857,27
3,1,27,12000,0,250,62.1063,0.0661,4.2773,0.1992,49.7419,44.6344,4,12000,12000,1,2250,27
3,1,27,12000,0,251,60.0508,0.0945,4.6529,0.2057,48.0942,42.4475,4,12000,12000,1,1929,27
3,1,27,12000,0,252,60.2739,0.0529,4.4012,0.1908,46.8901,41.6883,4,12000,12000,1,2356,27
3,1,27,12000,0,253,59.1392,0.053,4.5101,0.1906,46.448,41.1258,3,12000,12000,1,2257,27
3,1,27,12000,0,254,59.6736,0.0817,4.2923,0.2065,47.0412,41.898,4,12000,12000,1,2424,27
3,1,27,12000,0,255,64.6213,0.1141,4.6357,0.1994,52.2213,46.6777,3,12000,12000,1,2189,27
3,1,27,12000,0,256,61.4816,0.0658,4.4209,0.1981,49.327,44.0671,4,12000,12000,1,2306,27
3,1,27,12000,0,257,60.4904,0.0591,4.6408,0.1942,48.7053,43.2389,4,12000,12000,1,2411,27
3,1,27,12000,0,258,61.5095,0.0718,5.4778,0.1974,49.3302,43.0303,3,12000,12000,1,3259,27
3,1,27,12000,0,259,61.5828,0.0621,5.3906,0.2039,47.6632,41.4436,4,12000,12000,1,3365,27
3,1,27,12000,0,260,58.0559,0.0502,5.2413,0.1868,45.8271,39.7945,4,12000,12000,1,2745,27
3,1,27,12000,0,261,61.2151,0.064,6.1889,0.1998,48.8308,41.8144,3,12000,12000,1,3998,27
3,1,27,12000,0,262,64.587,0.079,6.3193,0.1956,51.1479,43.9994,4,12000,12000,1,4067,27
3,1,27,12000,0,263,64.2529,0.1031,6.1113,0.2029,52.0943,45.1188,4,12000,12000,1,3336,27
3,1,27,12000,0,264,66.816,0.0832,6.6646,0.2014,54.3546,46.7935,4,12000,12000,1,4172,27
3,1,27,12000,0,265,67.969,0.0717,7.2876,0.2109,55.3038,47.1299,4,12000,12000,1,4389,27
3,1,27,12000,0,266,70.4514,0.0633,7.9936,0.2062,57.2801,48.4407,4,12000,12000,1,4963,27
3,1,27,12000,0,267,69.0782,0.0629,8.2701,0.2099,55.8991,46.7486,4,12000,12000,1,5288,27
3,1,27,12000,0,268,66.8257,0.0577,8.4973,0.2107,54.4733,45.1268,4,12000,12000,1,5768,27
3,1,27,12000,0,269,69.8667,0.0859,9.2587,0.2002,57.4613,47.2712,4,12000,12000,1,5521,27
3,1,27,12000,0,270,71.5946,0.0832,10.419,0.2021,57.9892,46.6995,4,12000,12000,1,6224,27
3,1,27,12000,0,271,65.769,0.0688,8.9875,0.1988,52.9747,43.1253,5,12000,12000,1,5509,27
3,1,27,12000,0,272,65.44,0.0641,10.926,0.1997,52.9928,41.232,4,12000,12000,1,5070,27
3,1,27,12000,0,273,65.8589,0.0668,10.1084,0.2056,53.1407,42.1936,4,12000,12000,1,7159,27
3,1,27,12000,0,274,67.7572,0.047,10.7711,0.1985,55.3505,43.7809,3,12000,12000,1,7008,27
3,1,27,12000,0,275,66.6503,0.0796,11.3639,0.2176,54.2435,42.0015,5,12000,12000,1,6861,27
3,1,27,12000,0,276,64.8911,0.066,9.0481,0.1955,52.5254,42.6202,4,12000,12000,1,5022,27
3,1,27,12000,0,277,77.2285,0.0795,14.678,0.2668,64.4035,48.5454,3,12000,12000,1,7159,27
3,1,27,12000,0,278,78.2701,0.0775,11.1813,0.2146,62.6532,50.5606,5,12000,12000,1,5389,27
3,1,27,12000,0,279,70.3947,0.0758,8.1945,0.1997,57.2339,48.2079,5,12000,12000,1,3782,27
3,1,27,12000,0,280,64.6112,0.0552,8.8525,0.2272,51.8508,42.0825,4,12000,12000,1,5113,27
3,1,27,12000,0,281,64.689,0.0741,8.5648,0.1963,50.5085,41.093,4,12000,12000,1,6045,27
3,1,27,12000,0,282,72.8997,0.1437,9.5243,0.209,61.0545,50.5997,4,12000,12000,1,5326,27
3,1,27,12000,0,283,66.3843,0.0607,9.49,0.2068,53.3973,43.0565,4,12000,12000,1,4990,27
3,1,27,12000,0,284,66.3068,0.0633,7.9791,0.2075,53.1257,44.279,4,12000,12000,1,4932,27
3,1,27,12000,0,285,66.742,0.0675,10.1589,0.2051,53.6483,42.641,4,12000,12000,1,4516,27
3,1,27,12000,0,286,63.8832,0.0773,7.5051,0.2124,50.9001,42.5521,4,12000,12000,1,4130,27
3,1,27,12000,0,287,63.8541,0.063,7.3379,0.1993,51.3668,43.2172,4,12000,12000,1,4267,27
3,1,27,12000,0,288,63.9835,0.0955,7.053,0.2011,51.862,43.9571,4,12000,12000,1,3878,27
3,1,27,12000,0,289,63.7534,0.0569,7.1869,0.1875,51.5019,43.5127,4,12000,12000,1,3604,27
3,1,27,12000,0,290,62.7407,0.0881,6.883,0.1934,50.0324,42.3128,3,12000,12000,1,4048,27
3,1,27,12000,0,291,60.6167,0.062,6.2098,0.1979,48.6596,41.6338,4,12000,12000,1,3488,27
3,1,27,12000,0,292,61.8562,0.0694,6.2029,0.205,49.7377,42.681,4,12000,12000,1,2818,27
3,1,27,12000,0,293,63.1734,0.0592,5.6544,0.199,50.7774,44.294,4,12000,12000,1,2969,27
3,1,27,12000,0,294,65.638,0.0646,5.6635,0.1978,53.394,46.9067,3,12000,12000,1,2785,27
3,1,27,12000,0,295,61.8746,0.0796,5.5471,0.1871,49.3372,42.9814,4,12000,12000,1,2967,27
3,1,27,12000,0,296,63.1543,0.0555,5.0784,0.1948,50.646,44.7663,4,12000,12000,1,2489,27
3,1,27,12000,0,297,61.0977,0.0678,5.1615,0.1978,48.8373,42.8511,4,12000,12000,1,2655,27
3,1,27,12000,0,298,59.8754,0.092,5.279,0.1926,47.5254,41.4037,3,12000,12000,1,2860,27
3,1,27,12000,0,299,59.0857,0.0634,4.6914,0.2328,46.9579,41.4118,4,12000,12000,1,2792,27
3,1,27,12000,0,300,64.2489,0.0689,4.9735,0.1919,51.8631,46.0742,4,12000,12000,1,2377,27
3,1,27,12000,0,301,64.5765,0.0823,5.7428,0.2041,52.9083,46.2887,3,12000,12000,1,2923,27
3,1,27,12000,0,302,62.0258,0.0786,5.0013,0.2044,50.6381,44.7868,4,12000,12000,1,2622,27
3,1,27,12000,0,303,61.8234,0.099,4.8434,0.1928,49.6294,43.956,4,12000,12000,1,2500,27
3,1,27,12000,0,304,59.0338,0.0492,5.0276,0.1875,47.2791,41.4762,4,12000,12000,1,2810,27
3,1,27,12000,0,305,57.9692,0.0843,5.3551,0.1867,45.798,39.6016,3,12000,12000,1,2808,27
3,1,27,12000,0,306,57.5426,0.058,4.7477,0.1833,45.1807,39.5686,4,12000,12000,1,2651,27
3,1,27,12000,0,307,61.2106,0.0862,4.8359,0.192,49.91,44.2526,3,12000,12000,1,2364,27
3,1,27,12000,0,308,57.93,0.0938,4.4935,0.1866,46.3304,41.0263,4,12000,12000,1,2670,27
3,1,27,12000,0,309,58.6147,0.0537,5.0472,0.1809,46.5438,40.6872,3,12000,12000,1,2382,27
3,1,27,12000,0,310,58.7694,0.0604,4.997,0.1914,46.8321,41.0041,4,12000,12000,1,2818,27
3,1,27,12000,0,311,63.7363,0.086,5.0215,0.2025,51.4598,45.581,3,12000,12000,1,2505,27
3,1,27,12000,0,312,62.9432,0.0726,4.9592,0.189,49.783,44.0016,4,12000,12000,1,3162,27
3,1,27,12000,0,313,60.7218,0.0591,5.3107,0.201,48.3964,42.27,4,12000,12000,1,2693,27
3,1,27,12000,0,314,60.1538,0.0606,5.4497,0.1985,48.394,42.0892,4,12000,12000,1,3100,27
3,1,27,12000,0,315,62.2554,0.0715,5.6858,0.1969,48.9352,42.3985,3,12000,12000,1,3233,27
3,1,27,12000,0,316,59.2674,0.0788,5.5654,0.1898,47.91,41.5246,4,12000,12000,1,3309,27
3,1,27,12000,0,317,62.9739,0.0727,5.7358,0.1918,50.7516,44.1919,4,12000,12000,1,3143,27
3,1,27,12000,0,318,65.42,0.053,6.5108,0.1959,53.1889,45.862,3,12000,12000,1,3960,27
3,1,27,12000,0,319,62.966,0.0573,6.093,0.1869,50.2944,43.3888,4,12000,12000,1,3954,27
3,1,27,12000,0,320,63.0349,0.0661,6.2859,0.1937,51.0515,43.9439,4,12000,12000,1,3059,27
3,1,27,12000,0,321,68.4934,0.055,7.1026,0.2133,55.8653,47.8395,4,12000,12000,1,3660,27
3,1,27,12000,0,322,68.3579,0.0827,7.2854,0.2235,54.3305,46.1477,4,12000,12000,1,3985,27
3,1,27,12000,0,323,67.3834,0.071,6.9543,0.193,54.5419,46.7577,4,12000,12000,1,3842,27
3,1,27,12000,0,324,65.9173,0.0799,7.159,0.1898,53.1563,45.1408,4,12000,12000,1,4253,27
3,1,27,12000,0,325,67.8732,0.0573,6.9041,0.1943,54.8417,47.1261,4,12000,12000,1,4078,27
3,1,27,12000,0,326,66.0922,0.0568,7.5036,0.1921,53.833,45.5251,4,12000,12000,1,4417,27
3,1,27,12000,0,327,65.2542,0.087,6.9433,0.1872,51.9221,44.1715,4,12000,12000,1,4225,27
3,1,27,12000,0,328,65.9673,0.049,7.8254,0.1941,53.4533,44.8159,4,12000,12000,1,4372,27
3,1,27,12000,0,329,65.3932,0.0625,7.916,0.2023,52.4936,43.7307,4,12000,12000,1,4824,27
3,1,27,12000,0,330,67.2398,0.0903,8.223,0.1954,52.4603,43.392,4,12000,12000,1,4955,27
3,1,27,12000,0,331,65.8696,0.067,8.5218,0.1948,53.3356,43.9584,4,12000,12000,1,4814,27
3,1,27,12000,0,332,66.1148,0.0865,7.8048,0.2271,53.7078,45.0191,4,12000,12000,1,4643,27
3,1,27,12000,0,333,67.6772,0.0716,8.3177,0.2009,55.0417,45.8995,4,12000,12000,1,5146,27
3,1,27,12000,0,334,68.4268,0.0641,9.2651,0.2096,56.0723,45.9742,4,12000,12000,1,5057,27
3,1,27,12000,0,335,67.4775,0.0559,7.9549,0.2074,55.0745,46.2917,4,12000,12000,1,4354,27
3,1,27,12000,0,336,68.7424,0.0497,9.4625,0.191,55.9787,45.671,4,12000,12000,1,4528,27
3,1,27,12000,0,337,64.9112,0.056,7.1889,0.1894,51.5,43.488,4,12000,12000,1,4254,27
3,1,27,12000,0,338,64.5533,0.0628,7.5853,0.1899,52.3243,43.9453,4,12000,12000,1,4292,27
3,1,27,12000,0,339,62.1191,0.0648,6.9681,0.2047,50.287,42.485,4,12000,12000,1,3694,27
3,1,27,12000,0,340,63.7519,0.0835,6.7905,0.1916,51.836,44.221,4,12000,12000,1,3804,27
3,1,27,12000,0,341,63.7563,0.0538,7.8718,0.21,52.0288,43.2058,3,12000,12000,1,3750,27
3,1,27,12000,0,342,66.7602,0.0687,6.4946,0.2082,53.1791,45.8397,4,12000,12000,1,3680,27
3,1,27,12000,0,343,63.9874,0.0687,6.9045,0.198,52.1837,44.3917,4,12000,12000,1,3396,27
3,1,27,12000,0,344,68.6465,0.0948,6.9785,0.1992,54.987,47.0958,4,12000,12000,1,3693,27
3,1,27,12000,0,345,65.5442,0.0715,6.3015,0.1981,52.0017,44.8645,4,12000,12000,1,3576,27
3,1,27,12000,0,346,65.0506,0.0554,7.8975,0.216,52.4378,43.5605,4,12000,12000,1,3470,27
3,1,27,12000,0,347,66.1396,0.0853,6.4612,0.2062,53.4343,46.0983,4,12000,12000,1,3736,27
3,1,27,12000,0,348,64.1541,0.0987,6.7231,0.2056,51.3369,43.7347,4,12000,12000,1,3617,27
3,1,27,12000,0,349,65.2697,0.0729,6.3616,0.2076,50.5908,43.357,4,12000,12000,1,3565,27
3,1,27,12000,0,350,63.4407,0.0625,6.5748,0.2003,51.4253,44.0287,4,12000,12000,1,3534,27
3,1,27,12000,0,351,62.291,0.0645,5.8682,0.2048,49.4089,42.6914,4,12000,12000,1,3026,27
3,1,27,12000,0,352,62.7091,0.0604,6.2193,0.1974,50.5547,43.5009,3,12000,12000,1,3515,27
3,1,27,12000,0,353,60.5981,0.0803,6.0091,0.1905,48.4274,41.542,4,12000,12000,1,3303,27
3,1,27,12000,0,354,62.9216,0.0778,5.582,0.2507,50.5374,44.0761,4,12000,12000,1,2698,27
3,1,27,12000,0,355,65.9817,0.0909,5.7421,0.1928,53.8807,47.3083,4,12000,12000,1,3283,27
3,1,27,12000,0,356,64.073,0.0979,5.3766,0.1857,51.6164,45.4056,3,12000,12000,1,3084,27
3,1,27,12000,0,357,62.0375,0.0838,6.2166,0.191,50.1402,43.0769,4,12000,12000,1,3831,27
3,1,27,12000,0,358,75.5996,0.0809,6.5916,0.2186,58.2059,50.62,4,12000,12000,1,2976,27
3,1,27,12000,0,359,75.9955,0.1205,6.4939,0.215,60.6673,53.2199,5,12000,12000,1,3469,27
3,1,27,12000,0,360,65.2213,0.0874,6.3612,0.2088,51.9043,44.6279,4,12000,12000,1,3466,27
3,1,27,12000,0,361,67.1176,0.0947,7.739,0.2158,52.0116,43.321,4,12000,12000,1,4989,27
3,1,27,12000,0,362,64.5869,0.0897,7.7271,0.2119,51.6658,43.0443,4,12000,12000,1,4559,27
3,1,27,12000,0,363,63.585,0.0852,7.8445,0.19,50.7859,42.1194,4,12000,12000,1,4803,27
3,1,27,12000,0,364,67.3188,0.1362,7.9082,0.1941,55.1464,46.3317,4,12000,12000,1,4437,27
3,1,27,12000,0,365,66.8738,0.0589,7.4076,0.1928,54.3769,46.1392,4,12000,12000,1,4416,27
3,1,27,12000,0,366,66.5474,0.1023,7.5382,0.1933,54.2311,45.8323,4,12000,12000,1,4739,27
3,1,27,12000,0,367,66.8296,0.0939,9.1155,0.1935,54.8821,44.8553,4,12000,12000,1,4949,27
3,1,27,12000,0,368,67.559,0.0861,8.1175,0.2252,54.9379,45.9169,4,12000,12000,1,5150,27
3,1,27,12000,0,369,68.4145,0.062,8.2217,0.1841,55.521,46.4342,4,12000,12000,1,5031,27
3,1,27,12000,0,370,63.8867,0.1139,7.4206,0.1882,52.0079,43.7214,4,12000,12000,1,4859,27
3,1,27,12000,0,371,65.0451,0.0588,7.9855,0.1792,52.9835,44.2304,4,12000,12000,1,5599,27
3,1,27,12000,0,372,65.4918,0.0741,9.1523,0.2022,54.0303,43.9064,4,12000,12000,1,5876,27
3,1,27,12000,0,373,67.4807,0.0594,8.9622,0.182,53.7919,44.0391,4,12000,12000,1,6050,27
3,1,27,12000,0,374,71.1973,0.1087,8.3737,0.2005,57.5744,48.2945,4,12000,12000,1,5415,27
3,1,27,12000,0,375,67.0054,0.0698,9.6755,0.206,55.4092,44.1253,4,12000,12000,1,5326,27
3,1,27,12000,0,376,69.3894,0.0829,9.4449,0.1878,56.497,46.1697,4,12000,12000,1,6365,27
3,1,27,12000,0,377,72.5391,0.103,11.7088,0.1984,59.4124,46.8244,4,12000,12000,1,6584,27
3,1,27,12000,0,378,64.5556,0.0799,9.1488,0.2013,51.8728,41.872,5,12000,12000,1,5249,27
3,1,27,12000,0,379,70.8746,0.0911,9.4014,0.2074,58.2307,47.9475,3,12000,12000,1,5836,27
3,1,27,12000,0,380,68.7361,0.0681,10.028,0.2179,56.0158,45.115,5,12000,12000,1,7162,27
3,1,27,12000,0,381,67.8341,0.0728,9.7639,0.222,54.8928,44.2534,4,12000,12000,1,5631,27
3,1,27,12000,0,382,69.3547,0.0735,10.9193,0.1963,56.5133,44.7458,4,12000,12000,1,8062,27
3,1,27,12000,0,383,68.5421,0.064,11.2508,0.1959,56.3431,44.2334,4,12000,12000,1,6991,27
3,1,27,12000,0,384,68.9046,0.0693,9.8669,0.1962,55.2971,44.5892,4,12000,12000,1,6020,27
3,1,27,12000,0,385,66.432,0.0673,10.6319,0.1955,54.0183,42.5161,4,12000,12000,1,5445,27
3,1,27,12000,0,386,67.6734,0.0685,8.8316,0.1823,53.0783,43.2672,4,12000,12000,1,5660,27
3,1,27,12000,0,387,62.5939,0.0654,8.2644,0.1793,50.8495,41.8129,4,12000,12000,1,5686,27
3,1,27,12000,0,388,63.0247,0.0565,9.5882,0.184,51.6054,41.1673,4,12000,12000,1,5209,27
3,1,27,12000,0,389,62.3147,0.0678,7.9815,0.1822,49.504,40.742,4,12000,12000,1,5536,27
3,1,27,12000,0,390,59.5363,0.0804,7.9806,0.1833,47.9712,39.209,4,12000,12000,1,5434,27
3,1,27,12000,0,391,60.7818,0.0712,8.0067,0.1886,47.9315,39.1268,3,12000,12000,1,5282,27
3,1,27,12000,0,392,60.7736,0.0751,8.2603,0.2061,48.3878,39.0854,4,12000,12000,1,5076,27
3,1,27,12000,0,393,64.287,0.0952,7.3301,0.1916,50.8395,42.6791,4,12000,12000,1,4299,27
3,1,27,12000,0,394,65.2394,0.063,8.7321,0.1959,53.4868,43.7961,3,12000,12000,1,4947,27
3,1,27,12000,0,395,61.6261,0.0538,7.5316,0.1852,49.5877,41.2764,4,12000,12000,1,5635,27
3,1,27,12000,0,396,60.8746,0.0621,7.46,0.2017,49.3461,41.0973,4,12000,12000,1,3967,27
3,1,27,12000,0,397,60.0222,0.0571,7.2392,0.1843,48.6357,40.626,4,12000,12000,1,5041,27
3,1,27,12000,0,398,60.4357,0.068,8.9806,0.2287,48.5515,38.3879,3,12000,12000,1,4598,27
3,1,27,12000,0,399,60.7648,0.0776,7.154,0.1958,48.8322,40.8538,4,12000,12000,1,4332,27
3,1,27,12000,0,400,63.905,0.0932,6.8475,0.1983,51.9378,44.2378,3,12000,12000,1,3584,27
3,1,27,12000,0,401,66.1565,0.0502,7.9733,0.2104,54.2136,45.3959,4,12000,12000,1,3895,27
3,1,27,12000,0,402,63.4438,0.0992,6.2778,0.1941,51.2691,44.1462,4,12000,12000,1,3473,27
3,1,27,12000,0,403,61.5752,0.0611,6.682,0.1983,50.051,42.5245,4,12000,12000,1,4067,27
3,1,27,12000,0,404,60.7156,0.0532,6.3301,0.1848,48.6246,41.4283,4,12000,12000,1,3778,27
3,1,27,12000,0,405,59.6756,0.0681,6.3882,0.1868,46.5232,39.3307,3,12000,12000,1,3973,27
3,1,27,12000,0,406,57.7151,0.0475,6.3008,0.184,46.1141,39.0544,4,12000,12000,1,4364,27
3,1,27,12000,0,407,58.5115,0.0577,5.8846,0.1883,47.0261,40.3509,3,12000,12000,1,2950,27
3,1,27,12000,0,408,64.0463,0.0697,6.2469,0.1986,52.3703,45.3144,4,12000,12000,1,3736,27
3,1,27,12000,0,409,60.1952,0.0596,5.9037,0.1798,48.716,42.0399,4,12000,12000,1,3115,27
3,1,27,12000,0,410,57.7264,0.0719,5.8433,0.1903,46.2898,39.6495,3,12000,12000,1,3560,27
3,1,27,12000,0,411,57.8829,0.0625,5.9227,0.1855,45.8762,39.1577,4,12000,12000,1,3857,27
3,1,27,12000,0,412,58.5394,0.0584,5.7727,0.1766,47.2469,40.7144,3,12000,12000,1,3453,27
3,1,27,12000,0,413,60.3195,0.0838,5.72,0.1817,48.9352,42.4128,4,12000,12000,1,3884,27
3,1,27,12000,0,414,57.3434,0.0592,5.6993,0.1922,46.556,40.0745,3,12000,12000,1,3189,27
3,1,27,12000,0,415,61.5944,0.0583,5.6413,0.1755,49.7863,43.3735,4,12000,12000,1,3479,27
3,1,27,12000,0,416,61.896,0.0768,5.4186,0.1805,50.7359,44.529,4,12000,12000,1,2948,27
3,1,27,12000,0,417,58.6634,0.0884,5.4622,0.1832,47.8256,41.5292,3,12000,12000,1,3541,27
3,1,27,12000,0,418,62.0107,0.0709,6.1523,0.1731,50.135,43.1746,4,12000,12000,1,4059,27
3,1,27,12000,0,419,59.8728,0.0405,5.9408,0.1775,48.3888,41.6621,4,12000,12000,1,2898,27
3,1,27,12000,0,420,63.3059,0.0806,5.9184,0.1761,51.2695,44.5666,3,12000,12000,1,3689,27
3,1,27,12000,0,421,55.5779,0.0641,5.632,0.1772,44.743,38.3467,4,12000,12000,1,3588,27
3,1,27,12000,0,422,57.7705,0.0554,5.6116,0.1832,46.3657,39.9828,3,12000,12000,1,2873,27
3,1,27,12000,0,423,63.3821,0.0478,5.5063,0.1899,52.2963,45.9975,4,12000,12000,1,3206,27
3,1,27,12000,0,424,60.6239,0.0698,5.825,0.1844,48.5399,41.9141,3,12000,12000,1,3152,27
3,1,27,12000,0,425,62.8996,0.1263,5.9106,0.1879,50.7926,43.9986,4,12000,12000,1,3489,27
3,1,27,12000,0,426,63.0649,0.0459,6.1984,0.181,50.6117,43.6068,4,12000,12000,1,3191,27
3,1,27,12000,0,427,59.4121,0.0538,6.4916,0.1838,47.6974,40.4299,4,12000,12000,1,4111,27
3,1,27,12000,0,428,58.4395,0.0734,6.3306,0.1794,45.8836,38.7544,3,12000,12000,1,4155,27
3,1,27,12000,0,429,62.4047,0.0755,7.2571,0.1841,50.4217,42.3599,4,12000,12000,1,3853,27
3,1,27,12000,0,430,59.3231,0.0572,6.0909,0.1924,47.8678,41.0007,4,12000,12000,1,3669,27
3,1,27,12000,0,431,57.8805,0.0625,6.6143,0.1895,46.2207,38.6703,3,12000,12000,1,4315,27
3,1,27,12000,0,432,60.4898,0.054,6.7059,0.1765,47.3343,39.8135,4,12000,12000,1,4081,27
3,1,27,12000,0,433,62.158,0.0557,6.3309,0.1755,50.6448,43.5591,3,12000,12000,1,3628,27
3,1,27,12000,0,434,59.3967,0.0906,6.3004,0.177,47.888,40.7893,4,12000,12000,1,4174,27
3,1,27,12000,0,435,62.857,0.0695,6.3339,0.1923,50.203,43.05,3,12000,12000,1,3685,27
3,1,27,12000,0,436,58.6197,0.0687,5.9643,0.1771,46.8518,40.1289,4,12000,12000,1,4220,27
3,1,27,12000,0,437,59.178,0.0714,6.0069,0.1747,47.4499,40.6612,4,12000,12000,1,3393,27
3,1,27,12000,0,438,60.3944,0.0651,6.9093,0.1836,48.6272,40.9508,3,12000,12000,1,4604,27
3,1,27,12000,0,439,59.6906,0.0525,6.8594,0.1809,48.0004,40.3672,4,12000,12000,1,4500,27
3,1,27,12000,0,440,60.5226,0.094,6.2511,0.1748,48.4597,41.4123,4,12000,12000,1,3817,27
3,1,27,12000,0,441,59.8424,0.066,6.6624,0.182,48.5835,41.0317,3,12000,12000,1,4374,27
3,1,27,12000,0,442,60.573,0.1674,6.9279,0.2476,49.3455,40.9936,4,12000,12000,1,4159,27
3,1,27,12000,0,443,61.9934,0.0702,9.4112,0.176,49.724,39.4949,3,12000,12000,1,3730,27
3,1,27,12000,0,444,56.7276,0.0744,6.4606,0.1775,44.9282,37.6907,4,12000,12000,1,3611,27
3,1,27,12000,0,445,59.6704,0.0912,5.9734,0.1848,48.314,41.5272,3,12000,12000,1,3662,27
3,1,27,12000,0,446,64.2233,0.0704,9.0077,0.1999,53.2363,43.2395,4,12000,12000,1,3713,27
3,1,27,12000,0,447,66.158,0.0732,6.1214,0.1963,52.3075,45.3605,4,12000,12000,1,3342,27
3,1,27,12000,0,448,61.466,0.065,6.3552,0.1883,49.8871,42.7421,4,12000,12000,1,4246,27
3,1,27,12000,0,449,65.3721,0.095,7.3573,0.1946,53.4573,45.2188,4,12000,12000,1,4082,27
3,1,27,12000,0,450,63.1179,0.0688,6.524,0.194,50.346,42.9844,4,12000,12000,1,4069,27
3,1,27,12000,0,451,62.6784,0.068,8.4487,0.2013,51.063,41.7847,3,12000,12000,1,4596,27
3,1,27,12000,0,452,60.5224,0.0594,6.6097,0.1858,48.9218,41.5091,4,12000,12000,1,4605,27
3,1,27,12000,0,453,62.7844,0.0859,7.7918,0.1987,51.0674,42.4445,4,12000,12000,1,3817,27
3,1,27,12000,0,454,60.5151,0.0597,7.4443,0.1895,49.0614,40.8429,3,12000,12000,1,5441,27
3,1,27,12000,0,455,66.6447,0.0584,13.2316,0.1815,54.9057,40.8996,4,12000,12000,1,5543,27
3,1,27,12000,0,456,61.9567,0.1207,6.5739,0.1768,50.4774,43.0767,4,12000,12000,1,3834,27
3,1,27,12000,0,457,61.9123,0.0641,7.1709,0.1737,50.4486,42.5067,4,12000,12000,1,4203,27
3,1,27,12000,0,458,62.5383,0.0572,6.6844,0.1876,50.9367,43.4658,4,12000,12000,1,4374,27
3,1,27,12000,0,459,65.6391,0.0663,8.671,0.1933,53.8543,44.3475,3,12000,12000,1,4883,27
3,1,27,12000,0,460,64.8231,0.0677,8.6159,0.1919,51.7369,42.2781,4,12000,12000,1,4490,27
3,1,27,12000,0,461,60.902,0.0948,7.492,0.1963,48.83,40.4508,4,12000,12000,1,4056,27
3,1,27,12000,0,462,61.3164,0.0701,7.0592,0.1923,49.3801,41.5175,4,12000,12000,1,4866,27
3,1,27,12000,0,463,62.5269,0.0555,7.4614,0.1854,50.7702,42.5397,3,12000,12000,1,4795,27
3,1,27,12000,0,464,61.5523,0.079,7.2095,0.1781,50.3154,42.3018,4,12000,12000,1,5156,27
3,1,27,12000,0,465,63.9983,0.1232,8.5899,0.1722,51.5085,42.0548,4,12000,12000,1,4103,27
3,1,27,12000,0,466,64.4983,0.0973,8.8094,0.1765,51.2436,41.5463,4,12000,12000,1,4959,27
3,1,27,12000,0,467,77.7092,0.1164,23.7487,0.2105,66.2259,41.4395,4,12000,12000,1,5158,27
3,1,27,12000,0,468,61.4147,0.065,7.8523,0.1759,49.7847,41.1424,4,12000,12000,1,4942,27
3,1,27,12000,0,469,68.5117,0.1104,12.5214,0.1758,56.6304,43.266,4,12000,12000,1,4998,27
3,1,27,12000,0,470,62.6929,0.0798,10.5555,0.2067,50.2536,38.6061,4,12000,12000,1,4453,27
3,1,27,12000,0,471,61.2177,0.1144,6.7855,0.178,47.4723,39.8741,4,12000,12000,1,4320,27
3,1,27,12000,0,472,62.6436,0.0672,7.3517,0.18,49.6416,41.496,3,12000,12000,1,4281,27
3,1,27,12000,0,473,63.3308,0.0723,7.6594,0.1803,50.1604,41.7063,4,12000,12000,1,4031,27
3,1,27,12000,0,474,62.3118,0.0578,7.9014,0.1813,50.256,41.5907,4,12000,12000,1,3524,27
3,1,27,12000,0,475,58.9932,0.0597,6.0019,0.1721,47.3679,40.6314,4,12000,12000,1,3888,27
3,1,27,12000,0,476,61.5834,0.058,6.5732,0.1807,49.5094,42.1538,3,12000,12000,1,4197,27
3,1,27,12000,0,477,55.3864,0.0599,5.5559,0.1776,42.2212,35.9336,4,12000,12000,1,3823,27
3,1,27,12000,0,478,57.697,0.1161,6.0873,0.1734,46.8447,39.8971,3,12000,12000,1,3247,27
3,1,27,12000,0,479,56.8768,0.0556,5.4534,0.1778,45.4792,39.1397,4,12000,12000,1,3782,27
3,1,27,12000,0,480,59.4638,0.2199,5.6315,0.1709,47.7477,41.2188,3,12000,12000,1,3195,27
3,1,27,12000,0,481,55.3535,0.0539,5.3973,0.1715,43.9694,37.7826,4,12000,12000,1,3473,27
3,1,27,12000,0,482,59.5103,0.0859,6.3051,0.1657,48.5528,41.4852,3,12000,12000,1,3025,27
3,1,27,12000,0,483,58.6756,0.0392,5.5084,0.177,47.4357,41.1622,4,12000,12000,1,3595,27
3,1,27,12000,0,484,59.4851,0.1979,5.5569,0.1761,48.9944,42.5129,3,12000,12000,1,3236,27
3,1,27,12000,0,485,59.8491,0.0634,5.3187,0.1843,47.1569,40.9784,4,12000,12000,1,3435,27
3,1,27,12000,0,486,58.1598,0.0569,5.11,0.164,46.4901,40.6613,3,12000,12000,1,3196,27
3,1,27,12000,0,487,54.1951,0.0682,5.2845,0.1753,43.3369,37.3136,4,12000,12000,1,3526,27
3,1,27,12000,0,488,57.8046,0.0563,5.4814,0.1758,46.5671,40.3126,3,12000,12000,1,2934,27
3,1,27,12000,0,489,57.7365,0.0652,6.1138,0.1738,46.3418,39.3926,4,12000,12000,1,3652,27
3,1,27,12000,0,490,59.8045,0.0575,5.6619,0.1801,46.83,40.3749,3,12000,12000,1,2932,27
3,1,27,12000,0,491,59.2088,0.0789,5.9622,0.1879,47.6979,40.9278,4,12000,12000,1,3899,27
3,1,27,12000,0,492,57.7409,0.0712,5.6239,0.1728,45.9997,39.5994,3,12000,12000,1,3192,27
3,1,27,12000,0,493,57.1899,0.0504,5.9808,0.1678,45.7274,39.017,4,12000,12000,1,4306,27
3,1,27,12000,0,494,57.8631,0.0567,5.8344,0.1652,46.9325,40.2965,3,12000,12000,1,3584,27
3,1,27,12000,0,495,63.3052,0.0595,10.765,0.1701,51.5792,40.0843,4,12000,12000,1,4499,27
3,1,27,12000,0,496,59.7898,0.0604,6.017,0.173,46.5277,39.6951,3,12000,12000,1,3505,27
3,1,27,12000,0,497,60.7859,0.0558,6.078,0.179,49.7271,42.8224,4,12000,12000,1,4145,27
3,1,27,12000,0,498,57.3426,0.1006,5.6047,0.1718,45.9093,39.5053,4,12000,12000,1,3658,27
3,1,27,12000,0,499,60.2929,0.047,7.1404,0.1736,49.3572,41.4254,3,12000,12000,1,5211,27
3,1,27,12000,0,500,61.1537,0.0577,7.0209,0.1729,50.1058,42.2422,4,12000,12000,1,4854,27
3,1,27,12000,0,501,56.4587,0.0707,6.9314,0.1784,45.2044,37.4517,3,12000,12000,1,3877,27
3,1,27,12000,0,502,60.3309,0.0626,6.6714,0.1862,47.7614,40.2318,4,12000,12000,1,5335,27
3,1,27,12000,0,503,60.6729,0.0815,6.3955,0.1666,49.6812,42.5229,3,12000,12000,1,3803,27
3,1,27,12000,0,504,64.6131,0.0514,11.4116,0.163,52.9493,40.7857,4,12000,12000,1,4585,27
3,1,27,12000,0,505,62.6208,0.0624,10.0513,0.1648,51.6758,40.8244,4,12000,12000,1,4542,27
3,1,27,12000,0,506,63.1654,0.065,9.447,0.1761,51.675,41.3758,4,12000,12000,1,5017,27
3,1,27,12000,0,507,59.4911,0.0819,8.4257,0.1743,47.2132,37.9564,3,12000,12000,1,5396,27
3,1,27,12000,0,508,63.2039,0.0531,8.4404,0.1672,51.2083,42.0518,4,12000,12000,1,5768,27
3,1,27,12000,0,509,63.696,0.0599,9.3832,0.1638,52.2984,42.1896,4,12000,12000,1,3980,27
3,1,27,12000,0,510,77.1755,0.0736,21.9646,0.1703,65.5757,42.7353,4,12000,12000,1,5182,27
3,1,27,12000,0,511,69.2713,0.051,17.8173,0.165,57.9501,39.3492,4,12000,12000,1,5378,27
3,1,27,12000,0,512,58.4517,0.0652,7.103,0.1727,47.1348,39.2846,4,12000,12000,1,4950,27
3,1,27,12000,0,513,63.5704,0.1101,9.9228,0.1639,52.7553,41.9723,4,12000,12000,1,5776,27
3,1,27,12000,0,514,65.4971,0.0707,10.555,0.2186,53.0126,41.3522,4,12000,12000,1,6772,27
3,1,27,12000,0,515,76.5232,0.0855,22.0723,0.1642,64.8008,41.9386,4,12000,12000,1,5369,27
3,1,27,12000,0,516,63.7195,0.1043,9.6077,0.1762,52.6646,42.05,4,12000,12000,1,5494,27
3,1,27,12000,0,517,64.461,0.0777,10.2796,0.1623,51.7313,40.6896,4,12000,12000,1,5875,27
3,1,27,12000,0,518,65.2689,0.056,11.072,0.2168,53.8304,41.379,4,12000,12000,1,6432,27
3,1,27,12000,0,519,63.4886,0.0772,9.4318,0.1606,50.8329,40.6289,4,12000,12000,1,5453,27
3,1,27,12000,0,520,60.1513,0.0455,9.4403,0.1607,48.8343,38.6421,4,12000,12000,1,5113,27
3,1,27,12000,0,521,60.7642,0.0852,8.9444,0.1791,49.6784,39.7554,3,12000,12000,1,6000,27
3,1,27,12000,0,522,64.0748,0.0536,9.1976,0.1801,53.0806,43.0533,4,12000,12000,1,5396,27
3,1,27,12000,0,523,60.2196,0.0567,7.9066,0.1727,48.1887,39.5027,4,12000,12000,1,4077,27
3,1,27,12000,0,524,61.7315,0.0943,6.7046,0.1764,50.2439,42.7727,3,12000,12000,1,4744,27
3,1,27,12000,0,525,61.855,0.0554,8.4423,0.1715,50.2947,41.103,4,12000,12000,1,4958,27
3,1,27,12000,0,526,59.5212,0.0637,7.7621,0.1744,47.8981,39.3737,4,12000,12000,1,4667,27
3,1,27,12000,0,527,63.2304,0.0644,10.5035,0.1689,50.9353,39.6535,3,12000,12000,1,5466,27
3,1,27,12000,0,528,62.1534,0.0612,8.4984,0.1721,50.3233,41.0141,4,12000,12000,1,6016,27
3,1,27,12000,0,529,59.4698,0.0843,7.1428,0.1753,47.9056,39.995,4,12000,12000,1,3975,27
3,1,27,12000,0,530,60.4912,0.0605,7.2673,0.1683,49.1393,41.0716,3,12000,12000,1,4249,27
3,1,27,12000,0,531,60.3588,0.0419,7.0688,0.1834,48.6174,40.7572,4,12000,12000,1,4436,27
3,1,27,12000,0,532,61.3019,0.0497,6.1645,0.177,48.4104,41.3964,4,12000,12000,1,3588,27
3,1,27,12000,0,533,69.3451,0.1386,8.8457,0.1837,56.9225,47.0787,3,12000,12000,1,4307,27
3,1,27,12000,0,534,66.9015,0.2134,7.9052,0.183,53.5838,44.6586,4,12000,12000,1,4696,27
3,1,27,12000,0,535,59.6624,0.0605,6.2108,0.1773,48.3576,41.3376,4,12000,12000,1,3440,27
3,1,27,12000,0,536,60.4935,0.0553,7.3645,0.1755,48.7794,40.5821,4,12000,12000,1,4211,27
3,1,27,12000,0,537,63.0109,0.1269,6.2798,0.1776,50.6587,43.541,4,12000,12000,1,4052,27
3,1,27,12000,0,538,62.1847,0.0904,6.8926,0.1886,50.6523,42.942,3,12000,12000,1,4303,27
3,1,27,12000,0,539,78.6948,0.185,23.1352,0.1717,67.613,43.5677,4,12000,12000,1,4676,27
3,1,27,12000,0,540,63.6354,0.0688,6.9517,0.1892,51.4161,43.6039,5,12000,12000,1,4024,27
3,1,27,12000,0,541,62.7875,0.0895,7.8376,0.1825,50.6222,41.9776,4,12000,12000,1,4349,27
3,1,27,12000,0,542,63.2343,0.0592,7.7471,0.1664,51.4708,42.9881,4,12000,12000,1,5074,27
3,1,27,12000,0,543,58.5875,0.0556,7.1774,0.1656,46.5043,38.5208,3,12000,12000,1,5151,27
3,1,27,12000,0,544,61.1358,0.0529,8.0574,0.1607,49.5657,40.7697,4,12000,12000,1,4875,27
3,1,27,12000,0,545,59.7964,0.054,7.3516,0.1936,48.3516,40.063,3,12000,12000,1,4181,27
3,1,27,12000,0,546,58.9392,0.0517,6.4437,0.1724,46.6129,39.441,4,12000,12000,1,4709,27
3,1,27,12000,0,547,59.9385,0.0592,6.9974,0.1764,49.0081,41.2406,4,12000,12000,1,3753,27
3,1,27,12000,0,548,61.2535,0.0801,8.1849,0.1552,49.0244,40.0874,3,12000,12000,1,4815,27
3,1,27,12000,0,549,61.6304,0.9238,7.2478,0.1794,49.9876,41.0957,4,12000,12000,1,5124,27
3,1,27,12000,0,550,60.4163,0.0665,8.4004,0.1779,48.9795,39.7014,4,12000,12000,1,4428,27
4,0,4,12000,1,151,124.015,0.141,72.3517,0.172,109.625,36.3534,8,12000,12000,1,9201,4
4,0,4,12000,1,152,122.7,0.3262,68.2361,0.1746,109.6,40.1973,7,12000,12000,1,8857,4
4,0,4,12000,1,153,120.867,0.0723,66.3026,0.2421,106.597,39.3969,8,12000,12000,1,7852,4
4,0,4,12000,1,154,114.598,0.1257,62.6661,0.2149,102.252,38.5644,7,12000,12000,1,8325,4
4,0,4,12000,1,155,118.087,0.0659,62.6237,0.1704,104.787,41.341,7,12000,12000,1,7963,4
4,0,4,12000,1,156,119.021,0.0848,58.9539,0.2356,106.436,46.3066,7,12000,12000,1,6948,4
4,0,4,12000,1,157,127.652,0.0834,74.6372,0.2305,114.656,39.0717,7,12000,12000,1,10665,4
4,0,4,12000,1,158,126.438,0.0724,74.1314,0.1702,114.053,39.0983,8,12000,12000,1,8801,4
4,0,4,12000,1,159,133.594,0.5308,77.6148,0.2357,120.084,40.9013,7,12000,12000,1,10954,4
4,0,4,12000,1,160,126.822,0.076,72.1696,0.2505,113.399,40.281,8,12000,12000,1,8330,4
4,0,4,12000,1,161,115.644,0.0877,65.809,0.1879,102.28,35.5666,8,12000,12000,1,9120,4
4,0,4,12000,1,162,118.622,0.1231,65.9616,0.1752,104.16,37.3035,7,12000,12000,1,9984,4
4,0,4,12000,1,163,114.963,0.0651,61.258,0.179,102.142,40.0462,7,12000,12000,1,7548,4
4,0,4,12000,1,164,118.26,0.0828,64.308,0.198,103.097,37.8973,7,12000,12000,1,8977,4
4,0,4,12000,1,165,117.875,0.0557,63.4554,0.1711,104.769,40.5145,7,12000,12000,1,9333,4
4,0,4,12000,1,166,113.612,0.0606,62.7342,0.1733,100.047,36.4741,7,12000,12000,1,7987,4
4,0,4,12000,1,167,124.938,0.1164,70.5332,0.1768,111.855,39.6553,7,12000,12000,1,10075,4
4,0,4,12000,1,168,129.055,0.0601,73.3334,0.1705,114.038,39.8855,7,12000,12000,1,11520,4
4,0,4,12000,1,169,129.779,0.1331,77.2692,0.1657,115.917,37.7647,8,12000,12000,1,9113,4
4,0,4,12000,1,170,134.379,0.0663,84.9595,0.1858,120.5,34.7254,8,12000,12000,1,13579,4
4,0,4,12000,1,171,139.087,0.5328,81.1697,0.187,122.362,39.8516,8,12000,12000,1,11337,4
4,0,4,12000,1,172,125.173,0.0741,69.6944,0.1777,111.579,40.8582,8,12000,12000,1,9238,4
4,0,4,12000,1,173,122.771,0.0868,69.4256,0.2238,110.737,40.2778,7,12000,12000,1,10504,4
4,0,4,12000,1,174,123.438,0.0688,68.8745,0.2769,110.539,40.7327,8,12000,12000,1,8680,4
4,0,4,12000,1,175,126.457,0.0682,76.2135,0.1615,114.135,37.064,7,12000,12000,1,11362,4
4,0,4,12000,1,176,123.346,0.0892,70.8719,0.169,109.902,38.0854,8,12000,12000,1,8752,4
4,0,4,12000,1,177,115.586,0.4566,68.0638,0.187,103.497,34.1459,7,12000,12000,1,9680,4
4,0,4,12000,1,178,119.762,0.7809,67.6279,0.1606,107.5,38.3085,7,12000,12000,1,9235,4
4,0,4,12000,1,179,120.559,0.0645,70.4572,0.2359,107.967,36.6056,7,12000,12000,1,9020,4
4,0,4,12000,1,180,132.002,0.07,79.6074,0.1717,117.341,36.7391,7,12000,12000,1,10425,4
4,0,4,12000,1,181,119.034,0.2858,66.5678,0.1852,104.612,36.793,8,12000,12000,1,7780,4
4,0,4,12000,1,182,120.401,0.0704,68.3385,0.1833,105.073,35.8274,8,12000,12000,1,9387,4
4,0,4,12000,1,183,129.905,1.0989,71.6608,0.1665,115.495,41.9608,7,12000,12000,1,11037,4
4,0,4,12000,1,184,126.205,0.0754,71.2858,0.1661,111.759,39.6137,8,12000,12000,1,7565,4
4,0,4,12000,1,185,127.427,0.1326,74.5711,0.1614,113.345,37.8882,7,12000,12000,1,11092,4
4,0,4,12000,1,186,128.776,0.0716,70.7881,0.178,114.302,42.5792,8,12000,12000,1,8694,4
4,0,4,12000,1,187,130.291,0.0766,74.6462,0.1676,114.952,39.4857,8,12000,12000,1,9345,4
4,0,4,12000,1,188,129.904,0.0747,78.5837,0.2146,117.29,37.5919,7,12000,12000,1,12004,4
4,0,4,12000,1,189,130.755,0.0829,72.5216,0.1673,116.187,42.8212,8,12000,12000,1,9321,4
4,0,4,12000,1,190,126.363,0.1112,75.2771,0.1752,112.996,36.7282,8,12000,12000,1,9150,4
4,0,4,12000,1,191,133.249,0.4668,77.8501,0.1733,120.661,41.5521,7,12000,12000,1,11890,4
4,0,4,12000,1,192,125.333,0.0739,74.7323,0.1757,111.928,36.3846,8,12000,12000,1,8997,4
4,0,4,12000,1,193,128.077,0.1336,75.5539,0.1686,114.453,38.0088,8,12000,12000,1,10398,4
4,0,4,12000,1,194,134.433,0.0936,80.7568,0.267,120.425,38.6401,8,12000,12000,1,10893,4
4,0,4,12000,1,195,124.813,0.0736,69.7507,0.3231,110.271,39.563,8,12000,12000,1,8545,4
4,0,4,12000,1,196,126.138,0.1032,74.9228,0.1969,112.948,37.0874,7,12000,12000,1,9934,4
4,0,4,12000,1,197,124.019,0.1002,71.8361,0.188,108.756,36.0136,8,12000,12000,1,8030,4
4,0,4,12000,1,198,116.248,0.0697,64.2049,0.178,103.213,38.1806,7,12000,12000,1,9412,4
4,0,4,12000,1,199,131.926,0.0696,78.7532,0.195,118.873,39.1919,7,12000,12000,1,8970,4
4,0,4,12000,1,200,125.589,0.0735,74.0969,0.1756,112.091,37.1386,8,12000,12000,1,8653,4
4,0,4,12000,1,201,128.193,0.0711,77.3882,0.1706,114.8,36.6065,8,12000,12000,1,10879,4
4,0,4,12000,1,202,121.749,0.0861,67.5027,0.1723,105.533,37.2227,7,12000,12000,1,9395,4
4,0,4,12000,1,203,123.831,0.0712,71.5209,0.1641,110.049,37.6526,8,12000,12000,1,8540,4
4,0,4,12000,1,204,133.44,0.0686,75.8491,0.1705,117.032,40.322,7,12000,12000,1,10595,4
4,0,4,12000,1,205,125.613,0.0846,74.4926,0.2075,111.951,36.4415,8,12000,12000,1,9824,4
4,0,4,12000,1,206,127.05,0.0823,76.1211,0.2281,114.355,37.3195,8,12000,12000,1,10964,4
4,0,4,12000,1,207,128.129,0.1219,74.5527,0.1702,114.96,39.5365,7,12000,12000,1,9403,4
4,0,4,12000,1,208,123.881,0.0715,73.1986,0.184,110.386,36.3455,8,12000,12000,1,9397,4
4,0,4,12000,1,209,120.459,1.0307,70.3434,0.1683,107.591,35.4719,7,12000,12000,1,9583,4
4,0,4,12000,1,210,122.136,0.0871,72.2239,0.1689,109.109,36.0785,7,12000,12000,1,9519,4
4,0,4,12000,1,211,122.876,0.1351,71.3622,0.1767,108.038,35.7794,8,12000,12000,1,8363,4
4,0,4,12000,1,212,126.67,0.0733,74.1789,0.172,111.659,36.6405,7,12000,12000,1,10603,4
4,0,4,12000,1,213,122.623,0.0808,68.1301,0.1723,106.722,37.7308,8,12000,12000,1,8407,4
4,0,4,12000,1,214,116.655,0.8068,64.2376,0.1792,103.416,37.5323,7,12000,12000,1,8815,4
4,0,4,12000,1,215,123.88,0.0949,69.2371,0.1964,109.865,39.6988,7,12000,12000,1,9454,4
4,0,4,12000,1,216,124.943,0.0735,73.3514,0.1968,111.917,37.5845,8,12000,12000,1,9391,4
4,0,4,12000,1,217,121.663,0.0622,68.4494,0.2463,108.295,38.8588,7,12000,12000,1,10693,4
4,0,4,12000,1,218,117.731,0.0731,64.5114,0.2203,103.03,37.606,7,12000,12000,1,9190,4
4,0,4,12000,1,219,117.866,0.0844,67.6624,0.1637,104.043,35.5758,7,12000,12000,1,8360,4
4,0,4,12000,1,220,126.98,0.1106,74.5092,0.1901,112.752,37.3272,8,12000,12000,1,8155,4
4,0,4,12000,1,221,124.918,0.0625,75.6448,0.1857,113.02,36.5348,7,12000,12000,1,9667,4
4,0,4,12000,1,222,125.426,0.0716,73.1059,0.1782,111.726,37.7781,8,12000,12000,1,8204,4
4,0,4,12000,1,223,133.46,0.0793,78.5866,0.1967,117.794,38.228,7,12000,12000,1,11156,4
4,0,4,12000,1,224,130.7,0.0795,78.4919,0.1902,117.761,38.3728,8,12000,12000,1,10842,4
4,0,4,12000,1,225,132.62,0.0792,80.4604,0.1704,117.952,36.681,8,12000,12000,1,11099,4
4,0,4,12000,1,226,142.367,0.0851,81.5021,0.1721,129.693,47.2734,8,12000,12000,1,12260,4
4,0,4,12000,1,227,139.999,0.0859,79.9309,0.1815,123.613,42.7851,8,12000,12000,1,11239,4
4,0,4,12000,1,228,127.329,0.166,75.7271,0.1685,114.633,37.9662,8,12000,12000,1,9418,4
4,0,4,12000,1,229,136.58,0.7972,80.958,0.2005,122.17,39.5397,8,12000,12000,1,10482,4
4,0,4,12000,1,230,131.136,0.0668,80.6599,0.1625,116.879,35.4188,8,12000,12000,1,11962,4
4,0,4,12000,1,231,131.14,0.1776,78.3432,0.1693,117.597,38.3307,7,12000,12000,1,11014,4
4,0,4,12000,1,232,127.904,0.0758,73.7506,0.1972,112.691,37.9753,8,12000,12000,1,8952,4
4,0,4,12000,1,233,126.223,0.0835,73.2452,0.1815,113.086,38.9846,8,12000,12000,1,9924,4
4,0,4,12000,1,234,129.637,0.0795,77.9085,0.1728,117.335,38.5872,8,12000,12000,1,10720,4
4,0,4,12000,1,235,131.928,0.1455,72.9273,0.1722,116.904,43.0545,7,12000,12000,1,11019,4
4,0,4,12000,1,236,124.082,0.0731,73.7247,0.1854,110.945,36.3445,8,12000,12000,1,8863,4
4,0,4,12000,1,237,130.595,0.1144,76.5314,0.1661,115.251,37.8124,8,12000,12000,1,10304,4
4,0,4,12000,1,238,125.88,1.5429,74.9003,0.1827,113.24,36.0326,8,12000,12000,1,11782,4
4,0,4,12000,1,239,131.474,0.0771,80.9362,0.1706,117.846,36.046,7,12000,12000,1,12537,4
4,0,4,12000,1,240,122.09,0.0752,68.8714,0.1645,108.016,38.3201,8,12000,12000,1,9565,4
4,0,4,12000,1,241,140.571,0.0685,87.5372,0.1752,128.011,39.5822,7,12000,12000,1,14029,4
4,0,4,12000,1,242,131.665,0.0742,78.6452,0.1632,118.001,38.4538,8,12000,12000,1,9719,4
4,0,4,12000,1,243,129.478,0.1874,77.0119,0.1825,116.509,38.4875,8,12000,12000,1,11371,4
4,0,4,12000,1,244,132.102,0.4173,76.2406,0.1732,116.771,39.3251,8,12000,12000,1,9445,4
4,0,4,12000,1,245,134.44,0.1159,80.712,0.1535,119.788,38.2827,8,12000,12000,1,11230,4
4,0,4,12000,1,246,134.47,0.2667,82.0528,0.1886,121.941,38.7953,8,12000,12000,1,10098,4
4,0,4,12000,1,247,126.119,0.0717,73.1209,0.1975,112.113,37.8413,8,12000,12000,1,9049,4
4,0,4,12000,1,248,127.007,0.081,76.2063,0.1878,113.802,36.2472,8,12000,12000,1,9717,4
4,0,4,12000,1,249,124.63,0.0721,74.0754,0.1678,110.695,35.7966,7,12000,12000,1,10320,4
4,0,4,12000,1,250,115.663,0.0941,64.5847,0.473,103.015,37.116,8,12000,12000,1,7043,4
4,0,4,12000,1,251,135.644,0.0564,79.6977,0.1725,121.744,41.2013,7,12000,12000,1,10664,4
4,0,4,12000,1,252,120.791,0.0913,68.1491,0.2402,107.922,38.8605,8,12000,12000,1,8131,4
4,0,4,12000,1,253,125.122,0.0816,68.8607,0.1863,111.648,41.8882,7,12000,12000,1,8623,4
4,0,4,12000,1,254,125.775,0.0709,70.4203,0.2066,111.566,40.2452,7,12000,12000,1,8954,4
4,0,4,12000,1,255,121.802,0.1908,67.8519,0.1801,107.16,38.3409,8,12000,12000,1,9567,4
4,0,4,12000,1,256,123.144,0.0614,68.6693,0.273,107.456,37.6388,7,12000,12000,1,10675,4
4,0,4,12000,1,257,129.824,0.0975,81.122,0.159,117.438,35.4296,8,12000,12000,1,9652,4
4,0,4,12000,1,258,126.167,0.1234,73.2701,0.1844,112.372,38.2178,7,12000,12000,1,9628,4
4,0,4,12000,1,259,127.025,0.0902,74.3283,0.169,114.14,38.9593,8,12000,12000,1,8941,4
4,0,4,12000,1,260,134.724,0.0938,83.1815,0.1587,121.647,37.6339,8,12000,12000,1,12079,4
4,0,4,12000,1,261,141.473,0.2628,87.4252,0.1729,128.033,39.4519,8,12000,12000,1,11804,4
4,0,4,12000,1,262,145.131,0.0828,90.1817,0.1708,129.449,38.4155,8,12000,12000,1,11868,4
4,0,4,12000,1,263,133.6,0.0798,84.0311,0.1724,120.857,35.9712,8,12000,12000,1,11457,4
4,0,4,12000,1,264,130.525,0.1611,80.6535,0.1685,118.428,36.8853,8,12000,12000,1,11583,4
4,0,4,12000,1,265,131.19,0.0657,76.89,0.1745,116.05,38.3434,7,12000,12000,1,10445,4
4,0,4,12000,1,266,129.897,0.0789,72.912,0.1891,114.098,40.187,8,12000,12000,1,9218,4
4,0,4,12000,1,267,132.456,0.0852,78.1879,0.1714,119.269,40.198,8,12000,12000,1,11525,4
4,0,4,12000,1,268,128.304,0.1653,78.187,0.1778,114.672,35.547,8,12000,12000,1,10863,4
4,0,4,12000,1,269,150.216,0.1136,92.6904,0.1877,136.461,42.7261,8,12000,12000,1,12048,4
4,0,4,12000,1,270,137.536,0.0722,83.6933,0.1747,124.418,39.8745,8,12000,12000,1,11897,4
4,0,4,12000,1,271,128.063,0.0764,76.3679,0.1674,114.901,37.6864,8,12000,12000,1,10167,4
4,0,4,12000,1,272,130.129,0.1315,78.8787,0.1742,115.499,35.7214,7,12000,12000,1,11837,4
4,0,4,12000,1,273,125.386,0.0724,71.9844,0.2099,112.099,39.1185,8,12000,12000,1,9513,4
4,0,4,12000,1,274,137.18,0.1093,85.3902,0.1934,122.81,36.0951,8,12000,12000,1,12707,4
4,0,4,12000,1,275,130.064,0.075,80.2675,0.1626,116.175,35.0423,8,12000,12000,1,11666,4
4,0,4,12000,1,276,126.248,0.0851,74.7474,0.1712,112.637,37.0112,7,12000,12000,1,10086,4
4,0,4,12000,1,277,127.168,0.0735,75.2089,0.2033,113.145,37.0379,8,12000,12000,1,8718,4
4,0,4,12000,1,278,140.092,0.9879,81.8475,0.2002,124.473,40.4264,8,12000,12000,1,8772,4
4,0,4,12000,1,279,131.386,0.1183,80.1331,0.1725,118.891,37.8819,8,12000,12000,1,10832,4
4,0,4,12000,1,280,132.126,0.1109,81.3882,0.1952,118.718,36.423,8,12000,12000,1,11064,4
4,0,4,12000,1,281,130.953,0.0958,79.6977,0.1738,118.629,38.0338,8,12000,12000,1,10246,4
4,0,4,12000,1,282,126.537,0.0679,74.452,0.1775,111.478,36.053,7,12000,12000,1,12135,4
4,0,4,12000,1,283,122.108,0.0744,68.6868,0.1789,107.73,38.1962,8,12000,12000,1,9589,4
4,0,4,12000,1,284,130.3,0.0729,77.3946,0.1848,116.654,38.4035,7,12000,12000,1,12608,4
4,0,4,12000,1,285,126.854,0.0685,72.8831,0.1794,111.862,38.136,8,12000,12000,1,10179,4
4,0,4,12000,1,286,134.453,0.1431,82.8257,0.2486,120.759,36.7871,8,12000,12000,1,11313,4
4,0,4,12000,1,287,140.507,0.1096,88.0983,0.1709,125.78,36.8287,8,12000,12000,1,12911,4
4,0,4,12000,1,288,134.757,0.1003,80.0619,0.1728,118.42,37.4981,8,12000,12000,1,11232,4
4,0,4,12000,1,289,138.672,0.0903,82.5963,0.1875,124.719,41.0177,8,12000,12000,1,11451,4
4,0,4,12000,1,290,138.272,0.0918,86.7683,0.1859,125.127,37.4969,8,12000,12000,1,11219,4
4,0,4,12000,1,291,121.228,0.0821,72.8093,0.1628,108.568,34.93,8,12000,12000,1,9388,4
4,0,4,12000,1,292,127.823,0.0694,77.7913,0.1915,116.263,37.5797,7,12000,12000,1,9618,4
4,0,4,12000,1,293,130.812,0.3848,80.4104,0.1752,118.569,37.0173,8,12000,12000,1,10061,4
4,0,4,12000,1,294,137.702,0.089,82.4889,0.171,120.936,37.5967,8,12000,12000,1,12220,4
4,0,4,12000,1,295,125.803,0.2277,74.8161,0.173,112.628,36.802,8,12000,12000,1,11118,4
4,0,4,12000,1,296,118.66,0.1102,66.4519,0.1854,105.639,38.2378,7,12000,12000,1,9145,4
4,0,4,12000,1,297,133.316,0.2207,83.5637,0.1733,119.874,35.3184,7,12000,12000,1,10296,4
4,0,4,12000,1,298,128.243,0.0763,74.7506,0.1767,114.046,38.429,8,12000,12000,1,8779,4
4,0,4,12000,1,299,134.528,0.0748,80.7379,0.1642,120.279,38.6952,8,12000,12000,1,12101,4
4,0,4,12000,1,300,134.324,0.0912,78.8681,0.1741,119.518,39.7566,8,12000,12000,1,8817,4
4,0,4,12000,1,301,135.982,0.1479,84.3665,0.1725,123.347,37.9741,8,12000,12000,1,10652,4
4,0,4,12000,1,302,127.829,0.0829,76.6143,0.1709,114.099,36.625,8,12000,12000,1,10103,4
4,0,4,12000,1,303,131.13,1.0465,76.0715,0.1862,118.554,40.2016,8,12000,12000,1,10616,4
4,0,4,12000,1,304,133.57,0.1416,79.5783,0.1969,120.329,39.7871,7,12000,12000,1,10512,4
4,0,4,12000,1,305,119.575,0.0689,65.9828,0.1741,102.525,35.7054,8,12000,12000,1,8116,4
4,0,4,12000,1,306,135.738,0.1528,81.5834,0.1874,121.516,38.9467,8,12000,12000,1,10868,4
4,0,4,12000,1,307,138.331,0.4587,84.8666,0.2081,126.535,40.2279,8,12000,12000,1,11743,4
4,0,4,12000,1,308,130.425,0.0794,78.3368,0.1649,116.64,37.4282,8,12000,12000,1,9849,4
4,0,4,12000,1,309,134.764,0.3682,82.8193,0.174,120.337,36.4089,7,12000,12000,1,12630,4
4,0,4,12000,1,310,133.348,0.0937,73.2199,0.1723,119.642,45.5673,8,12000,12000,1,8217,4
4,0,4,12000,1,311,133.384,0.0619,80.0042,0.1736,118.949,38.1031,8,12000,12000,1,11669,4
4,0,4,12000,1,312,133.572,0.0819,82.0257,0.1731,120.144,37.1946,8,12000,12000,1,10859,4
4,0,4,12000,1,313,137.157,0.0732,86.1701,0.1637,124.078,37.0954,8,12000,12000,1,11614,4
4,0,4,12000,1,314,131.191,0.0883,78.0874,0.1716,116.56,37.5977,8,12000,12000,1,10310,4
4,0,4,12000,1,315,142.659,0.3571,88.7686,0.1854,126.387,36.5025,8,12000,12000,1,11759,4
4,0,4,12000,1,316,138.738,0.1504,84.7722,0.1702,125.264,39.5681,8,12000,12000,1,12242,4
4,0,4,12000,1,317,144.715,0.8387,91.2305,0.1743,130.526,37.7317,8,12000,12000,1,14008,4
4,0,4,12000,1,318,128.204,0.0997,75.1684,0.1705,113.363,37.2922,8,12000,12000,1,9422,4
4,0,4,12000,1,319,133.038,0.5708,79.6169,0.1626,119.759,38.7479,8,12000,12000,1,11295,4
4,0,4,12000,1,320,125.469,0.0778,74.1497,0.1659,112.898,37.854,8,12000,12000,1,9523,4
4,0,4,12000,1,321,131.722,0.0735,77.5705,0.1687,117.035,38.6285,8,12000,12000,1,11757,4
4,0,4,12000,1,322,141.155,0.0986,88.7098,0.1839,127.633,37.999,8,12000,12000,1,12960,4
4,0,4,12000,1,323,131.263,0.1178,79.6613,0.1761,119.016,38.4157,8,12000,12000,1,9979,4
4,0,4,12000,1,324,119.55,0.0866,70.1926,0.233,107.279,36.0942,7,12000,12000,1,9132,4
4,0,4,12000,1,325,127.496,0.0999,77.083,0.1836,114.299,36.3441,8,12000,12000,1,9591,4
4,0,4,12000,1,326,122.119,0.0712,68.6526,0.1846,105.542,35.8185,7,12000,12000,1,9232,4
4,0,4,12000,1,327,131.703,0.3399,73.1972,0.1811,117.942,43.5965,8,12000,12000,1,8278,4
4,0,4,12000,1,328,142.838,0.0634,85.7661,0.1876,128.587,41.9156,7,12000,12000,1,14259,4
4,0,4,12000,1,329,124.164,0.0643,68.3941,0.1815,109.564,40.2427,8,12000,12000,1,8718,4
4,0,4,12000,1,330,138.886,0.0732,85.4387,0.1706,124.837,38.5399,8,12000,12000,1,10345,4
4,0,4,12000,1,331,143.375,0.0813,91.2855,0.1723,128.171,36.0674,8,12000,12000,1,13410,4
4,0,4,12000,1,332,135.241,0.3898,77.1955,0.1602,118.133,39.8293,8,12000,12000,1,10220,4
4,0,4,12000,1,333,128.97,0.0803,74.8358,0.1634,114.808,39.1246,8,12000,12000,1,10215,4
4,0,4,12000,1,334,134.812,0.1269,79.7761,0.1708,121.024,40.3087,8,12000,12000,1,10708,4
4,0,4,12000,1,335,138.116,0.1242,83.5233,0.1759,122.689,38.2506,8,12000,12000,1,11218,4
4,0,4,12000,1,336,134.611,0.0894,82.7669,0.1742,120.99,37.3904,8,12000,12000,1,11760,4
4,0,4,12000,1,337,136.781,0.0808,81.7137,0.1812,122.929,40.2942,8,12000,12000,1,11288,4
4,0,4,12000,1,338,136.875,0.0902,81.6103,0.1834,122.355,39.8266,8,12000,12000,1,10955,4
4,0,4,12000,1,339,144.329,0.2927,89.4393,0.1757,130.003,39.4929,8,12000,12000,1,13045,4
4,0,4,12000,1,340,134.079,0.1385,80.3915,0.1669,119.978,38.6705,8,12000,12000,1,11266,4
4,0,4,12000,1,341,139.315,0.085,85.2829,0.1627,125.778,39.6361,8,12000,12000,1,12197,4
4,0,4,12000,1,342,138.246,0.1287,82.21,0.1671,122.892,39.7674,8,12000,12000,1,11076,4
4,0,4,12000,1,343,137.396,0.3719,82.3817,0.173,124.476,40.9565,8,12000,12000,1,11361,4
4,0,4,12000,1,344,130.371,0.1651,78.2275,0.1709,116.776,37.5973,8,12000,12000,1,10899,4
4,0,4,12000,1,345,133.949,0.0573,79.9902,0.1827,120.211,39.3683,7,12000,12000,1,11278,4
4,0,4,12000,1,346,126.402,0.3306,72.0989,0.1718,111.308,38.102,8,12000,12000,1,9475,4
4,0,4,12000,1,347,136.578,0.0818,83.1279,0.1635,123.025,39.0606,8,12000,12000,1,11716,4
4,0,4,12000,1,348,135.312,0.211,85.2692,0.1805,123.106,36.7816,8,12000,12000,1,11185,4
4,0,4,12000,1,349,140.75,0.0756,87.3897,0.1906,127.953,39.6524,8,12000,12000,1,12644,4
4,0,4,12000,1,350,136.76,0.0786,82.4914,0.2004,122.823,39.4423,8,12000,12000,1,11703,4
4,0,4,12000,1,351,161.143,0.0944,107.091,0.175,147.938,39.9603,8,12000,12000,1,11193,4
4,0,4,12000,1,352,141.48,0.0837,89.8405,0.1654,126.994,36.344,8,12000,12000,1,12485,4
4,0,4,12000,1,353,140.436,0.2359,85.3647,0.173,127.077,40.706,8,12000,12000,1,12638,4
4,0,4,12000,1,354,149.313,0.9224,91.1712,0.2007,132.875,39.9109,8,12000,12000,1,11934,4
4,0,4,12000,1,355,136.4,0.0729,82.993,0.1716,122.827,39.0107,8,12000,12000,1,11479,4
4,0,4,12000,1,356,136.636,0.0862,84.2662,0.2145,123.172,37.9275,8,12000,12000,1,11585,4
4,0,4,12000,1,357,126.061,0.0725,73.1362,0.1767,112.882,38.9188,8,12000,12000,1,8988,4
4,0,4,12000,1,358,137.716,0.0696,86.8018,0.1653,124.16,36.4874,8,12000,12000,1,12860,4
4,0,4,12000,1,359,140.789,0.0868,84.9373,0.1847,126.728,40.7964,8,12000,12000,1,10963,4
4,0,4,12000,1,360,137.383,0.0777,80.5062,0.1725,124.194,42.8437,8,12000,12000,1,11828,4
4,0,4,12000,1,361,136.988,0.0896,81.7796,0.1883,124.087,41.4058,8,12000,12000,1,9938,4
4,0,4,12000,1,362,136.227,0.0872,83.1436,0.1851,122.214,38.1849,8,12000,12000,1,9605,4
4,0,4,12000,1,363,144.727,0.0938,89.9677,0.1754,131.696,40.7992,8,12000,12000,1,13227,4
4,0,4,12000,1,364,144.887,0.0843,87.7953,0.1892,132.583,43.8706,8,12000,12000,1,13161,4
4,0,4,12000,1,365,132.345,0.0824,78.7366,0.1859,117.992,38.3917,8,12000,12000,1,10270,4
4,0,4,12000,1,366,145.848,0.0895,90.4072,0.1876,130.923,39.6346,8,12000,12000,1,12463,4
4,0,4,12000,1,367,142.924,0.0882,85.7102,0.1782,129.431,42.8322,8,12000,12000,1,12484,4
4,0,4,12000,1,368,151.601,0.0852,83.9053,0.178,122.642,37.8861,8,12000,12000,1,11928,4
4,0,4,12000,1,369,138.672,0.0818,83.2143,0.1756,123.827,39.7164,8,12000,12000,1,10619,4
4,0,4,12000,1,370,136.622,0.0768,79.1196,0.18,120.541,40.5498,8,12000,12000,1,11120,4
4,0,4,12000,1,371,146.687,0.0709,92.6275,0.1853,129.906,36.3799,8,12000,12000,1,13774,4
4,0,4,12000,1,372,147.635,0.0776,94.2387,0.1893,134.409,39.3076,8,12000,12000,1,13501,4
4,0,4,12000,1,373,142.064,0.0809,87.8658,0.1979,128.782,39.8815,8,12000,12000,1,12292,4
4,0,4,12000,1,374,137.272,0.092,83.2363,0.177,123.768,39.648,8,12000,12000,1,11336,4
4,0,4,12000,1,375,130.739,0.081,80.1491,0.1891,117.632,36.5518,8,12000,12000,1,9485,4
4,0,4,12000,1,376,134.044,0.0891,80.2731,0.177,118.109,36.9309,7,12000,12000,1,11970,4
4,0,4,12000,1,377,124.806,0.1903,73.172,0.1695,110.101,35.9764,8,12000,12000,1,9554,4
4,0,4,12000,1,378,136.445,0.1,82.4443,0.163,121.876,38.581,8,12000,12000,1,10576,4
4,0,4,12000,1,379,133.79,0.071,81.267,0.1746,120.659,38.5437,8,12000,12000,1,11380,4
4,0,4,12000,1,380,136.097,0.0773,78.5767,0.1685,119.607,40.1173,8,12000,12000,1,11045,4
4,0,4,12000,1,381,136.04,0.0727,82.5354,0.177,120.296,36.8088,8,12000,12000,1,11329,4
4,0,4,12000,1,382,136.634,0.2956,83.4627,0.1869,122.941,38.4315,8,12000,12000,1,11994,4
4,0,4,12000,1,383,136.944,1.099,82.0887,0.1664,122.801,38.8395,8,12000,12000,1,11545,4
4,0,4,12000,1,384,138.369,0.0899,83.3221,0.2045,124.423,40.1375,8,12000,12000,1,12505,4
4,0,4,12000,1,385,133.113,0.0825,81.7635,0.1935,120.896,38.1433,8,12000,12000,1,11596,4
4,0,4,12000,1,386,140.924,0.0924,89.1323,0.172,126.764,36.7345,8,12000,12000,1,11347,4
4,0,4,12000,1,387,136.921,0.0765,84.9736,0.1635,123.631,37.8536,8,12000,12000,1,11726,4
4,0,4,12000,1,388,155.411,1.2403,92.9331,0.2201,139.915,44.7216,8,12000,12000,1,13097,4
4,0,4,12000,1,389,150.621,0.0818,89.3918,0.1682,129.117,38.7499,8,12000,12000,1,13295,4
4,0,4,12000,1,390,143.194,0.0841,91.3575,0.1752,129.001,36.7962,8,12000,12000,1,11775,4
4,0,4,12000,1,391,135.002,0.146,84.3564,0.1811,122.289,36.779,8,12000,12000,1,10664,4
4,0,4,12000,1,392,124.089,0.0771,70.3496,0.1763,109.647,38.4266,8,12000,12000,1,8479,4
4,0,4,12000,1,393,120.707,0.1978,69.61,0.1782,108.762,38.1752,7,12000,12000,1,10393,4
4,0,4,12000,1,394,135.649,0.0897,83.0855,0.1997,122.568,38.5828,8,12000,12000,1,10467,4
4,0,4,12000,1,395,147.153,0.1019,91.3608,0.2062,133.483,41.0862,8,12000,12000,1,13003,4
4,0,4,12000,1,396,139.71,0.0757,86.762,0.168,125.81,38.2533,8,12000,12000,1,12609,4
4,0,4,12000,1,397,141.473,0.0904,84.4178,0.1641,126.354,41.0243,8,12000,12000,1,11891,4
4,0,4,12000,1,398,130.738,0.0758,78.8813,0.1864,116.733,36.9906,8,12000,12000,1,10311,4
4,0,4,12000,1,399,120.282,0.881,68.8297,0.19,106.616,36.105,7,12000,12000,1,9259,4
4,0,4,12000,1,400,137.509,0.1212,86.2515,0.1737,123.604,36.4923,8,12000,12000,1,9682,4
4,0,4,12000,1,401,145.221,0.0949,87.3419,0.1679,131.075,42.8643,8,12000,12000,1,10446,4
4,0,4,12000,1,402,143.144,0.095,87.2642,0.269,128.982,40.4711,8,12000,12000,1,12786,4
4,0,4,12000,1,403,136.058,0.0789,82.0451,0.1849,121.665,38.6447,8,12000,12000,1,10857,4
4,0,4,12000,1,404,133.282,0.0772,80.3376,0.1722,120.298,39.1425,8,12000,12000,1,11778,4
4,0,4,12000,1,405,139.232,0.1,88.317,0.1747,126.2,36.9943,8,12000,12000,1,12771,4
4,0,4,12000,1,406,145.544,0.0777,91.8763,0.1733,130.594,37.8317,8,12000,12000,1,11733,4
4,0,4,12000,1,407,145.546,0.0899,93.1718,0.1632,131.778,37.7628,8,12000,12000,1,12876,4
4,0,4,12000,1,408,138.051,0.0827,86.4073,0.1903,124.501,37.225,8,12000,12000,1,12361,4
4,0,4,12000,1,409,137.138,0.0751,77.0114,0.1706,123.651,45.7713,8,12000,12000,1,10315,4
4,0,4,12000,1,410,147.186,0.0669,88.3595,0.1845,129.486,40.2125,8,12000,12000,1,10909,4
4,0,4,12000,1,411,133.932,0.1067,81.8653,0.1661,120.617,37.8282,8,12000,12000,1,10384,4
4,0,4,12000,1,412,133.411,0.0868,83.1234,0.1988,118.929,34.9824,8,12000,12000,1,12015,4
4,0,4,12000,1,413,143.695,0.0768,89.3454,0.1805,131.368,41.1292,8,12000,12000,1,11976,4
4,0,4,12000,1,414,148.738,0.2406,95.3997,0.2008,135.278,38.8179,8,12000,12000,1,11575,4
4,0,4,12000,1,415,136.832,0.0816,83.8398,0.1711,123.844,39.1216,8,12000,12000,1,11378,4
4,0,4,12000,1,416,136.671,0.0751,84.3348,0.1666,123.228,38.0903,8,12000,12000,1,10749,4
4,0,4,12000,1,417,139.812,0.1529,84.9984,0.1688,125.154,39.2092,8,12000,12000,1,11403,4
4,0,4,12000,1,418,133.798,0.3338,80.2191,0.164,119.811,38.4896,8,12000,12000,1,11244,4
4,0,4,12000,1,419,137.402,0.1058,86.4922,0.1843,124.419,37.0132,8,12000,12000,1,12376,4
4,0,4,12000,1,420,140.599,0.0827,88.479,0.1653,128.439,39.1314,8,12000,12000,1,12592,4
4,0,4,12000,1,421,157.776,0.0705,102.497,0.1655,143.908,40.5742,8,12000,12000,1,14894,4
4,0,4,12000,1,422,143.744,0.3131,90.4158,0.2036,129.934,38.2877,8,12000,12000,1,14341,4
4,0,4,12000,1,423,142.417,1.0775,86.1281,0.1753,127.686,39.7235,8,12000,12000,1,12042,4
4,0,4,12000,1,424,154.162,0.0654,95.1563,0.1798,139.389,43.3821,8,12000,12000,1,13230,4
4,0,4,12000,1,425,141.592,0.3425,90.5427,0.1737,127.427,35.6485,8,12000,12000,1,12126,4
4,0,4,12000,1,426,146.954,0.1512,88.811,0.1737,131.954,42.1651,8,12000,12000,1,11780,4
4,0,4,12000,1,427,159.357,0.0724,92.1954,0.1755,134.441,41.3985,8,12000,12000,1,11641,4
4,0,4,12000,1,428,133.204,0.0824,78.1386,0.1681,117.824,38.8408,8,12000,12000,1,9445,4
4,0,4,12000,1,429,136.853,0.092,81.9357,0.1766,123.526,40.6984,8,12000,12000,1,11125,4
4,0,4,12000,1,430,137.976,0.0749,85.3368,0.1702,124.511,37.5708,8,12000,12000,1,11741,4
4,0,4,12000,1,431,137.541,0.1708,82.7628,0.1803,123.235,39.5368,8,12000,12000,1,11628,4
4,0,4,12000,1,432,139.292,0.0751,86.7859,0.1711,125.655,38.0175,8,12000,12000,1,12020,4
4,0,4,12000,1,433,142.801,0.2818,91.1463,0.2049,129.8,37.529,8,12000,12000,1,12548,4
4,0,4,12000,1,434,140.122,0.1003,85.7057,0.1662,125.698,39.1675,8,12000,12000,1,12030,4
4,0,4,12000,1,435,140.69,0.578,83.2927,0.1807,125.806,41.0171,8,12000,12000,1,10402,4
4,0,4,12000,1,436,134.661,0.1452,77.2792,0.1763,119.428,41.2216,8,12000,12000,1,9497,4
4,0,4,12000,1,437,130.165,0.0982,77.5239,0.1909,115.257,36.8225,8,12000,12000,1,11017,4
4,0,4,12000,1,438,144.377,1.3751,88.9376,0.1832,130.819,39.703,7,12000,12000,1,11013,4
4,0,4,12000,1,439,139.159,0.0715,83.2435,0.1615,123.813,39.7989,8,12000,12000,1,11069,4
4,0,4,12000,1,440,137.897,0.1252,82.7757,0.1786,124.522,40.8711,8,12000,12000,1,11683,4
4,0,4,12000,1,441,142.012,0.0827,87.4052,0.1997,127.464,39.161,8,12000,12000,1,11785,4
4,0,4,12000,1,442,143.03,0.1539,87.1656,0.22,129.848,41.6733,8,12000,12000,1,11735,4
4,0,4,12000,1,443,140.88,0.078,87.596,0.1777,126.743,38.313,8,12000,12000,1,12343,4
4,0,4,12000,1,444,133.66,0.1187,79.6562,0.1699,120.367,39.841,8,12000,12000,1,10631,4
4,0,4,12000,1,445,143.802,0.5123,85.496,0.1872,131.046,44.1858,8,12000,12000,1,11023,4
4,0,4,12000,1,446,148.211,0.08,93.1681,0.1703,134.049,40.0502,8,12000,12000,1,11968,4
4,0,4,12000,1,447,136.171,0.0759,82.6178,0.1782,122.734,39.2925,8,12000,12000,1,11779,4
4,0,4,12000,1,448,140.063,0.1374,86.8608,0.1706,126.887,39.1271,8,12000,12000,1,11055,4
4,0,4,12000,1,449,138.636,0.0939,87.4012,0.1737,125.131,36.8692,8,12000,12000,1,10651,4
4,0,4,12000,1,450,150.302,0.1002,95.3532,0.172,134.406,38.1503,8,12000,12000,1,11780,4
4,0,4,12000,1,451,142.728,0.5452,88.5517,0.1743,129.664,39.7606,8,12000,12000,1,11640,4
4,0,4,12000,1,452,147.798,0.0774,89.0793,0.1729,133.144,43.1899,8,12000,12000,1,11955,4
4,0,4,12000,1,453,147.629,0.8407,94.4374,0.1875,133.924,37.8355,8,12000,12000,1,13696,4
4,0,4,12000,1,454,141.487,0.0809,83.9378,0.1915,126.281,41.4057,8,12000,12000,1,11680,4
4,0,4,12000,1,455,139.49,1.0455,80.9244,0.1682,124.788,41.9923,8,12000,12000,1,12035,4
4,0,4,12000,1,456,138.297,0.3578,86.2711,0.2107,124.118,36.6179,8,12000,12000,1,12495,4
4,0,4,12000,1,457,140.434,0.5765,84.4711,0.184,123.493,37.6448,8,12000,12000,1,12080,4
4,0,4,12000,1,458,141.412,0.0745,83.6737,0.1877,128.049,43.4794,8,12000,12000,1,11622,4
4,0,4,12000,1,459,139.7,0.6981,82.1456,0.1661,124.084,40.4772,8,12000,12000,1,10360,4
4,0,4,12000,1,460,152.079,0.0964,97.1053,0.1824,137.409,39.3787,8,12000,12000,1,14531,4
4,0,4,12000,1,461,138.158,0.0891,83.4071,0.16,123.88,39.6071,8,12000,12000,1,12727,4
4,0,4,12000,1,462,142.441,0.1901,85.6634,0.1679,127.093,40.4785,8,12000,12000,1,12790,4
4,0,4,12000,1,463,140.704,0.0829,83.1384,0.1816,126.862,42.709,8,12000,12000,1,11754,4
4,0,4,12000,1,464,154.832,0.0818,95.8119,0.1833,137.39,40.7246,8,12000,12000,1,12509,4
4,0,4,12000,1,465,135.361,0.102,81.9596,0.1635,121.874,39.0645,8,12000,12000,1,9879,4
4,0,4,12000,1,466,140.755,0.1725,83.6079,0.2147,123.696,39.0194,8,12000,12000,1,11262,4
4,0,4,12000,1,467,137.539,0.0775,81.287,0.207,121.953,39.5421,8,12000,12000,1,12709,4
4,0,4,12000,1,468,139.802,0.0959,88.3235,0.2622,126.143,36.8676,8,12000,12000,1,11334,4
4,0,4,12000,1,469,144.419,0.082,90.9143,0.1762,129.73,37.966,8,12000,12000,1,12481,4
4,0,4,12000,1,470,146.355,0.0899,86.2109,0.1946,128.847,41.7302,8,12000,12000,1,13225,4
4,0,4,12000,1,471,139.279,0.0914,85.4934,0.1932,124.111,37.6665,8,12000,12000,1,10786,4
4,0,4,12000,1,472,141.18,0.0637,89.9883,0.1619,128.978,38.1687,8,12000,12000,1,12699,4
4,0,4,12000,1,473,154.869,0.0889,96.6599,0.2713,139.829,42.1956,8,12000,12000,1,11643,4
4,0,4,12000,1,474,136.566,0.0712,80.7967,0.1724,121.647,40.0122,8,12000,12000,1,11046,4
4,0,4,12000,1,475,134.601,0.0878,83.9797,0.2025,121.447,36.6133,8,12000,12000,1,11488,4
4,0,4,12000,1,476,138.132,0.1193,85.779,0.1644,124.344,37.7012,8,12000,12000,1,10535,4
4,0,4,12000,1,477,152.121,0.1562,97.115,0.1655,137.636,39.6035,8,12000,12000,1,14668,4
4,0,4,12000,1,478,141.492,0.0714,81.9614,0.1665,123.404,40.5926,8,12000,12000,1,11658,4
4,0,4,12000,1,479,146.494,0.0732,93.4017,0.156,132.507,38.2746,8,12000,12000,1,13633,4
4,0,4,12000,1,480,144.496,0.13,90.1124,0.175,129.757,38.7316,8,12000,12000,1,11765,4
4,0,4,12000,1,481,139.133,0.0759,80.5727,0.1705,124.695,43.2693,8,12000,12000,1,10083,4
4,0,4,12000,1,482,134.783,0.0806,80.2967,0.1895,120.018,38.717,8,12000,12000,1,11031,4
4,0,4,12000,1,483,141.137,0.082,87.1143,0.1768,127.536,39.5597,8,12000,12000,1,13471,4
4,0,4,12000,1,484,136.133,0.0878,80.6245,0.1674,121.317,39.8851,8,12000,12000,1,9985,4
4,0,4,12000,1,485,139.935,0.088,86.2968,0.1732,125.772,38.6336,8,12000,12000,1,10848,4
4,0,4,12000,1,486,132.582,0.0793,78.2695,0.1775,117.411,38.2667,8,12000,12000,1,10885,4
4,0,4,12000,1,487,148.663,1.1662,92.6439,0.1819,134.207,39.5864,8,12000,12000,1,12207,4
4,0,4,12000,1,488,142.263,0.6406,89.3706,0.1946,128.626,37.7067,8,12000,12000,1,11592,4
4,0,4,12000,1,489,151.205,0.0673,94.9974,0.1726,135.269,39.4202,8,12000,12000,1,14111,4
4,0,4,12000,1,490,140.979,1.0468,88.9056,0.1806,127.159,36.4433,8,12000,12000,1,11988,4
4,0,4,12000,1,491,135.294,0.0899,84.8575,0.1823,122.101,36.3935,8,12000,12000,1,11934,4
4,0,4,12000,1,492,139.242,0.0936,87.5656,0.1787,124.962,36.5343,8,12000,12000,1,12967,4
4,0,4,12000,1,493,135.293,0.0938,81.7718,0.1719,122.031,39.3918,8,12000,12000,1,11602,4
4,0,4,12000,1,494,139.108,0.1181,83.9339,0.1735,123.367,38.5468,8,12000,12000,1,10636,4
4,0,4,12000,1,495,142.072,0.0727,88.4167,0.1714,128.929,39.6502,8,12000,12000,1,11753,4
4,0,4,12000,1,496,135.098,0.0694,82.1653,0.1929,120.522,37.5609,8,12000,12000,1,11375,4
4,0,4,12000,1,497,139.431,0.0794,85.8702,0.1726,125.295,38.5651,8,12000,12000,1,12188,4
4,0,4,12000,1,498,168.445,0.0968,114.288,0.1663,153.78,38.6137,8,12000,12000,1,14834,4
4,0,4,12000,1,499,145.607,0.0842,91.392,0.1807,130.275,38.0021,8,12000,12000,1,11152,4
4,0,4,12000,1,500,143.334,0.0867,79.7403,0.1795,127.035,46.4104,8,12000,12000,1,10344,4
4,0,4,12000,1,501,157.875,0.0867,96.8348,0.1858,137.126,39.3229,8,12000,12000,1,12604,4
4,0,4,12000,1,502,140.586,0.0699,88.0513,0.1628,126.657,37.7715,8,12000,12000,1,12224,4
4,0,4,12000,1,503,139.497,0.0969,85.4691,0.173,125.112,38.7477,8,12000,12000,1,11248,4
4,0,4,12000,1,504,141.713,0.0896,88.0953,0.1676,128.216,39.2476,8,12000,12000,1,11593,4
4,0,4,12000,1,505,139.141,0.0869,85.111,0.1731,125.788,39.8622,8,12000,12000,1,12025,4
4,0,4,12000,1,506,131.948,1.016,76.65,0.1793,116.052,37.6304,8,12000,12000,1,10602,4
4,0,4,12000,1,507,149.043,0.0678,94.5062,0.1848,134.256,38.8097,8,12000,12000,1,12745,4
4,0,4,12000,1,508,146.888,0.0819,91.4205,0.1776,133.263,40.8191,8,12000,12000,1,13111,4
4,0,4,12000,1,509,150.794,0.0841,95.1061,0.261,136.21,39.9921,8,12000,12000,1,13554,4
4,0,4,12000,1,510,141.218,0.0828,83.9317,0.1797,124.072,39.2126,8,12000,12000,1,11986,4
4,0,4,12000,1,511,132.46,0.0657,78.3555,0.1788,117.751,38.5636,8,12000,12000,1,9208,4
4,0,4,12000,1,512,141.446,0.3914,88.1905,0.1871,126.312,36.9217,8,12000,12000,1,11395,4
4,0,4,12000,1,513,144.471,0.1058,91.1522,0.2302,129.613,37.4956,8,12000,12000,1,11287,4
4,0,4,12000,1,514,152.979,0.0804,93.1854,0.2745,134.95,40.7793,8,12000,12000,1,13796,4
4,0,4,12000,1,515,161.86,0.0789,103.174,0.1861,146.093,42.045,8,12000,12000,1,13673,4
4,0,4,12000,1,516,145.735,0.0855,86.374,0.2314,130.058,42.6188,8,12000,12000,1,9227,4
4,0,4,12000,1,517,144.265,0.081,82.5929,0.1945,126.87,43.3848,8,12000,12000,1,11169,4
4,0,4,12000,1,518,152.029,0.0732,87.4214,0.219,138.028,49.5071,8,12000,12000,1,10210,4
4,0,4,12000,1,519,171.488,0.0881,110.846,0.1971,151.788,39.9448,8,12000,12000,1,12431,4
4,0,4,12000,1,520,178.433,0.0957,111.629,0.2007,159.636,47.0105,8,12000,12000,1,14896,4
4,0,4,12000,1,521,144.608,0.0746,89.7244,0.2904,128.184,37.4066,8,12000,12000,1,12774,4
4,0,4,12000,1,522,137.826,0.0775,81.7888,0.1743,122.008,39.3766,8,12000,12000,1,9555,4
4,0,4,12000,1,523,147.342,0.099,90.3893,0.2235,132.785,41.2315,8,12000,12000,1,12226,4
4,0,4,12000,1,524,148.621,0.0766,92.5553,0.1693,134.324,40.9571,8,12000,12000,1,13232,4
4,0,4,12000,1,525,132.656,0.1266,74.6426,0.1804,116.409,40.7641,8,12000,12000,1,9334,4
4,0,4,12000,1,526,142.159,0.0898,84.3919,0.1927,125.321,39.9735,8,12000,12000,1,10742,4
4,0,4,12000,1,527,129.007,0.0948,77.8416,0.178,114.483,35.7176,8,12000,12000,1,8653,4
4,0,4,12000,1,528,148.08,0.8821,94.7117,0.1839,135.056,38.6512,8,12000,12000,1,13054,4
4,0,4,12000,1,529,143.073,0.0878,85.1723,0.1688,125.669,39.5422,8,12000,12000,1,12034,4
4,0,4,12000,1,530,141.805,0.1162,81.071,0.2084,123.669,41.5567,8,12000,12000,1,10518,4
4,0,4,12000,1,531,140.623,0.0758,89.6004,0.1647,125.918,35.5018,8,12000,12000,1,12565,4
4,0,4,12000,1,532,144.809,0.4823,89.9451,0.1728,131.096,39.9151,8,12000,12000,1,11939,4
4,0,4,12000,1,533,147.797,0.5554,89.7086,0.212,132.696,41.4181,8,12000,12000,1,12510,4
4,0,4,12000,1,534,154.673,0.1696,100.988,0.1803,139.346,37.3213,8,12000,12000,1,12277,4
4,0,4,12000,1,535,139.748,0.1615,83.6458,0.1608,124.93,40.3863,8,12000,12000,1,10650,4
4,0,4,12000,1,536,152.027,0.0826,87.4657,0.1853,136.842,48.4805,8,12000,12000,1,10970,4
4,0,4,12000,1,537,137.787,0.0792,82.0138,0.1716,122.778,39.9047,8,12000,12000,1,11483,4
4,0,4,12000,1,538,134.492,0.073,80.8619,0.166,118.075,36.3936,8,12000,12000,1,11237,4
4,0,4,12000,1,539,136.655,0.0839,86.4135,0.1867,123.65,36.3613,8,12000,12000,1,12041,4
4,0,4,12000,1,540,153.55,0.0768,95.5349,0.16,138.317,41.9569,8,12000,12000,1,11930,4
4,0,4,12000,1,541,142.098,0.0736,86.9547,0.1742,127.243,39.457,8,12000,12000,1,10081,4
4,0,4,12000,1,542,137.21,0.0695,80.1291,0.1703,122.895,41.9544,8,12000,12000,1,10495,4
4,0,4,12000,1,543,143.052,0.3684,87.8117,0.1739,128.625,39.6383,8,12000,12000,1,10042,4
4,0,4,12000,1,544,142.616,0.197,84.019,0.1696,126.422,41.4514,8,12000,12000,1,10340,4
4,0,4,12000,1,545,142.561,0.0671,84.5362,0.174,126.112,40.7481,8,12000,12000,1,12630,4
4,0,4,12000,1,546,129.754,0.079,79.8657,0.2122,115.527,34.8244,8,12000,12000,1,10449,4
4,0,4,12000,1,547,164.636,0.755,107.02,0.1707,150.611,42.0246,8,12000,12000,1,13212,4
4,0,4,12000,1,548,146.346,0.0675,90.1334,0.1759,132.075,40.9812,8,12000,12000,1,12135,4
4,0,4,12000,1,549,142.495,0.0797,87.7277,0.1736,129.156,40.5751,8,12000,12000,1,10371,4
4,0,4,12000,1,550,156.049,0.147,95.994,0.1818,140.635,43.7061,8,12000,12000,1,13237,4
