run,async,threads_cfg,bodies_cfg,repeat,frame,frame_ms,sim_ms,fetch_ms,interp_ms,total_ms,actor_tick_ms,substeps,active,dyn,static,contacts,threads_actual
0,0,4,4000,0,151,9.6536,0.0105,0.9743,0.0544,6.1988,4.9764,1,4000,4000,1,9,4
0,0,4,4000,0,152,8.9303,0,0,0.1307,5.9569,5.8039,0,4000,4000,1,0,4
0,0,4,4000,0,153,10.5112,0.0116,1.0952,0.0621,6.9114,5.5631,1,4000,4000,1,9,4
0,0,4,4000,0,154,10.1124,0.0127,0.9281,0.0581,6.5906,5.4067,1,4000,4000,1,13,4
0,0,4,4000,0,155,8.1945,0,0,0.1186,5.2289,5.0892,0,4000,4000,1,0,4
0,0,4,4000,0,156,9.8718,0.0125,1.1878,0.1197,6.6583,5.1099,1,4000,4000,1,12,4
0,0,4,4000,0,157,8.6484,0,0,0.1093,5.5506,5.4194,0,4000,4000,1,0,4
0,0,4,4000,0,158,11.3633,0.0136,1.0235,0.06,7.0324,5.7467,1,4000,4000,1,12,4
0,0,4,4000,0,159,9.9482,0.0125,1.0025,0.0508,6.371,5.1339,1,4000,4000,1,11,4
0,0,4,4000,0,160,8.4062,0,0,0.1633,5.1015,4.914,0,4000,4000,1,0,4
0,0,4,4000,0,161,9.5082,0.0126,0.8521,0.0508,6.0495,4.9784,1,4000,4000,1,11,4
0,0,4,4000,0,162,8.5825,0,0,0.1214,5.5117,5.3605,0,4000,4000,1,0,4
0,0,4,4000,0,163,11.4981,0.0166,1.1222,0.0539,6.7653,5.399,1,4000,4000,1,13,4
0,0,4,4000,0,164,8.6752,0,0,0.1225,5.5518,5.4051,0,4000,4000,1,0,4
0,0,4,4000,0,165,9.59,0.0107,0.9445,0.0559,6.4787,5.3017,1,4000,4000,1,9,4
0,0,4,4000,0,166,8.7573,0,0,0.1456,5.4733,5.3046,0,4000,4000,1,0,4
0,0,4,4000,0,167,10.3366,0.0094,0.9851,0.0529,7.0348,5.8277,1,4000,4000,1,9,4
0,0,4,4000,0,168,10.0468,0.0122,0.9386,0.0561,6.6356,5.4498,1,4000,4000,1,11,4
0,0,4,4000,0,169,9.4115,0,0,0.2528,5.8318,5.5435,0,4000,4000,1,0,4
0,0,4,4000,0,170,9.9937,0.0099,1.0758,0.0563,6.6051,5.2872,1,4000,4000,1,16,4
0,0,4,4000,0,171,8.7088,0,0,0.1152,5.6041,5.459,0,4000,4000,1,0,4
0,0,4,4000,0,172,11.812,0.0157,1.0675,0.0661,7.9631,6.6235,1,4000,4000,1,7,4
0,0,4,4000,0,173,9.6251,0.0136,0.9305,0.0549,6.2909,5.119,1,4000,4000,1,5,4
0,0,4,4000,0,174,8.601,0,0,0.1468,5.1013,4.9283,0,4000,4000,1,0,4
0,0,4,4000,0,175,9.8979,0.0136,1.0588,0.0505,6.4347,5.1344,1,4000,4000,1,8,4
0,0,4,4000,0,176,8.8913,0,0,0.127,5.6713,5.5198,0,4000,4000,1,0,4
0,0,4,4000,0,177,10.4184,0.0142,1.082,0.0625,6.9225,5.5849,1,4000,4000,1,11,4
0,0,4,4000,0,178,8.7292,0,0,0.1572,5.5762,5.3971,0,4000,4000,1,0,4
0,0,4,4000,0,179,10.0882,0.0113,1.0005,0.0603,6.8439,5.5081,1,4000,4000,1,6,4
0,0,4,4000,0,180,9.5507,0.0129,0.9651,0.0592,6.4205,5.211,1,4000,4000,1,11,4
0,0,4,4000,0,181,8.1289,0,0,0.1337,4.9783,4.8198,0,4000,4000,1,0,4
0,0,4,4000,0,182,9.6729,0.0156,0.9543,0.0528,6.59,5.3914,1,4000,4000,1,6,4
0,0,4,4000,0,183,8.3194,0,0,0.1286,5.4234,5.271,0,4000,4000,1,0,4
0,0,4,4000,0,184,10.6526,0.0147,1.194,0.0603,7.2221,5.766,1,4000,4000,1,10,4
0,0,4,4000,0,185,8.6843,0,0,0.1259,5.4026,5.2525,0,4000,4000,1,0,4
0,0,4,4000,0,186,9.4009,0.0137,0.9642,0.0561,6.2849,5.0827,1,4000,4000,1,4,4
0,0,4,4000,0,187,8.0434,0,0,0.1194,5.1341,4.991,0,4000,4000,1,0,4
0,0,4,4000,0,188,9.9956,0.0097,0.9911,0.0538,6.3466,5.1219,1,4000,4000,1,3,4
0,0,4,4000,0,189,9.7335,0.0097,0.979,0.0605,6.4402,5.1729,1,4000,4000,1,11,4
0,0,4,4000,0,190,7.93,0,0,0.1078,5.0065,4.824,0,4000,4000,1,0,4
0,0,4,4000,0,191,9.4128,0.0101,0.9546,0.0549,6.2347,5.0271,1,4000,4000,1,10,4
0,0,4,4000,0,192,8.0501,0,0,0.1038,5.1315,5.0036,0,4000,4000,1,0,4
0,0,4,4000,0,193,10.7149,0.0098,1.1915,0.0563,6.8096,5.3666,1,4000,4000,1,5,4
0,0,4,4000,0,194,9.3456,0,0,0.2237,6.143,5.8379,0,4000,4000,1,0,4
0,0,4,4000,0,195,9.9568,0.0103,0.9885,0.049,6.5957,5.3661,1,4000,4000,1,4,4
0,0,4,4000,0,196,8.616,0,0,0.1314,5.392,5.2377,0,4000,4000,1,0,4
0,0,4,4000,0,197,10.113,0.0099,1.0185,0.0534,6.3405,5.097,1,4000,4000,1,8,4
0,0,4,4000,0,198,10.7315,0.0113,1.0937,0.135,6.5518,5.1287,1,4000,4000,1,8,4
0,0,4,4000,0,199,8.5539,0,0,0.1201,5.5402,5.395,0,4000,4000,1,0,4
0,0,4,4000,0,200,10.9867,0.0124,1.138,0.0517,7.0243,5.6461,1,4000,4000,1,10,4
0,0,4,4000,0,201,9.4105,0,0,0.2262,5.5116,5.2577,0,4000,4000,1,0,4
0,0,4,4000,0,202,10.7211,0.01,1.057,0.0596,7.0843,5.7865,1,4000,4000,1,5,4
0,0,4,4000,0,203,9.5214,0.009,0.9903,0.0554,6.4653,5.2458,1,4000,4000,1,8,4
0,0,4,4000,0,204,9.5394,0,0,0.1206,6.4264,6.262,0,4000,4000,1,0,4
0,0,4,4000,0,205,11.0152,0.014,1.1694,0.0579,7.0451,5.5978,1,4000,4000,1,9,4
0,0,4,4000,0,206,9.0811,0,0,0.1513,5.898,5.7202,0,4000,4000,1,0,4
0,0,4,4000,0,207,11.6369,0.0164,2.1162,0.0638,8.0252,5.6481,1,4000,4000,1,246,4
0,0,4,4000,0,208,10.1997,0.0126,0.9892,0.0584,6.8341,5.5956,1,4000,4000,1,8,4
0,0,4,4000,0,209,8.7305,0,0,0.1451,5.5748,5.4086,0,4000,4000,1,0,4
0,0,4,4000,0,210,10.7722,0.017,1.0278,0.0665,7.3373,6.0515,1,4000,4000,1,5,4
0,0,4,4000,0,211,8.7218,0,0,0.1413,5.5728,5.4037,0,4000,4000,1,0,4
0,0,4,4000,0,212,11.9193,0.0103,2.4838,0.0566,8.1934,5.462,1,4000,4000,1,485,4
0,0,4,4000,0,213,11.0067,0.0111,1.2882,0.0545,7.2319,5.7048,1,4000,4000,1,4,4
0,0,4,4000,0,214,8.7447,0,0,0.1341,5.679,5.5238,0,4000,4000,1,0,4
0,0,4,4000,0,215,10.4314,0.0115,1.2906,0.0598,6.8847,5.3531,1,4000,4000,1,5,4
0,0,4,4000,0,216,8.1828,0,0,0.1317,5.3463,5.1891,0,4000,4000,1,0,4
0,0,4,4000,0,217,9.5982,0.0095,1.3288,0.0542,6.6639,5.1236,1,4000,4000,1,7,4
0,0,4,4000,0,218,11.9239,0.014,1.654,0.0888,7.619,5.6391,1,4000,4000,1,244,4
0,0,4,4000,0,219,8.5844,0,0,0.1382,5.5209,5.3589,0,4000,4000,1,0,4
0,0,4,4000,0,220,10.4315,0.0178,1.3622,0.0528,7.0855,5.4943,1,4000,4000,1,244,4
0,0,4,4000,0,221,8.5407,0,0,0.1312,5.5228,5.3693,0,4000,4000,1,0,4
0,0,4,4000,0,222,9.7413,0.0146,1.2888,0.0537,6.6208,5.1024,1,4000,4000,1,5,4
0,0,4,4000,0,223,10.1744,0.0185,1.098,0.0581,6.5949,5.2394,1,4000,4000,1,2,4
0,0,4,4000,0,224,8.0143,0,0,0.1067,5.1419,5.0137,0,4000,4000,1,0,4
0,0,4,4000,0,225,10.7863,0.0117,2.0119,0.0558,7.5453,5.2905,1,4000,4000,1,484,4
0,0,4,4000,0,226,9.2333,0,0,0.131,6.3117,6.1531,0,4000,4000,1,0,4
0,0,4,4000,0,227,11.1168,0.0143,1.5381,0.0552,7.2127,5.4176,1,4000,4000,1,242,4
0,0,4,4000,0,228,11.4626,0.0184,1.2964,0.0579,7.4506,5.9048,1,4000,4000,1,2,4
0,0,4,4000,0,229,9.6525,0,0,0.1445,6.3199,6.1305,0,4000,4000,1,0,4
0,0,4,4000,0,230,12.2799,0.0161,2.2093,0.0643,8.5211,6.0306,1,4000,4000,1,482,4
0,0,4,4000,0,231,9.0882,0,0,0.1343,5.7488,5.5891,0,4000,4000,1,0,4
0,0,4,4000,0,232,10.8375,0.0102,1.8824,0.0769,7.8664,5.6042,1,4000,4000,1,247,4
0,0,4,4000,0,233,10.7388,0.01,1.346,0.0538,7.0478,5.445,1,4000,4000,1,0,4
0,0,4,4000,0,234,8.0292,0,0,0.1276,5.2249,5.0721,0,4000,4000,1,0,4
0,0,4,4000,0,235,10.5467,0.0129,1.4193,0.0522,7.356,5.6549,1,4000,4000,1,12,4
0,0,4,4000,0,236,8.3933,0,0,0.1845,5.382,5.165,0,4000,4000,1,0,4
0,0,4,4000,0,237,11.5957,0.027,2.005,0.0523,7.6691,5.4035,1,4000,4000,1,488,4
0,0,4,4000,0,238,10.9496,0.0098,1.9003,0.0547,7.5507,5.4072,1,4000,4000,1,224,4
0,0,4,4000,0,239,9.171,0,0,0.1259,6.2052,6.058,0,4000,4000,1,0,4
0,0,4,4000,0,240,12.3276,0.0138,2.0195,0.0664,8.1544,5.8757,1,4000,4000,1,223,4
0,0,4,4000,0,241,11.1658,0.0095,2.2866,0.0523,8.04,5.5295,1,4000,4000,1,540,4
0,0,4,4000,0,242,8.6538,0,0,0.1217,5.5027,5.358,0,4000,4000,1,0,4
0,0,4,4000,0,243,12.006,0.0106,2.912,0.06,8.7233,5.5678,1,4000,4000,1,387,4
0,0,4,4000,0,244,8.2179,0,0,0.1201,5.3461,5.2046,0,4000,4000,1,0,4
0,0,4,4000,0,245,11.2357,0.0094,2.4811,0.0548,8.0286,5.309,1,4000,4000,1,161,4
0,0,4,4000,0,246,11.6413,0.0112,2.3526,0.0514,8.2376,5.6461,1,4000,4000,1,148,4
0,0,4,4000,0,247,9.6732,0,0,0.131,6.324,6.1663,0,4000,4000,1,0,4
0,0,4,4000,0,248,13.6011,0.0122,3.9752,0.0569,9.9509,5.717,1,4000,4000,1,1026,4
0,0,4,4000,0,249,11.6919,0.0129,3.0544,0.0543,8.5759,5.2943,1,4000,4000,1,518,4
0,0,4,4000,0,250,9.2397,0,0,0.1315,5.8459,5.6911,0,4000,4000,1,0,4
0,0,4,4000,0,251,12.8028,0.0147,3.0228,0.0593,8.9742,5.6072,1,4000,4000,1,238,4
0,0,4,4000,0,252,14.1996,0.0159,3.718,0.0541,9.4596,5.5239,1,4000,4000,1,985,4
0,0,4,4000,0,253,12.439,0.0095,3.0001,0.0588,9.0998,5.8541,1,4000,4000,1,453,4
0,0,4,4000,0,254,8.9288,0,0,0.126,5.8474,5.7015,0,4000,4000,1,0,4
0,0,4,4000,0,255,12.2531,0.0108,2.7441,0.0613,8.9458,5.9286,1,4000,4000,1,313,4
0,0,4,4000,0,256,13.7634,0.0114,4.2092,0.0616,10.3336,5.8777,1,4000,4000,1,1086,4
0,0,4,4000,0,257,9.7391,0,0,0.2686,5.9184,5.6136,0,4000,4000,1,0,4
0,0,4,4000,0,258,12.902,0.0225,3.4875,0.0591,9.4595,5.7231,1,4000,4000,1,545,4
0,0,4,4000,0,259,12.5025,0.0105,3.4748,0.0559,9.0872,5.3796,1,4000,4000,1,460,4
0,0,4,4000,0,260,13.7771,0.0099,4.6907,0.0536,10.5108,5.6078,1,4000,4000,1,1376,4
0,0,4,4000,0,261,9.0202,0,0,0.1113,5.8816,5.7461,0,4000,4000,1,0,4
0,0,4,4000,0,262,13.5893,0.0139,4.2571,0.0575,10.0557,5.5578,1,4000,4000,1,643,4
0,0,4,4000,0,263,12.1602,0.0095,3.603,0.0533,9.1409,5.2923,1,4000,4000,1,475,4
0,0,4,4000,0,264,9.0618,0,0,0.1163,5.8731,5.7305,0,4000,4000,1,0,4
0,0,4,4000,0,265,13.3777,0.0165,3.6321,0.0546,9.7051,5.8163,1,4000,4000,1,564,4
0,0,4,4000,0,266,14.4117,0.0085,4.5245,0.0549,10.8711,6.0899,1,4000,4000,1,1369,4
0,0,4,4000,0,267,13.7066,0.0124,4.1122,0.0579,9.9449,5.5965,1,4000,4000,1,519,4
0,0,4,4000,0,268,12.512,0.0099,3.421,0.057,9.119,5.4593,1,4000,4000,1,446,4
0,0,4,4000,0,269,8.9369,0,0,0.1159,5.8328,5.6952,0,4000,4000,1,0,4
0,0,4,4000,0,270,14.7317,0.0206,5.5674,0.0536,11.6669,5.8736,1,4000,4000,1,1707,4
0,0,4,4000,0,271,12.9223,0.0086,4.2397,0.056,9.8391,5.3723,1,4000,4000,1,564,4
0,0,4,4000,0,272,8.9746,0,0,0.1382,5.8122,5.6504,0,4000,4000,1,0,4
0,0,4,4000,0,273,13.1987,0.0104,4.1556,0.0612,10.152,5.7539,1,4000,4000,1,467,4
0,0,4,4000,0,274,13.9811,0.0105,5.1195,0.0564,10.8516,5.4492,1,4000,4000,1,1516,4
0,0,4,4000,0,275,13.3965,0.0189,4.212,0.0579,10.4336,5.9844,1,4000,4000,1,613,4
0,0,4,4000,0,276,9.7472,0,0,0.1688,6.6093,6.4082,0,4000,4000,1,0,4
0,0,4,4000,0,277,13.4451,0.0117,4.4137,0.0564,10.17,5.5019,1,4000,4000,1,531,4
0,0,4,4000,0,278,14.8538,0.0129,4.9896,0.0673,10.8062,5.4712,1,4000,4000,1,1046,4
0,0,4,4000,0,279,13.5029,0.0113,4.6084,0.0599,10.357,5.5125,1,4000,4000,1,496,4
0,0,4,4000,0,280,12.8023,0.0097,3.9944,0.0559,9.923,5.7006,1,4000,4000,1,384,4
0,0,4,4000,0,281,8.906,0,0,0.1417,6.0456,5.8801,0,4000,4000,1,0,4
0,0,4,4000,0,282,13.7079,0.013,3.9077,0.059,10.0219,5.8691,1,4000,4000,1,362,4
0,0,4,4000,0,283,13.1247,0.0128,3.6107,0.0588,10.0308,6.1548,1,4000,4000,1,305,4
0,0,4,4000,0,284,9.2757,0,0,0.1489,6.1322,5.9598,0,4000,4000,1,0,4
0,0,4,4000,0,285,11.8118,0.0101,3.1771,0.0557,9.0268,5.6171,1,4000,4000,1,262,4
0,0,4,4000,0,286,12.7622,0.0206,3.112,0.0565,9.1909,5.8356,1,4000,4000,1,246,4
0,0,4,4000,0,287,12.5524,0.0128,3.0926,0.059,8.9698,5.6135,1,4000,4000,1,213,4
0,0,4,4000,0,288,8.8345,0,0,0.1343,5.717,5.5575,0,4000,4000,1,0,4
0,0,4,4000,0,289,12.4258,0.0114,2.8632,0.0629,9.0779,5.9554,1,4000,4000,1,178,4
0,0,4,4000,0,290,12.1037,0.0125,2.653,0.0605,8.5381,5.6305,1,4000,4000,1,163,4
0,0,4,4000,0,291,8.7363,0,0,0.1331,5.8693,5.7047,0,4000,4000,1,0,4
0,0,4,4000,0,292,11.1915,0.0114,2.3951,0.054,8.0424,5.4063,1,4000,4000,1,179,4
0,0,4,4000,0,293,9.5662,0,0,0.1462,6.0104,5.8388,0,4000,4000,1,0,4
0,0,4,4000,0,294,13.6896,0.0126,2.6991,0.0596,9.1076,6.152,1,4000,4000,1,156,4
0,0,4,4000,0,295,12.3352,0.0173,2.7484,0.0558,8.8626,5.8529,1,4000,4000,1,190,4
0,0,4,4000,0,296,12.6508,0.0145,2.6132,0.0603,9.0444,6.1559,1,4000,4000,1,140,4
0,0,4,4000,0,297,9.3679,0,0,0.1633,6.1689,5.9818,0,4000,4000,1,0,4
0,0,4,4000,0,298,12.5275,0.0107,2.5037,0.0578,9.2028,6.4515,1,4000,4000,1,162,4
0,0,4,4000,0,299,11.0421,0.013,2.2522,0.0557,8.0676,5.5666,1,4000,4000,1,126,4
0,0,4,4000,0,300,9.1466,0,0,0.1519,5.602,5.4261,0,4000,4000,1,0,4
0,0,4,4000,0,301,11.4634,0.01,2.3433,0.056,8.4086,5.7541,1,4000,4000,1,133,4
0,0,4,4000,0,302,11.5526,0.0081,2.2498,0.0538,8.741,6.2492,1,4000,4000,1,132,4
0,0,4,4000,0,303,10.0621,0,0,0.1951,6.5405,6.3068,0,4000,4000,1,0,4
0,0,4,4000,0,304,12.2095,0.0109,2.3619,0.0591,8.3335,5.718,1,4000,4000,1,145,4
0,0,4,4000,0,305,10.7928,0.0092,2.0499,0.051,7.7117,5.4372,1,4000,4000,1,120,4
0,0,4,4000,0,306,9.0395,0,0,0.1385,6.0208,5.8531,0,4000,4000,1,0,4
0,0,4,4000,0,307,12.2944,0.0123,2.6083,0.0626,9.0869,6.2095,1,4000,4000,1,124,4
0,0,4,4000,0,308,8.5956,0,0,0.1283,5.8148,5.6641,0,4000,4000,1,0,4
0,0,4,4000,0,309,11.4317,0.0101,2.3016,0.0611,8.2957,5.7497,1,4000,4000,1,131,4
0,0,4,4000,0,310,11.7415,0.0121,2.5523,0.0583,8.5029,5.7103,1,4000,4000,1,131,4
0,0,4,4000,0,311,8.3141,0,0,0.1137,5.4631,5.3263,0,4000,4000,1,0,4
0,0,4,4000,0,312,11.3604,0.013,2.3203,0.0523,8.0608,5.4851,1,4000,4000,1,111,4
0,0,4,4000,0,313,11.8555,0.0144,2.6334,0.0568,8.6007,5.6943,1,4000,4000,1,129,4
0,0,4,4000,0,314,10.3699,0,0,0.1813,6.9155,6.6992,0,4000,4000,1,0,4
0,0,4,4000,0,315,11.7474,0.0243,2.3637,0.0611,8.3778,5.7637,1,4000,4000,1,127,4
0,0,4,4000,0,316,13.3898,0.0175,2.4548,0.0695,9.4287,6.6688,1,4000,4000,1,132,4
0,0,4,4000,0,317,9.4248,0,0,0.2037,6.3744,6.149,0,4000,4000,1,0,4
0,0,4,4000,0,318,12.145,0.011,2.444,0.0551,9.0244,6.3287,1,4000,4000,1,96,4
0,0,4,4000,0,319,11.8863,0.0147,2.0317,0.0619,8.3741,6.0946,1,4000,4000,1,104,4
0,0,4,4000,0,320,9.3409,0,0,0.1387,6.2351,6.0752,0,4000,4000,1,0,4
0,0,4,4000,0,321,11.6231,0.0142,1.9132,0.0618,7.8812,5.7197,1,4000,4000,1,99,4
0,0,4,4000,0,322,10.9953,0.0152,2.3143,0.0544,8.0616,5.5098,1,4000,4000,1,117,4
0,0,4,4000,0,323,8.9664,0,0,0.1431,6.1006,5.9369,0,4000,4000,1,0,4
0,0,4,4000,0,324,13.3678,0.0188,2.3078,0.0617,8.7844,5.7617,1,4000,4000,1,88,4
0,0,4,4000,0,325,11.9607,0.0127,2.2749,0.0578,8.8016,6.2765,1,4000,4000,1,95,4
0,0,4,4000,0,326,8.7635,0,0,0.1718,5.5536,5.3615,0,4000,4000,1,0,4
0,0,4,4000,0,327,11.6387,0.0142,2.6907,0.0545,8.3722,5.4544,1,4000,4000,1,98,4
0,0,4,4000,0,328,10.6839,0.0129,1.9587,0.0549,7.9018,5.6966,1,4000,4000,1,79,4
0,0,4,4000,0,329,10.3395,0,0,0.1809,6.5626,6.3597,0,4000,4000,1,0,4
0,0,4,4000,0,330,11.2814,0.0146,2.0813,0.0566,7.9405,5.6224,1,4000,4000,1,96,4
0,0,4,4000,0,331,10.8508,0.0164,1.9062,0.0549,7.6887,5.5508,1,4000,4000,1,90,4
0,0,4,4000,0,332,8.3747,0,0,0.1576,5.622,5.445,0,4000,4000,1,0,4
0,0,4,4000,0,333,10.4118,0.0117,2.1495,0.0524,7.7103,5.3416,1,4000,4000,1,104,4
0,0,4,4000,0,334,8.6628,0,0,0.1384,5.9298,5.7695,0,4000,4000,1,0,4
0,0,4,4000,0,335,10.9984,0.0148,1.7943,0.0545,8.0307,5.9612,1,4000,4000,1,72,4
0,0,4,4000,0,336,11.036,0.013,1.9209,0.0557,7.5038,5.3507,1,4000,4000,1,72,4
0,0,4,4000,0,337,7.9334,0,0,0.1307,5.4328,5.2466,0,4000,4000,1,0,4
0,0,4,4000,0,338,10.8397,0.0148,1.7607,0.0546,7.3428,5.3536,1,4000,4000,1,69,4
0,0,4,4000,0,339,8.9424,0,0,0.1544,5.7761,5.6001,0,4000,4000,1,0,4
0,0,4,4000,0,340,10.8448,0.0131,1.7271,0.058,7.4212,5.4103,1,4000,4000,1,88,4
0,0,4,4000,0,341,8.9006,0,0,0.1646,5.7321,5.5435,0,4000,4000,1,0,4
0,0,4,4000,0,342,10.9805,0.0141,1.7658,0.057,7.8127,5.8197,1,4000,4000,1,79,4
0,0,4,4000,0,343,10.0829,0.0115,1.6299,0.0555,7.1539,5.2955,1,4000,4000,1,78,4
0,0,4,4000,0,344,8.8127,0,0,0.1541,5.8535,5.6786,0,4000,4000,1,0,4
0,0,4,4000,0,345,11.0567,0.0151,1.8525,0.0574,7.9081,5.824,1,4000,4000,1,66,4
0,0,4,4000,0,346,8.5893,0,0,0.1868,5.8858,5.6699,0,4000,4000,1,0,4
0,0,4,4000,0,347,12.972,0.0198,2.4536,0.0544,8.4111,5.6964,1,4000,4000,1,93,4
0,0,4,4000,0,348,12.4107,0.014,1.8619,0.0568,8.3442,6.1295,1,4000,4000,1,62,4
0,0,4,4000,0,349,11.16,0.0159,1.694,0.0579,7.8605,5.925,1,4000,4000,1,54,4
0,0,4,4000,0,350,8.974,0,0,0.1565,5.7516,5.5658,0,4000,4000,1,0,4
0,0,4,4000,0,351,10.5579,0.0152,1.745,0.0581,7.5613,5.5709,1,4000,4000,1,60,4
0,0,4,4000,0,352,9.5313,0,0,0.1583,6.39,6.2051,0,4000,4000,1,0,4
0,0,4,4000,0,353,11.2486,0.0155,1.8113,0.0595,7.6173,5.5595,1,4000,4000,1,62,4
0,0,4,4000,0,354,10.3477,0.015,1.7498,0.0519,7.4251,5.4469,1,4000,4000,1,49,4
0,0,4,4000,0,355,8.9132,0,0,0.1486,5.8412,5.6712,0,4000,4000,1,0,4
0,0,4,4000,0,356,12.0292,0.0148,2.6767,0.0515,9.2761,6.3342,1,4000,4000,1,53,4
0,0,4,4000,0,357,8.9486,0,0,0.1934,6.0495,5.8308,0,4000,4000,1,0,4
0,0,4,4000,0,358,10.8271,0.0125,1.96,0.0572,7.8642,5.6628,1,4000,4000,1,51,4
0,0,4,4000,0,359,11.547,0.0171,1.8644,0.0594,7.7842,5.6753,1,4000,4000,1,44,4
0,0,4,4000,0,360,9.1434,0,0,0.1489,6.0919,5.9213,0,4000,4000,1,0,4
0,0,4,4000,0,361,11.0523,0.0145,1.8105,0.0594,7.9038,5.7778,1,4000,4000,1,56,4
0,0,4,4000,0,362,10.681,0.0119,1.5834,0.0579,7.4386,5.6177,1,4000,4000,1,47,4
0,0,4,4000,0,363,8.5664,0,0,0.1224,5.9017,5.7538,0,4000,4000,1,0,4
0,0,4,4000,0,364,11.0124,0.012,1.7179,0.0591,7.7708,5.8072,1,4000,4000,1,52,4
0,0,4,4000,0,365,9.1193,0,0,0.1291,5.8272,5.6744,0,4000,4000,1,0,4
0,0,4,4000,0,366,11.4056,0.0093,1.654,0.0561,8.2315,6.3318,1,4000,4000,1,48,4
0,0,4,4000,0,367,11.6233,0.0129,2.1695,0.0579,8.4272,5.9654,1,4000,4000,1,33,4
0,0,4,4000,0,368,10.2009,0,0,0.1458,5.9889,5.8213,0,4000,4000,1,0,4
0,0,4,4000,0,369,11.2855,0.0135,1.6713,0.0587,8.1828,6.261,1,4000,4000,1,38,4
0,0,4,4000,0,370,12.1489,0.0136,1.6785,0.0585,7.8609,5.902,1,4000,4000,1,44,4
0,0,4,4000,0,371,9.0679,0,0,0.1269,5.9671,5.8205,0,4000,4000,1,0,4
0,0,4,4000,0,372,10.8818,0.0104,1.797,0.0577,7.6748,5.6413,1,4000,4000,1,44,4
0,0,4,4000,0,373,10.068,0.0084,1.5522,0.052,7.0632,5.2743,1,4000,4000,1,45,4
0,0,4,4000,0,374,9.3763,0,0,0.1271,5.8118,5.6576,0,4000,4000,1,0,4
0,0,4,4000,0,375,10.8197,0.0126,1.7326,0.0587,7.7,5.716,1,4000,4000,1,36,4
0,0,4,4000,0,376,8.9035,0,0,0.1061,5.848,5.72,0,4000,4000,1,0,4
0,0,4,4000,0,377,10.6992,0.0135,1.4524,0.0613,7.5575,5.8574,1,4000,4000,1,35,4
0,0,4,4000,0,378,11.4978,0.0089,1.5465,0.0546,8.0117,6.2253,1,4000,4000,1,40,4
0,0,4,4000,0,379,9.656,0,0,0.1682,6.509,6.3077,0,4000,4000,1,0,4
0,0,4,4000,0,380,11.6462,0.0125,1.4883,0.0574,7.6231,5.8907,1,4000,4000,1,34,4
0,0,4,4000,0,381,11.0643,0.0101,1.5339,0.0583,7.5697,5.7917,1,4000,4000,1,38,4
0,0,4,4000,0,382,8.5817,0,0,0.1148,5.6803,5.5422,0,4000,4000,1,0,4
0,0,4,4000,0,383,11.135,0.0115,1.6818,0.0561,7.8424,5.9166,1,4000,4000,1,27,4
0,0,4,4000,0,384,9.4706,0,0,0.1162,6.0878,5.9472,0,4000,4000,1,0,4
0,0,4,4000,0,385,11.2361,0.0128,1.4876,0.0603,7.8658,6.1263,1,4000,4000,1,33,4
0,0,4,4000,0,386,11.5832,0.0133,1.5393,0.0558,7.5743,5.783,1,4000,4000,1,31,4
0,0,4,4000,0,387,8.6727,0,0,0.141,5.8484,5.6823,0,4000,4000,1,0,4
0,0,4,4000,0,388,10.3789,0.0108,1.5872,0.0539,7.3716,5.5518,1,4000,4000,1,34,4
0,0,4,4000,0,389,10.8739,0,0,0.1885,6.2226,6.002,0,4000,4000,1,0,4
0,0,4,4000,0,390,11.5758,0.015,1.9029,0.0575,8.0304,5.8674,1,4000,4000,1,35,4
0,0,4,4000,0,391,10.3347,0.0096,1.4943,0.0537,7.2046,5.4835,1,4000,4000,1,30,4
0,0,4,4000,0,392,8.6104,0,0,0.1346,5.4206,5.2661,0,4000,4000,1,0,4
0,0,4,4000,0,393,10.6201,0.0118,1.5141,0.0557,7.7587,6.0116,1,4000,4000,1,27,4
0,0,4,4000,0,394,10.1397,0.0181,1.415,0.0519,7.0174,5.3712,1,4000,4000,1,30,4
0,0,4,4000,0,395,9.4978,0,0,0.1619,6.0953,5.9096,0,4000,4000,1,0,4
0,0,4,4000,0,396,10.5353,0.0074,1.4635,0.0547,7.1664,5.4738,1,4000,4000,1,21,4
0,0,4,4000,0,397,8.3931,0,0,0.1011,5.5783,5.4471,0,4000,4000,1,0,4
0,0,4,4000,0,398,11.9845,0.0123,1.7773,0.0549,7.5059,5.4434,1,4000,4000,1,28,4
0,0,4,4000,0,399,10.874,0.0098,1.421,0.0557,7.6697,6.0094,1,4000,4000,1,31,4
0,0,4,4000,0,400,8.1975,0,0,0.1383,5.3995,5.2424,0,4000,4000,1,0,4
0,0,4,4000,0,401,10.3986,0.0092,1.4466,0.0544,7.7003,6.0143,1,4000,4000,1,26,4
0,0,4,4000,0,402,8.9028,0,0,0.2368,5.7274,5.4622,0,4000,4000,1,0,4
0,0,4,4000,0,403,11.1728,0.0243,1.5672,0.0547,7.3392,5.5138,1,4000,4000,1,28,4
0,0,4,4000,0,404,10.6472,0.0103,1.3449,0.0508,7.3148,5.7331,1,4000,4000,1,34,4
0,0,4,4000,0,405,8.7504,0,0,0.209,5.7145,5.4853,0,4000,4000,1,0,4
0,0,4,4000,0,406,11.5104,0.0143,1.5502,0.0559,7.3639,5.5658,1,4000,4000,1,39,4
0,0,4,4000,0,407,8.5129,0,0,0.1044,5.468,5.3387,0,4000,4000,1,0,4
0,0,4,4000,0,408,10.6888,0.0101,1.7369,0.0603,7.5405,5.5539,1,4000,4000,1,45,4
0,0,4,4000,0,409,10.9661,0.0106,1.8055,0.0533,7.553,5.5096,1,4000,4000,1,63,4
0,0,4,4000,0,410,8.8688,0,0,0.129,5.8468,5.6743,0,4000,4000,1,0,4
0,0,4,4000,0,411,11.9871,0.0192,2.0011,0.0564,7.9071,5.6155,1,4000,4000,1,82,4
0,0,4,4000,0,412,8.9908,0,0,0.211,6.0543,5.8129,0,4000,4000,1,0,4
0,0,4,4000,0,413,11.3502,0.0137,1.6981,0.0579,7.9726,5.9755,1,4000,4000,1,85,4
0,0,4,4000,0,414,12.3485,0.0161,2.1008,0.0603,8.7489,6.3676,1,4000,4000,1,132,4
0,0,4,4000,0,415,9.2512,0,0,0.1498,5.835,5.6632,0,4000,4000,1,0,4
0,0,4,4000,0,416,11.3991,0.0143,1.8868,0.0549,8.1136,5.9834,1,4000,4000,1,123,4
0,0,4,4000,0,417,10.7507,0.0096,1.982,0.0513,7.515,5.3067,1,4000,4000,1,133,4
0,0,4,4000,0,418,8.985,0,0,0.1513,6.1006,5.9278,0,4000,4000,1,0,4
0,0,4,4000,0,419,11.312,0.0142,1.9284,0.0576,7.7513,5.5794,1,4000,4000,1,149,4
0,0,4,4000,0,420,11.1062,0.0122,1.866,0.0558,7.5498,5.445,1,4000,4000,1,166,4
0,0,4,4000,0,421,10.9051,0,0,0.1757,6.7169,6.5039,0,4000,4000,1,0,4
0,0,4,4000,0,422,11.8751,0.0128,2.9518,0.0557,8.595,5.4149,1,4000,4000,1,236,4
0,0,4,4000,0,423,10.9713,0.0138,2.1598,0.057,7.9108,5.5153,1,4000,4000,1,262,4
0,0,4,4000,0,424,8.9892,0,0,0.1411,6.0177,5.8499,0,4000,4000,1,0,4
0,0,4,4000,0,425,12.3316,0.0145,2.8049,0.0613,8.9231,5.8793,1,4000,4000,1,311,4
0,0,4,4000,0,426,12.0776,0.0176,2.4923,0.0587,8.4611,5.7209,1,4000,4000,1,327,4
0,0,4,4000,0,427,9.9814,0,0,0.1612,6.3705,6.1865,0,4000,4000,1,0,4
0,0,4,4000,0,428,11.7683,0.016,2.5944,0.0579,8.6135,5.777,1,4000,4000,1,315,4
0,0,4,4000,0,429,12.4001,0.0124,2.7369,0.0688,8.9599,5.9261,1,4000,4000,1,230,4
0,0,4,4000,0,430,9.3588,0,0,0.1599,6.2123,6.029,0,4000,4000,1,0,4
0,0,4,4000,0,431,12.693,0.0117,2.4936,0.055,8.9601,6.2054,1,4000,4000,1,275,4
0,0,4,4000,0,432,12.5887,0.0128,2.8988,0.0587,9.3622,6.0604,1,4000,4000,1,241,4
0,0,4,4000,0,433,8.9593,0,0,0.1698,5.9922,5.8035,0,4000,4000,1,0,4
0,0,4,4000,0,434,10.9324,0.0157,2.4496,0.0505,7.8712,5.1984,1,4000,4000,1,255,4
0,0,4,4000,0,435,11.4332,0.0171,2.3107,0.0504,8.289,5.7413,1,4000,4000,1,231,4
0,0,4,4000,0,436,9.9481,0,0,0.1646,6.2833,6.0954,0,4000,4000,1,0,4
0,0,4,4000,0,437,11.3453,0.0149,2.4115,0.0543,8.0254,5.3873,1,4000,4000,1,258,4
0,0,4,4000,0,438,11.1953,0.0118,2.3389,0.0596,8.0923,5.5203,1,4000,4000,1,245,4
0,0,4,4000,0,439,9.0247,0,0,0.1448,6.1147,5.949,0,4000,4000,1,0,4
0,0,4,4000,0,440,11.8877,0.0155,2.7112,0.0579,8.643,5.6794,1,4000,4000,1,302,4
0,0,4,4000,0,441,9.3522,0,0,0.1702,6.2573,6.0571,0,4000,4000,1,0,4
0,0,4,4000,0,442,11.4604,0.0136,2.5476,0.06,8.3793,5.5624,1,4000,4000,1,261,4
0,0,4,4000,0,443,11.3821,0.0176,2.5367,0.0538,8.1685,5.4036,1,4000,4000,1,312,4
0,0,4,4000,0,444,9.5661,0,0,0.1885,6.2189,6.0085,0,4000,4000,1,0,4
0,0,4,4000,0,445,12.0673,0.0192,2.8966,0.0605,8.7754,5.6432,1,4000,4000,1,273,4
0,0,4,4000,0,446,11.5235,0.0152,2.5226,0.0524,8.3115,5.5459,1,4000,4000,1,316,4
0,0,4,4000,0,447,9.0836,0,0,0.1556,6.0641,5.8868,0,4000,4000,1,0,4
0,0,4,4000,0,448,12.2148,0.0122,2.6882,0.0626,8.8791,5.9487,1,4000,4000,1,286,4
0,0,4,4000,0,449,11.8847,0.0152,2.6521,0.0591,8.4242,5.5451,1,4000,4000,1,295,4
0,0,4,4000,0,450,8.7442,0,0,0.152,5.5874,5.4172,0,4000,4000,1,0,4
0,0,4,4000,0,451,11.2654,0.0165,2.2128,0.0505,7.8317,5.3495,1,4000,4000,1,299,4
0,0,4,4000,0,452,11.2772,0.0161,2.4414,0.058,8.1805,5.436,1,4000,4000,1,277,4
0,0,4,4000,0,453,8.8062,0,0,0.1447,6.0486,5.8807,0,4000,4000,1,0,4
0,0,4,4000,0,454,13.7776,0.0224,3.2255,0.0579,10.014,6.2319,1,4000,4000,1,309,4
0,0,4,4000,0,455,11.9017,0.0162,2.6163,0.1149,8.1759,5.2254,1,4000,4000,1,326,4
0,0,4,4000,0,456,8.8211,0,0,0.148,5.844,5.6759,0,4000,4000,1,0,4
0,0,4,4000,0,457,11.0142,0.0183,2.5049,0.0494,8.0651,5.3244,1,4000,4000,1,300,4
0,0,4,4000,0,458,9.1948,0,0,0.1544,5.8086,5.6333,0,4000,4000,1,0,4
0,0,4,4000,0,459,11.6499,0.0154,2.6822,0.0943,8.594,5.6303,1,4000,4000,1,285,4
0,0,4,4000,0,460,11.1019,0.0144,2.5846,0.0491,8.1562,5.3524,1,4000,4000,1,341,4
0,0,4,4000,0,461,8.6687,0,0,0.1588,5.6392,5.4608,0,4000,4000,1,0,4
0,0,4,4000,0,462,11.929,0.0108,2.4365,0.0545,8.6172,5.8997,1,4000,4000,1,275,4
0,0,4,4000,0,463,12.319,0.0136,2.4406,0.056,8.29,5.6044,1,4000,4000,1,308,4
0,0,4,4000,0,464,8.7271,0,0,0.1394,5.6119,5.4503,0,4000,4000,1,0,4
0,0,4,4000,0,465,11.8656,0.0116,2.5721,0.0597,8.3399,5.3746,1,4000,4000,1,341,4
0,0,4,4000,0,466,11.9147,0.0086,2.3992,0.0544,8.577,5.8884,1,4000,4000,1,292,4
0,0,4,4000,0,467,8.2869,0,0,0.1321,5.5188,5.3601,0,4000,4000,1,0,4
0,0,4,4000,0,468,12.2887,0.0144,3.3124,0.0547,9.129,5.5668,1,4000,4000,1,283,4
0,0,4,4000,0,469,12.0956,0.0093,2.5952,0.0514,8.7937,5.957,1,4000,4000,1,328,4
0,0,4,4000,0,470,8.6745,0,0,0.1346,5.5538,5.3976,0,4000,4000,1,0,4
0,0,4,4000,0,471,12.8214,0.0225,2.6921,0.0657,8.9849,6.0204,1,4000,4000,1,263,4
0,0,4,4000,0,472,11.8559,0.0119,2.6466,0.0537,8.4856,5.6014,1,4000,4000,1,293,4
0,0,4,4000,0,473,9.3778,0,0,0.1282,6.3735,6.2188,0,4000,4000,1,0,4
0,0,4,4000,0,474,11.4373,0.0092,2.4889,0.0577,8.3113,5.5851,1,4000,4000,1,311,4
0,0,4,4000,0,475,11.464,0.0083,2.6503,0.0506,8.3897,5.5113,1,4000,4000,1,337,4
0,0,4,4000,0,476,9.5233,0,0,0.1242,6.4639,6.3139,0,4000,4000,1,0,4
0,0,4,4000,0,477,11.8162,0.0123,2.2188,0.0597,8.381,5.907,1,4000,4000,1,278,4
0,0,4,4000,0,478,12.3703,0.0109,2.7982,0.0545,8.518,5.4696,1,4000,4000,1,296,4
0,0,4,4000,0,479,8.6476,0,0,0.1093,5.9262,5.7877,0,4000,4000,1,0,4
0,0,4,4000,0,480,11.2563,0.0257,2.0064,0.0533,7.9961,5.7358,1,4000,4000,1,241,4
0,0,4,4000,0,481,9.3626,0,0,0.1516,6.1256,5.9519,0,4000,4000,1,0,4
0,0,4,4000,0,482,12.5974,0.0139,2.233,0.0826,9.3756,6.8493,1,4000,4000,1,248,4
0,0,4,4000,0,483,12.1101,0.0145,2.1256,0.0526,8.3967,6.02,1,4000,4000,1,248,4
0,0,4,4000,0,484,11.756,0.0167,2.4183,0.0544,8.1419,5.4719,1,4000,4000,1,221,4
0,0,4,4000,0,485,8.6384,0,0,0.1226,5.5617,5.4125,0,4000,4000,1,0,4
0,0,4,4000,0,486,11.1407,0.0117,2.004,0.0532,7.7763,5.5339,1,4000,4000,1,231,4
0,0,4,4000,0,487,9.2063,0,0,0.1243,6.0573,5.9087,0,4000,4000,1,0,4
0,0,4,4000,0,488,11.699,0.0142,2.3765,0.0559,8.4284,5.7954,1,4000,4000,1,227,4
0,0,4,4000,0,489,11.8638,0.0111,2.0928,0.0546,8.415,6.0674,1,4000,4000,1,255,4
0,0,4,4000,0,490,8.3841,0,0,0.1407,5.4231,5.2606,0,4000,4000,1,0,4
0,0,4,4000,0,491,11.1661,0.0105,2.3404,0.0529,8.0746,5.4907,1,4000,4000,1,260,4
0,0,4,4000,0,492,11.2155,0.0117,2.0842,0.0548,8.1666,5.8318,1,4000,4000,1,243,4
0,0,4,4000,0,493,9.5299,0,0,0.1752,6.3921,6.1857,0,4000,4000,1,0,4
0,0,4,4000,0,494,12.4901,0.0092,2.4229,0.0585,8.592,5.9337,1,4000,4000,1,235,4
0,0,4,4000,0,495,11.2617,0.0108,2.1985,0.0538,8.0453,5.6044,1,4000,4000,1,238,4
0,0,4,4000,0,496,8.6979,0,0,0.133,5.6159,5.4628,0,4000,4000,1,0,4
0,0,4,4000,0,497,10.9121,0.0113,2.1731,0.056,8.0443,5.6265,1,4000,4000,1,223,4
0,0,4,4000,0,498,8.3735,0,0,0.126,5.5584,5.4109,0,4000,4000,1,0,4
0,0,4,4000,0,499,11.3747,0.0119,2.2622,0.0544,8.143,5.6422,1,4000,4000,1,236,4
0,0,4,4000,0,500,10.8825,0.0129,2.1605,0.0548,7.7836,5.3809,1,4000,4000,1,211,4
0,0,4,4000,0,501,8.8932,0,0,0.1239,5.7483,5.602,0,4000,4000,1,0,4
0,0,4,4000,0,502,11.7299,0.0134,2.1875,0.0533,8.0258,5.5979,1,4000,4000,1,240,4
0,0,4,4000,0,503,8.8321,0,0,0.1209,5.8369,5.6898,0,4000,4000,1,0,4
0,0,4,4000,0,504,11.4749,0.0105,2.2573,0.0529,8.1264,5.6324,1,4000,4000,1,257,4
0,0,4,4000,0,505,11.9449,0.0133,2.1066,0.0517,8.4454,6.0916,1,4000,4000,1,250,4
0,0,4,4000,0,506,9.8589,0,0,0.1398,6.4548,6.2736,0,4000,4000,1,0,4
0,0,4,4000,0,507,13.2085,0.0268,2.6129,0.06,9.1835,6.2654,1,4000,4000,1,244,4
0,0,4,4000,0,508,11.6772,0.0115,2.1424,0.0575,8.0952,5.6991,1,4000,4000,1,251,4
0,0,4,4000,0,509,9.1778,0,0,0.1253,5.9563,5.8088,0,4000,4000,1,0,4
0,0,4,4000,0,510,11.6117,0.0115,2.6259,0.0583,8.5175,5.6425,1,4000,4000,1,337,4
0,0,4,4000,0,511,11.3071,0.011,2.2058,0.0544,8.1039,5.6575,1,4000,4000,1,311,4
0,0,4,4000,0,512,8.1803,0,0,0.1053,5.4027,5.2786,0,4000,4000,1,0,4
0,0,4,4000,0,513,11.3541,0.0084,2.188,0.1773,8.3616,5.7989,1,4000,4000,1,246,4
0,0,4,4000,0,514,11.3317,0.0147,2.3075,0.0558,8.4101,5.859,1,4000,4000,1,268,4
0,0,4,4000,0,515,9.2914,0,0,0.4133,6.1914,5.7462,0,4000,4000,1,0,4
0,0,4,4000,0,516,12.2881,0.0426,2.2448,0.0524,7.9324,5.4085,1,4000,4000,1,256,4
0,0,4,4000,0,517,10.8463,0.0152,2.0241,0.0524,7.8824,5.6291,1,4000,4000,1,238,4
0,0,4,4000,0,518,8.6399,0,0,0.1465,5.5215,5.3548,0,4000,4000,1,0,4
0,0,4,4000,0,519,11.4973,0.0178,2.5013,0.051,8.201,5.4697,1,4000,4000,1,246,4
0,0,4,4000,0,520,9.0501,0,0,0.1555,6.2136,6.033,0,4000,4000,1,0,4
0,0,4,4000,0,521,10.9325,0.0136,2.1788,0.0544,7.8405,5.4323,1,4000,4000,1,284,4
0,0,4,4000,0,522,11.4781,0.0142,2.8148,0.0558,8.491,5.4432,1,4000,4000,1,251,4
0,0,4,4000,0,523,9.1625,0,0,0.1356,6.3534,6.1942,0,4000,4000,1,0,4
0,0,4,4000,0,524,12.8934,0.0357,2.8275,0.0568,8.8398,5.7158,1,4000,4000,1,258,4
0,0,4,4000,0,525,11.4265,0.0174,2.3308,0.0542,7.8659,5.304,1,4000,4000,1,243,4
0,0,4,4000,0,526,8.8967,0,0,0.1491,5.745,5.5756,0,4000,4000,1,0,4
0,0,4,4000,0,527,11.904,0.013,2.3014,0.0499,8.5496,6.0104,1,4000,4000,1,255,4
0,0,4,4000,0,528,12.4827,0.017,2.4034,0.0538,8.1498,5.4942,1,4000,4000,1,259,4
0,0,4,4000,0,529,8.5195,0,0,0.195,5.7133,5.4979,0,4000,4000,1,0,4
0,0,4,4000,0,530,11.1226,0.0176,2.3655,0.0557,8.4051,5.8061,1,4000,4000,1,238,4
0,0,4,4000,0,531,9.0231,0,0,0.1648,5.4742,5.2863,0,4000,4000,1,0,4
0,0,4,4000,0,532,11.5274,0.0151,2.4535,0.0542,8.1638,5.4798,1,4000,4000,1,223,4
0,0,4,4000,0,533,11.7964,0.0136,2.3309,0.0538,8.294,5.7352,1,4000,4000,1,262,4
0,0,4,4000,0,534,8.1335,0,0,0.1421,5.4176,5.2559,0,4000,4000,1,0,4
0,0,4,4000,0,535,12.2129,0.0261,2.767,0.0564,8.6907,5.6551,1,4000,4000,1,243,4
0,0,4,4000,0,536,11.4562,0.0128,2.3094,0.0557,8.3512,5.8154,1,4000,4000,1,280,4
0,0,4,4000,0,537,9.725,0,0,0.206,6.4526,6.2134,0,4000,4000,1,0,4
0,0,4,4000,0,538,11.5689,0.0134,2.3377,0.0568,8.1998,5.6339,1,4000,4000,1,310,4
0,0,4,4000,0,539,11.7916,0.0128,2.4968,0.0549,8.3868,5.6529,1,4000,4000,1,321,4
0,0,4,4000,0,540,8.9595,0,0,0.1336,5.8156,5.6632,0,4000,4000,1,0,4
0,0,4,4000,0,541,11.0373,0.0101,2.2874,0.0586,8.0264,5.4993,1,4000,4000,1,278,4
0,0,4,4000,0,542,9.1019,0,0,0.1415,6.2673,6.1063,0,4000,4000,1,0,4
0,0,4,4000,0,543,12.2047,0.0125,2.3244,0.0623,8.1855,5.552,1,4000,4000,1,277,4
0,0,4,4000,0,544,10.9432,0.0116,2.274,0.0557,8.2192,5.7164,1,4000,4000,1,270,4
0,0,4,4000,0,545,9.267,0,0,0.1645,6.4361,6.2284,0,4000,4000,1,0,4
0,0,4,4000,0,546,12.1935,0.0169,2.2282,0.0523,8.2519,5.7928,1,4000,4000,1,255,4
0,0,4,4000,0,547,11.0295,0.0185,2.2112,0.0557,7.9556,5.4981,1,4000,4000,1,234,4
0,0,4,4000,0,548,8.5964,0,0,0.1405,5.8,5.6382,0,4000,4000,1,0,4
0,0,4,4000,0,549,11.1287,0.0128,2.2366,0.0564,8.0941,5.6164,1,4000,4000,1,259,4
0,0,4,4000,0,550,10.8989,0.0142,2.3189,0.0559,7.9949,5.4453,1,4000,4000,1,288,4
1,1,4,4000,0,151,8.2549,0.0506,0.0842,0.122,5.3726,5.2404,0,4000,4000,1,0,4
1,1,4,4000,0,152,8.5153,0.0152,0.3229,0.0592,5.6159,5.048,1,4000,4000,1,39,4
1,1,4,4000,0,153,8.7158,0.0757,0.1005,0.1299,5.6418,5.5007,0,4000,4000,1,0,4
1,1,4,4000,0,154,8.4433,0.0171,0.2604,0.0547,5.7177,5.2651,1,4000,4000,1,41,4
1,1,4,4000,0,155,10.2269,0.0121,0.6066,0.0563,7.2517,6.2964,1,4000,4000,1,27,4
1,1,4,4000,0,156,9.0125,0.0121,0.6066,0.2137,5.4307,5.2037,0,4000,4000,1,0,4
1,1,4,4000,0,157,9.5308,0.0159,0.2512,0.0538,5.8678,5.3725,1,4000,4000,1,41,4
1,1,4,4000,0,158,8.3091,0.0159,0.2512,0.1294,5.5432,5.4031,0,4000,4000,1,0,4
1,1,4,4000,0,159,8.9383,0.0129,0.2358,0.0643,6.0842,5.6104,1,4000,4000,1,44,4
1,1,4,4000,0,160,9.37,0.0129,0.2358,0.1146,6.128,6.0011,0,4000,4000,1,0,4
1,1,4,4000,0,161,9.1221,0.0163,0.2316,0.0628,5.9186,5.4468,1,4000,4000,1,34,4
1,1,4,4000,0,162,8.7938,0.0163,0.2316,0.1416,5.6014,5.4457,0,4000,4000,1,0,4
1,1,4,4000,0,163,9.2134,0.016,0.238,0.0544,6.1221,5.6641,1,4000,4000,1,38,4
1,1,4,4000,0,164,8.66,0.016,0.238,0.1907,5.7887,5.5814,0,4000,4000,1,0,4
1,1,4,4000,0,165,10.2546,0.0159,0.3568,0.0504,6.5714,6.0159,1,4000,4000,1,37,4
1,1,4,4000,0,166,10.46,0.0244,0.2814,0.0527,6.9963,6.4875,1,4000,4000,1,43,4
1,1,4,4000,0,167,8.9614,0.0244,0.2814,0.1798,6.0401,5.8466,0,4000,4000,1,0,4
1,1,4,4000,0,168,10.2655,0.0177,0.2704,0.0599,6.5289,6.0152,1,4000,4000,1,51,4
1,1,4,4000,0,169,9.1797,0.0177,0.2704,0.1177,5.8801,5.7506,0,4000,4000,1,0,4
1,1,4,4000,0,170,9.5084,0.0106,0.295,0.0547,6.1684,5.6368,1,4000,4000,1,34,4
1,1,4,4000,0,171,8.4439,0.0131,0.2825,0.0623,5.5977,5.081,1,4000,4000,1,31,4
1,1,4,4000,0,172,8.9828,0.0131,0.2825,0.1224,5.4463,5.3122,0,4000,4000,1,0,4
1,1,4,4000,0,173,10.1397,0.0182,0.2248,0.0548,6.737,6.3181,1,4000,4000,1,35,4
1,1,4,4000,0,174,9.0186,0.0182,0.2248,0.1498,5.6947,5.531,0,4000,4000,1,0,4
1,1,4,4000,0,175,9.461,0.0144,0.3046,0.0529,6.178,5.6858,1,4000,4000,1,40,4
1,1,4,4000,0,176,8.3331,0.0144,0.3046,0.1372,5.3728,5.2252,0,4000,4000,1,0,4
1,1,4,4000,0,177,9.1598,0.012,0.2193,0.0505,5.9466,5.5587,1,4000,4000,1,46,4
1,1,4,4000,0,178,8.5223,0.012,0.2193,0.118,5.7155,5.5859,0,4000,4000,1,0,4
1,1,4,4000,0,179,8.9737,0.0116,0.3098,0.0504,5.8428,5.3483,1,4000,4000,1,55,4
1,1,4,4000,0,180,8.5774,0.0116,0.3098,0.1916,5.6913,5.488,0,4000,4000,1,0,4
1,1,4,4000,0,181,10.1004,0.0238,0.3312,0.0559,6.8391,6.2557,1,4000,4000,1,45,4
1,1,4,4000,0,182,9.384,0.0115,0.2398,0.0517,5.9812,5.5516,1,4000,4000,1,32,4
1,1,4,4000,0,183,9.2136,0.0115,0.2398,0.1279,6.3699,6.2312,0,4000,4000,1,0,4
1,1,4,4000,0,184,9.4946,0.0121,0.2695,0.0591,6.1618,5.6471,1,4000,4000,1,31,4
1,1,4,4000,0,185,9.7699,0.0121,0.2695,0.2381,6.269,6.0165,0,4000,4000,1,0,4
1,1,4,4000,0,186,10.8915,0.0166,0.6014,0.0563,6.799,5.9603,1,4000,4000,1,22,4
1,1,4,4000,0,187,8.5868,0.0166,0.6014,0.1493,5.5068,5.3468,0,4000,4000,1,0,4
1,1,4,4000,0,188,9.2221,0.0141,0.2791,0.0526,5.9601,5.454,1,4000,4000,1,28,4
1,1,4,4000,0,189,9.6216,0.0111,0.3965,0.0548,6.0295,5.427,1,4000,4000,1,41,4
1,1,4,4000,0,190,9.4983,0.0111,0.3965,0.1952,6.0533,5.8447,0,4000,4000,1,0,4
1,1,4,4000,0,191,10.0821,0.0153,0.3053,0.0571,5.9137,5.4003,1,4000,4000,1,31,4
1,1,4,4000,0,192,8.4505,0.0153,0.3053,0.1191,5.3434,5.2148,0,4000,4000,1,0,4
1,1,4,4000,0,193,9.5914,0.0122,0.3518,0.0499,6.357,5.7954,1,4000,4000,1,17,4
1,1,4,4000,0,194,8.645,0.0122,0.3518,0.1613,5.4587,5.2871,0,4000,4000,1,0,4
1,1,4,4000,0,195,9.1399,0.0088,0.3039,0.0562,5.6698,5.1505,1,4000,4000,1,30,4
1,1,4,4000,0,196,9.1087,0.0088,0.3039,0.1474,5.932,5.7708,0,4000,4000,1,0,4
1,1,4,4000,0,197,10.2663,0.0197,0.3898,0.0544,6.4429,5.8373,1,4000,4000,1,18,4
1,1,4,4000,0,198,9.3479,0.0102,0.2727,0.0563,5.9883,5.5133,1,4000,4000,1,25,4
1,1,4,4000,0,199,8.5485,0.0102,0.2727,0.1395,5.6533,5.5025,0,4000,4000,1,0,4
1,1,4,4000,0,200,10.9727,0.0237,0.3895,0.0676,6.8805,6.2378,1,4000,4000,1,24,4
1,1,4,4000,0,201,9.3718,0.0237,0.3895,0.1468,6.2212,6.0621,0,4000,4000,1,0,4
1,1,4,4000,0,202,9.9733,0.0141,0.3016,0.0524,6.1444,5.5925,1,4000,4000,1,28,4
1,1,4,4000,0,203,8.8724,0.0141,0.3016,0.177,5.4254,5.2362,0,4000,4000,1,0,4
1,1,4,4000,0,204,9.2904,0.0107,0.3086,0.0716,5.902,5.1952,1,4000,4000,1,22,4
1,1,4,4000,0,205,9.163,0.0131,0.3191,0.0612,5.7372,5.1927,1,4000,4000,1,32,4
1,1,4,4000,0,206,8.9113,0.0131,0.3191,0.1926,5.7567,5.5512,0,4000,4000,1,0,4
1,1,4,4000,0,207,9.4956,0.0134,0.2837,0.0528,5.9374,5.4622,1,4000,4000,1,15,4
1,1,4,4000,0,208,9.0271,0.0134,0.2837,0.1429,6.013,5.8574,0,4000,4000,1,0,4
1,1,4,4000,0,209,10.4524,0.0181,0.4166,0.0566,6.4927,5.8616,1,4000,4000,1,256,4
1,1,4,4000,0,210,10.8668,0.0181,0.4166,0.231,7.5089,7.2657,0,4000,4000,1,0,4
1,1,4,4000,0,211,10.4194,0.0161,0.3251,0.0608,6.7444,6.2077,1,4000,4000,1,17,4
1,1,4,4000,0,212,9.2409,0.0139,0.269,0.049,5.8904,5.4317,1,4000,4000,1,31,4
1,1,4,4000,0,213,8.1631,0.0139,0.269,0.1217,5.213,5.0814,0,4000,4000,1,0,4
1,1,4,4000,0,214,8.5971,0.0126,0.3543,0.0539,5.7232,5.1299,1,4000,4000,1,20,4
1,1,4,4000,0,215,9.1784,0.0126,0.3543,0.1804,5.6921,5.5004,0,4000,4000,1,0,4
1,1,4,4000,0,216,9.8266,0.0143,0.7155,0.0591,6.5148,5.56,1,4000,4000,1,500,4
1,1,4,4000,0,217,9.3843,0.0143,0.7155,0.1811,5.8666,5.6717,0,4000,4000,1,0,4
1,1,4,4000,0,218,10.7538,0.0129,0.4318,0.0635,6.6675,6.0333,1,4000,4000,1,24,4
1,1,4,4000,0,219,10.4697,0.0129,0.3874,0.0529,6.7106,6.1024,1,4000,4000,1,19,4
1,1,4,4000,0,220,9.2038,0.0129,0.3874,0.2045,5.9892,5.7696,0,4000,4000,1,0,4
1,1,4,4000,0,221,8.9988,0.0127,0.2679,0.0579,6.0603,5.5872,1,4000,4000,1,14,4
1,1,4,4000,0,222,8.6743,0.0127,0.2679,0.1596,5.7403,5.5688,0,4000,4000,1,0,4
1,1,4,4000,0,223,10.5096,0.0118,0.5185,0.067,6.5676,5.8438,1,4000,4000,1,262,4
1,1,4,4000,0,224,9.2976,0.0118,0.5185,0.1227,6.2022,6.0692,0,4000,4000,1,0,4
1,1,4,4000,0,225,9.5655,0.0112,0.4191,0.0518,6.5328,5.9131,1,4000,4000,1,250,4
1,1,4,4000,0,226,10.5121,0.0142,0.4023,0.0579,6.541,5.9266,1,4000,4000,1,20,4
1,1,4,4000,0,227,8.6499,0.0142,0.4023,0.1213,5.5002,5.3683,0,4000,4000,1,0,4
1,1,4,4000,0,228,10.2048,0.0157,0.3335,0.0528,6.3494,5.8072,1,4000,4000,1,22,4
1,1,4,4000,0,229,8.9546,0.0157,0.3335,0.1213,5.9718,5.8394,0,4000,4000,1,0,4
1,1,4,4000,0,230,10.5992,0.0156,0.8715,0.0662,7.2268,6.1175,1,4000,4000,1,507,4
1,1,4,4000,0,231,10.5803,0.0118,0.4532,0.0599,6.6241,5.9738,1,4000,4000,1,256,4
1,1,4,4000,0,232,9.4922,0.0118,0.4532,0.1242,6.2138,6.0794,0,4000,4000,1,0,4
1,1,4,4000,0,233,8.9296,0.0108,0.2966,0.056,5.8055,5.3163,1,4000,4000,1,12,4
1,1,4,4000,0,234,9.3413,0.0108,0.2966,0.1169,6.1138,5.9857,0,4000,4000,1,0,4
1,1,4,4000,0,235,9.8106,0.0109,0.973,0.0545,6.643,5.4834,1,4000,4000,1,933,4
1,1,4,4000,0,236,9.4185,0.0109,0.973,0.1911,6.0845,5.8815,0,4000,4000,1,0,4
1,1,4,4000,0,237,11.4007,0.0111,0.772,0.0528,7.3446,6.3564,1,4000,4000,1,253,4
1,1,4,4000,0,238,10.518,0.0119,0.5366,0.0681,6.7313,5.9579,1,4000,4000,1,221,4
1,1,4,4000,0,239,9.2918,0.0119,0.5366,0.1014,6.0509,5.9389,0,4000,4000,1,0,4
1,1,4,4000,0,240,10.1341,0.016,0.4259,0.0538,6.9929,6.3619,1,4000,4000,1,36,4
1,1,4,4000,0,241,8.1939,0.016,0.4259,0.1201,5.3142,5.1797,0,4000,4000,1,0,4
1,1,4,4000,0,242,9.4892,0.0092,0.5986,0.055,6.4976,5.678,1,4000,4000,1,495,4
1,1,4,4000,0,243,8.3654,0.0092,0.5986,0.1425,5.5533,5.3987,0,4000,4000,1,0,4
1,1,4,4000,0,244,10.5114,0.0225,0.5774,0.059,6.6798,5.8911,1,4000,4000,1,263,4
1,1,4,4000,0,245,9.926,0.0129,0.3222,0.0542,6.495,5.9849,1,4000,4000,1,15,4
1,1,4,4000,0,246,8.157,0.0129,0.3222,0.1107,5.2465,5.127,0,4000,4000,1,0,4
1,1,4,4000,0,247,10.7566,0.0143,0.8002,0.0523,6.4971,5.5158,1,4000,4000,1,750,4
1,1,4,4000,0,248,8.2923,0.0143,0.8002,0.1723,5.4019,5.2188,0,4000,4000,1,0,4
1,1,4,4000,0,249,15.6386,0.034,0.8202,0.0911,9.891,8.6779,1,4000,4000,1,223,4
1,1,4,4000,0,250,11.688,0.024,0.5614,0.058,8.0246,7.2169,1,4000,4000,1,62,4
1,1,4,4000,0,251,11.5406,0.014,0.5994,0.0684,7.6883,6.821,1,4000,4000,1,48,4
1,1,4,4000,0,252,10.1299,0.014,0.5994,0.1426,6.4952,6.3405,0,4000,4000,1,0,4
1,1,4,4000,0,253,10.4837,0.0122,0.7495,0.0621,7.09,6.1358,1,4000,4000,1,525,4
1,1,4,4000,0,254,9.5316,0.0122,0.7495,0.1345,6.3085,6.1635,0,4000,4000,1,0,4
1,1,4,4000,0,255,10.5643,0.0117,0.6356,0.06,6.6839,5.8504,1,4000,4000,1,338,4
1,1,4,4000,0,256,10.0639,0.0089,0.7283,0.0653,6.8851,5.9198,1,4000,4000,1,315,4
1,1,4,4000,0,257,9.7218,0.0089,0.7283,0.1376,6.2459,6.097,0,4000,4000,1,0,4
1,1,4,4000,0,258,11.7777,0.0141,1.0499,0.0596,7.5775,6.3003,1,4000,4000,1,734,4
1,1,4,4000,0,259,10.3899,0.0099,0.7158,0.0658,6.9203,6.0003,1,4000,4000,1,350,4
1,1,4,4000,0,260,9.2901,0.0099,0.7158,0.1375,6.1764,6.0273,0,4000,4000,1,0,4
1,1,4,4000,0,261,10.0848,0.0159,0.791,0.0603,6.6114,5.5798,1,4000,4000,1,459,4
1,1,4,4000,0,262,8.9094,0.0159,0.791,0.1191,5.8832,5.7546,0,4000,4000,1,0,4
1,1,4,4000,0,263,10.5663,0.0113,1.2058,0.0647,7.2814,5.8569,1,4000,4000,1,909,4
1,1,4,4000,0,264,9.229,0.0113,1.2058,0.122,6.0037,5.8711,0,4000,4000,1,0,4
1,1,4,4000,0,265,10.0819,0.0124,0.9829,0.0543,6.8949,5.7229,1,4000,4000,1,703,4
1,1,4,4000,0,266,9.524,0.0112,0.8336,0.0587,6.664,5.6227,1,4000,4000,1,520,4
1,1,4,4000,0,267,8.9713,0.0112,0.8336,0.1227,5.9136,5.7809,0,4000,4000,1,0,4
1,1,4,4000,0,268,10.9495,0.0121,1.4431,0.0625,7.5975,5.9615,1,4000,4000,1,1338,4
1,1,4,4000,0,269,9.152,0.0121,1.4431,0.1847,6.098,5.9018,0,4000,4000,1,0,4
1,1,4,4000,0,270,11.0352,0.0127,1.132,0.0635,7.2504,5.9201,1,4000,4000,1,806,4
1,1,4,4000,0,271,10.781,0.01,0.9936,0.0626,7.2604,6.0595,1,4000,4000,1,641,4
1,1,4,4000,0,272,9.6018,0.01,0.9936,0.1504,6.4697,6.3065,0,4000,4000,1,0,4
1,1,4,4000,0,273,11.4448,0.0138,1.9083,0.0571,8.093,5.9369,1,4000,4000,1,1729,4
1,1,4,4000,0,274,10.6161,0.0134,1.1043,0.0595,7.2397,5.947,1,4000,4000,1,621,4
1,1,4,4000,0,275,9.6932,0.0134,1.1043,0.1227,6.6184,6.4801,0,4000,4000,1,0,4
1,1,4,4000,0,276,11.4993,0.011,1.1068,0.0604,7.4139,6.1037,1,4000,4000,1,744,4
1,1,4,4000,0,277,9.4857,0.011,1.1068,0.1095,6.2339,6.113,0,4000,4000,1,0,4
1,1,4,4000,0,278,10.5285,0.0096,1.606,0.0524,7.4208,5.6268,1,4000,4000,1,1603,4
1,1,4,4000,0,279,9.994,0.0077,1.0461,0.053,6.8501,5.6322,1,4000,4000,1,618,4
1,1,4,4000,0,280,8.6785,0.0077,1.0461,0.1286,5.7559,5.6172,0,4000,4000,1,0,4
1,1,4,4000,0,281,11.9057,0.0127,1.3175,0.0561,7.3781,5.8672,1,4000,4000,1,758,4
1,1,4,4000,0,282,8.966,0.0127,1.3175,0.1625,5.8653,5.6902,0,4000,4000,1,0,4
1,1,4,4000,0,283,12.7095,0.0107,2.0231,0.0599,9.0668,6.8472,1,4000,4000,1,1528,4
1,1,4,4000,0,284,10.7666,0.0144,1.2133,0.0598,7.5014,6.1062,1,4000,4000,1,567,4
1,1,4,4000,0,285,8.6524,0.0144,1.2133,0.1907,5.6583,5.4551,0,4000,4000,1,0,4
1,1,4,4000,0,286,11.6868,0.0112,1.4329,0.0539,8.5817,6.931,1,4000,4000,1,708,4
1,1,4,4000,0,287,11.3363,0.0125,0.9802,0.0508,7.5849,6.4352,1,4000,4000,1,497,4
1,1,4,4000,0,288,8.6806,0.0125,0.9802,0.1185,5.642,5.5143,0,4000,4000,1,0,4
1,1,4,4000,0,289,10.3571,0.0095,1.1804,0.0514,7.3434,5.9657,1,4000,4000,1,1003,4
1,1,4,4000,0,290,9.4711,0.0095,1.1804,0.1472,6.3415,6.1822,0,4000,4000,1,0,4
1,1,4,4000,0,291,12.0073,0.0197,1.0998,0.0631,8.358,7.032,1,4000,4000,1,476,4
1,1,4,4000,0,292,11.1873,0.0125,0.8385,0.067,7.3163,6.2798,1,4000,4000,1,400,4
1,1,4,4000,0,293,10.6432,0.0125,0.8385,0.1208,7.0433,6.9105,0,4000,4000,1,0,4
1,1,4,4000,0,294,9.752,0.012,0.7244,0.0568,6.8883,5.9682,1,4000,4000,1,391,4
1,1,4,4000,0,295,11.2314,0.0125,0.8129,0.0574,7.4779,6.4713,1,4000,4000,1,284,4
1,1,4,4000,0,296,9.7318,0.0125,0.8129,0.1212,6.6353,6.5025,0,4000,4000,1,0,4
1,1,4,4000,0,297,10.4243,0.0131,0.7272,0.0592,7.3373,6.3199,1,4000,4000,1,300,4
1,1,4,4000,0,298,10.1141,0.0085,0.6656,0.0625,6.9543,6.0527,1,4000,4000,1,258,4
1,1,4,4000,0,299,9.6257,0.0085,0.6656,0.1415,6.3156,6.1615,0,4000,4000,1,0,4
1,1,4,4000,0,300,10.87,0.0113,0.7596,0.0639,7.3991,6.4382,1,4000,4000,1,252,4
1,1,4,4000,0,301,9.2651,0.0113,0.7596,0.1499,6.0687,5.9076,0,4000,4000,1,0,4
1,1,4,4000,0,302,10.3928,0.0097,0.8033,0.0586,7.1835,6.1732,1,4000,4000,1,231,4
1,1,4,4000,0,303,10.9852,0.0116,0.4964,0.0524,6.6579,5.9902,1,4000,4000,1,194,4
1,1,4,4000,0,304,9.1615,0.0116,0.4964,0.1616,5.7249,5.5524,0,4000,4000,1,0,4
1,1,4,4000,0,305,9.8187,0.0142,0.5654,0.0509,6.8651,6.1217,1,4000,4000,1,238,4
1,1,4,4000,0,306,8.7971,0.0142,0.5654,0.1082,5.9208,5.8017,0,4000,4000,1,0,4
1,1,4,4000,0,307,12.6726,0.1475,0.6404,0.0715,8.0367,7.013,1,4000,4000,1,203,4
1,1,4,4000,0,308,11.231,0.0149,0.5157,0.0578,7.9648,7.249,1,4000,4000,1,189,4
1,1,4,4000,0,309,9.1894,0.0149,0.5157,0.1487,6.2537,6.093,0,4000,4000,1,0,4
1,1,4,4000,0,310,11.5402,0.0253,0.6351,0.0676,7.8626,6.9473,1,4000,4000,1,175,4
1,1,4,4000,0,311,11.8106,0.016,0.816,0.0571,7.7856,6.5793,1,4000,4000,1,158,4
1,1,4,4000,0,312,9.7769,0.016,0.816,0.125,6.0122,5.8733,0,4000,4000,1,0,4
1,1,4,4000,0,313,10.6042,0.0161,0.454,0.0616,6.5741,5.9208,1,4000,4000,1,140,4
1,1,4,4000,0,314,9.0411,0.0161,0.454,0.1312,6.2016,6.0598,0,4000,4000,1,0,4
1,1,4,4000,0,315,9.9045,0.0118,0.4178,0.0603,6.9463,6.3363,1,4000,4000,1,132,4
1,1,4,4000,0,316,10.2344,0.0137,0.4609,0.0534,6.6873,6.0178,1,4000,4000,1,133,4
1,1,4,4000,0,317,8.8696,0.0137,0.4609,0.1274,5.9298,5.7918,0,4000,4000,1,0,4
1,1,4,4000,0,318,9.1588,0.0129,0.4371,0.0552,6.253,5.6372,1,4000,4000,1,124,4
1,1,4,4000,0,319,9.3786,0.0129,0.4371,0.1301,6.3835,6.2419,0,4000,4000,1,0,4
1,1,4,4000,0,320,10.237,0.0147,0.449,0.0575,6.8068,6.1903,1,4000,4000,1,148,4
1,1,4,4000,0,321,10.6924,0.0322,0.2159,0.1068,5.9709,5.8516,0,4000,4000,1,0,4
1,1,4,4000,0,322,9.9941,0.0181,0.4399,0.066,6.9271,6.2804,1,4000,4000,1,140,4
1,1,4,4000,0,323,9.8417,0.0125,0.3841,0.0531,6.4641,5.8946,1,4000,4000,1,99,4
1,1,4,4000,0,324,8.869,0.0125,0.3841,0.1152,5.7994,5.6734,0,4000,4000,1,0,4
1,1,4,4000,0,325,10.2433,0.0146,0.4732,0.058,6.6579,5.9708,1,4000,4000,1,123,4
1,1,4,4000,0,326,9.0938,0.0146,0.4732,0.3387,6.1689,5.8131,0,4000,4000,1,0,4
1,1,4,4000,0,327,10.5918,0.0165,0.3988,0.0514,6.8277,6.2441,1,4000,4000,1,103,4
1,1,4,4000,0,328,10.2333,0.0177,0.4841,0.0668,6.8386,6.1082,1,4000,4000,1,104,4
1,1,4,4000,0,329,9.5536,0.0177,0.4841,0.1247,6.4185,6.2817,0,4000,4000,1,0,4
1,1,4,4000,0,330,10.4858,0.0174,0.4413,0.0612,6.9009,6.2573,1,4000,4000,1,117,4
1,1,4,4000,0,331,8.9397,0.0174,0.4413,0.131,6.0888,5.9467,0,4000,4000,1,0,4
1,1,4,4000,0,332,9.9486,0.0145,0.4023,0.0618,6.6744,6.068,1,4000,4000,1,113,4
1,1,4,4000,0,333,11.3961,0.0179,0.3917,0.0528,6.9376,6.3351,1,4000,4000,1,105,4
1,1,4,4000,0,334,8.3384,0.0179,0.3917,0.147,5.5584,5.401,0,4000,4000,1,0,4
1,1,4,4000,0,335,10.6,0.0177,0.5181,0.0545,7.5183,6.7872,1,4000,4000,1,111,4
1,1,4,4000,0,336,9.1015,0.0177,0.5181,0.1575,6.0998,5.9306,0,4000,4000,1,0,4
1,1,4,4000,0,337,10.1715,0.0146,0.4331,0.0622,6.6985,6.0668,1,4000,4000,1,100,4
1,1,4,4000,0,338,10.0825,0.0102,0.3867,0.0533,6.7784,6.1925,1,4000,4000,1,106,4
1,1,4,4000,0,339,8.7199,0.0102,0.3867,0.105,5.5758,5.4616,0,4000,4000,1,0,4
1,1,4,4000,0,340,9.9352,0.0133,0.5238,0.0555,6.445,5.6724,1,4000,4000,1,113,4
1,1,4,4000,0,341,8.9403,0.0133,0.5238,0.133,6.083,5.9402,0,4000,4000,1,0,4
1,1,4,4000,0,342,9.6656,0.0134,0.3949,0.0576,6.3065,5.7391,1,4000,4000,1,106,4
1,1,4,4000,0,343,8.4197,0.0134,0.3949,0.1112,5.4759,5.3548,0,4000,4000,1,0,4
1,1,4,4000,0,344,9.8123,0.0126,0.4105,0.0528,6.4352,5.8413,1,4000,4000,1,107,4
1,1,4,4000,0,345,8.3867,0.0632,0.0035,0.1162,5.5493,5.4223,0,4000,4000,1,0,4
1,1,4,4000,0,346,9.5796,0.0152,0.3943,0.0699,6.6432,6.0341,1,4000,4000,1,97,4
1,1,4,4000,0,347,10.0906,0.011,0.3701,0.0643,6.5492,5.9838,1,4000,4000,1,103,4
1,1,4,4000,0,348,9.287,0.011,0.3701,0.1511,6.1208,5.9577,0,4000,4000,1,0,4
1,1,4,4000,0,349,9.1423,0.011,0.3547,0.0542,6.266,5.7296,1,4000,4000,1,98,4
1,1,4,4000,0,350,9.2288,0.011,0.3547,0.2184,5.9229,5.6903,0,4000,4000,1,0,4
1,1,4,4000,0,351,10.0245,0.0169,0.505,0.0614,6.6671,5.8981,1,4000,4000,1,106,4
1,1,4,4000,0,352,9.9486,0.0169,0.505,0.1928,6.4719,6.2665,0,4000,4000,1,0,4
1,1,4,4000,0,353,10.8657,0.0177,0.3941,0.0607,6.8642,6.2861,1,4000,4000,1,96,4
1,1,4,4000,0,354,10.1387,0.011,0.4881,0.0579,6.7831,6.0885,1,4000,4000,1,108,4
1,1,4,4000,0,355,8.9702,0.011,0.4881,0.1159,6.0184,5.892,0,4000,4000,1,0,4
1,1,4,4000,0,356,9.7777,0.0103,0.3674,0.0564,6.3782,5.8319,1,4000,4000,1,77,4
1,1,4,4000,0,357,8.2487,0.0103,0.3674,0.1383,5.4304,5.2807,0,4000,4000,1,0,4
1,1,4,4000,0,358,9.1118,0.0105,0.3755,0.058,6.1216,5.5154,1,4000,4000,1,90,4
1,1,4,4000,0,359,9.1135,0.0105,0.3755,0.2002,6.296,6.0815,0,4000,4000,1,0,4
1,1,4,4000,0,360,11.5088,0.0163,0.5462,0.0518,7.4154,6.647,1,4000,4000,1,88,4
1,1,4,4000,0,361,10.0194,0.0203,0.4389,0.061,6.6566,5.9867,1,4000,4000,1,95,4
1,1,4,4000,0,362,8.8932,0.0203,0.4389,0.135,5.8913,5.7462,0,4000,4000,1,0,4
1,1,4,4000,0,363,9.9354,0.0108,0.4287,0.0642,6.9152,6.2757,1,4000,4000,1,95,4
1,1,4,4000,0,364,9.648,0.0108,0.4287,0.1407,6.3866,6.2353,0,4000,4000,1,0,4
1,1,4,4000,0,365,9.4356,0.0143,0.3614,0.0571,6.4453,5.8961,1,4000,4000,1,82,4
1,1,4,4000,0,366,9.1612,0.0097,0.3507,0.055,6.035,5.4955,1,4000,4000,1,78,4
1,1,4,4000,0,367,8.4493,0.0097,0.3507,0.1233,5.6588,5.5247,0,4000,4000,1,0,4
1,1,4,4000,0,368,9.2222,0.01,0.3618,0.0588,6.2586,5.7132,1,4000,4000,1,78,4
1,1,4,4000,0,369,8.8043,0.01,0.3618,0.148,5.9449,5.7856,0,4000,4000,1,0,4
1,1,4,4000,0,370,9.9704,0.015,0.5118,0.0499,6.5969,5.8772,1,4000,4000,1,80,4
1,1,4,4000,0,371,9.5465,0.015,0.5118,0.1615,5.5944,5.4212,0,4000,4000,1,0,4
1,1,4,4000,0,372,9.4657,0.0131,0.3472,0.0548,6.122,5.5794,1,4000,4000,1,82,4
1,1,4,4000,0,373,8.7299,0.0131,0.3472,0.1139,5.8632,5.7383,0,4000,4000,1,0,4
1,1,4,4000,0,374,9.7722,0.0114,0.3351,0.0537,6.2862,5.7606,1,4000,4000,1,74,4
1,1,4,4000,0,375,9.2521,0.0078,0.3645,0.0528,6.0602,5.4958,1,4000,4000,1,81,4
1,1,4,4000,0,376,8.5932,0.0078,0.3645,0.1442,5.8073,5.6523,0,4000,4000,1,0,4
1,1,4,4000,0,377,9.168,0.0103,0.4236,0.0613,6.1103,5.4531,1,4000,4000,1,76,4
1,1,4,4000,0,378,8.7878,0.0103,0.4236,0.1252,5.6156,5.4785,0,4000,4000,1,0,4
1,1,4,4000,0,379,9.2224,0.0128,0.4556,0.0533,6.4625,5.8032,1,4000,4000,1,74,4
1,1,4,4000,0,380,8.2653,0.0128,0.4556,0.1115,5.5027,5.3813,0,4000,4000,1,0,4
1,1,4,4000,0,381,9.2881,0.0104,0.4443,0.0584,6.3252,5.6668,1,4000,4000,1,69,4
1,1,4,4000,0,382,8.679,0.0104,0.4443,0.1592,5.712,5.5415,0,4000,4000,1,0,4
1,1,4,4000,0,383,9.7062,0.1245,0.3932,0.0515,6.5586,5.857,1,4000,4000,1,59,4
1,1,4,4000,0,384,8.3826,0.1245,0.3932,0.144,5.5169,5.361,0,4000,4000,1,0,4
1,1,4,4000,0,385,10.4381,0.0144,0.5092,0.0518,6.92,6.1651,1,4000,4000,1,72,4
1,1,4,4000,0,386,11.0066,0.0131,0.4363,0.0511,7.2878,6.6799,1,4000,4000,1,76,4
1,1,4,4000,0,387,8.645,0.0131,0.4363,0.1139,5.5343,5.4113,0,4000,4000,1,0,4
1,1,4,4000,0,388,10.693,0.0141,0.4681,0.0678,7.9741,7.2773,1,4000,4000,1,57,4
1,1,4,4000,0,389,10.2622,0.0141,0.4681,0.1668,6.8004,6.6212,0,4000,4000,1,0,4
1,1,4,4000,0,390,10.5909,0.0132,0.4938,0.0505,7.2227,6.5056,1,4000,4000,1,74,4
1,1,4,4000,0,391,9.3712,0.0098,0.4073,0.0539,6.0802,5.4684,1,4000,4000,1,72,4
1,1,4,4000,0,392,9.0944,0.0098,0.4073,0.1378,6.0334,5.8842,0,4000,4000,1,0,4
1,1,4,4000,0,393,10.2539,0.0137,0.4251,0.0543,6.9177,6.255,1,4000,4000,1,65,4
1,1,4,4000,0,394,8.8219,0.0137,0.4251,0.1778,5.8827,5.6926,0,4000,4000,1,0,4
1,1,4,4000,0,395,10.5874,0.0123,0.8433,0.0563,6.947,5.7591,1,4000,4000,1,54,4
1,1,4,4000,0,396,10.0459,0.0196,0.341,0.0561,6.4756,5.8498,1,4000,4000,1,52,4
1,1,4,4000,0,397,8.7674,0.0196,0.341,0.1233,5.9519,5.818,0,4000,4000,1,0,4
1,1,4,4000,0,398,8.9618,0.0097,0.4194,0.0546,6.0189,5.3915,1,4000,4000,1,65,4
1,1,4,4000,0,399,8.8167,0.0097,0.4194,0.1649,5.6243,5.4467,0,4000,4000,1,0,4
1,1,4,4000,0,400,9.1081,0.0109,0.3483,0.0553,6.0784,5.5369,1,4000,4000,1,45,4
1,1,4,4000,0,401,8.6598,0.0109,0.3483,0.1757,5.9017,5.7064,0,4000,4000,1,0,4
1,1,4,4000,0,402,10.1091,0.0196,0.3786,0.0554,6.8388,6.2174,1,4000,4000,1,54,4
1,1,4,4000,0,403,8.7121,0.0196,0.3786,0.1495,5.8413,5.6791,0,4000,4000,1,0,4
1,1,4,4000,0,404,9.2919,0.0103,0.3601,0.0545,6.3347,5.7761,1,4000,4000,1,63,4
1,1,4,4000,0,405,8.393,0.0103,0.3601,0.1152,5.4783,5.3535,0,4000,4000,1,0,4
1,1,4,4000,0,406,9.3513,0.0123,0.3177,0.056,6.1465,5.6325,1,4000,4000,1,50,4
1,1,4,4000,0,407,9.0728,0.0086,0.3347,0.0625,6.2301,5.6723,1,4000,4000,1,57,4
1,1,4,4000,0,408,8.7685,0.0086,0.3347,0.1521,5.7927,5.6292,0,4000,4000,1,0,4
1,1,4,4000,0,409,9.6518,0.0125,0.4785,0.0566,6.7215,6.0119,1,4000,4000,1,42,4
1,1,4,4000,0,410,8.9622,0.0125,0.4785,0.1978,5.9402,5.7313,0,4000,4000,1,0,4
1,1,4,4000,0,411,11.0264,0.0095,0.3613,0.0565,7.7142,7.1588,1,4000,4000,1,45,4
1,1,4,4000,0,412,8.9008,0.0095,0.3613,0.1201,5.9277,5.7969,0,4000,4000,1,0,4
1,1,4,4000,0,413,9.4352,0.0098,0.3891,0.058,6.4318,5.8213,1,4000,4000,1,37,4
1,1,4,4000,0,414,11.242,0.0098,0.3891,0.1581,8.0175,7.846,0,4000,4000,1,0,4
1,1,4,4000,0,415,10.6297,0.0127,0.4488,0.0646,6.974,6.2744,1,4000,4000,1,36,4
1,1,4,4000,0,416,10.3178,0.0122,0.2824,0.0544,6.2113,5.7553,1,4000,4000,1,54,4
1,1,4,4000,0,417,8.9468,0.0122,0.2824,0.1162,6.1793,6.0526,0,4000,4000,1,0,4
1,1,4,4000,0,418,8.9811,0.01,0.3709,0.0575,6.0604,5.4707,1,4000,4000,1,41,4
1,1,4,4000,0,419,10.5022,0.0129,0.406,0.0534,6.5041,5.8941,1,4000,4000,1,50,4
1,1,4,4000,0,420,9.2792,0.0129,0.406,0.2508,5.9666,5.7007,0,4000,4000,1,0,4
1,1,4,4000,0,421,9.3237,0.011,0.3325,0.0514,6.0031,5.4667,1,4000,4000,1,42,4
1,1,4,4000,0,422,8.7473,0.011,0.3325,0.1436,5.8966,5.7407,0,4000,4000,1,0,4
1,1,4,4000,0,423,9.5313,0.013,0.4272,0.0564,6.3292,5.6481,1,4000,4000,1,42,4
1,1,4,4000,0,424,8.7677,0.013,0.4272,0.1187,5.9326,5.8024,0,4000,4000,1,0,4
1,1,4,4000,0,425,10.2491,0.0143,0.3443,0.0566,6.8471,6.2897,1,4000,4000,1,39,4
1,1,4,4000,0,426,10.761,0.0834,0.3682,0.122,6.8674,6.7352,0,4000,4000,1,0,4
1,1,4,4000,0,427,9.1535,0.0127,0.408,0.0544,6.108,5.4873,1,4000,4000,1,39,4
1,1,4,4000,0,428,10.2207,0.0095,0.4106,0.0548,6.9991,6.3793,1,4000,4000,1,43,4
1,1,4,4000,0,429,8.9421,0.0095,0.4106,0.1409,5.9107,5.7577,0,4000,4000,1,0,4
1,1,4,4000,0,430,10.5421,0.0094,0.4176,0.0588,6.6065,5.9751,1,4000,4000,1,37,4
1,1,4,4000,0,431,8.8051,0.0094,0.4176,0.1775,5.8423,5.6526,0,4000,4000,1,0,4
1,1,4,4000,0,432,9.8912,0.0198,0.3421,0.0518,6.2859,5.7404,1,4000,4000,1,43,4
1,1,4,4000,0,433,9.4329,0.0096,0.3124,0.0533,6.2523,5.7431,1,4000,4000,1,43,4
1,1,4,4000,0,434,8.8208,0.0096,0.3124,0.1405,5.8714,5.7185,0,4000,4000,1,0,4
1,1,4,4000,0,435,9.8936,0.016,0.3588,0.0538,6.4215,5.8692,1,4000,4000,1,75,4
1,1,4,4000,0,436,8.348,0.016,0.3588,0.1134,5.6407,5.5157,0,4000,4000,1,0,4
1,1,4,4000,0,437,10.1547,0.0107,0.3585,0.0662,6.5148,5.956,1,4000,4000,1,88,4
1,1,4,4000,0,438,9.0807,0.0107,0.3585,0.1087,5.8816,5.7629,0,4000,4000,1,0,4
1,1,4,4000,0,439,9.0077,0.0113,0.3179,0.0514,6.008,5.5178,1,4000,4000,1,85,4
1,1,4,4000,0,440,8.9164,0.0113,0.3179,0.114,5.8451,5.7194,0,4000,4000,1,0,4
1,1,4,4000,0,441,9.1461,0.0119,0.4797,0.0499,6.1413,5.4349,1,4000,4000,1,186,4
1,1,4,4000,0,442,9.4989,0.0105,0.3388,0.0553,5.9954,5.4735,1,4000,4000,1,73,4
1,1,4,4000,0,443,8.4509,0.0105,0.3388,0.1778,5.6923,5.5015,0,4000,4000,1,0,4
1,1,4,4000,0,444,10.4192,0.0125,0.8564,0.0527,7.135,6.0223,1,4000,4000,1,505,4
1,1,4,4000,0,445,9.0275,0.0125,0.8564,0.1531,5.8671,5.6979,0,4000,4000,1,0,4
1,1,4,4000,0,446,10.1511,0.0113,0.8134,0.0685,6.7422,5.7263,1,4000,4000,1,365,4
1,1,4,4000,0,447,9.6347,0.0113,0.8134,0.1178,5.9936,5.8648,0,4000,4000,1,0,4
1,1,4,4000,0,448,9.8013,0.0113,0.6269,0.0581,6.8558,6.0289,1,4000,4000,1,276,4
1,1,4,4000,0,449,9.3971,0.0116,0.4915,0.0499,6.153,5.4989,1,4000,4000,1,134,4
1,1,4,4000,0,450,8.8783,0.0116,0.4915,0.147,5.8577,5.6976,0,4000,4000,1,0,4
1,1,4,4000,0,451,9.7618,0.0119,0.854,0.0584,6.5286,5.4705,1,4000,4000,1,537,4
1,1,4,4000,0,452,8.6398,0.0119,0.854,0.1445,5.6799,5.5249,0,4000,4000,1,0,4
1,1,4,4000,0,453,10.6125,0.0107,0.9298,0.0555,7.4621,6.3048,1,4000,4000,1,425,4
1,1,4,4000,0,454,9.3045,0.0107,0.9298,0.2122,6.1664,5.9418,0,4000,4000,1,0,4
1,1,4,4000,0,455,10.6753,0.0109,0.761,0.0579,6.7958,5.7983,1,4000,4000,1,407,4
1,1,4,4000,0,456,9.7609,0.0116,0.5973,0.0528,6.6425,5.8564,1,4000,4000,1,165,4
1,1,4,4000,0,457,8.5751,0.0116,0.5973,0.1547,5.6671,5.5003,0,4000,4000,1,0,4
1,1,4,4000,0,458,10.04,0.01,0.8579,0.0566,6.7203,5.6675,1,4000,4000,1,628,4
1,1,4,4000,0,459,8.4638,0.01,0.8579,0.1114,5.6849,5.5636,0,4000,4000,1,0,4
1,1,4,4000,0,460,10.0585,0.0114,0.7779,0.0549,6.6693,5.6982,1,4000,4000,1,433,4
1,1,4,4000,0,461,8.7291,0.0114,0.7779,0.1606,5.8563,5.6837,0,4000,4000,1,0,4
1,1,4,4000,0,462,9.8511,0.0121,0.7865,0.0564,6.6229,5.6447,1,4000,4000,1,408,4
1,1,4,4000,0,463,9.2811,0.0124,0.5607,0.0548,6.444,5.6776,1,4000,4000,1,210,4
1,1,4,4000,0,464,9.1745,0.0124,0.5607,0.1501,6.264,6.1013,0,4000,4000,1,0,4
1,1,4,4000,0,465,10.7903,0.0154,0.9008,0.0534,7.0326,5.9365,1,4000,4000,1,579,4
1,1,4,4000,0,466,8.1094,0.0154,0.9008,0.1344,5.5208,5.3768,0,4000,4000,1,0,4
1,1,4,4000,0,467,10.9433,0.0153,0.9187,0.0544,7.1723,6.0071,1,4000,4000,1,467,4
1,1,4,4000,0,468,9.5496,0.0153,0.9187,0.1403,5.9348,5.7845,0,4000,4000,1,0,4
1,1,4,4000,0,469,9.8803,0.0101,0.7922,0.0609,6.7005,5.685,1,4000,4000,1,349,4
1,1,4,4000,0,470,9.9451,0.0132,0.718,0.059,6.5873,5.6772,1,4000,4000,1,267,4
1,1,4,4000,0,471,9.1831,0.0132,0.718,0.1329,6.1959,6.0518,0,4000,4000,1,0,4
1,1,4,4000,0,472,10.4265,0.0126,0.8994,0.0513,7.1683,6.0796,1,4000,4000,1,528,4
1,1,4,4000,0,473,8.8746,0.0126,0.8994,0.1268,5.7873,5.648,0,4000,4000,1,0,4
1,1,4,4000,0,474,10.0898,0.0081,0.748,0.0558,6.6226,5.6803,1,4000,4000,1,393,4
1,1,4,4000,0,475,8.5864,0.0622,0.1454,0.0881,5.4179,5.3207,0,4000,4000,1,0,4
1,1,4,4000,0,476,9.3352,0.0136,0.7709,0.064,6.5238,5.5325,1,4000,4000,1,379,4
1,1,4,4000,0,477,9.4566,0.0103,0.6093,0.0588,6.4688,5.6633,1,4000,4000,1,273,4
1,1,4,4000,0,478,8.8024,0.0103,0.6093,0.137,5.8289,5.6807,0,4000,4000,1,0,4
1,1,4,4000,0,479,11.1073,0.013,1.0325,0.0544,7.2627,5.9761,1,4000,4000,1,427,4
1,1,4,4000,0,480,8.8956,0.013,1.0325,0.1481,5.7122,5.5537,0,4000,4000,1,0,4
1,1,4,4000,0,481,10.0147,0.0101,0.74,0.0603,6.836,5.8906,1,4000,4000,1,340,4
1,1,4,4000,0,482,8.7066,0.0101,0.74,0.1501,5.8038,5.6429,0,4000,4000,1,0,4
1,1,4,4000,0,483,9.5971,0.0128,0.6719,0.0558,6.521,5.6381,1,4000,4000,1,325,4
1,1,4,4000,0,484,9.4819,0.0111,0.5779,0.0501,6.5069,5.7564,1,4000,4000,1,242,4
1,1,4,4000,0,485,8.7955,0.0111,0.5779,0.156,5.7792,5.6107,0,4000,4000,1,0,4
1,1,4,4000,0,486,10.2649,0.0118,0.7031,0.0565,6.9934,6.0783,1,4000,4000,1,342,4
1,1,4,4000,0,487,8.2745,0.0118,0.7031,0.1197,5.5921,5.4627,0,4000,4000,1,0,4
1,1,4,4000,0,488,11.7761,0.0296,0.985,0.0621,8.0749,6.7995,1,4000,4000,1,356,4
1,1,4,4000,0,489,11.3216,0.0161,0.6075,0.0545,7.0981,6.2896,1,4000,4000,1,238,4
1,1,4,4000,0,490,8.8487,0.0161,0.6075,0.1411,5.8347,5.6814,0,4000,4000,1,0,4
1,1,4,4000,0,491,11.0179,0.0115,0.6076,0.0561,6.4949,5.693,1,4000,4000,1,356,4
1,1,4,4000,0,492,8.5831,0.0115,0.6076,0.1244,5.6494,5.5133,0,4000,4000,1,0,4
1,1,4,4000,0,493,9.3661,0.0103,0.6812,0.0544,6.5026,5.6255,1,4000,4000,1,351,4
1,1,4,4000,0,494,9.425,0.0103,0.6812,0.1331,5.9563,5.8105,0,4000,4000,1,0,4
1,1,4,4000,0,495,11.3157,0.0258,0.7933,0.0604,7.2221,6.1854,1,4000,4000,1,295,4
1,1,4,4000,0,496,9.6867,0.0111,0.5972,0.0534,6.6446,5.835,1,4000,4000,1,209,4
1,1,4,4000,0,497,8.8538,0.0111,0.5972,0.121,5.7484,5.6165,0,4000,4000,1,0,4
1,1,4,4000,0,498,9.7764,0.012,0.7953,0.0778,6.5774,5.5511,1,4000,4000,1,324,4
1,1,4,4000,0,499,8.4583,0.012,0.7953,0.1216,5.6242,5.4924,0,4000,4000,1,0,4
1,1,4,4000,0,500,9.9121,0.0123,0.5934,0.0529,6.5535,5.7417,1,4000,4000,1,280,4
1,1,4,4000,0,501,8.3626,0.0123,0.5934,0.1146,5.4423,5.3191,0,4000,4000,1,0,4
1,1,4,4000,0,502,10.607,0.0098,0.7267,0.0613,7.2914,6.2989,1,4000,4000,1,278,4
1,1,4,4000,0,503,10.8557,0.0087,0.7078,0.0564,6.8853,5.9456,1,4000,4000,1,215,4
1,1,4,4000,0,504,8.9402,0.0087,0.7078,0.1673,5.7859,5.6074,0,4000,4000,1,0,4
1,1,4,4000,0,505,10.8344,0.013,0.5877,0.0515,6.9718,6.1998,1,4000,4000,1,321,4
1,1,4,4000,0,506,8.389,0.013,0.5877,0.1189,5.4788,5.3496,0,4000,4000,1,0,4
1,1,4,4000,0,507,9.4653,0.012,0.5267,0.0501,6.3149,5.6192,1,4000,4000,1,265,4
1,1,4,4000,0,508,9.6976,0.0145,0.5576,0.058,6.5657,5.7593,1,4000,4000,1,201,4
1,1,4,4000,0,509,8.823,0.0145,0.5576,0.1343,5.7912,5.6457,0,4000,4000,1,0,4
1,1,4,4000,0,510,10.2818,0.0127,0.6382,0.0543,6.9258,6.0665,1,4000,4000,1,255,4
1,1,4,4000,0,511,9.1793,0.0127,0.6382,0.1496,6.1757,6.0138,0,4000,4000,1,0,4
1,1,4,4000,0,512,11.5751,0.0166,0.6609,0.0578,7.9179,7.0186,1,4000,4000,1,223,4
1,1,4,4000,0,513,9.542,0.0582,0.071,0.1488,6.1932,6.0309,0,4000,4000,1,0,4
1,1,4,4000,0,514,9.9045,0.0175,0.6132,0.0687,6.9582,5.9558,1,4000,4000,1,241,4
1,1,4,4000,0,515,10.5096,0.0126,0.5908,0.0575,7.043,6.2403,1,4000,4000,1,198,4
1,1,4,4000,0,516,9.2313,0.0126,0.5908,0.1405,6.1428,5.9913,0,4000,4000,1,0,4
1,1,4,4000,0,517,10.375,0.0099,0.6608,0.0604,7.0699,6.1893,1,4000,4000,1,269,4
1,1,4,4000,0,518,9.8304,0.0099,0.6608,0.1525,6.4701,6.3004,0,4000,4000,1,0,4
1,1,4,4000,0,519,10.2931,0.0138,0.541,0.0559,6.7085,5.9606,1,4000,4000,1,229,4
1,1,4,4000,0,520,9.2284,0.0113,0.577,0.0533,6.3426,5.522,1,4000,4000,1,178,4
1,1,4,4000,0,521,8.4312,0.0113,0.577,0.1577,5.475,5.3063,0,4000,4000,1,0,4
1,1,4,4000,0,522,9.6179,0.0101,0.613,0.0584,6.4154,5.5971,1,4000,4000,1,273,4
1,1,4,4000,0,523,8.5286,0.0101,0.613,0.1148,5.7193,5.5944,0,4000,4000,1,0,4
1,1,4,4000,0,524,9.3192,0.0127,0.5275,0.057,6.2992,5.5612,1,4000,4000,1,233,4
1,1,4,4000,0,525,9.0736,0.0127,0.5275,0.1502,5.9994,5.8364,0,4000,4000,1,0,4
1,1,4,4000,0,526,10.2605,0.0174,0.5585,0.0549,7.0384,6.245,1,4000,4000,1,220,4
1,1,4,4000,0,527,9.8108,0.0153,0.4491,0.056,6.383,5.7326,1,4000,4000,1,152,4
1,1,4,4000,0,528,8.6602,0.0153,0.4491,0.1254,5.8436,5.7077,0,4000,4000,1,0,4
1,1,4,4000,0,529,9.708,0.0144,0.5341,0.0544,6.5616,5.8241,1,4000,4000,1,272,4
1,1,4,4000,0,530,8.7437,0.0144,0.5341,0.1083,5.8922,5.7731,0,4000,4000,1,0,4
1,1,4,4000,0,531,10.4006,0.0118,0.5841,0.0573,6.9282,6.1432,1,4000,4000,1,263,4
1,1,4,4000,0,532,8.7876,0.0118,0.5841,0.1436,5.6849,5.5305,0,4000,4000,1,0,4
1,1,4,4000,0,533,9.2333,0.01,0.5671,0.0535,6.2188,5.4449,1,4000,4000,1,233,4
1,1,4,4000,0,534,8.3957,0.01,0.5671,0.1722,5.6671,5.4823,0,4000,4000,1,0,4
1,1,4,4000,0,535,9.7751,0.0142,0.503,0.0545,6.5561,5.8444,1,4000,4000,1,226,4
1,1,4,4000,0,536,9.9743,0.0095,0.5114,0.0525,6.6093,5.8961,1,4000,4000,1,146,4
1,1,4,4000,0,537,9.2548,0.0095,0.5114,0.3006,6.02,5.6999,0,4000,4000,1,0,4
1,1,4,4000,0,538,10.31,0.01,0.5613,0.0538,6.7846,6.0193,1,4000,4000,1,266,4
1,1,4,4000,0,539,8.6102,0.01,0.5613,0.1281,5.7451,5.6066,0,4000,4000,1,0,4
1,1,4,4000,0,540,9.4146,0.0135,0.5363,0.0525,6.2622,5.5247,1,4000,4000,1,235,4
1,1,4,4000,0,541,8.6506,0.0135,0.5363,0.2288,5.8083,5.5673,0,4000,4000,1,0,4
1,1,4,4000,0,542,9.5504,0.0135,0.4822,0.0573,6.354,5.6861,1,4000,4000,1,213,4
1,1,4,4000,0,543,8.2952,0.0135,0.4822,0.1049,5.4368,5.3228,0,4000,4000,1,0,4
1,1,4,4000,0,544,10.2692,0.0162,0.5666,0.0555,6.5291,5.7158,1,4000,4000,1,254,4
1,1,4,4000,0,545,9.262,0.0108,0.4854,0.0545,6.1663,5.4854,1,4000,4000,1,139,4
1,1,4,4000,0,546,8.6859,0.0108,0.4854,0.1795,5.9023,5.7112,0,4000,4000,1,0,4
1,1,4,4000,0,547,10.4188,0.0223,0.5992,0.0584,6.882,6.022,1,4000,4000,1,258,4
1,1,4,4000,0,548,8.6702,0.0223,0.5992,0.1297,5.5534,5.4131,0,4000,4000,1,0,4
1,1,4,4000,0,549,9.8815,0.0129,0.5632,0.0657,6.7261,5.9129,1,4000,4000,1,201,4
1,1,4,4000,0,550,8.4782,0.0129,0.5632,0.163,5.6846,5.5101,0,4000,4000,1,0,4
2,0,27,4000,0,151,9.2016,0,0,0.1405,5.7916,5.6286,0,4000,4000,1,0,27
2,0,27,4000,0,152,11.1484,0.0467,1.5123,0.0557,7.3242,5.4809,1,4000,4000,1,9,27
2,0,27,4000,0,153,8.6442,0,0,0.1688,5.5777,5.3884,0,4000,4000,1,0,27
2,0,27,4000,0,154,11.0253,0.0533,1.9552,0.0908,7.8338,5.4674,1,4000,4000,1,9,27
2,0,27,4000,0,155,10.5854,0.0428,1.2924,0.053,7.064,5.4847,1,4000,4000,1,11,27
2,0,27,4000,0,156,8.8648,0,0,0.1234,5.5265,5.3806,0,4000,4000,1,0,27
2,0,27,4000,0,157,11.0111,0.063,1.271,0.0616,7.2728,5.6747,1,4000,4000,1,16,27
2,0,27,4000,0,158,9.7932,0,0,0.2214,5.9668,5.7101,0,4000,4000,1,0,27
2,0,27,4000,0,159,10.4754,0.133,1.0986,0.0552,6.8983,5.4348,1,4000,4000,1,7,27
2,0,27,4000,0,160,11.5068,0.0426,1.4021,0.0578,7.3202,5.6333,1,4000,4000,1,5,27
2,0,27,4000,0,161,9.0782,0,0,0.1283,5.7258,5.5726,0,4000,4000,1,0,27
2,0,27,4000,0,162,11.4445,0.0503,1.3437,0.0554,7.1789,5.5541,1,4000,4000,1,8,27
2,0,27,4000,0,163,10.5608,0.0398,1.2655,0.0542,6.9382,5.3992,1,4000,4000,1,11,27
2,0,27,4000,0,164,9.2608,0,0,0.1271,5.8684,5.7149,0,4000,4000,1,0,27
2,0,27,4000,0,165,10.294,0.1504,1.1695,0.0599,7.1495,5.5575,1,4000,4000,1,6,27
2,0,27,4000,0,166,8.7275,0,0,0.131,5.4883,5.3347,0,4000,4000,1,0,27
2,0,27,4000,0,167,10.5593,0.0478,1.2687,0.0528,6.9899,5.4417,1,4000,4000,1,11,27
2,0,27,4000,0,168,8.5983,0,0,0.151,5.2818,5.1067,0,4000,4000,1,0,27
2,0,27,4000,0,169,11.0594,0.3699,1.3285,0.0591,7.8174,5.7923,1,4000,4000,1,6,27
2,0,27,4000,0,170,10.95,0.0491,1.4601,0.0534,7.2632,5.5091,1,4000,4000,1,10,27
2,0,27,4000,0,171,9.3417,0,0,0.133,5.8846,5.7303,0,4000,4000,1,0,27
2,0,27,4000,0,172,10.7344,0.166,1.5373,0.0598,7.4414,5.5033,1,4000,4000,1,4,27
2,0,27,4000,0,173,10.8328,0.0324,1.2095,0.0582,7.0171,5.495,1,4000,4000,1,3,27
2,0,27,4000,0,174,9.0756,0,0,0.137,5.6394,5.4789,0,4000,4000,1,0,27
2,0,27,4000,0,175,10.8532,0.0489,1.6787,0.0563,7.5219,5.5524,1,4000,4000,1,11,27
2,0,27,4000,0,176,8.624,0,0,0.1422,5.4418,5.2808,0,4000,4000,1,0,27
2,0,27,4000,0,177,10.2983,0.053,1.7334,0.049,7.3034,5.2913,1,4000,4000,1,10,27
2,0,27,4000,0,178,10.5782,0.0479,1.446,0.0543,7.3045,5.5712,1,4000,4000,1,5,27
2,0,27,4000,0,179,9.856,0,0,0.1903,6.0747,5.8631,0,4000,4000,1,0,27
2,0,27,4000,0,180,11.3206,0.0504,1.4604,0.06,7.4199,5.618,1,4000,4000,1,4,27
2,0,27,4000,0,181,9.1602,0,0,0.1682,5.8867,5.6847,0,4000,4000,1,0,27
2,0,27,4000,0,182,11.3574,0.0572,1.3935,0.0548,7.1304,5.4396,1,4000,4000,1,8,27
2,0,27,4000,0,183,10.5683,0.1158,1.4484,0.0603,7.2967,5.5045,1,4000,4000,1,8,27
2,0,27,4000,0,184,8.6003,0,0,0.1353,5.5557,5.3933,0,4000,4000,1,0,27
2,0,27,4000,0,185,10.3731,0.057,1.3536,0.0508,7.1118,5.4619,1,4000,4000,1,10,27
2,0,27,4000,0,186,9.7142,0,0,0.1574,5.5672,5.3779,0,4000,4000,1,0,27
2,0,27,4000,0,187,10.6353,0.0578,1.3836,0.0555,7.1039,5.3861,1,4000,4000,1,5,27
2,0,27,4000,0,188,10.2916,0.0423,1.3405,0.0539,6.9884,5.38,1,4000,4000,1,8,27
2,0,27,4000,0,189,9.0626,0,0,0.1256,5.5103,5.3613,0,4000,4000,1,0,27
2,0,27,4000,0,190,12.0904,0.0507,1.421,0.0553,7.206,5.5005,1,4000,4000,1,9,27
2,0,27,4000,0,191,10.6244,0.0396,1.8135,0.0559,7.3042,5.2245,1,4000,4000,1,246,27
2,0,27,4000,0,192,8.9469,0,0,0.151,5.8104,5.6283,0,4000,4000,1,0,27
2,0,27,4000,0,193,11.4218,0.0444,1.3956,0.054,7.2753,5.5993,1,4000,4000,1,8,27
2,0,27,4000,0,194,9.2996,0,0,0.1703,5.7502,5.5563,0,4000,4000,1,0,27
2,0,27,4000,0,195,10.837,0.0595,1.4703,0.0592,7.4581,5.6783,1,4000,4000,1,5,27
2,0,27,4000,0,196,13.7421,0.1538,2.4181,0.055,9.9945,7.1852,1,4000,4000,1,485,27
2,0,27,4000,0,197,9.6092,0,0,0.1713,5.8063,5.5981,0,4000,4000,1,0,27
2,0,27,4000,0,198,11.3574,0.0669,1.5452,0.0529,7.3716,5.5201,1,4000,4000,1,4,27
2,0,27,4000,0,199,10.6699,0.0525,1.5457,0.0563,7.2403,5.4156,1,4000,4000,1,5,27
2,0,27,4000,0,200,8.697,0,0,0.1318,5.3484,5.1873,0,4000,4000,1,0,27
2,0,27,4000,0,201,11.601,0.0521,1.3843,0.0562,7.4845,5.7828,1,4000,4000,1,7,27
2,0,27,4000,0,202,13.198,0.0653,1.9039,0.0542,7.7088,5.4983,1,4000,4000,1,244,27
2,0,27,4000,0,203,9.4498,0,0,0.1716,5.9798,5.7835,0,4000,4000,1,0,27
2,0,27,4000,0,204,11.9179,0.0446,1.4188,0.0583,8.2081,6.4962,1,4000,4000,1,244,27
2,0,27,4000,0,205,11.4055,0.0477,1.3551,0.0617,7.2648,5.6126,1,4000,4000,1,5,27
2,0,27,4000,0,206,9.3027,0,0,0.1466,5.7198,5.5496,0,4000,4000,1,0,27
2,0,27,4000,0,207,10.9402,0.0464,1.6288,0.065,7.5133,5.6171,1,4000,4000,1,2,27
2,0,27,4000,0,208,11.9178,0.0501,2.4506,0.0543,8.2419,5.4966,1,4000,4000,1,484,27
2,0,27,4000,0,209,9.4726,0,0,0.1299,5.9548,5.8007,0,4000,4000,1,0,27
2,0,27,4000,0,210,11.7379,0.2047,1.7306,0.0606,8.1726,6.0217,1,4000,4000,1,242,27
2,0,27,4000,0,211,11.7724,0.0494,1.5506,0.0544,7.5555,5.7042,1,4000,4000,1,2,27
2,0,27,4000,0,212,9.1109,0,0,0.1912,5.522,5.3067,0,4000,4000,1,0,27
2,0,27,4000,0,213,11.5975,0.0493,2.5952,0.0542,8.2771,5.3992,1,4000,4000,1,482,27
2,0,27,4000,0,214,9.26,0,0,0.1399,5.6891,5.5291,0,4000,4000,1,0,27
2,0,27,4000,0,215,11.7958,0.0601,2.1151,0.0612,8.2257,5.8058,1,4000,4000,1,247,27
2,0,27,4000,0,216,11.1918,0.0564,1.6859,0.0576,7.6201,5.6589,1,4000,4000,1,0,27
2,0,27,4000,0,217,9.9839,0,0,0.1657,5.7683,5.5798,0,4000,4000,1,0,27
2,0,27,4000,0,218,11.2114,0.0917,1.728,0.0587,7.7287,5.649,1,4000,4000,1,12,27
2,0,27,4000,0,219,11.9173,0.0526,2.555,0.0584,8.6018,5.7844,1,4000,4000,1,488,27
2,0,27,4000,0,220,9.4164,0,0,0.1295,6.0749,5.9245,0,4000,4000,1,0,27
2,0,27,4000,0,221,12.5346,0.0548,3.6217,0.0595,9.485,5.569,1,4000,4000,1,224,27
2,0,27,4000,0,222,11.9087,0.055,2.5599,0.0582,8.4965,5.6291,1,4000,4000,1,223,27
2,0,27,4000,0,223,10.0302,0,0,0.3763,6.459,6.052,0,4000,4000,1,0,27
2,0,27,4000,0,224,12.8667,0.0587,3.3012,0.0579,9.2442,5.649,1,4000,4000,1,540,27
2,0,27,4000,0,225,13.0941,0.0644,3.7433,0.0549,9.495,5.4627,1,4000,4000,1,387,27
2,0,27,4000,0,226,13.0351,0.0546,3.159,0.0555,8.9814,5.5381,1,4000,4000,1,161,27
2,0,27,4000,0,227,9.4212,0,0,0.1362,6.0931,5.9335,0,4000,4000,1,0,27
2,0,27,4000,0,228,13.9569,0.0622,3.3436,0.0619,9.3218,5.6768,1,4000,4000,1,148,27
2,0,27,4000,0,229,14.2014,0.0516,5.0275,0.0543,10.6377,5.3383,1,4000,4000,1,1026,27
2,0,27,4000,0,230,15.0182,0.0579,4.5633,0.0548,10.3569,5.5297,1,4000,4000,1,518,27
2,0,27,4000,0,231,9.6765,0,0,0.2281,6.3421,6.0864,0,4000,4000,1,0,27
2,0,27,4000,0,232,12.7785,0.3841,3.6585,0.0504,9.4431,5.1824,1,4000,4000,1,238,27
2,0,27,4000,0,233,14.0215,0.0471,5.0333,0.0564,10.4691,5.1626,1,4000,4000,1,985,27
2,0,27,4000,0,234,14.1089,0.0505,4.8461,0.0538,10.6803,5.5719,1,4000,4000,1,453,27
2,0,27,4000,0,235,14.5858,0.4186,3.5294,0.056,9.7392,5.5358,1,4000,4000,1,313,27
2,0,27,4000,0,236,8.9027,0,0,0.1547,5.4374,5.263,0,4000,4000,1,0,27
2,0,27,4000,0,237,14.4832,0.0521,5.6944,0.0557,11.3714,5.412,1,4000,4000,1,1086,27
2,0,27,4000,0,238,15.0358,0.0443,5.3401,0.0598,11.1412,5.4564,1,4000,4000,1,545,27
2,0,27,4000,0,239,13.7333,0.0483,4.9639,0.0513,10.5819,5.3808,1,4000,4000,1,460,27
2,0,27,4000,0,240,16.5376,0.0468,6.8613,0.0545,13.164,5.9823,1,4000,4000,1,1376,27
2,0,27,4000,0,241,15.7858,0.0548,6.4287,0.0519,11.9406,5.257,1,4000,4000,1,643,27
2,0,27,4000,0,242,9.5195,0,0,0.2771,5.8006,5.4926,0,4000,4000,1,0,27
2,0,27,4000,0,243,13.6156,0.0529,4.4627,0.0569,10.5155,5.8037,1,4000,4000,1,475,27
2,0,27,4000,0,244,13.7829,0.0515,4.2571,0.059,10.3823,5.8569,1,4000,4000,1,564,27
2,0,27,4000,0,245,15.5551,0.0843,6.1775,0.1306,11.867,5.3291,1,4000,4000,1,1369,27
2,0,27,4000,0,246,14.4168,0.0476,5.146,0.0587,10.9294,5.5045,1,4000,4000,1,519,27
2,0,27,4000,0,247,9.9544,0,0,0.2157,6.3225,6.0701,0,4000,4000,1,0,27
2,0,27,4000,0,248,15.343,0.0613,6.191,0.058,11.9926,5.5356,1,4000,4000,1,446,27
2,0,27,4000,0,249,16.4358,0.0394,6.932,0.056,12.9631,5.7837,1,4000,4000,1,1707,27
2,0,27,4000,0,250,16.2564,0.0718,6.4707,0.0595,12.3493,5.5545,1,4000,4000,1,564,27
2,0,27,4000,0,251,14.2575,0.0508,4.9769,0.0544,10.5954,5.3543,1,4000,4000,1,467,27
2,0,27,4000,0,252,15.9129,0.0524,6.824,0.0523,12.3826,5.3307,1,4000,4000,1,1516,27
2,0,27,4000,0,253,14.8955,0.0385,5.9706,0.0526,11.5379,5.2945,1,4000,4000,1,613,27
2,0,27,4000,0,254,15.3625,0.5048,5.7578,0.0522,11.8077,5.3358,1,4000,4000,1,531,27
2,0,27,4000,0,255,16.0403,0.0807,6.5813,0.1629,12.3639,5.3767,1,4000,4000,1,1046,27
2,0,27,4000,0,256,15.0579,0.0486,5.6493,0.0524,11.2932,5.3713,1,4000,4000,1,496,27
2,0,27,4000,0,257,9.1029,0,0,0.1542,5.8193,5.6401,0,4000,4000,1,0,27
2,0,27,4000,0,258,14.217,0.0628,5.5366,0.0592,11.197,5.4181,1,4000,4000,1,384,27
2,0,27,4000,0,259,14.0253,0.0485,4.5333,0.0581,10.3144,5.5171,1,4000,4000,1,362,27
2,0,27,4000,0,260,13.6637,0.0411,4.5562,0.049,10.2957,5.5019,1,4000,4000,1,305,27
2,0,27,4000,0,261,14.0108,0.0526,4.7283,0.0539,10.6034,5.601,1,4000,4000,1,262,27
2,0,27,4000,0,262,9.1515,0,0,0.1543,5.8712,5.6974,0,4000,4000,1,0,27
2,0,27,4000,0,263,14.5136,0.063,5.2082,0.0539,11.36,5.8784,1,4000,4000,1,246,27
2,0,27,4000,0,264,14.5926,0.0487,4.4728,0.0558,11.3183,6.5694,1,4000,4000,1,213,27
2,0,27,4000,0,265,12.4917,0.0554,3.3802,0.0563,9.1011,5.4527,1,4000,4000,1,178,27
2,0,27,4000,0,266,9.3288,0,0,0.2127,6.0391,5.8041,0,4000,4000,1,0,27
2,0,27,4000,0,267,14.4584,0.4179,4.0796,0.0909,10.8964,6.1076,1,4000,4000,1,163,27
2,0,27,4000,0,268,13.128,0.0427,3.6814,0.0557,9.8155,5.8906,1,4000,4000,1,179,27
2,0,27,4000,0,269,12.5095,0.0454,3.3418,0.0564,8.9776,5.3739,1,4000,4000,1,156,27
2,0,27,4000,0,270,9.7516,0,0,0.1649,5.9569,5.7695,0,4000,4000,1,0,27
2,0,27,4000,0,271,14.7452,0.4479,4.3568,0.0596,11.3517,6.2828,1,4000,4000,1,190,27
2,0,27,4000,0,272,13.4371,0.0637,3.1343,0.0523,8.9682,5.4684,1,4000,4000,1,140,27
2,0,27,4000,0,273,13.4428,0.0746,3.6283,0.0543,9.8022,5.883,1,4000,4000,1,162,27
2,0,27,4000,0,274,10.0076,0,0,0.3984,6.1282,5.7052,0,4000,4000,1,0,27
2,0,27,4000,0,275,12.9063,0.06,3.6602,0.0539,9.666,5.7269,1,4000,4000,1,126,27
2,0,27,4000,0,276,13.0563,0.0652,3.3538,0.0549,9.0996,5.4528,1,4000,4000,1,133,27
2,0,27,4000,0,277,13.1964,0.0535,3.1407,0.0625,9.4217,5.969,1,4000,4000,1,132,27
2,0,27,4000,0,278,10.1955,0,0,0.228,6.1776,5.928,0,4000,4000,1,0,27
2,0,27,4000,0,279,12.4258,0.069,3.0137,0.055,9.119,5.8103,1,4000,4000,1,145,27
2,0,27,4000,0,280,13.0278,0.0676,2.9847,0.0571,9.1655,5.8956,1,4000,4000,1,120,27
2,0,27,4000,0,281,14.2135,0.0823,4.4904,0.0549,10.8428,6.0331,1,4000,4000,1,124,27
2,0,27,4000,0,282,10.1012,0,0,0.2146,6.8006,6.5558,0,4000,4000,1,0,27
2,0,27,4000,0,283,15.971,0.3571,4.0092,0.0692,12.228,7.4185,1,4000,4000,1,131,27
2,0,27,4000,0,284,12.6384,0.0746,3.0277,0.0555,9.0791,5.729,1,4000,4000,1,131,27
2,0,27,4000,0,285,12.608,0.0642,3.245,0.0514,9.1591,5.6321,1,4000,4000,1,111,27
2,0,27,4000,0,286,9.7698,0,0,0.1658,6.1189,5.9328,0,4000,4000,1,0,27
2,0,27,4000,0,287,12.4078,0.3156,2.7458,0.0611,9.2635,5.9654,1,4000,4000,1,129,27
2,0,27,4000,0,288,12.9655,0.0661,3.6021,0.0549,9.7288,5.8409,1,4000,4000,1,127,27
2,0,27,4000,0,289,12.2805,0.0507,2.8944,0.0579,9.0062,5.8337,1,4000,4000,1,132,27
2,0,27,4000,0,290,9.8839,0,0,0.1648,6.5735,6.3768,0,4000,4000,1,0,27
2,0,27,4000,0,291,12.6482,0.0703,3.066,0.0551,9.2144,5.8439,1,4000,4000,1,96,27
2,0,27,4000,0,292,13.4859,0.0586,2.8209,0.0556,9.1933,6.0721,1,4000,4000,1,104,27
2,0,27,4000,0,293,9.7324,0,0,0.161,6.1179,5.9345,0,4000,4000,1,0,27
2,0,27,4000,0,294,12.0247,0.064,2.7587,0.0555,8.8389,5.7849,1,4000,4000,1,99,27
2,0,27,4000,0,295,11.8876,0.0466,2.7798,0.0504,8.4228,5.3876,1,4000,4000,1,117,27
2,0,27,4000,0,296,8.5659,0,0,0.1473,5.5691,5.4016,0,4000,4000,1,0,27
2,0,27,4000,0,297,12.5294,0.0571,2.6141,0.0543,8.787,5.8931,1,4000,4000,1,88,27
2,0,27,4000,0,298,13.1634,0.0945,3.3361,0.0718,9.4,5.6571,1,4000,4000,1,95,27
2,0,27,4000,0,299,12.4086,0.0416,2.6809,0.0544,8.8208,5.7882,1,4000,4000,1,98,27
2,0,27,4000,0,300,10.7961,0,0,0.1964,7.1191,6.8885,0,4000,4000,1,0,27
2,0,27,4000,0,301,12.3642,0.0653,2.4916,0.0657,8.7048,5.9137,1,4000,4000,1,79,27
2,0,27,4000,0,302,12.8446,0.0491,2.8356,0.0579,8.9067,5.7959,1,4000,4000,1,96,27
2,0,27,4000,0,303,9.5322,0,0,0.1448,6.1811,6.0142,0,4000,4000,1,0,27
2,0,27,4000,0,304,11.691,0.0543,2.495,0.0575,8.5336,5.7503,1,4000,4000,1,90,27
2,0,27,4000,0,305,11.4026,0.0416,2.3883,0.0545,8.212,5.5203,1,4000,4000,1,104,27
2,0,27,4000,0,306,9.3805,0,0,0.1737,6.1588,5.9546,0,4000,4000,1,0,27
2,0,27,4000,0,307,12.6371,0.076,2.8198,0.059,9.2162,6.0747,1,4000,4000,1,72,27
2,0,27,4000,0,308,11.7269,0.0574,2.4532,0.0565,8.4948,5.7291,1,4000,4000,1,72,27
2,0,27,4000,0,309,9.513,0,0,0.1508,6.0331,5.8588,0,4000,4000,1,0,27
2,0,27,4000,0,310,13.2786,0.0554,2.6862,0.0591,9.6861,6.6788,1,4000,4000,1,69,27
2,0,27,4000,0,311,12.5455,0.0494,2.452,0.0538,8.5244,5.8054,1,4000,4000,1,88,27
2,0,27,4000,0,312,11.3821,0.0358,2.4144,0.0566,8.2954,5.6114,1,4000,4000,1,79,27
2,0,27,4000,0,313,9.5282,0,0,0.1492,6.0588,5.8876,0,4000,4000,1,0,27
2,0,27,4000,0,314,12.0308,0.0569,2.5191,0.0616,8.5467,5.7296,1,4000,4000,1,78,27
2,0,27,4000,0,315,11.9657,0.0483,2.3579,0.058,8.6126,5.9674,1,4000,4000,1,66,27
2,0,27,4000,0,316,8.6804,0,0,0.1304,5.5678,5.4127,0,4000,4000,1,0,27
2,0,27,4000,0,317,11.3034,0.0489,2.3635,0.052,8.11,5.4724,1,4000,4000,1,93,27
2,0,27,4000,0,318,9.9369,0,0,0.1776,6.5659,6.3665,0,4000,4000,1,0,27
2,0,27,4000,0,319,12.0925,0.4406,2.3526,0.058,8.7441,5.6955,1,4000,4000,1,62,27
2,0,27,4000,0,320,11.6747,0.0537,2.5122,0.0546,8.2376,5.4505,1,4000,4000,1,54,27
2,0,27,4000,0,321,9.7753,0,0,0.1574,6.2035,6.0248,0,4000,4000,1,0,27
2,0,27,4000,0,322,11.434,0.062,2.2635,0.059,8.3967,5.7699,1,4000,4000,1,60,27
2,0,27,4000,0,323,12.3546,0.0567,2.3429,0.0587,8.452,5.7547,1,4000,4000,1,62,27
2,0,27,4000,0,324,9.3994,0,0,0.1683,6.2523,6.0613,0,4000,4000,1,0,27
2,0,27,4000,0,325,11.6514,0.0595,2.2289,0.0571,8.3403,5.8221,1,4000,4000,1,49,27
2,0,27,4000,0,326,11.7925,0.3285,2.1321,0.0584,8.5448,5.8466,1,4000,4000,1,53,27
2,0,27,4000,0,327,9.495,0,0,0.1588,5.8427,5.6597,0,4000,4000,1,0,27
2,0,27,4000,0,328,11.3822,0.0661,2.5142,0.0523,8.3222,5.4886,1,4000,4000,1,51,27
2,0,27,4000,0,329,11.3253,0.2947,1.9044,0.0538,8.1375,5.6973,1,4000,4000,1,44,27
2,0,27,4000,0,330,10.0858,0,0,0.1943,6.179,5.9628,0,4000,4000,1,0,27
2,0,27,4000,0,331,12.3603,0.0792,2.2224,0.0616,8.9398,6.4026,1,4000,4000,1,56,27
2,0,27,4000,0,332,14.0744,0.3454,1.7198,0.0557,8.2315,5.945,1,4000,4000,1,47,27
2,0,27,4000,0,333,11.3274,0.042,2.4557,0.0579,8.1729,5.4051,1,4000,4000,1,52,27
2,0,27,4000,0,334,8.9228,0,0,0.1855,5.7442,5.5365,0,4000,4000,1,0,27
2,0,27,4000,0,335,11.5494,0.0486,2.4109,0.0506,8.2083,5.5313,1,4000,4000,1,48,27
2,0,27,4000,0,336,11.4846,0.049,1.8476,0.053,7.9196,5.7879,1,4000,4000,1,33,27
2,0,27,4000,0,337,9.3283,0,0,0.1675,6.25,6.0608,0,4000,4000,1,0,27
2,0,27,4000,0,338,12.08,0.0499,2.3851,0.0601,8.623,5.9401,1,4000,4000,1,38,27
2,0,27,4000,0,339,8.8655,0,0,0.1648,5.8107,5.6245,0,4000,4000,1,0,27
2,0,27,4000,0,340,12.8269,0.0609,2.4135,0.0553,8.885,6.1571,1,4000,4000,1,44,27
2,0,27,4000,0,341,11.6715,0.0544,2.2077,0.0586,8.0274,5.531,1,4000,4000,1,44,27
2,0,27,4000,0,342,9.1339,0,0,0.1605,5.844,5.6551,0,4000,4000,1,0,27
2,0,27,4000,0,343,11.3873,0.0505,2.2792,0.0515,8.2783,5.6521,1,4000,4000,1,45,27
2,0,27,4000,0,344,11.775,0.0334,2.1641,0.058,8.3614,5.8768,1,4000,4000,1,36,27
2,0,27,4000,0,345,9.8539,0,0,0.1303,6.2342,6.0838,0,4000,4000,1,0,27
2,0,27,4000,0,346,11.4904,0.2646,1.7194,0.0616,8.2786,6.0542,1,4000,4000,1,35,27
2,0,27,4000,0,347,11.3569,0.0353,1.8756,0.0577,8.043,5.8799,1,4000,4000,1,40,27
2,0,27,4000,0,348,9.6832,0,0,0.1337,6.106,5.9505,0,4000,4000,1,0,27
2,0,27,4000,0,349,11.3647,0.2907,1.6146,0.0558,7.8716,5.7325,1,4000,4000,1,34,27
2,0,27,4000,0,350,15.1259,0.0793,2.6656,0.0612,9.7545,6.6646,1,4000,4000,1,38,27
2,0,27,4000,0,351,15.4823,0.0631,2.3315,0.086,10.0754,7.2518,1,4000,4000,1,27,27
2,0,27,4000,0,352,11.0779,0,0,0.325,7.2251,6.8696,0,4000,4000,1,0,27
2,0,27,4000,0,353,11.9828,0.0507,1.8665,0.0642,8.5245,6.2933,1,4000,4000,1,33,27
2,0,27,4000,0,354,12.4088,0.0484,2.158,0.0608,8.5617,6.0894,1,4000,4000,1,31,27
2,0,27,4000,0,355,11.6853,0.0681,2.2304,0.059,8.4107,5.8672,1,4000,4000,1,34,27
2,0,27,4000,0,356,8.9432,0,0,0.1303,5.5966,5.4429,0,4000,4000,1,0,27
2,0,27,4000,0,357,11.1865,0.0386,1.8451,0.0538,7.7437,5.6022,1,4000,4000,1,35,27
2,0,27,4000,0,358,11.2781,0.0461,1.8015,0.0579,8.0337,5.9151,1,4000,4000,1,30,27
2,0,27,4000,0,359,9.0197,0,0,0.14,5.571,5.4091,0,4000,4000,1,0,27
2,0,27,4000,0,360,11.4305,0.0429,1.6267,0.0538,7.925,6.0324,1,4000,4000,1,27,27
2,0,27,4000,0,361,9.5624,0,0,0.1915,6.1172,5.8848,0,4000,4000,1,0,27
2,0,27,4000,0,362,12.1132,0.2194,1.733,0.0571,7.9023,5.7055,1,4000,4000,1,30,27
2,0,27,4000,0,363,12.0037,0.0393,1.8767,0.0525,7.7536,5.6036,1,4000,4000,1,21,27
2,0,27,4000,0,364,8.5555,0,0,0.1226,5.5395,5.3971,0,4000,4000,1,0,27
2,0,27,4000,0,365,11.0646,0.0509,2.0894,0.1141,8.0607,5.6271,1,4000,4000,1,28,27
2,0,27,4000,0,366,11.8356,0.0426,2.2201,0.0562,8.217,5.7082,1,4000,4000,1,31,27
2,0,27,4000,0,367,9.3446,0,0,0.12,6.0009,5.8511,0,4000,4000,1,0,27
2,0,27,4000,0,368,11.6018,0.0368,2.5596,0.0579,8.5098,5.6677,1,4000,4000,1,26,27
2,0,27,4000,0,369,11.4748,0.043,1.8551,0.0567,7.811,5.6574,1,4000,4000,1,28,27
2,0,27,4000,0,370,12.3363,0,0,0.1691,8.7015,8.4977,0,4000,4000,1,0,27
2,0,27,4000,0,371,14.0274,0.0915,2.557,0.0604,9.2192,6.2753,1,4000,4000,1,34,27
2,0,27,4000,0,372,11.2239,0.0427,1.938,0.0565,7.9616,5.7308,1,4000,4000,1,39,27
2,0,27,4000,0,373,11.5886,0.0447,2.3391,0.0558,8.1754,5.5479,1,4000,4000,1,45,27
2,0,27,4000,0,374,13.3204,0,0,0.161,5.6092,5.4254,0,4000,4000,1,0,27
2,0,27,4000,0,375,10.9191,0.0434,2.0385,0.0505,7.7941,5.4793,1,4000,4000,1,63,27
2,0,27,4000,0,376,11.0419,0.0452,1.9348,0.057,7.7631,5.5441,1,4000,4000,1,82,27
2,0,27,4000,0,377,8.733,0,0,0.1198,5.5405,5.3934,0,4000,4000,1,0,27
2,0,27,4000,0,378,11.183,0.0465,2.2884,0.0539,8.2919,5.6525,1,4000,4000,1,85,27
2,0,27,4000,0,379,11.8293,0.2144,2.2358,0.0562,8.5757,5.8828,1,4000,4000,1,132,27
2,0,27,4000,0,380,8.6193,0,0,0.1188,5.6685,5.5311,0,4000,4000,1,0,27
2,0,27,4000,0,381,12.2349,0.0433,2.7776,0.058,9.0321,5.9279,1,4000,4000,1,123,27
2,0,27,4000,0,382,14.8053,0.0468,2.456,0.0539,10.9819,8.2352,1,4000,4000,1,133,27
2,0,27,4000,0,383,11.7173,0,0,0.2108,7.067,6.8309,0,4000,4000,1,0,27
2,0,27,4000,0,384,11.9513,0.0614,2.7128,0.059,8.764,5.7496,1,4000,4000,1,149,27
2,0,27,4000,0,385,12.983,0.0478,2.2778,0.0522,8.0408,5.4612,1,4000,4000,1,166,27
2,0,27,4000,0,386,12.5679,0.0369,3.4311,0.055,9.2841,5.5652,1,4000,4000,1,236,27
2,0,27,4000,0,387,9.3051,0,0,0.1292,6.0207,5.8706,0,4000,4000,1,0,27
2,0,27,4000,0,388,12.0267,0.2785,2.8442,0.0515,8.9964,5.5816,1,4000,4000,1,262,27
2,0,27,4000,0,389,13.9109,0.0442,3.6394,0.0908,10.1353,6.1134,1,4000,4000,1,311,27
2,0,27,4000,0,390,8.8469,0,0,0.125,5.6823,5.5363,0,4000,4000,1,0,27
2,0,27,4000,0,391,12.3523,0.0505,3.407,0.0529,9.2017,5.5176,1,4000,4000,1,327,27
2,0,27,4000,0,392,12.7106,0.0412,3.583,0.0493,9.35,5.4981,1,4000,4000,1,315,27
2,0,27,4000,0,393,9.7614,0,0,0.1527,5.7473,5.5711,0,4000,4000,1,0,27
2,0,27,4000,0,394,12.7674,0.0575,3.6342,0.058,9.7565,5.6656,1,4000,4000,1,230,27
2,0,27,4000,0,395,12.5156,0.0486,3.453,0.0538,9.3858,5.677,1,4000,4000,1,275,27
2,0,27,4000,0,396,13.1968,0.0483,3.3149,0.0518,9.6889,6.0814,1,4000,4000,1,241,27
2,0,27,4000,0,397,9.0279,0,0,0.1693,5.522,5.3332,0,4000,4000,1,0,27
2,0,27,4000,0,398,13.6626,0.0536,4.2202,0.0538,10.5355,6.0081,1,4000,4000,1,255,27
2,0,27,4000,0,399,12.699,0.0424,3.2739,0.0506,9.1685,5.6249,1,4000,4000,1,231,27
2,0,27,4000,0,400,9.5836,0,0,0.1287,5.6928,5.5427,0,4000,4000,1,0,27
2,0,27,4000,0,401,12.0488,0.0445,3.1873,0.0539,8.9659,5.5103,1,4000,4000,1,258,27
2,0,27,4000,0,402,12.594,0.048,2.9665,0.0525,8.9554,5.7029,1,4000,4000,1,245,27
2,0,27,4000,0,403,12.7499,0.0389,3.5478,0.051,9.3162,5.4843,1,4000,4000,1,302,27
2,0,27,4000,0,404,8.863,0,0,0.152,5.7762,5.6046,0,4000,4000,1,0,27
2,0,27,4000,0,405,12.9048,0.0418,3.6127,0.057,9.5258,5.6528,1,4000,4000,1,261,27
2,0,27,4000,0,406,13.4363,0.0419,3.5355,0.0546,9.3069,5.5054,1,4000,4000,1,312,27
2,0,27,4000,0,407,9.6234,0,0,0.1546,6.1989,6.0171,0,4000,4000,1,0,27
2,0,27,4000,0,408,12.2901,0.0496,3.3232,0.0542,9.3122,5.6553,1,4000,4000,1,273,27
2,0,27,4000,0,409,14.5121,0.0499,3.7109,0.0599,10.2886,6.1107,1,4000,4000,1,316,27
2,0,27,4000,0,410,12.963,0.0515,3.564,0.0558,9.4204,5.5537,1,4000,4000,1,286,27
2,0,27,4000,0,411,8.8675,0,0,0.1229,5.6226,5.4773,0,4000,4000,1,0,27
2,0,27,4000,0,412,12.7908,0.0493,3.5835,0.0539,9.4894,5.6036,1,4000,4000,1,295,27
2,0,27,4000,0,413,12.307,0.0412,3.225,0.0538,9.1325,5.6319,1,4000,4000,1,299,27
2,0,27,4000,0,414,9.0478,0,0,0.1293,5.5554,5.4049,0,4000,4000,1,0,27
2,0,27,4000,0,415,12.2428,0.2549,2.9193,0.0545,9.0966,5.6863,1,4000,4000,1,277,27
2,0,27,4000,0,416,12.6987,0.0425,3.1414,0.0514,9.4407,6.0156,1,4000,4000,1,309,27
2,0,27,4000,0,417,9.4934,0,0,0.1634,6.1492,5.954,0,4000,4000,1,0,27
2,0,27,4000,0,418,13.2749,0.3257,3.2354,0.051,9.6845,5.8678,1,4000,4000,1,326,27
2,0,27,4000,0,419,12.4666,0.0514,3.5196,0.0564,9.3777,5.5656,1,4000,4000,1,300,27
2,0,27,4000,0,420,11.9561,0.049,2.8959,0.0515,8.8424,5.6708,1,4000,4000,1,285,27
2,0,27,4000,0,421,8.9016,0,0,0.1202,5.697,5.5516,0,4000,4000,1,0,27
2,0,27,4000,0,422,13.0349,0.0679,3.9791,0.0581,9.7265,5.442,1,4000,4000,1,341,27
2,0,27,4000,0,423,12.1688,0.0327,3.2691,0.0713,9.1471,5.5569,1,4000,4000,1,275,27
2,0,27,4000,0,424,8.6054,0,0,0.1213,5.582,5.4393,0,4000,4000,1,0,27
2,0,27,4000,0,425,12.6175,0.0416,3.3925,0.0525,9.2878,5.6209,1,4000,4000,1,308,27
2,0,27,4000,0,426,12.7387,0.05,3.3766,0.0519,9.1266,5.4636,1,4000,4000,1,341,27
2,0,27,4000,0,427,9.0076,0,0,0.1192,5.765,5.6219,0,4000,4000,1,0,27
2,0,27,4000,0,428,12.3742,0.2261,2.9791,0.056,9.086,5.6239,1,4000,4000,1,292,27
2,0,27,4000,0,429,12.8508,0.0412,3.3194,0.049,9.3229,5.7229,1,4000,4000,1,283,27
2,0,27,4000,0,430,10.1408,0,0,0.1631,5.6127,5.4279,0,4000,4000,1,0,27
2,0,27,4000,0,431,12.1598,0.3,2.9407,0.0509,9.0434,5.5762,1,4000,4000,1,328,27
2,0,27,4000,0,432,12.6287,0.0484,3.1963,0.0516,9.1345,5.6639,1,4000,4000,1,263,27
2,0,27,4000,0,433,12.706,0.0493,3.4527,0.0545,9.3025,5.554,1,4000,4000,1,293,27
2,0,27,4000,0,434,9.2283,0,0,0.1407,5.7197,5.5576,0,4000,4000,1,0,27
2,0,27,4000,0,435,13.1739,0.3391,3.2594,0.0504,9.9225,6.0816,1,4000,4000,1,311,27
2,0,27,4000,0,436,13.6816,0.0432,3.4402,0.0523,9.5538,5.8312,1,4000,4000,1,337,27
2,0,27,4000,0,437,9.6312,0,0,0.3633,6.1631,5.7627,0,4000,4000,1,0,27
2,0,27,4000,0,438,12.5485,0.2272,3.4192,0.0508,9.3102,5.447,1,4000,4000,1,278,27
2,0,27,4000,0,439,12.5404,0.0486,3.0851,0.0603,9.0099,5.6052,1,4000,4000,1,296,27
2,0,27,4000,0,440,12.384,0.0613,3.242,0.0505,8.9776,5.4522,1,4000,4000,1,241,27
2,0,27,4000,0,441,9.1508,0,0,0.1572,5.8678,5.688,0,4000,4000,1,0,27
2,0,27,4000,0,442,11.9978,0.0496,3.2176,0.0523,8.8684,5.3893,1,4000,4000,1,248,27
2,0,27,4000,0,443,13.5277,0.0642,2.8877,0.0579,8.8289,5.62,1,4000,4000,1,248,27
2,0,27,4000,0,444,8.9408,0,0,0.143,5.6972,5.5347,0,4000,4000,1,0,27
2,0,27,4000,0,445,12.7277,0.062,3.1269,0.058,9.6074,6.1663,1,4000,4000,1,221,27
2,0,27,4000,0,446,12.1145,0.0502,3.0139,0.0545,8.9126,5.6119,1,4000,4000,1,231,27
2,0,27,4000,0,447,9.1445,0,0,0.1786,5.899,5.7,0,4000,4000,1,0,27
2,0,27,4000,0,448,12.3487,0.0596,3.2269,0.0572,9.1224,5.5645,1,4000,4000,1,227,27
2,0,27,4000,0,449,12.0101,0.0489,2.7846,0.056,8.5565,5.4902,1,4000,4000,1,255,27
2,0,27,4000,0,450,9.0158,0,0,0.1619,5.731,5.5487,0,4000,4000,1,0,27
2,0,27,4000,0,451,12.3237,0.067,3.3256,0.0551,9.1908,5.5438,1,4000,4000,1,260,27
2,0,27,4000,0,452,11.9014,0.0594,2.8199,0.0527,8.6227,5.5133,1,4000,4000,1,243,27
2,0,27,4000,0,453,10.689,0,0,0.2135,6.1094,5.8691,0,4000,4000,1,0,27
2,0,27,4000,0,454,11.8472,0.0935,2.7511,0.0525,8.8199,5.7453,1,4000,4000,1,235,27
2,0,27,4000,0,455,12.2836,0.0536,2.913,0.0545,9.0015,5.8076,1,4000,4000,1,238,27
2,0,27,4000,0,456,9.6582,0,0,0.1726,6.2109,6.0154,0,4000,4000,1,0,27
2,0,27,4000,0,457,13.5609,0.0677,3.1735,0.0555,10.3459,6.7849,1,4000,4000,1,223,27
2,0,27,4000,0,458,14.1452,0.0623,3.1041,0.0544,9.4527,5.9978,1,4000,4000,1,236,27
2,0,27,4000,0,459,11.965,0.0468,3.0182,0.0514,8.8664,5.5849,1,4000,4000,1,211,27
2,0,27,4000,0,460,9.0098,0,0,0.2105,5.8794,5.6489,0,4000,4000,1,0,27
2,0,27,4000,0,461,12.059,0.2474,2.6986,0.059,8.9605,5.7164,1,4000,4000,1,240,27
2,0,27,4000,0,462,13.0052,0.0554,4.2144,0.0533,9.837,5.3381,1,4000,4000,1,257,27
2,0,27,4000,0,463,8.4591,0,0,0.1276,5.4278,5.2827,0,4000,4000,1,0,27
2,0,27,4000,0,464,11.4237,0.0621,2.7661,0.0539,8.4799,5.4117,1,4000,4000,1,250,27
2,0,27,4000,0,465,12.1543,0.0762,3.2689,0.0538,9.0324,5.4753,1,4000,4000,1,244,27
2,0,27,4000,0,466,8.7112,0,0,0.1379,5.5577,5.399,0,4000,4000,1,0,27
2,0,27,4000,0,467,12.3769,0.0521,2.9752,0.0515,9.3031,5.9897,1,4000,4000,1,251,27
2,0,27,4000,0,468,12.0641,0.0484,3.2201,0.054,8.8814,5.3878,1,4000,4000,1,337,27
2,0,27,4000,0,469,8.7206,0,0,0.1467,5.6768,5.5094,0,4000,4000,1,0,27
2,0,27,4000,0,470,11.5634,0.0536,2.9338,0.0524,8.7622,5.5404,1,4000,4000,1,311,27
2,0,27,4000,0,471,12.2055,0.0464,3.2098,0.0567,9.0977,5.5388,1,4000,4000,1,246,27
2,0,27,4000,0,472,8.7918,0,0,0.1351,5.8271,5.667,0,4000,4000,1,0,27
2,0,27,4000,0,473,12.4,0.0845,3.0818,0.0579,8.9516,5.5514,1,4000,4000,1,268,27
2,0,27,4000,0,474,12.5126,0.0412,3.2809,0.0535,9.1108,5.4492,1,4000,4000,1,256,27
2,0,27,4000,0,475,9.2563,0,0,0.0974,6.11,5.9927,0,4000,4000,1,0,27
2,0,27,4000,0,476,12.2997,0.0576,3.1572,0.0568,9.3214,5.8733,1,4000,4000,1,238,27
2,0,27,4000,0,477,12.2439,0.0411,2.9654,0.0525,8.8626,5.6197,1,4000,4000,1,246,27
2,0,27,4000,0,478,8.8135,0,0,0.1148,5.627,5.4916,0,4000,4000,1,0,27
2,0,27,4000,0,479,12.2137,0.0538,3.273,0.0524,9.1346,5.5888,1,4000,4000,1,284,27
2,0,27,4000,0,480,11.7829,0.0433,2.6157,0.0524,8.3954,5.5112,1,4000,4000,1,251,27
2,0,27,4000,0,481,8.85,0,0,0.1548,5.7444,5.5686,0,4000,4000,1,0,27
2,0,27,4000,0,482,12.2164,0.0589,3.08,0.0563,9.1402,5.7681,1,4000,4000,1,258,27
2,0,27,4000,0,483,12.3708,0.0461,3.103,0.0545,9.2128,5.8321,1,4000,4000,1,243,27
2,0,27,4000,0,484,9.5397,0,0,0.1438,5.5599,5.3981,0,4000,4000,1,0,27
2,0,27,4000,0,485,12.6597,0.0582,3.4223,0.0556,9.3908,5.6632,1,4000,4000,1,255,27
2,0,27,4000,0,486,12.3191,0.0443,2.7856,0.0527,9.1551,6.0623,1,4000,4000,1,259,27
2,0,27,4000,0,487,9.6727,0,0,0.1932,5.7698,5.5428,0,4000,4000,1,0,27
2,0,27,4000,0,488,11.8489,0.0465,2.8238,0.052,8.7029,5.6,1,4000,4000,1,238,27
2,0,27,4000,0,489,12.5811,0.0482,3.2152,0.0545,9.2694,5.7501,1,4000,4000,1,223,27
2,0,27,4000,0,490,8.983,0,0,0.1296,5.7971,5.6478,0,4000,4000,1,0,27
2,0,27,4000,0,491,12.133,0.0682,3.1627,0.0579,9.0929,5.5803,1,4000,4000,1,262,27
2,0,27,4000,0,492,12.5087,0.0477,3.051,0.0505,8.7658,5.4326,1,4000,4000,1,243,27
2,0,27,4000,0,493,12.1324,0.0563,2.8962,0.0547,8.7158,5.5037,1,4000,4000,1,280,27
2,0,27,4000,0,494,9.6252,0,0,0.166,6.2367,6.0424,0,4000,4000,1,0,27
2,0,27,4000,0,495,12.2089,0.0607,2.9193,0.0532,8.7533,5.5499,1,4000,4000,1,310,27
2,0,27,4000,0,496,13.3531,0.0531,3.2104,0.055,10.1373,6.5534,1,4000,4000,1,321,27
2,0,27,4000,0,497,9.6819,0,0,0.2125,5.9631,5.7294,0,4000,4000,1,0,27
2,0,27,4000,0,498,13.1902,0.0804,3.4507,0.1717,9.8472,5.8977,1,4000,4000,1,278,27
2,0,27,4000,0,499,12.8137,0.0568,3.1906,0.0519,9.5357,6.0731,1,4000,4000,1,277,27
2,0,27,4000,0,500,8.8835,0,0,0.245,5.6723,5.4083,0,4000,4000,1,0,27
2,0,27,4000,0,501,12.5585,0.0629,3.6543,0.0519,9.3773,5.4448,1,4000,4000,1,270,27
2,0,27,4000,0,502,12.4106,0.0525,3.264,0.056,9.3216,5.7609,1,4000,4000,1,255,27
2,0,27,4000,0,503,11.735,0.0571,2.7665,0.0538,8.521,5.4787,1,4000,4000,1,234,27
2,0,27,4000,0,504,8.9298,0,0,0.1351,5.7716,5.6198,0,4000,4000,1,0,27
2,0,27,4000,0,505,12.5493,0.0454,3.3688,0.0557,9.2231,5.5916,1,4000,4000,1,259,27
2,0,27,4000,0,506,12.7609,0.051,3.2391,0.0525,9.4465,5.8792,1,4000,4000,1,288,27
2,0,27,4000,0,507,9.8837,0,0,0.175,6.0768,5.8745,0,4000,4000,1,0,27
2,0,27,4000,0,508,12.1044,0.2664,2.8199,0.0579,8.9083,5.5963,1,4000,4000,1,270,27
2,0,27,4000,0,509,12.3959,0.0407,3.3442,0.0552,9.0882,5.4806,1,4000,4000,1,328,27
2,0,27,4000,0,510,9.0792,0,0,0.1327,6.2019,6.0429,0,4000,4000,1,0,27
2,0,27,4000,0,511,12.6414,0.2988,3.1143,0.0534,9.2639,5.6315,1,4000,4000,1,281,27
2,0,27,4000,0,512,12.3344,0.0431,2.9568,0.0545,8.9643,5.7251,1,4000,4000,1,250,27
2,0,27,4000,0,513,10.319,0,0,0.1805,6.057,5.8498,0,4000,4000,1,0,27
2,0,27,4000,0,514,12.5179,0.0662,3.2513,0.0534,9.264,5.7314,1,4000,4000,1,331,27
2,0,27,4000,0,515,13.3396,0.0408,3.4116,0.0523,9.2677,5.5986,1,4000,4000,1,309,27
2,0,27,4000,0,516,14.3593,0.0489,4.0142,0.0584,10.7195,6.0967,1,4000,4000,1,319,27
2,0,27,4000,0,517,8.9945,0,0,0.1663,5.6982,5.5118,0,4000,4000,1,0,27
2,0,27,4000,0,518,12.5506,0.065,3.7312,0.0558,9.6828,5.6423,1,4000,4000,1,266,27
2,0,27,4000,0,519,12.0476,0.0488,3.0959,0.0505,8.851,5.4904,1,4000,4000,1,347,27
2,0,27,4000,0,520,9.2277,0,0,0.1834,5.8458,5.6382,0,4000,4000,1,0,27
2,0,27,4000,0,521,12.5776,0.2766,3.2875,0.0565,9.4752,5.6524,1,4000,4000,1,367,27
2,0,27,4000,0,522,12.2264,0.0477,2.8708,0.0524,8.8752,5.7279,1,4000,4000,1,327,27
2,0,27,4000,0,523,9.9773,0,0,0.3971,6.2115,5.7776,0,4000,4000,1,0,27
2,0,27,4000,0,524,12.8956,0.0571,3.4491,0.0647,9.7592,5.9599,1,4000,4000,1,289,27
2,0,27,4000,0,525,12.4034,0.0539,3.2874,0.0562,8.9893,5.4252,1,4000,4000,1,249,27
2,0,27,4000,0,526,12.7872,0.0389,3.1039,0.0587,9.1696,5.7911,1,4000,4000,1,272,27
2,0,27,4000,0,527,8.779,0,0,0.1313,5.6835,5.5331,0,4000,4000,1,0,27
2,0,27,4000,0,528,12.1295,0.3245,2.7942,0.0576,8.9478,5.5949,1,4000,4000,1,254,27
2,0,27,4000,0,529,12.4899,0.0421,3.2039,0.0588,9.029,5.5185,1,4000,4000,1,265,27
2,0,27,4000,0,530,9.1329,0,0,0.1436,5.9787,5.8153,0,4000,4000,1,0,27
2,0,27,4000,0,531,11.9315,0.2728,3.0967,0.058,8.992,5.3553,1,4000,4000,1,226,27
2,0,27,4000,0,532,12.2324,0.0643,2.8204,0.0558,8.6207,5.503,1,4000,4000,1,196,27
2,0,27,4000,0,533,8.8091,0,0,0.1218,5.6001,5.4589,0,4000,4000,1,0,27
2,0,27,4000,0,534,12.3306,0.0555,3.111,0.0499,9.2348,5.8247,1,4000,4000,1,205,27
2,0,27,4000,0,535,13.2545,0.0516,3.3463,0.0545,9.4502,5.7976,1,4000,4000,1,237,27
2,0,27,4000,0,536,9.554,0,0,0.1748,5.7475,5.5509,0,4000,4000,1,0,27
2,0,27,4000,0,537,12.0866,0.056,2.5922,0.0525,8.6269,5.7337,1,4000,4000,1,224,27
2,0,27,4000,0,538,11.7892,0.2989,2.5786,0.0514,8.7964,5.6549,1,4000,4000,1,221,27
2,0,27,4000,0,539,8.7956,0,0,0.1244,5.5747,5.4314,0,4000,4000,1,0,27
2,0,27,4000,0,540,12.3522,0.0709,3.1008,0.0557,9.4086,6.0119,1,4000,4000,1,218,27
2,0,27,4000,0,541,11.8171,0.2842,2.4922,0.0515,8.6562,5.6548,1,4000,4000,1,241,27
2,0,27,4000,0,542,11.444,0,0,0.202,6.2446,6.0151,0,4000,4000,1,0,27
2,0,27,4000,0,543,12.9658,0.0547,3.482,0.058,9.7509,5.9665,1,4000,4000,1,189,27
2,0,27,4000,0,544,14.0072,0.054,3.0932,0.068,9.934,6.4818,1,4000,4000,1,202,27
2,0,27,4000,0,545,12.8911,0.0491,2.8483,0.0523,8.9771,5.8511,1,4000,4000,1,209,27
2,0,27,4000,0,546,9.1802,0,0,0.1395,5.7474,5.5857,0,4000,4000,1,0,27
2,0,27,4000,0,547,11.6812,0.3635,2.4363,0.0551,8.6585,5.618,1,4000,4000,1,197,27
2,0,27,4000,0,548,13.5245,0.0438,2.9273,0.056,8.9053,5.5694,1,4000,4000,1,180,27
2,0,27,4000,0,549,12.4293,0.0458,3.1971,0.0513,9.0498,5.5656,1,4000,4000,1,218,27
2,0,27,4000,0,550,8.6565,0,0,0.1122,5.6843,5.5494,0,4000,4000,1,0,27
3,1,27,4000,0,151,9.3218,0.0453,0.2712,0.1452,5.6975,5.5404,0,4000,4000,1,0,27
3,1,27,4000,0,152,10.3749,0.1226,0.2299,0.0591,6.9455,6.3835,1,4000,4000,1,3,27
3,1,27,4000,0,153,10.2617,0.1599,0.2308,0.0578,6.7451,6.1377,1,4000,4000,1,11,27
3,1,27,4000,0,154,8.8244,0.1599,0.2308,0.1283,5.527,5.3885,0,4000,4000,1,0,27
3,1,27,4000,0,155,10.6596,0.1548,0.2365,0.0555,6.9169,6.3242,1,4000,4000,1,11,27
3,1,27,4000,0,156,8.8241,0.0487,0.0882,0.1192,5.5204,5.3911,0,4000,4000,1,0,27
3,1,27,4000,0,157,10.3043,0.0516,0.2873,0.0591,6.5935,6.011,1,4000,4000,1,16,27
3,1,27,4000,0,158,10.3597,0.0619,0.2087,0.2061,5.9064,5.6867,0,4000,4000,1,0,27
3,1,27,4000,0,159,10.1968,0.1986,0.2425,0.0489,6.822,6.2027,1,4000,4000,1,10,27
3,1,27,4000,0,160,10.0654,0.1752,0.2178,0.0518,6.728,6.1409,1,4000,4000,1,10,27
3,1,27,4000,0,161,9.3276,0.0455,0.0511,0.1578,5.8141,5.6435,0,4000,4000,1,0,27
3,1,27,4000,0,162,10.145,0.1589,0.2123,0.0587,6.8198,6.2217,1,4000,4000,1,12,27
3,1,27,4000,0,163,10.5945,0.1128,0.1562,0.1599,5.5562,5.3849,0,4000,4000,1,0,27
3,1,27,4000,0,164,10.4209,0.0594,0.2427,0.0587,7.0652,6.5477,1,4000,4000,1,19,27
3,1,27,4000,0,165,10.0023,0.0492,0.2226,0.0543,6.3642,5.9026,1,4000,4000,1,11,27
3,1,27,4000,0,166,10.0004,0.0583,0.1139,0.2235,5.8151,5.5777,0,4000,4000,1,0,27
3,1,27,4000,0,167,10.8603,0.0606,0.266,0.0552,6.8491,6.3137,1,4000,4000,1,14,27
3,1,27,4000,0,168,10.2145,0.0418,0.2329,0.1001,6.5314,6.0291,1,4000,4000,1,13,27
3,1,27,4000,0,169,8.9842,0.0418,0.2329,0.1372,5.4518,5.3041,0,4000,4000,1,0,27
3,1,27,4000,0,170,9.3759,0.046,0.2336,0.0741,6.1761,5.4755,1,4000,4000,1,8,27
3,1,27,4000,0,171,8.5671,0.0332,0.0562,0.1686,5.3863,5.2057,0,4000,4000,1,0,27
3,1,27,4000,0,172,9.9021,0.2327,0.2363,0.0534,6.8111,6.1485,1,4000,4000,1,13,27
3,1,27,4000,0,173,8.3488,0.062,0.1086,0.1175,5.098,4.9704,0,4000,4000,1,0,27
3,1,27,4000,0,174,9.3918,0.0546,0.2707,0.058,6.1331,5.5736,1,4000,4000,1,6,27
3,1,27,4000,0,175,8.9355,0.0458,0.0542,0.1571,5.5996,5.4311,0,4000,4000,1,0,27
3,1,27,4000,0,176,10.2863,0.055,0.2144,0.0561,6.4315,5.9681,1,4000,4000,1,10,27
3,1,27,4000,0,177,9.8255,0.0508,0.2823,0.0504,6.3984,5.8748,1,4000,4000,1,10,27
3,1,27,4000,0,178,8.4902,0.0508,0.2823,0.1793,5.3421,5.1505,0,4000,4000,1,0,27
3,1,27,4000,0,179,9.865,0.1693,0.2312,0.0513,6.5492,5.9594,1,4000,4000,1,10,27
3,1,27,4000,0,180,8.8659,0.0625,0.0989,0.1609,5.3502,5.1755,0,4000,4000,1,0,27
3,1,27,4000,0,181,10.1382,0.0548,0.2549,0.0624,6.4574,5.9157,1,4000,4000,1,4,27
3,1,27,4000,0,182,9.838,0.0494,0.216,0.2402,5.4812,5.2287,0,4000,4000,1,0,27
3,1,27,4000,0,183,10.3029,0.1965,0.2692,0.0579,6.8561,6.1967,1,4000,4000,1,10,27
3,1,27,4000,0,184,9.769,0.0369,0.23,0.0519,6.2835,5.7865,1,4000,4000,1,7,27
3,1,27,4000,0,185,8.936,0.0559,0.218,0.1444,5.2505,5.0941,0,4000,4000,1,0,27
3,1,27,4000,0,186,10.0266,0.1977,0.2286,0.0598,6.6678,6.0376,1,4000,4000,1,2,27
3,1,27,4000,0,187,10.2373,0.0466,0.1198,0.1498,6.1374,5.9773,0,4000,4000,1,0,27
3,1,27,4000,0,188,9.0179,0.0452,0.3033,0.0627,6.1588,5.554,1,4000,4000,1,9,27
3,1,27,4000,0,189,9.6025,0.044,0.2491,0.0544,6.1673,5.6706,1,4000,4000,1,8,27
3,1,27,4000,0,190,8.5121,0.044,0.2491,0.1528,5.4233,5.2585,0,4000,4000,1,0,27
3,1,27,4000,0,191,10.3762,0.043,0.2677,0.0573,6.5692,6.0444,1,4000,4000,1,5,27
3,1,27,4000,0,192,9.6484,0.0547,0.1273,0.1866,5.86,5.6595,0,4000,4000,1,0,27
3,1,27,4000,0,193,10.3205,0.1595,0.2247,0.0545,6.821,6.2385,1,4000,4000,1,6,27
3,1,27,4000,0,194,8.6748,0.0507,0.0874,0.1546,5.3202,5.1555,0,4000,4000,1,0,27
3,1,27,4000,0,195,9.3862,0.0748,0.3192,0.0536,6.3162,5.6819,1,4000,4000,1,9,27
3,1,27,4000,0,196,9.0819,0.0522,0.2446,0.1703,5.2821,5.0999,0,4000,4000,1,0,27
3,1,27,4000,0,197,9.6349,0.0553,0.2554,0.074,6.5546,6.013,1,4000,4000,1,1,27
3,1,27,4000,0,198,10.3842,0.0607,0.3019,0.0568,6.4235,5.7666,1,4000,4000,1,7,27
3,1,27,4000,0,199,9.732,0.075,0.3581,0.1455,5.5086,5.3512,0,4000,4000,1,0,27
3,1,27,4000,0,200,11.1061,0.1259,0.4141,0.0607,7.8832,7.125,1,4000,4000,1,246,27
3,1,27,4000,0,201,9.7023,0.0489,0.2267,0.0588,5.975,5.5379,1,4000,4000,1,3,27
3,1,27,4000,0,202,9.1652,0.0489,0.2267,0.1662,5.9257,5.7473,0,4000,4000,1,0,27
3,1,27,4000,0,203,11.0757,0.058,0.2931,0.0532,6.4434,5.8936,1,4000,4000,1,4,27
3,1,27,4000,0,204,9.1591,0.0553,0.3419,0.1372,5.5387,5.3904,0,4000,4000,1,0,27
3,1,27,4000,0,205,10.3355,0.0516,0.6477,0.0522,6.9919,6.0925,1,4000,4000,1,485,27
3,1,27,4000,0,206,8.8356,0.0497,0.0661,0.1294,5.3642,5.2235,0,4000,4000,1,0,27
3,1,27,4000,0,207,10.5755,0.0525,0.3307,0.0629,6.8017,6.1853,1,4000,4000,1,5,27
3,1,27,4000,0,208,9.9317,0.0462,0.3001,0.0609,6.4282,5.8889,1,4000,4000,1,12,27
3,1,27,4000,0,209,9.3583,0.0447,0.0873,0.1218,5.5864,5.4541,0,4000,4000,1,0,27
3,1,27,4000,0,210,9.8085,0.0537,0.3577,0.0683,6.7453,6.1249,1,4000,4000,1,6,27
3,1,27,4000,0,211,9.4714,0.0485,0.164,0.1747,5.884,5.6982,0,4000,4000,1,0,27
3,1,27,4000,0,212,9.973,0.0523,0.4538,0.0593,6.6866,5.9808,1,4000,4000,1,245,27
3,1,27,4000,0,213,10.4376,0.0477,0.3711,0.0627,6.5796,5.9536,1,4000,4000,1,247,27
3,1,27,4000,0,214,9.3431,0.0477,0.3711,0.1471,5.8426,5.6829,0,4000,4000,1,0,27
3,1,27,4000,0,215,10.5657,0.0372,0.311,0.0679,6.8903,6.3102,1,4000,4000,1,2,27
3,1,27,4000,0,216,10.1151,0.0823,0.0801,0.1582,6.0328,5.8615,0,4000,4000,1,0,27
3,1,27,4000,0,217,10.6523,0.0663,0.7414,0.062,7.3087,6.3092,1,4000,4000,1,484,27
3,1,27,4000,0,218,10.011,0.0349,0.2855,0.0616,6.5579,6.0368,1,4000,4000,1,10,27
3,1,27,4000,0,219,9.9298,0.0519,0.0531,0.13,6.2401,6.0981,0,4000,4000,1,0,27
3,1,27,4000,0,220,11.2131,0.2134,0.611,0.0628,7.9229,6.7486,1,4000,4000,1,5,27
3,1,27,4000,0,221,9.3889,0.0509,0.0491,0.2154,5.9663,5.7366,0,4000,4000,1,0,27
3,1,27,4000,0,222,9.3809,0.0659,0.2738,0.0516,6.2039,5.6891,1,4000,4000,1,4,27
3,1,27,4000,0,223,9.6798,0.0491,0.2494,0.0564,6.2128,5.7339,1,4000,4000,1,7,27
3,1,27,4000,0,224,9.6452,0.0419,0.2776,0.1729,5.7596,5.5601,0,4000,4000,1,0,27
3,1,27,4000,0,225,10.6683,0.0644,0.4993,0.0628,7.2992,6.5107,1,4000,4000,1,245,27
3,1,27,4000,0,226,9.1783,0.0467,0.0599,0.1787,5.7993,5.6075,0,4000,4000,1,0,27
3,1,27,4000,0,227,10.8992,0.0955,0.3652,0.0591,7.3962,6.7438,1,4000,4000,1,248,27
3,1,27,4000,0,228,10.0105,0.0418,0.2848,0.0591,6.6766,6.156,1,4000,4000,1,6,27
3,1,27,4000,0,229,9.419,0.0389,0.0621,0.158,5.8369,5.6682,0,4000,4000,1,0,27
3,1,27,4000,0,230,11.7077,0.2214,0.8022,0.0587,8.4738,7.2514,1,4000,4000,1,689,27
3,1,27,4000,0,231,9.0942,0.0545,0.0802,0.1562,5.7406,5.5742,0,4000,4000,1,0,27
3,1,27,4000,0,232,10.3736,0.0502,0.5127,0.0592,7.2493,6.4858,1,4000,4000,1,255,27
3,1,27,4000,0,233,10.6855,0.0623,0.4683,0.058,6.975,6.2534,1,4000,4000,1,227,27
3,1,27,4000,0,234,9.9642,0.0494,0.1749,0.1159,5.552,5.4246,0,4000,4000,1,0,27
3,1,27,4000,0,235,10.8399,0.0439,1.0501,0.0604,7.7475,6.4433,1,4000,4000,1,732,27
3,1,27,4000,0,236,12.3703,0.052,0.6771,0.0628,7.734,6.765,1,4000,4000,1,315,27
3,1,27,4000,0,237,9.3299,0.0429,0.1607,0.1208,5.832,5.7008,0,4000,4000,1,0,27
3,1,27,4000,0,238,10.354,0.0614,0.574,0.0579,7.1913,6.3597,1,4000,4000,1,222,27
3,1,27,4000,0,239,9.4801,0.0424,0.1318,0.1227,5.8502,5.7164,0,4000,4000,1,0,27
3,1,27,4000,0,240,10.7937,0.0656,0.8508,0.0591,7.5497,6.4462,1,4000,4000,1,603,27
3,1,27,4000,0,241,10.918,0.0428,0.7485,0.066,7.474,6.4812,1,4000,4000,1,434,27
3,1,27,4000,0,242,9.798,0.088,0.0067,0.1337,5.9997,5.8538,0,4000,4000,1,0,27
3,1,27,4000,0,243,10.5641,0.0644,0.5916,0.0591,7.2889,6.4396,1,4000,4000,1,205,27
3,1,27,4000,0,244,10.3422,0.0478,0.5367,0.0544,6.8024,6.0411,1,4000,4000,1,234,27
3,1,27,4000,0,245,8.2738,0.0478,0.5367,0.1644,5.3049,5.1289,0,4000,4000,1,0,27
3,1,27,4000,0,246,10.7987,0.036,1.0898,0.0564,7.6801,6.363,1,4000,4000,1,836,27
3,1,27,4000,0,247,9.4545,0.0446,0.102,0.1762,6.0171,5.8294,0,4000,4000,1,0,27
3,1,27,4000,0,248,11.4226,0.0466,0.789,0.0519,7.8447,6.8141,1,4000,4000,1,447,27
3,1,27,4000,0,249,12.2433,0.4289,0.65,0.05,8.6817,7.4228,1,4000,4000,1,327,27
3,1,27,4000,0,250,9.5611,0.0955,0.0035,0.1147,5.9319,5.8061,0,4000,4000,1,0,27
3,1,27,4000,0,251,13.8891,0.0696,1.2098,0.0539,10.634,9.1749,1,4000,4000,1,1058,27
3,1,27,4000,0,252,12.5052,0.4158,1.0187,0.0614,9.2406,7.6066,1,4000,4000,1,625,27
3,1,27,4000,0,253,9.7615,0.0749,0.3099,0.1764,6.1714,5.9823,0,4000,4000,1,0,27
3,1,27,4000,0,254,11.0784,0.0484,0.7802,0.0571,7.8032,6.7831,1,4000,4000,1,455,27
3,1,27,4000,0,255,11.1672,0.0408,0.7763,0.0643,7.7404,6.6981,1,4000,4000,1,403,27
3,1,27,4000,0,256,9.7844,0.0412,0.0975,0.1489,5.9349,5.7487,0,4000,4000,1,0,27
3,1,27,4000,0,257,13.0922,0.0525,1.5409,0.0505,9.985,8.1915,1,4000,4000,1,1392,27
3,1,27,4000,0,258,11.2099,0.0333,0.9336,0.0529,7.8479,6.6975,1,4000,4000,1,611,27
3,1,27,4000,0,259,9.6578,0.0468,0.3781,0.1321,5.7697,5.6267,0,4000,4000,1,0,27
3,1,27,4000,0,260,13.2488,0.0561,1.9068,0.0555,9.9537,7.7949,1,4000,4000,1,1746,27
3,1,27,4000,0,261,11.6792,0.052,1.1975,0.0522,8.2435,6.8156,1,4000,4000,1,720,27
3,1,27,4000,0,262,12.3293,0.0416,1.0635,0.0527,7.9218,6.6387,1,4000,4000,1,581,27
3,1,27,4000,0,263,9.3175,0.0496,0.3843,0.173,5.6975,5.513,0,4000,4000,1,0,27
3,1,27,4000,0,264,12.8464,0.0543,1.7641,0.0539,9.3589,7.3574,1,4000,4000,1,1695,27
3,1,27,4000,0,265,13.4335,0.0451,1.1694,0.0534,8.3743,6.9942,1,4000,4000,1,621,27
3,1,27,4000,0,266,9.5913,0.0451,0.1647,0.1803,6.2004,6.006,0,4000,4000,1,0,27
3,1,27,4000,0,267,14.6904,0.0949,1.6477,0.0565,11.4968,9.5383,1,4000,4000,1,609,27
3,1,27,4000,0,268,13.5229,0.4638,0.8937,0.0536,9.9617,8.4141,1,4000,4000,1,454,27
3,1,27,4000,0,269,14.8002,0.4349,1.7936,0.0613,11.3065,8.8594,1,4000,4000,1,1508,27
3,1,27,4000,0,270,11.8852,0.0441,1.0559,0.0555,8.3292,7.0399,1,4000,4000,1,627,27
3,1,27,4000,0,271,9.2883,0.0389,0.161,0.1312,5.9821,5.8407,0,4000,4000,1,0,27
3,1,27,4000,0,272,12.4992,0.0551,1.5269,0.0668,8.9511,7.1666,1,4000,4000,1,1288,27
3,1,27,4000,0,273,12.9285,0.0335,1.0375,0.0504,8.3911,7.144,1,4000,4000,1,530,27
3,1,27,4000,0,274,8.6999,0.0548,0.1113,0.1024,5.5188,5.4074,0,4000,4000,1,0,27
3,1,27,4000,0,275,12.3245,0.5396,0.9373,0.0507,9.3458,7.7254,1,4000,4000,1,513,27
3,1,27,4000,0,276,12.8323,0.0386,1.5071,0.1381,8.8944,6.9132,1,4000,4000,1,389,27
3,1,27,4000,0,277,12.2801,0.0653,0.266,0.1267,6.8569,6.7174,0,4000,4000,1,0,27
3,1,27,4000,0,278,12.433,0.0744,0.7718,0.0565,9.2613,8.2318,1,4000,4000,1,312,27
3,1,27,4000,0,279,10.65,0.0451,0.7987,0.0578,7.5809,6.5538,1,4000,4000,1,268,27
3,1,27,4000,0,280,9.4381,0.0374,0.107,0.1134,5.8955,5.7718,0,4000,4000,1,0,27
3,1,27,4000,0,281,11.9925,0.4496,0.6707,0.0579,8.9823,7.6771,1,4000,4000,1,248,27
3,1,27,4000,0,282,10.7108,0.05,0.6512,0.0575,7.4307,6.5385,1,4000,4000,1,218,27
3,1,27,4000,0,283,9.0797,0.039,0.0391,0.1569,5.8963,5.7281,0,4000,4000,1,0,27
3,1,27,4000,0,284,12.1743,0.4921,0.6308,0.0505,9.0897,7.7874,1,4000,4000,1,228,27
3,1,27,4000,0,285,11.7451,0.0545,0.6644,0.0523,8.3179,7.3731,1,4000,4000,1,213,27
3,1,27,4000,0,286,9.5606,0.0407,0.3163,0.1905,5.8167,5.6098,0,4000,4000,1,0,27
3,1,27,4000,0,287,12.2414,0.4228,0.6165,0.0548,8.7916,7.577,1,4000,4000,1,205,27
3,1,27,4000,0,288,10.9201,0.0439,0.5327,0.0534,7.5274,6.7809,1,4000,4000,1,184,27
3,1,27,4000,0,289,9.0009,0.0475,0.1835,0.1121,5.7943,5.671,0,4000,4000,1,0,27
3,1,27,4000,0,290,12.4093,0.0615,0.7719,0.0519,8.9221,7.8696,1,4000,4000,1,182,27
3,1,27,4000,0,291,11.1208,0.0478,0.5457,0.059,7.5214,6.7571,1,4000,4000,1,168,27
3,1,27,4000,0,292,9.0678,0.0338,0.0542,0.1086,5.8098,5.691,0,4000,4000,1,0,27
3,1,27,4000,0,293,9.9975,0.0512,0.4723,0.0609,7.1033,6.395,1,4000,4000,1,173,27
3,1,27,4000,0,294,10.0094,0.0472,0.0365,0.1431,6.6336,6.4792,0,4000,4000,1,0,27
3,1,27,4000,0,295,10.3569,0.0548,0.4756,0.0515,7.5442,6.8145,1,4000,4000,1,172,27
3,1,27,4000,0,296,12.2949,0.3846,0.5887,0.0549,9.141,7.8927,1,4000,4000,1,157,27
3,1,27,4000,0,297,10.4989,0.0556,0.0864,0.1214,5.8197,5.6876,0,4000,4000,1,0,27
3,1,27,4000,0,298,10.0544,0.0705,0.4265,0.0514,7.0771,6.3817,1,4000,4000,1,144,27
3,1,27,4000,0,299,11.1535,0.0478,0.4722,0.058,7.4587,6.7638,1,4000,4000,1,140,27
3,1,27,4000,0,300,8.8479,0.0392,0.0445,0.109,5.7842,5.6645,0,4000,4000,1,0,27
3,1,27,4000,0,301,11.192,0.0611,0.441,0.0531,7.7737,7.0606,1,4000,4000,1,151,27
3,1,27,4000,0,302,13.512,0.0813,0.4957,0.0514,9.5609,8.8071,1,4000,4000,1,127,27
3,1,27,4000,0,303,9.3567,0.0525,0.2553,0.1303,5.7263,5.5841,0,4000,4000,1,0,27
3,1,27,4000,0,304,9.8287,0.0584,0.4528,0.0606,7.0945,6.3784,1,4000,4000,1,127,27
3,1,27,4000,0,305,9.3484,0.0494,0.0351,0.1371,6.0091,5.8607,0,4000,4000,1,0,27
3,1,27,4000,0,306,10.5967,0.0577,0.5182,0.06,7.6199,6.8406,1,4000,4000,1,133,27
3,1,27,4000,0,307,12.5289,0.0641,0.5208,0.0636,7.76,6.9734,1,4000,4000,1,117,27
3,1,27,4000,0,308,10.062,0.0535,0.3117,0.1312,6.1925,6.0487,0,4000,4000,1,0,27
3,1,27,4000,0,309,11.6897,0.428,0.4984,0.0548,8.7257,7.576,1,4000,4000,1,127,27
3,1,27,4000,0,310,12.9159,0.3274,0.4869,0.064,9.4209,8.3974,1,4000,4000,1,114,27
3,1,27,4000,0,311,11.3475,0.0534,0.4633,0.0578,7.784,7.0514,1,4000,4000,1,102,27
3,1,27,4000,0,312,9.2609,0.0534,0.4633,0.1651,6.0525,5.8761,0,4000,4000,1,0,27
3,1,27,4000,0,313,11.2708,0.0633,0.418,0.0542,7.5217,6.8621,1,4000,4000,1,112,27
3,1,27,4000,0,314,8.7536,0.0456,0.2015,0.1166,5.5607,5.4333,0,4000,4000,1,0,27
3,1,27,4000,0,315,10.8476,0.4214,0.4358,0.0532,7.8848,6.8537,1,4000,4000,1,127,27
3,1,27,4000,0,316,10.2249,0.0485,0.4041,0.0515,7.3064,6.6732,1,4000,4000,1,91,27
3,1,27,4000,0,317,9.4919,0.051,0.1021,0.1402,6.0788,5.9285,0,4000,4000,1,0,27
3,1,27,4000,0,318,11.6749,0.3458,0.4375,0.0534,8.7488,7.7901,1,4000,4000,1,128,27
3,1,27,4000,0,319,9.5042,0.0426,0.0966,0.1276,6.3157,6.1781,0,4000,4000,1,0,27
3,1,27,4000,0,320,10.3822,0.0676,0.3866,0.053,7.3691,6.7233,1,4000,4000,1,92,27
3,1,27,4000,0,321,11.1639,0.0691,0.3798,0.0514,7.8132,7.1898,1,4000,4000,1,98,27
3,1,27,4000,0,322,8.7402,0.0592,0.1099,0.1155,5.5769,5.4513,0,4000,4000,1,0,27
3,1,27,4000,0,323,10.0883,0.0506,0.4425,0.0599,7.2276,6.5308,1,4000,4000,1,118,27
3,1,27,4000,0,324,9.2511,0.0552,0.0239,0.1378,5.9484,5.8001,0,4000,4000,1,0,27
3,1,27,4000,0,325,10.8986,0.4218,0.3994,0.0515,7.8984,6.906,1,4000,4000,1,99,27
3,1,27,4000,0,326,10.8902,0.0349,0.401,0.0516,6.9423,6.3253,1,4000,4000,1,86,27
3,1,27,4000,0,327,9.6269,0.0542,0.1343,0.1466,6.1499,5.9914,0,4000,4000,1,0,27
3,1,27,4000,0,328,11.748,0.3399,0.6992,0.0621,8.4787,7.1769,1,4000,4000,1,107,27
3,1,27,4000,0,329,10.7534,0.0461,0.4583,0.0544,7.1813,6.4659,1,4000,4000,1,96,27
3,1,27,4000,0,330,9.2745,0.0409,0.0896,0.1483,5.8369,5.6778,0,4000,4000,1,0,27
3,1,27,4000,0,331,12.0558,0.088,0.439,0.0513,8.8543,8.1386,1,4000,4000,1,87,27
3,1,27,4000,0,332,10.0805,0.0556,0.3787,0.0499,6.8032,6.2064,1,4000,4000,1,83,27
3,1,27,4000,0,333,8.8391,0.0556,0.3787,0.1253,5.848,5.7111,0,4000,4000,1,0,27
3,1,27,4000,0,334,10.8992,0.0443,0.4111,0.0504,7.7055,7.0775,1,4000,4000,1,101,27
3,1,27,4000,0,335,8.6705,0.059,0.085,0.1136,5.5074,5.385,0,4000,4000,1,0,27
3,1,27,4000,0,336,9.6478,0.0551,0.4418,0.0559,6.8647,6.1779,1,4000,4000,1,105,27
3,1,27,4000,0,337,10.0819,0.0583,0.1328,0.1274,5.6369,5.4984,0,4000,4000,1,0,27
3,1,27,4000,0,338,11.4263,0.3376,0.7104,0.0563,8.5915,7.2021,1,4000,4000,1,87,27
3,1,27,4000,0,339,10.7847,0.0506,0.4148,0.0568,6.9555,6.3077,1,4000,4000,1,98,27
3,1,27,4000,0,340,9.5635,0.0483,0.4031,0.126,5.7442,5.6074,0,4000,4000,1,0,27
3,1,27,4000,0,341,10.2658,0.0542,0.4768,0.0574,7.1433,6.412,1,4000,4000,1,78,27
3,1,27,4000,0,342,10.2642,0.056,0.3849,0.059,7.1498,6.5223,1,4000,4000,1,71,27
3,1,27,4000,0,343,8.8784,0.056,0.3849,0.1182,5.7549,5.6261,0,4000,4000,1,0,27
3,1,27,4000,0,344,10.2258,0.045,0.3714,0.0499,6.9309,6.3425,1,4000,4000,1,88,27
3,1,27,4000,0,345,8.8744,0.0541,0.0868,0.1312,5.647,5.5055,0,4000,4000,1,0,27
3,1,27,4000,0,346,10.0859,0.0521,0.3915,0.0539,6.8913,6.2561,1,4000,4000,1,76,27
3,1,27,4000,0,347,10.3131,0.0556,0.1282,0.118,5.8838,5.755,0,4000,4000,1,0,27
3,1,27,4000,0,348,10.3514,0.3263,0.3624,0.0507,7.5591,6.6921,1,4000,4000,1,68,27
3,1,27,4000,0,349,10.8791,0.0633,0.4026,0.0559,7.6125,6.9619,1,4000,4000,1,81,27
3,1,27,4000,0,350,9.8011,0.0935,0.0055,0.1419,6.0667,5.9138,0,4000,4000,1,0,27
3,1,27,4000,0,351,11.7267,0.3783,0.5056,0.0646,8.2168,7.1063,1,4000,4000,1,82,27
3,1,27,4000,0,352,11.4691,0.3149,0.4468,0.0509,8.1266,7.1937,1,4000,4000,1,71,27
3,1,27,4000,0,353,10.411,0.0637,0.1948,0.1173,5.6589,5.5302,0,4000,4000,1,0,27
3,1,27,4000,0,354,10.5923,0.371,0.3624,0.0591,7.6615,6.7419,1,4000,4000,1,62,27
3,1,27,4000,0,355,10.3748,0.0416,0.3928,0.0539,6.9614,6.3366,1,4000,4000,1,76,27
3,1,27,4000,0,356,9.5061,0.0443,0.2212,0.1262,5.6571,5.5185,0,4000,4000,1,0,27
3,1,27,4000,0,357,11.6866,0.3906,0.4281,0.0795,8.8281,7.7778,1,4000,4000,1,65,27
3,1,27,4000,0,358,9.8287,0.1039,0.3673,0.1363,5.7726,5.626,0,4000,4000,1,0,27
3,1,27,4000,0,359,9.6007,0.0671,0.3915,0.0548,6.6784,6.0127,1,4000,4000,1,59,27
3,1,27,4000,0,360,9.7912,0.0404,0.3652,0.0673,6.6628,6.0321,1,4000,4000,1,53,27
3,1,27,4000,0,361,9.306,0.0419,0.1834,0.1066,5.6498,5.5323,0,4000,4000,1,0,27
3,1,27,4000,0,362,9.8697,0.0658,0.3287,0.0552,6.8284,6.2556,1,4000,4000,1,50,27
3,1,27,4000,0,363,9.1606,0.0454,0.0667,0.1542,5.6191,5.4552,0,4000,4000,1,0,27
3,1,27,4000,0,364,10.7227,0.3055,0.2999,0.0534,7.2661,6.4917,1,4000,4000,1,45,27
3,1,27,4000,0,365,10.5176,0.0392,0.342,0.0604,7.087,6.5125,1,4000,4000,1,60,27
3,1,27,4000,0,366,9.4844,0.0346,0.168,0.1059,5.6156,5.4995,0,4000,4000,1,0,27
3,1,27,4000,0,367,11.1998,0.0677,0.3889,0.0491,7.6883,7.0255,1,4000,4000,1,60,27
3,1,27,4000,0,368,8.7493,0.0358,0.0704,0.1513,5.6392,5.4774,0,4000,4000,1,0,27
3,1,27,4000,0,369,10.0446,0.0523,0.3282,0.0513,6.5674,6.0176,1,4000,4000,1,47,27
3,1,27,4000,0,370,10.7097,0.0383,0.411,0.0563,7.6875,7.0317,1,4000,4000,1,53,27
3,1,27,4000,0,371,9.3765,0.0654,0.0052,0.1865,5.9738,5.7748,0,4000,4000,1,0,27
3,1,27,4000,0,372,10.443,0.0523,0.459,0.0575,6.8697,6.1604,1,4000,4000,1,52,27
3,1,27,4000,0,373,9.5547,0.0496,0.0566,0.1802,5.824,5.6331,0,4000,4000,1,0,27
3,1,27,4000,0,374,10.2055,0.0545,0.317,0.0591,6.563,6.0139,1,4000,4000,1,43,27
3,1,27,4000,0,375,10.1162,0.0392,0.3931,0.0527,6.5629,5.9292,1,4000,4000,1,55,27
3,1,27,4000,0,376,9.1776,0.0424,0.0728,0.1131,5.7462,5.6235,0,4000,4000,1,0,27
3,1,27,4000,0,377,9.7732,0.0533,0.4273,0.0518,6.7291,6.0794,1,4000,4000,1,40,27
3,1,27,4000,0,378,9.3653,0.0441,0.0717,0.1564,5.6351,5.4662,0,4000,4000,1,0,27
3,1,27,4000,0,379,10.006,0.0549,0.3562,0.0508,6.7797,6.1549,1,4000,4000,1,38,27
3,1,27,4000,0,380,11.5454,0.0333,0.3743,0.0546,8.2524,7.6611,1,4000,4000,1,47,27
3,1,27,4000,0,381,9.427,0.088,0.0031,0.1263,5.8007,5.6626,0,4000,4000,1,0,27
3,1,27,4000,0,382,11.949,0.0532,0.3799,0.0533,8.5575,7.9186,1,4000,4000,1,36,27
3,1,27,4000,0,383,9.4602,0.1141,0.0307,0.1704,6.0648,5.8809,0,4000,4000,1,0,27
3,1,27,4000,0,384,10.754,0.0458,0.3538,0.0538,6.6606,6.0722,1,4000,4000,1,43,27
3,1,27,4000,0,385,9.9661,0.0346,0.3634,0.0642,6.8429,6.1728,1,4000,4000,1,38,27
3,1,27,4000,0,386,9.5713,0.0433,0.2664,0.1648,6.0822,5.9041,0,4000,4000,1,0,27
3,1,27,4000,0,387,11.1821,0.3399,0.4175,0.0579,8.0605,7.078,1,4000,4000,1,33,27
3,1,27,4000,0,388,11.4538,0.3577,0.3783,0.0537,7.9805,7.0399,1,4000,4000,1,35,27
3,1,27,4000,0,389,9.1279,0.1036,0.1713,0.1192,5.7498,5.6192,0,4000,4000,1,0,27
3,1,27,4000,0,390,10.4674,0.3026,0.2853,0.0519,7.4928,6.7238,1,4000,4000,1,45,27
3,1,27,4000,0,391,9.0588,0.0482,0.0575,0.1274,5.7882,5.651,0,4000,4000,1,0,27
3,1,27,4000,0,392,9.7374,0.0483,0.3799,0.0618,6.7927,6.1676,1,4000,4000,1,39,27
3,1,27,4000,0,393,10.789,0.0378,0.3637,0.0508,7.5701,6.9956,1,4000,4000,1,40,27
3,1,27,4000,0,394,9.8448,0.0378,0.3637,0.2217,6.619,6.387,0,4000,4000,1,0,27
3,1,27,4000,0,395,12.0842,0.2081,0.3163,0.0499,6.891,6.1681,1,4000,4000,1,49,27
3,1,27,4000,0,396,8.8151,0.0325,0.0794,0.1707,5.6661,5.4834,0,4000,4000,1,0,27
3,1,27,4000,0,397,10.6516,0.2844,0.3117,0.0514,7.8617,7.0845,1,4000,4000,1,33,27
3,1,27,4000,0,398,10.006,0.0536,0.3633,0.0531,6.8919,6.2727,1,4000,4000,1,37,27
3,1,27,4000,0,399,9.485,0.0504,0.0393,0.121,6.1013,5.969,0,4000,4000,1,0,27
3,1,27,4000,0,400,10.3544,0.084,0.4255,0.0519,6.8391,6.1182,1,4000,4000,1,101,27
3,1,27,4000,0,401,8.9791,0.0574,0.1922,0.1933,5.8141,5.6097,0,4000,4000,1,0,27
3,1,27,4000,0,402,9.8951,0.0589,0.34,0.0548,6.7327,6.1612,1,4000,4000,1,94,27
3,1,27,4000,0,403,9.9898,0.0559,0.3533,0.0506,6.749,6.1443,1,4000,4000,1,59,27
3,1,27,4000,0,404,8.8268,0.0559,0.3533,0.1362,5.5599,5.414,0,4000,4000,1,0,27
3,1,27,4000,0,405,10.7191,0.0592,0.4318,0.0528,7.0639,6.3425,1,4000,4000,1,87,27
3,1,27,4000,0,406,10.0345,0.0859,0.1089,0.1379,6.0215,5.8723,0,4000,4000,1,0,27
3,1,27,4000,0,407,10.3134,0.0794,0.3723,0.0592,7.2304,6.5717,1,4000,4000,1,61,27
3,1,27,4000,0,408,10.2816,0.0478,0.3218,0.0566,6.9108,6.3568,1,4000,4000,1,46,27
3,1,27,4000,0,409,9.0236,0.0478,0.3218,0.143,5.9888,5.8355,0,4000,4000,1,0,27
3,1,27,4000,0,410,11.7234,0.0808,0.3931,0.0561,8.4533,7.7723,1,4000,4000,1,69,27
3,1,27,4000,0,411,9.8668,0.0766,0.1793,0.1168,6.0575,5.9287,0,4000,4000,1,0,27
3,1,27,4000,0,412,10.348,0.0567,0.3602,0.0559,7.2555,6.6204,1,4000,4000,1,79,27
3,1,27,4000,0,413,10.2461,0.0537,0.3927,0.0588,7.0745,6.4001,1,4000,4000,1,55,27
3,1,27,4000,0,414,8.9269,0.0493,0.0466,0.1214,5.7835,5.6523,0,4000,4000,1,0,27
3,1,27,4000,0,415,10.2998,0.058,0.3971,0.0559,7.0244,6.3831,1,4000,4000,1,172,27
3,1,27,4000,0,416,9.0543,0.0789,0.0036,0.1258,5.7844,5.648,0,4000,4000,1,0,27
3,1,27,4000,0,417,11.1331,0.3147,0.4343,0.0535,8.1474,7.2045,1,4000,4000,1,189,27
3,1,27,4000,0,418,10.7972,0.0467,0.4139,0.0533,6.9179,6.2691,1,4000,4000,1,79,27
3,1,27,4000,0,419,10.7006,0.0358,0.2225,0.1062,5.9155,5.7966,0,4000,4000,1,0,27
3,1,27,4000,0,420,10.2394,0.0578,0.6809,0.0514,7.1486,6.2295,1,4000,4000,1,481,27
3,1,27,4000,0,421,10.2667,0.0429,0.4468,0.0605,7.0072,6.3219,1,4000,4000,1,143,27
3,1,27,4000,0,422,9.2294,0.0429,0.4468,0.1184,5.8652,5.7362,0,4000,4000,1,0,27
3,1,27,4000,0,423,10.852,0.0444,0.5984,0.052,7.2684,6.4444,1,4000,4000,1,436,27
3,1,27,4000,0,424,10.4305,0.0404,0.2181,0.1184,5.8358,5.7047,0,4000,4000,1,0,27
3,1,27,4000,0,425,10.6272,0.0616,0.6036,0.0565,7.5264,6.6777,1,4000,4000,1,305,27
3,1,27,4000,0,426,11.5493,0.3256,0.4296,0.0554,8.1121,7.1657,1,4000,4000,1,153,27
3,1,27,4000,0,427,9.5741,0.0888,0.0042,0.1186,5.8855,5.7543,0,4000,4000,1,0,27
3,1,27,4000,0,428,13.6032,0.3641,1.1611,0.055,10.2855,8.3281,1,4000,4000,1,636,27
3,1,27,4000,0,429,11.735,0.0511,0.5783,0.049,7.4116,6.6109,1,4000,4000,1,200,27
3,1,27,4000,0,430,8.8969,0.0512,0.0469,0.1202,5.4765,5.346,0,4000,4000,1,0,27
3,1,27,4000,0,431,10.9634,0.0791,0.8913,0.0533,7.7924,6.634,1,4000,4000,1,672,27
3,1,27,4000,0,432,10.5907,0.0473,0.5647,0.0601,7.4449,6.6497,1,4000,4000,1,201,27
3,1,27,4000,0,433,8.6946,0.0437,0.0774,0.1172,5.4817,5.353,0,4000,4000,1,0,27
3,1,27,4000,0,434,10.4711,0.0686,0.7203,0.0525,7.5945,6.5987,1,4000,4000,1,485,27
3,1,27,4000,0,435,9.4499,0.0737,0.2383,0.161,5.8595,5.6849,0,4000,4000,1,0,27
3,1,27,4000,0,436,10.5009,0.0507,0.7283,0.0537,7.5235,6.5713,1,4000,4000,1,388,27
3,1,27,4000,0,437,11.7552,0.0607,0.7941,0.0526,8.3729,7.2734,1,4000,4000,1,177,27
3,1,27,4000,0,438,9.7537,0.0542,0.2704,0.1127,5.9899,5.8661,0,4000,4000,1,0,27
3,1,27,4000,0,439,12.0944,0.0834,0.768,0.0579,9.1462,8.1106,1,4000,4000,1,493,27
3,1,27,4000,0,440,11.0291,0.0524,0.6616,0.0525,7.4726,6.5545,1,4000,4000,1,192,27
3,1,27,4000,0,441,9.0976,0.0388,0.0728,0.1132,5.7565,5.6322,0,4000,4000,1,0,27
3,1,27,4000,0,442,10.9574,0.056,0.7415,0.0554,8.0745,7.0846,1,4000,4000,1,418,27
3,1,27,4000,0,443,9.2727,0.0478,0.2116,0.1267,5.7803,5.6417,0,4000,4000,1,0,27
3,1,27,4000,0,444,11.1832,0.0558,0.6839,0.0543,7.959,7.0284,1,4000,4000,1,351,27
3,1,27,4000,0,445,11.4592,0.0487,0.5573,0.0534,7.4479,6.6614,1,4000,4000,1,204,27
3,1,27,4000,0,446,8.7037,0.0536,0.0664,0.115,5.6198,5.4901,0,4000,4000,1,0,27
3,1,27,4000,0,447,11.0672,0.0556,0.8053,0.0549,7.9874,6.9323,1,4000,4000,1,385,27
3,1,27,4000,0,448,13.5947,0.0524,0.7134,0.0565,10.1298,9.1416,1,4000,4000,1,243,27
3,1,27,4000,0,449,11.51,0.0512,0.0669,0.1428,6.7484,6.5916,0,4000,4000,1,0,27
3,1,27,4000,0,450,12.5019,0.0689,0.6666,0.0529,9.0631,8.1476,1,4000,4000,1,416,27
3,1,27,4000,0,451,11.8104,0.0734,0.6748,0.0549,8.4782,7.5085,1,4000,4000,1,206,27
3,1,27,4000,0,452,10.6379,0.0332,0.5462,0.0553,7.3346,6.5746,1,4000,4000,1,294,27
3,1,27,4000,0,453,9.2651,0.0332,0.5462,0.1905,6.1682,5.9645,0,4000,4000,1,0,27
3,1,27,4000,0,454,10.9844,0.0491,0.6301,0.0544,7.7411,6.8862,1,4000,4000,1,355,27
3,1,27,4000,0,455,9.215,0.0437,0.0612,0.1161,5.648,5.5214,0,4000,4000,1,0,27
3,1,27,4000,0,456,10.9018,0.0537,0.6258,0.056,7.7341,6.8694,1,4000,4000,1,294,27
3,1,27,4000,0,457,12.2189,0.2628,0.5849,0.0558,8.7105,7.6799,1,4000,4000,1,226,27
3,1,27,4000,0,458,8.9991,0.0823,0.0634,0.1149,5.6794,5.5553,0,4000,4000,1,0,27
3,1,27,4000,0,459,10.6198,0.0566,0.7009,0.0539,7.4005,6.4493,1,4000,4000,1,375,27
3,1,27,4000,0,460,9.265,0.0497,0.3473,0.1184,5.79,5.6611,0,4000,4000,1,0,27
3,1,27,4000,0,461,10.0474,0.0629,0.5611,0.0523,7.1651,6.3521,1,4000,4000,1,314,27
3,1,27,4000,0,462,10.4922,0.044,0.5504,0.0529,7.2357,6.4633,1,4000,4000,1,259,27
3,1,27,4000,0,463,9.5925,0.0881,0.2013,0.1416,5.8124,5.6587,0,4000,4000,1,0,27
3,1,27,4000,0,464,10.0985,0.0649,0.6117,0.0576,7.2244,6.3414,1,4000,4000,1,339,27
3,1,27,4000,0,465,9.0109,0.0405,0.0484,0.1235,6.0189,5.8847,0,4000,4000,1,0,27
3,1,27,4000,0,466,11.1212,0.0546,0.6158,0.06,8.1381,7.2411,1,4000,4000,1,302,27
3,1,27,4000,0,467,11.8936,0.3373,0.5082,0.0523,8.4679,7.4541,1,4000,4000,1,236,27
3,1,27,4000,0,468,8.6787,0.1093,0.0036,0.1492,5.5562,5.3835,0,4000,4000,1,0,27
3,1,27,4000,0,469,13.037,0.3858,0.9397,0.0544,9.8583,8.3148,1,4000,4000,1,350,27
3,1,27,4000,0,470,11.845,0.3702,0.5307,0.0517,8.6157,7.5131,1,4000,4000,1,250,27
3,1,27,4000,0,471,8.8495,0.0481,0.0627,0.1274,5.7447,5.6076,0,4000,4000,1,0,27
3,1,27,4000,0,472,10.9933,0.0478,0.5701,0.0517,7.3147,6.5239,1,4000,4000,1,338,27
3,1,27,4000,0,473,11.937,0.0682,0.5086,0.0499,7.5884,6.8478,1,4000,4000,1,233,27
3,1,27,4000,0,474,8.9072,0.033,0.114,0.1186,5.6471,5.5178,0,4000,4000,1,0,27
3,1,27,4000,0,475,10.491,0.0581,0.6512,0.0532,7.3101,6.3973,1,4000,4000,1,292,27
3,1,27,4000,0,476,9.0827,0.1023,0.004,0.1185,5.9702,5.8413,0,4000,4000,1,0,27
3,1,27,4000,0,477,10.6287,0.0652,0.5962,0.0542,7.5297,6.6969,1,4000,4000,1,291,27
3,1,27,4000,0,478,10.6162,0.046,0.558,0.055,7.0422,6.2566,1,4000,4000,1,225,27
3,1,27,4000,0,479,8.9203,0.0978,0.0042,0.1154,5.8951,5.77,0,4000,4000,1,0,27
3,1,27,4000,0,480,10.7877,0.0573,0.5962,0.0567,7.6683,6.8222,1,4000,4000,1,292,27
3,1,27,4000,0,481,9.9282,0.0534,0.0883,0.2169,6.6779,6.4466,0,4000,4000,1,0,27
3,1,27,4000,0,482,11.1074,0.069,0.6238,0.0545,8.0928,7.2058,1,4000,4000,1,235,27
3,1,27,4000,0,483,11.4013,0.0812,0.6534,0.0563,7.8093,6.8265,1,4000,4000,1,191,27
3,1,27,4000,0,484,9.4701,0.0491,0.2139,0.1259,5.7237,5.5807,0,4000,4000,1,0,27
3,1,27,4000,0,485,10.8729,0.0673,0.5162,0.053,7.7506,6.9647,1,4000,4000,1,267,27
3,1,27,4000,0,486,11.2721,0.0446,0.5764,0.0576,7.488,6.6703,1,4000,4000,1,217,27
3,1,27,4000,0,487,9.0868,0.0445,0.0982,0.1142,5.8072,5.6811,0,4000,4000,1,0,27
3,1,27,4000,0,488,10.6171,0.0607,0.6181,0.0553,7.7801,6.9145,1,4000,4000,1,342,27
3,1,27,4000,0,489,9.1339,0.0751,0.0235,0.1183,5.9708,5.8423,0,4000,4000,1,0,27
3,1,27,4000,0,490,11.1838,0.0494,0.6313,0.071,8.024,7.1417,1,4000,4000,1,256,27
3,1,27,4000,0,491,11.6,0.0505,0.6625,0.0592,8.091,7.1055,1,4000,4000,1,227,27
3,1,27,4000,0,492,10.5974,0.0583,0.2336,0.1222,6.0671,5.9345,0,4000,4000,1,0,27
3,1,27,4000,0,493,10.5915,0.0542,0.5477,0.0523,7.4836,6.6745,1,4000,4000,1,285,27
3,1,27,4000,0,494,10.5507,0.0469,0.473,0.0533,7.3455,6.6457,1,4000,4000,1,185,27
3,1,27,4000,0,495,9.2402,0.0407,0.0574,0.1313,5.9701,5.828,0,4000,4000,1,0,27
3,1,27,4000,0,496,10.7199,0.1144,0.6847,0.0563,7.6302,6.6326,1,4000,4000,1,331,27
3,1,27,4000,0,497,11.5714,0.0726,0.5518,0.0538,7.7337,6.9364,1,4000,4000,1,187,27
3,1,27,4000,0,498,9.1793,0.0512,0.2951,0.1278,5.8089,5.6706,0,4000,4000,1,0,27
3,1,27,4000,0,499,10.2024,0.0512,0.5516,0.0591,7.2827,6.4823,1,4000,4000,1,270,27
3,1,27,4000,0,500,10.7849,0.0462,0.1889,0.1704,6.1665,5.983,0,4000,4000,1,0,27
3,1,27,4000,0,501,12.3288,0.3132,0.6885,0.0613,8.2425,7.0091,1,4000,4000,1,226,27
3,1,27,4000,0,502,10.9779,0.0529,0.4611,0.0553,7.4449,6.7539,1,4000,4000,1,160,27
3,1,27,4000,0,503,8.9461,0.0504,0.0528,0.113,5.8295,5.7066,0,4000,4000,1,0,27
3,1,27,4000,0,504,12.7116,0.29,0.7279,0.056,9.3269,7.9768,1,4000,4000,1,238,27
3,1,27,4000,0,505,12.2091,0.0657,0.5383,0.0632,8.6235,7.8108,1,4000,4000,1,162,27
3,1,27,4000,0,506,9.8601,0.0563,0.2213,0.1278,6.0486,5.9094,0,4000,4000,1,0,27
3,1,27,4000,0,507,10.4022,0.0681,0.5106,0.0514,7.3782,6.6305,1,4000,4000,1,283,27
3,1,27,4000,0,508,10.3876,0.0434,0.4479,0.0515,7.2431,6.5717,1,4000,4000,1,164,27
3,1,27,4000,0,509,9.3668,0.0488,0.2082,0.1325,5.8618,5.7178,0,4000,4000,1,0,27
3,1,27,4000,0,510,11.0837,0.0692,0.5469,0.0544,8.1623,7.3621,1,4000,4000,1,269,27
3,1,27,4000,0,511,11.8398,0.2582,0.6345,0.0575,8.7856,7.7022,1,4000,4000,1,173,27
3,1,27,4000,0,512,10.1219,0.0681,0.1532,0.1411,6.4262,6.2706,0,4000,4000,1,0,27
3,1,27,4000,0,513,11.7095,0.0669,0.6109,0.0534,8.3578,7.4882,1,4000,4000,1,294,27
3,1,27,4000,0,514,10.6057,0.054,0.5758,0.0522,7.3993,6.5969,1,4000,4000,1,152,27
3,1,27,4000,0,515,8.613,0.054,0.5758,0.1255,5.5847,5.4486,0,4000,4000,1,0,27
3,1,27,4000,0,516,10.352,0.065,0.5793,0.0561,7.3305,6.4974,1,4000,4000,1,361,27
3,1,27,4000,0,517,9.07,0.0637,0.004,0.1196,5.9252,5.796,0,4000,4000,1,0,27
3,1,27,4000,0,518,10.9186,0.0942,0.4826,0.0589,7.9007,7.13,1,4000,4000,1,200,27
3,1,27,4000,0,519,9.3897,0.0538,0.543,0.1206,6.0074,5.8765,0,4000,4000,1,0,27
3,1,27,4000,0,520,10.249,0.0601,0.5397,0.0528,7.2059,6.4173,1,4000,4000,1,248,27
3,1,27,4000,0,521,10.9025,0.0551,0.4562,0.0508,7.3245,6.6056,1,4000,4000,1,158,27
3,1,27,4000,0,522,9.0555,0.0464,0.1608,0.1386,6.0196,5.8709,0,4000,4000,1,0,27
3,1,27,4000,0,523,12.7946,0.0792,0.6758,0.0549,9.4557,8.5025,1,4000,4000,1,407,27
3,1,27,4000,0,524,11.0817,0.0674,0.4393,0.053,6.99,6.3089,1,4000,4000,1,152,27
3,1,27,4000,0,525,9.0139,0.0409,0.0716,0.1156,5.9614,5.8352,0,4000,4000,1,0,27
3,1,27,4000,0,526,11.2221,0.3188,0.6702,0.0565,8.2826,7.0815,1,4000,4000,1,327,27
3,1,27,4000,0,527,10.622,0.0598,0.4417,0.054,7.1286,6.4419,1,4000,4000,1,172,27
3,1,27,4000,0,528,8.8901,0.0598,0.4417,0.1382,5.9073,5.7575,0,4000,4000,1,0,27
3,1,27,4000,0,529,11.2381,0.0672,0.5469,0.0535,7.7295,6.9295,1,4000,4000,1,326,27
3,1,27,4000,0,530,10.7709,0.0703,0.3729,0.1272,5.7964,5.6563,0,4000,4000,1,0,27
3,1,27,4000,0,531,10.6701,0.065,0.5649,0.0545,7.5179,6.7015,1,4000,4000,1,268,27
3,1,27,4000,0,532,11.1062,0.0463,0.47,0.0515,7.9756,7.2845,1,4000,4000,1,143,27
3,1,27,4000,0,533,9.0172,0.0387,0.0691,0.1224,5.7634,5.6301,0,4000,4000,1,0,27
3,1,27,4000,0,534,11.7381,0.0659,1.3039,0.0548,8.7663,6.9613,1,4000,4000,1,310,27
3,1,27,4000,0,535,10.9575,0.0404,0.4945,0.0611,7.3297,6.5876,1,4000,4000,1,170,27
3,1,27,4000,0,536,9.3,0.0856,0.0036,0.1291,6.0351,5.8947,0,4000,4000,1,0,27
3,1,27,4000,0,537,10.4841,0.0619,0.6041,0.0523,7.5333,6.6994,1,4000,4000,1,353,27
3,1,27,4000,0,538,8.7743,0.0553,0.068,0.1201,5.5763,5.4455,0,4000,4000,1,0,27
3,1,27,4000,0,539,11.5712,0.0734,0.5804,0.0524,8.1884,7.3493,1,4000,4000,1,294,27
3,1,27,4000,0,540,11.2158,0.2776,0.4695,0.0519,8.1318,7.201,1,4000,4000,1,149,27
3,1,27,4000,0,541,10.6643,0.0449,0.2393,0.1378,5.9966,5.8461,0,4000,4000,1,0,27
3,1,27,4000,0,542,12.1213,0.3187,0.7019,0.0613,8.8705,7.6579,1,4000,4000,1,541,27
3,1,27,4000,0,543,13.0331,0.2468,0.8723,0.0612,9.3728,7.9476,1,4000,4000,1,157,27
3,1,27,4000,0,544,9.5158,0.0531,0.1045,0.1432,5.9665,5.8112,0,4000,4000,1,0,27
3,1,27,4000,0,545,11.9193,0.3254,0.6629,0.0547,8.4376,7.2594,1,4000,4000,1,377,27
3,1,27,4000,0,546,11.7906,0.0585,0.4417,0.0543,7.1908,6.5148,1,4000,4000,1,140,27
3,1,27,4000,0,547,8.9468,0.0415,0.1451,0.1304,5.7484,5.6071,0,4000,4000,1,0,27
3,1,27,4000,0,548,11.5012,0.3711,0.7003,0.0533,8.4119,7.1544,1,4000,4000,1,511,27
3,1,27,4000,0,549,10.9023,0.0493,0.5209,0.0696,7.5091,6.7201,1,4000,4000,1,156,27
3,1,27,4000,0,550,9.5982,0.0681,0.0448,0.1283,5.9901,5.8503,0,4000,4000,1,0,27
4,0,4,4000,1,151,10.3383,0.0183,1.274,0.054,7.4221,5.891,1,4000,4000,1,13,4
4,0,4,4000,1,152,9.9752,0,0,0.1703,6.0882,5.8955,0,4000,4000,1,0,4
4,0,4,4000,1,153,10.3426,0.1613,1.005,0.0568,6.9899,5.5615,1,4000,4000,1,9,4
4,0,4,4000,1,154,9.3864,0,0,0.1782,6.3423,6.1402,0,4000,4000,1,0,4
4,0,4,4000,1,155,13.3207,0.0231,1.2321,0.0634,8.9888,7.2704,1,4000,4000,1,9,4
4,0,4,4000,1,156,12.2275,0.0233,1.2865,0.0645,7.8443,6.2837,1,4000,4000,1,11,4
4,0,4,4000,1,157,10.2543,0.0189,1.0563,0.0542,6.838,5.5272,1,4000,4000,1,16,4
4,0,4,4000,1,158,9.2518,0,0,0.1822,6.159,5.942,0,4000,4000,1,0,4
4,0,4,4000,1,159,10.327,0.0135,1.0097,0.0514,6.9285,5.6626,1,4000,4000,1,7,4
4,0,4,4000,1,160,9.695,0,0,0.2935,6.3033,5.9866,0,4000,4000,1,0,4
4,0,4,4000,1,161,11.2289,0.0169,1.2541,0.0583,7.3664,5.8515,1,4000,4000,1,5,4
4,0,4,4000,1,162,10.6353,0.0174,1.2849,0.0538,7.3174,5.7214,1,4000,4000,1,8,4
4,0,4,4000,1,163,9.1664,0,0,0.1834,6.0582,5.7471,0,4000,4000,1,0,4
4,0,4,4000,1,164,12.3302,0.0203,1.0933,0.0524,7.2618,5.9192,1,4000,4000,1,11,4
4,0,4,4000,1,165,10.2764,0.024,1.0031,0.0592,7.237,5.9546,1,4000,4000,1,6,4
4,0,4,4000,1,166,10.361,0,0,0.2162,5.8866,5.6459,0,4000,4000,1,0,4
4,0,4,4000,1,167,10.8748,0.0289,1.1156,0.0552,7.5512,6.1545,1,4000,4000,1,11,4
4,0,4,4000,1,168,10.5719,0,0,0.1784,7.2408,7.0297,0,4000,4000,1,0,4
4,0,4,4000,1,169,12.2071,0.0258,1.1694,0.0522,6.5409,5.0934,1,4000,4000,1,6,4
4,0,4,4000,1,170,10.7106,0.1823,1.0162,0.055,7.4269,5.975,1,4000,4000,1,10,4
4,0,4,4000,1,171,9.0664,0,0,0.1677,5.6371,5.4475,0,4000,4000,1,0,4
4,0,4,4000,1,172,10.4948,0.0179,1.1496,0.0565,6.9077,5.4634,1,4000,4000,1,4,4
4,0,4,4000,1,173,11.0493,0.0245,1.2156,0.059,7.5845,6.1125,1,4000,4000,1,3,4
4,0,4,4000,1,174,9.1699,0,0,0.216,5.9057,5.6666,0,4000,4000,1,0,4
4,0,4,4000,1,175,10.7521,0.02,1.2203,0.0575,7.1782,5.6931,1,4000,4000,1,11,4
4,0,4,4000,1,176,9.1719,0,0,0.1492,5.915,5.7437,0,4000,4000,1,0,4
4,0,4,4000,1,177,10.2846,0.0155,1.045,0.0625,6.8815,5.4786,1,4000,4000,1,10,4
4,0,4,4000,1,178,10.9298,0.0164,1.3291,0.0621,7.481,5.887,1,4000,4000,1,5,4
4,0,4,4000,1,179,9.4419,0,0,0.1917,6.0591,5.8431,0,4000,4000,1,0,4
4,0,4,4000,1,180,9.8644,0.0136,1.1406,0.0523,6.7184,5.3166,1,4000,4000,1,4,4
4,0,4,4000,1,181,9.5171,0,0,0.1883,5.9144,5.7063,0,4000,4000,1,0,4
4,0,4,4000,1,182,11.0388,0.0176,1.1607,0.0575,7.5036,6.0749,1,4000,4000,1,8,4
4,0,4,4000,1,183,9.7209,0.0169,1.2534,0.0542,6.8308,5.2576,1,4000,4000,1,8,4
4,0,4,4000,1,184,9.5157,0,0,0.2239,5.762,5.5151,0,4000,4000,1,0,4
4,0,4,4000,1,185,10.4575,0.0169,1.0585,0.0943,7.1323,5.7076,1,4000,4000,1,10,4
4,0,4,4000,1,186,10.4078,0.0149,1.0009,0.0564,6.7264,5.4667,1,4000,4000,1,5,4
4,0,4,4000,1,187,9.8913,0,0,0.1449,6.6406,6.4292,0,4000,4000,1,0,4
4,0,4,4000,1,188,12.11,0.1801,1.006,0.0547,7.6146,6.1942,1,4000,4000,1,8,4
4,0,4,4000,1,189,8.9294,0,0,0.1986,5.6823,5.4611,0,4000,4000,1,0,4
4,0,4,4000,1,190,10.6372,0.1392,1.3077,0.0625,7.3526,5.6463,1,4000,4000,1,9,4
4,0,4,4000,1,191,10.8697,0.0256,1.5968,0.0539,7.53,5.6814,1,4000,4000,1,246,4
4,0,4,4000,1,192,9.1402,0,0,0.1717,6.06,5.8687,0,4000,4000,1,0,4
4,0,4,4000,1,193,10.8249,0.0162,1.0816,0.0573,7.3714,6.0273,1,4000,4000,1,8,4
4,0,4,4000,1,194,9.166,0,0,0.1349,6.2961,6.1402,0,4000,4000,1,0,4
4,0,4,4000,1,195,10.4056,0.0181,1.2117,0.059,7.279,5.7956,1,4000,4000,1,5,4
4,0,4,4000,1,196,11.6372,0.0167,2.6062,0.0542,8.4701,5.6361,1,4000,4000,1,485,4
4,0,4,4000,1,197,10.5242,0,0,0.171,5.8907,5.6925,0,4000,4000,1,0,4
4,0,4,4000,1,198,11.1372,0.0131,1.3615,0.0542,7.1631,5.565,1,4000,4000,1,4,4
4,0,4,4000,1,199,11.8617,0.0461,1.6021,0.0579,8.5136,6.6058,1,4000,4000,1,5,4
4,0,4,4000,1,200,9.4061,0,0,0.1703,5.8055,5.6124,0,4000,4000,1,0,4
4,0,4,4000,1,201,10.8056,0.0138,1.159,0.0583,7.3232,5.9066,1,4000,4000,1,7,4
4,0,4,4000,1,202,11.1482,0.0149,1.696,0.0603,7.517,5.5746,1,4000,4000,1,244,4
4,0,4,4000,1,203,10.4073,0,0,0.1642,6.032,5.8462,0,4000,4000,1,0,4
4,0,4,4000,1,204,10.5312,0.0094,1.2919,0.0533,7.374,5.7585,1,4000,4000,1,244,4
4,0,4,4000,1,205,10.8143,0.0141,1.2164,0.0524,7.2566,5.8027,1,4000,4000,1,5,4
4,0,4,4000,1,206,9.2578,0,0,0.1428,5.655,5.4923,0,4000,4000,1,0,4
4,0,4,4000,1,207,10.107,0.0156,1.3654,0.058,7.0132,5.3669,1,4000,4000,1,2,4
4,0,4,4000,1,208,9.0104,0,0,0.1599,5.6292,5.4466,0,4000,4000,1,0,4
4,0,4,4000,1,209,11.9362,0.019,1.9846,0.0524,8.3365,6.0849,1,4000,4000,1,484,4
4,0,4,4000,1,210,11.9983,0.0203,1.7958,0.0508,8.528,6.4745,1,4000,4000,1,242,4
4,0,4,4000,1,211,9.7471,0,0,0.1683,6.1442,5.9554,0,4000,4000,1,0,4
4,0,4,4000,1,212,10.849,0.0104,1.3416,0.0532,7.6103,6.0392,1,4000,4000,1,2,4
4,0,4,4000,1,213,9.1053,0,0,0.1553,5.8118,5.6378,0,4000,4000,1,0,4
4,0,4,4000,1,214,11.6557,0.0162,2.1202,0.0562,7.7682,5.4081,1,4000,4000,1,482,4
4,0,4,4000,1,215,11.2591,0.0115,1.6409,0.0523,7.8853,6.0108,1,4000,4000,1,247,4
4,0,4,4000,1,216,8.7641,0,0,0.1506,5.5788,5.406,0,4000,4000,1,0,4
4,0,4,4000,1,217,10.8949,0.2427,1.022,0.0649,6.9962,5.3411,1,4000,4000,1,0,4
4,0,4,4000,1,218,10.6867,0.0187,1.4106,0.0563,7.2868,5.6258,1,4000,4000,1,12,4
4,0,4,4000,1,219,8.8156,0,0,0.1538,5.5678,5.3943,0,4000,4000,1,0,4
4,0,4,4000,1,220,10.6882,0.0188,1.9745,0.0544,7.6784,5.4536,1,4000,4000,1,488,4
4,0,4,4000,1,221,9.293,0,0,0.143,6.1138,5.9257,0,4000,4000,1,0,4
4,0,4,4000,1,222,12.7762,0.0269,2.7362,0.0575,8.7668,5.7522,1,4000,4000,1,224,4
4,0,4,4000,1,223,10.71,0.0125,1.6588,0.0563,7.2814,5.3855,1,4000,4000,1,223,4
4,0,4,4000,1,224,9.5017,0,0,0.1597,6.2623,6.0788,0,4000,4000,1,0,4
4,0,4,4000,1,225,11.6984,0.0132,2.3462,0.0514,8.1854,5.6191,1,4000,4000,1,540,4
4,0,4,4000,1,226,11.6641,0.0159,2.6297,0.0586,8.4993,5.6597,1,4000,4000,1,387,4
4,0,4,4000,1,227,10.2004,0,0,0.5143,7.1737,6.6306,0,4000,4000,1,0,4
4,0,4,4000,1,228,12.1642,0.011,2.5088,0.0553,9.0406,6.2966,1,4000,4000,1,161,4
4,0,4,4000,1,229,11.3141,0.0166,2.3296,0.0598,7.999,5.4081,1,4000,4000,1,148,4
4,0,4,4000,1,230,10.3294,0,0,0.2383,6.5652,6.292,0,4000,4000,1,0,4
4,0,4,4000,1,231,14.0883,0.0157,3.8879,0.0544,10.4775,6.3289,1,4000,4000,1,1026,4
4,0,4,4000,1,232,12.8952,0.0166,3.236,0.0516,9.0646,5.5895,1,4000,4000,1,518,4
4,0,4,4000,1,233,12.134,0.0186,3.0311,0.0559,9.0544,5.7551,1,4000,4000,1,238,4
4,0,4,4000,1,234,9.3224,0,0,0.1559,5.8966,5.7201,0,4000,4000,1,0,4
4,0,4,4000,1,235,13.0948,0.0173,4.1383,0.0529,10.0543,5.6927,1,4000,4000,1,985,4
4,0,4,4000,1,236,12.9737,0.0196,3.5059,0.0602,9.541,5.7958,1,4000,4000,1,453,4
4,0,4,4000,1,237,8.9726,0,0,0.1817,5.716,5.4997,0,4000,4000,1,0,4
4,0,4,4000,1,238,12.7721,0.0138,2.9514,0.0506,8.7553,5.573,1,4000,4000,1,313,4
4,0,4,4000,1,239,14.1215,0.0157,4.5172,0.0938,10.9111,6.1061,1,4000,4000,1,1086,4
4,0,4,4000,1,240,14.1179,0.0315,3.6141,0.0522,9.2798,5.4343,1,4000,4000,1,545,4
4,0,4,4000,1,241,9.1875,0,0,0.1493,5.9255,5.7546,0,4000,4000,1,0,4
4,0,4,4000,1,242,12.5033,0.0201,3.2804,0.0587,9.2007,5.6742,1,4000,4000,1,460,4
4,0,4,4000,1,243,14.1682,0.0172,4.8792,0.063,10.5223,5.4,1,4000,4000,1,1376,4
4,0,4,4000,1,244,14.0411,0.025,4.6427,0.0534,10.2428,5.3776,1,4000,4000,1,643,4
4,0,4,4000,1,245,9.4746,0,0,0.1951,6.3286,6.1008,0,4000,4000,1,0,4
4,0,4,4000,1,246,13.0214,0.0203,3.7526,0.0543,9.6819,5.6527,1,4000,4000,1,475,4
4,0,4,4000,1,247,13.2187,0.0165,3.8271,0.0559,10.0974,5.988,1,4000,4000,1,564,4
4,0,4,4000,1,248,15.7376,0.0197,5.2421,0.0583,11.8608,6.3193,1,4000,4000,1,1369,4
4,0,4,4000,1,249,14.1221,0.0274,4.4782,0.0523,10.4079,5.697,1,4000,4000,1,519,4
4,0,4,4000,1,250,8.9878,0,0,0.172,5.6485,5.4551,0,4000,4000,1,0,4
4,0,4,4000,1,251,13.0361,0.0138,3.6494,0.0562,9.5805,5.7131,1,4000,4000,1,446,4
4,0,4,4000,1,252,14.8295,0.018,5.6676,0.0566,11.3561,5.4553,1,4000,4000,1,1707,4
4,0,4,4000,1,253,13.1379,0.011,4.1342,0.0511,9.8934,5.5489,1,4000,4000,1,564,4
4,0,4,4000,1,254,9.0391,0,0,0.1411,5.7148,5.5545,0,4000,4000,1,0,4
4,0,4,4000,1,255,13.0558,0.0158,4.1618,0.0896,9.8637,5.4449,1,4000,4000,1,467,4
4,0,4,4000,1,256,14.419,0.0151,5.6752,0.0505,11.2094,5.3061,1,4000,4000,1,1516,4
4,0,4,4000,1,257,13.826,0.0114,3.9989,0.0769,10.8797,6.3639,1,4000,4000,1,613,4
4,0,4,4000,1,258,10.457,0,0,0.1631,6.3739,6.1894,0,4000,4000,1,0,4
4,0,4,4000,1,259,12.8574,0.0096,4.0814,0.0504,9.7197,5.4348,1,4000,4000,1,531,4
4,0,4,4000,1,260,14.1435,0.0139,4.8781,0.0491,10.6533,5.5757,1,4000,4000,1,1046,4
4,0,4,4000,1,261,14.4565,0.0135,5.301,0.0569,11.273,5.6883,1,4000,4000,1,496,4
4,0,4,4000,1,262,13.853,0.0108,4.3456,0.0506,10.2987,5.7371,1,4000,4000,1,384,4
4,0,4,4000,1,263,8.9846,0,0,0.1514,5.8832,5.7109,0,4000,4000,1,0,4
4,0,4,4000,1,264,12.3984,0.0109,3.4603,0.0514,9.4298,5.7314,1,4000,4000,1,362,4
4,0,4,4000,1,265,12.7454,0.0125,3.6103,0.0534,9.5269,5.6985,1,4000,4000,1,305,4
4,0,4,4000,1,266,9.4027,0,0,0.1295,6.2377,6.0863,0,4000,4000,1,0,4
4,0,4,4000,1,267,12.0459,0.0102,3.0617,0.0538,9.0192,5.7345,1,4000,4000,1,262,4
4,0,4,4000,1,268,13.0691,0.0127,3.789,0.0544,9.9726,5.9469,1,4000,4000,1,246,4
4,0,4,4000,1,269,12.9655,0.0105,2.9335,0.0557,8.8416,5.6916,1,4000,4000,1,213,4
4,0,4,4000,1,270,9.2696,0,0,0.6112,6.1589,5.5277,0,4000,4000,1,0,4
4,0,4,4000,1,271,11.8255,0.0105,2.641,0.0534,8.6968,5.8245,1,4000,4000,1,178,4
4,0,4,4000,1,272,12.376,0.0148,2.9888,0.0542,8.8951,5.6542,1,4000,4000,1,163,4
4,0,4,4000,1,273,9.6059,0,0,0.1537,6.0883,5.9092,0,4000,4000,1,0,4
4,0,4,4000,1,274,12.0772,0.0112,2.4194,0.0566,8.4648,5.8035,1,4000,4000,1,179,4
4,0,4,4000,1,275,11.162,0.0148,2.2638,0.0514,8.1386,5.6313,1,4000,4000,1,156,4
4,0,4,4000,1,276,8.9196,0,0,0.1294,5.6544,5.5072,0,4000,4000,1,0,4
4,0,4,4000,1,277,11.4653,0.0104,2.5583,0.0523,8.3695,5.5892,1,4000,4000,1,190,4
4,0,4,4000,1,278,8.521,0,0,0.1533,5.5769,5.4001,0,4000,4000,1,0,4
4,0,4,4000,1,279,11.7257,0.0158,2.392,0.0539,8.2856,5.6514,1,4000,4000,1,140,4
4,0,4,4000,1,280,11.7488,0.0121,2.5903,0.054,8.6225,5.7913,1,4000,4000,1,162,4
4,0,4,4000,1,281,9.3655,0,0,0.1719,5.9866,5.7913,0,4000,4000,1,0,4
4,0,4,4000,1,282,11.6858,0.0105,2.416,0.0539,8.4715,5.8216,1,4000,4000,1,126,4
4,0,4,4000,1,283,11.4016,0.0136,2.486,0.0538,8.3672,5.6127,1,4000,4000,1,133,4
4,0,4,4000,1,284,9.2372,0,0,0.1278,5.9983,5.8477,0,4000,4000,1,0,4
4,0,4,4000,1,285,11.6419,0.0166,2.216,0.0543,8.509,6.0369,1,4000,4000,1,132,4
4,0,4,4000,1,286,13.0311,0.0218,2.6637,0.0603,9.2499,6.3166,1,4000,4000,1,145,4
4,0,4,4000,1,287,10.1234,0,0,0.1729,6.4683,6.2639,0,4000,4000,1,0,4
4,0,4,4000,1,288,12.5695,0.0133,2.3122,0.0592,8.8511,6.2891,1,4000,4000,1,120,4
4,0,4,4000,1,289,11.8376,0.0146,2.4138,0.0562,8.5734,5.9236,1,4000,4000,1,124,4
4,0,4,4000,1,290,8.7932,0,0,0.1926,5.6303,5.4151,0,4000,4000,1,0,4
4,0,4,4000,1,291,11.2477,0.0113,2.2495,0.0543,8.2895,5.8069,1,4000,4000,1,131,4
4,0,4,4000,1,292,11.4269,0.0127,2.3569,0.0523,8.3684,5.7818,1,4000,4000,1,131,4
4,0,4,4000,1,293,8.8817,0,0,0.137,5.7173,5.5594,0,4000,4000,1,0,4
4,0,4,4000,1,294,11.6843,0.0103,2.149,0.0553,8.319,5.9385,1,4000,4000,1,111,4
4,0,4,4000,1,295,10.9789,0.0135,2.0292,0.0554,7.9455,5.614,1,4000,4000,1,129,4
4,0,4,4000,1,296,9.3595,0,0,0.1363,5.8822,5.7254,0,4000,4000,1,0,4
4,0,4,4000,1,297,11.8688,0.0122,2.2676,0.0543,8.7345,6.2218,1,4000,4000,1,127,4
4,0,4,4000,1,298,9.983,0,0,0.3034,6.4977,6.1555,0,4000,4000,1,0,4
4,0,4,4000,1,299,12.4232,0.0085,2.2406,0.0579,8.1618,5.6717,1,4000,4000,1,132,4
4,0,4,4000,1,300,11.8351,0.0095,2.0597,0.0586,8.3785,6.0739,1,4000,4000,1,96,4
4,0,4,4000,1,301,11.2434,0.0159,2.019,0.0514,8.2203,5.8941,1,4000,4000,1,104,4
4,0,4,4000,1,302,8.8533,0,0,0.1219,5.6964,5.5551,0,4000,4000,1,0,4
4,0,4,4000,1,303,11.3893,0.0101,2.0633,0.0579,8.2398,5.7056,1,4000,4000,1,99,4
4,0,4,4000,1,304,9.3196,0,0,0.1154,6.3231,6.1832,0,4000,4000,1,0,4
4,0,4,4000,1,305,12.5044,0.0174,1.9344,0.0505,7.9842,5.7617,1,4000,4000,1,117,4
4,0,4,4000,1,306,11.0661,0.0211,1.9249,0.0508,7.7348,5.5633,1,4000,4000,1,88,4
4,0,4,4000,1,307,10.495,0,0,0.1343,7.102,6.9411,0,4000,4000,1,0,4
4,0,4,4000,1,308,11.9618,0.205,2.2153,0.056,8.4853,5.7907,1,4000,4000,1,95,4
4,0,4,4000,1,309,11.3761,0.0117,1.871,0.0524,7.7593,5.6442,1,4000,4000,1,98,4
4,0,4,4000,1,310,9.5082,0,0,0.1253,6.3082,6.1563,0,4000,4000,1,0,4
4,0,4,4000,1,311,12.7552,0.0162,2.0115,0.0491,8.2026,5.9511,1,4000,4000,1,79,4
4,0,4,4000,1,312,10.9975,0.0206,1.8982,0.0548,7.7924,5.6485,1,4000,4000,1,96,4
4,0,4,4000,1,313,9.5212,0,0,0.2444,6.28,6.0033,0,4000,4000,1,0,4
4,0,4,4000,1,314,10.8151,0.0127,1.6363,0.0524,7.5446,5.6714,1,4000,4000,1,90,4
4,0,4,4000,1,315,11.2054,0.0136,2.3487,0.05,8.1923,5.6264,1,4000,4000,1,104,4
4,0,4,4000,1,316,9.2917,0,0,0.1179,6.158,6.0188,0,4000,4000,1,0,4
4,0,4,4000,1,317,11.9063,0.0108,1.8544,0.0522,8.3782,6.2497,1,4000,4000,1,72,4
4,0,4,4000,1,318,12.0954,0.0144,2.1679,0.0531,8.2982,5.8407,1,4000,4000,1,72,4
4,0,4,4000,1,319,10.3574,0,0,0.1991,6.6984,6.4487,0,4000,4000,1,0,4
4,0,4,4000,1,320,12.4731,0.016,1.7915,0.0506,7.9909,5.9681,1,4000,4000,1,69,4
4,0,4,4000,1,321,11.1275,0.0158,1.8539,0.0559,8.0225,5.9363,1,4000,4000,1,88,4
4,0,4,4000,1,322,8.8536,0,0,0.1568,5.8362,5.6585,0,4000,4000,1,0,4
4,0,4,4000,1,323,12.5998,0.017,2.007,0.0561,8.0286,5.7907,1,4000,4000,1,79,4
4,0,4,4000,1,324,11.3438,0.5071,1.5312,0.0573,8.3688,6.118,1,4000,4000,1,78,4
4,0,4,4000,1,325,9.1202,0,0,0.1509,6.0391,5.8701,0,4000,4000,1,0,4
4,0,4,4000,1,326,11.1249,0.0157,1.9766,0.0498,7.8968,5.6678,1,4000,4000,1,66,4
4,0,4,4000,1,327,11.8752,0.5219,1.5011,0.0579,8.7713,6.5052,1,4000,4000,1,93,4
4,0,4,4000,1,328,10.5618,0,0,0.2166,6.4964,6.2579,0,4000,4000,1,0,4
4,0,4,4000,1,329,10.861,0.0155,1.7726,0.058,7.482,5.4329,1,4000,4000,1,62,4
4,0,4,4000,1,330,11.2081,0.0255,1.9387,0.058,8.0092,5.7493,1,4000,4000,1,54,4
4,0,4,4000,1,331,9.4004,0,0,0.1916,6.1268,5.9135,0,4000,4000,1,0,4
4,0,4,4000,1,332,10.9877,0.0164,1.6582,0.0579,7.4965,5.6071,1,4000,4000,1,60,4
4,0,4,4000,1,333,9.2746,0,0,0.1564,6.5262,6.3471,0,4000,4000,1,0,4
4,0,4,4000,1,334,10.9646,0.0129,1.6588,0.0529,7.7721,5.8665,1,4000,4000,1,62,4
4,0,4,4000,1,335,11.6569,0.0164,1.9432,0.0563,8.2548,6.0706,1,4000,4000,1,49,4
4,0,4,4000,1,336,10.4954,0,0,0.1826,7.0083,6.7826,0,4000,4000,1,0,4
4,0,4,4000,1,337,14.3862,0.0154,1.9236,0.0671,8.8866,6.7088,1,4000,4000,1,53,4
4,0,4,4000,1,338,11.3835,0.0169,1.8922,0.0572,7.9477,5.7942,1,4000,4000,1,51,4
4,0,4,4000,1,339,11.0013,0.0151,1.766,0.0592,7.6631,5.654,1,4000,4000,1,44,4
4,0,4,4000,1,340,8.9348,0,0,0.166,5.6672,5.4789,0,4000,4000,1,0,4
4,0,4,4000,1,341,10.9172,0.0178,2.0225,0.0526,8.1115,5.8511,1,4000,4000,1,56,4
4,0,4,4000,1,342,11.3003,0,0,0.1985,6.4535,6.2341,0,4000,4000,1,0,4
4,0,4,4000,1,343,10.9335,0.0134,2.0843,0.0559,8.004,5.6874,1,4000,4000,1,47,4
4,0,4,4000,1,344,10.8791,0.0171,1.751,0.0564,7.9035,5.908,1,4000,4000,1,52,4
4,0,4,4000,1,345,10.0617,0,0,0.1792,6.6,6.3941,0,4000,4000,1,0,4
4,0,4,4000,1,346,11.5655,0.0125,1.82,0.0591,8.1141,6.0681,1,4000,4000,1,48,4
4,0,4,4000,1,347,10.9418,0.0207,1.5932,0.0563,7.8206,5.9846,1,4000,4000,1,33,4
4,0,4,4000,1,348,9.3283,0,0,0.1609,5.992,5.8083,0,4000,4000,1,0,4
4,0,4,4000,1,349,12.4339,0.0236,2.0401,0.0583,8.7132,6.4122,1,4000,4000,1,38,4
4,0,4,4000,1,350,11.8958,0.0184,1.6885,0.0548,8.6223,5.7771,1,4000,4000,1,44,4
4,0,4,4000,1,351,9.9693,0,0,0.1696,6.4691,6.2692,0,4000,4000,1,0,4
4,0,4,4000,1,352,11.9819,0.0243,1.7225,0.057,8.0235,6.0517,1,4000,4000,1,44,4
4,0,4,4000,1,353,11.0341,0.0221,1.5972,0.0563,7.836,5.975,1,4000,4000,1,45,4
4,0,4,4000,1,354,9.0292,0,0,0.1779,5.8765,5.678,0,4000,4000,1,0,4
4,0,4,4000,1,355,11.8032,0.0198,1.449,0.0523,7.2883,5.6075,1,4000,4000,1,36,4
4,0,4,4000,1,356,10.6255,0.0145,1.6381,0.0557,7.708,5.8234,1,4000,4000,1,35,4
4,0,4,4000,1,357,9.3498,0,0,0.1737,6.2187,6.0202,0,4000,4000,1,0,4
4,0,4,4000,1,358,11.6715,0.0095,1.7327,0.0579,8.5283,6.5127,1,4000,4000,1,40,4
4,0,4,4000,1,359,9.8746,0,0,0.1654,6.374,6.1879,0,4000,4000,1,0,4
4,0,4,4000,1,360,11.13,0.0147,1.7936,0.056,7.8116,5.7774,1,4000,4000,1,34,4
4,0,4,4000,1,361,11.1629,0.0137,1.7378,0.0579,8.3069,6.2696,1,4000,4000,1,38,4
4,0,4,4000,1,362,8.8757,0,0,0.1377,5.648,5.4903,0,4000,4000,1,0,4
4,0,4,4000,1,363,11.1059,0.0124,1.481,0.0514,7.774,5.9917,1,4000,4000,1,27,4
4,0,4,4000,1,364,10.5635,0.0159,1.4594,0.0515,7.3865,5.6714,1,4000,4000,1,33,4
4,0,4,4000,1,365,10.2819,0,0,0.1517,5.9325,5.7596,0,4000,4000,1,0,4
4,0,4,4000,1,366,10.8706,0.0106,1.4779,0.0536,7.4288,5.7114,1,4000,4000,1,31,4
4,0,4,4000,1,367,9.495,0,0,0.1925,6.1346,5.92,0,4000,4000,1,0,4
4,0,4,4000,1,368,11.7896,0.0186,1.4924,0.0541,7.8058,6.0669,1,4000,4000,1,34,4
4,0,4,4000,1,369,11.0014,0.0131,1.4849,0.0644,7.4507,5.6706,1,4000,4000,1,35,4
4,0,4,4000,1,370,8.805,0,0,0.1218,5.6283,5.484,0,4000,4000,1,0,4
4,0,4,4000,1,371,11.2649,0.012,1.4009,0.0523,7.5147,5.8577,1,4000,4000,1,30,4
4,0,4,4000,1,372,11.8653,0.0184,1.7437,0.0568,7.8628,5.849,1,4000,4000,1,27,4
4,0,4,4000,1,373,9.2496,0,0,0.154,5.8131,5.6343,0,4000,4000,1,0,4
4,0,4,4000,1,374,11.056,0.015,1.3821,0.0506,7.2551,5.6157,1,4000,4000,1,30,4
4,0,4,4000,1,375,10.5126,0.0137,1.3792,0.0531,7.3807,5.7539,1,4000,4000,1,21,4
4,0,4,4000,1,376,9.3612,0,0,0.1317,5.9585,5.8035,0,4000,4000,1,0,4
4,0,4,4000,1,377,10.8219,0.0137,1.5965,0.0528,7.4873,5.6487,1,4000,4000,1,28,4
4,0,4,4000,1,378,9.707,0,0,0.1345,6.3612,6.2021,0,4000,4000,1,0,4
4,0,4,4000,1,379,11.5458,0.0102,1.5608,0.0552,7.925,6.1231,1,4000,4000,1,31,4
4,0,4,4000,1,380,11.2253,0.0137,1.3764,0.0591,8.1093,6.4546,1,4000,4000,1,26,4
4,0,4,4000,1,381,10.1537,0,0,0.1425,5.9494,5.7822,0,4000,4000,1,0,4
4,0,4,4000,1,382,10.6045,0.0094,1.4211,0.0538,7.4586,5.8131,1,4000,4000,1,28,4
4,0,4,4000,1,383,10.527,0.0119,1.3967,0.0528,7.4077,5.6973,1,4000,4000,1,34,4
4,0,4,4000,1,384,9.0657,0,0,0.1401,5.7882,5.6259,0,4000,4000,1,0,4
4,0,4,4000,1,385,10.7696,0.0122,1.4339,0.0514,7.6139,5.9383,1,4000,4000,1,39,4
4,0,4,4000,1,386,9.3841,0,0,0.1443,5.838,5.6719,0,4000,4000,1,0,4
4,0,4,4000,1,387,10.8912,0.0144,1.5009,0.0555,7.4679,5.7202,1,4000,4000,1,45,4
4,0,4,4000,1,388,11.1313,0.0124,1.6721,0.0553,7.8059,5.8948,1,4000,4000,1,63,4
4,0,4,4000,1,389,9.6596,0,0,0.1619,6.1381,5.937,0,4000,4000,1,0,4
4,0,4,4000,1,390,11.9443,0.011,1.7277,0.058,8.1994,5.9154,1,4000,4000,1,82,4
4,0,4,4000,1,391,12.4348,0.0141,1.6542,0.0538,8.9214,7.0222,1,4000,4000,1,85,4
4,0,4,4000,1,392,10.2407,0,0,0.1778,5.6672,5.4645,0,4000,4000,1,0,4
4,0,4,4000,1,393,10.9617,0.0106,1.9324,0.0506,7.7465,5.5802,1,4000,4000,1,132,4
4,0,4,4000,1,394,11.1022,0.0109,1.7237,0.0548,8.0523,6.0883,1,4000,4000,1,123,4
4,0,4,4000,1,395,8.9351,0,0,0.1536,5.8581,5.6848,0,4000,4000,1,0,4
4,0,4,4000,1,396,11.1687,0.0114,1.7558,0.0558,7.7022,5.7205,1,4000,4000,1,133,4
4,0,4,4000,1,397,9.3254,0,0,0.1265,6.0755,5.9228,0,4000,4000,1,0,4
4,0,4,4000,1,398,11.3044,0.0085,1.9024,0.0542,7.8296,5.6912,1,4000,4000,1,149,4
4,0,4,4000,1,399,10.836,0.0096,1.9097,0.0505,7.6201,5.4712,1,4000,4000,1,166,4
4,0,4,4000,1,400,9.5663,0,0,0.1203,6.263,6.113,0,4000,4000,1,0,4
4,0,4,4000,1,401,11.1489,0.0122,2.193,0.0549,7.9853,5.5474,1,4000,4000,1,236,4
4,0,4,4000,1,402,12.7008,0.0176,2.4257,0.053,8.9409,6.244,1,4000,4000,1,262,4
4,0,4,4000,1,403,9.9088,0,0,0.1948,6.0075,5.7892,0,4000,4000,1,0,4
4,0,4,4000,1,404,11.2388,0.0092,2.2463,0.0549,8.1022,5.6123,1,4000,4000,1,311,4
4,0,4,4000,1,405,12.4676,0.0138,2.7714,0.056,8.6658,5.6511,1,4000,4000,1,327,4
4,0,4,4000,1,406,9.8247,0,0,0.1924,6.1885,5.9738,0,4000,4000,1,0,4
4,0,4,4000,1,407,12.0814,0.0117,2.7639,0.0548,8.9521,5.9578,1,4000,4000,1,315,4
4,0,4,4000,1,408,11.7656,0.0126,2.3237,0.052,8.2686,5.6974,1,4000,4000,1,230,4
4,0,4,4000,1,409,10.7687,0,0,0.1701,6.9759,6.7734,0,4000,4000,1,0,4
4,0,4,4000,1,410,12.7082,0.0162,2.3538,0.0579,9.4129,6.5282,1,4000,4000,1,275,4
4,0,4,4000,1,411,11.9637,0.0188,2.4814,0.0524,8.5035,5.7739,1,4000,4000,1,241,4
4,0,4,4000,1,412,11.6389,0.0199,2.7297,0.0546,8.5583,5.5812,1,4000,4000,1,255,4
4,0,4,4000,1,413,9.7318,0,0,0.1705,5.7674,5.5754,0,4000,4000,1,0,4
4,0,4,4000,1,414,11.5481,0.0172,2.4213,0.0524,8.5898,5.927,1,4000,4000,1,231,4
4,0,4,4000,1,415,12.0575,0.0197,2.7309,0.0582,8.8003,5.8225,1,4000,4000,1,258,4
4,0,4,4000,1,416,9.1986,0,0,0.1645,6.1455,5.9603,0,4000,4000,1,0,4
4,0,4,4000,1,417,12.0437,0.0201,2.601,0.0579,8.7171,5.874,1,4000,4000,1,245,4
4,0,4,4000,1,418,12.0133,0.0206,2.5938,0.0568,8.6618,5.8287,1,4000,4000,1,302,4
4,0,4,4000,1,419,9.6192,0,0,0.1618,6.2228,6.0402,0,4000,4000,1,0,4
4,0,4,4000,1,420,11.9441,0.0191,2.6026,0.0579,8.4496,5.5967,1,4000,4000,1,261,4
4,0,4,4000,1,421,12.989,0.03,2.7063,0.058,9.9144,6.9314,1,4000,4000,1,312,4
4,0,4,4000,1,422,11.3761,0,0,0.3306,6.3242,5.9713,0,4000,4000,1,0,4
4,0,4,4000,1,423,12.4272,0.0173,2.6134,0.0525,9.2078,6.3612,1,4000,4000,1,273,4
4,0,4,4000,1,424,12.0526,0.0172,2.7815,0.0563,8.6242,5.6069,1,4000,4000,1,316,4
4,0,4,4000,1,425,10.5167,0,0,0.2695,6.502,6.2051,0,4000,4000,1,0,4
4,0,4,4000,1,426,11.7893,0.0138,2.6948,0.0544,8.6888,5.7264,1,4000,4000,1,286,4
4,0,4,4000,1,427,12.3711,0.0298,2.6057,0.0564,9.1286,6.2642,1,4000,4000,1,295,4
4,0,4,4000,1,428,13.1604,0.0232,2.7174,0.0631,9.5479,6.5572,1,4000,4000,1,299,4
4,0,4,4000,1,429,10.4506,0,0,0.1757,6.5934,6.3942,0,4000,4000,1,0,4
4,0,4,4000,1,430,12.5822,0.0162,2.5746,0.0566,9.4865,6.6588,1,4000,4000,1,277,4
4,0,4,4000,1,431,12.952,0.016,2.38,0.056,8.3301,5.7157,1,4000,4000,1,309,4
4,0,4,4000,1,432,8.8497,0,0,0.1512,5.7788,5.609,0,4000,4000,1,0,4
4,0,4,4000,1,433,11.5917,0.0159,2.9218,0.0578,8.7086,5.5496,1,4000,4000,1,326,4
4,0,4,4000,1,434,11.368,0.0195,2.3587,0.0515,8.1857,5.5385,1,4000,4000,1,300,4
4,0,4,4000,1,435,9.3638,0,0,0.1579,6.2566,6.0617,0,4000,4000,1,0,4
4,0,4,4000,1,436,11.896,0.0178,2.8789,0.0566,8.7231,5.5999,1,4000,4000,1,285,4
4,0,4,4000,1,437,12.2591,0.0159,3.2015,0.0543,9.1705,5.7422,1,4000,4000,1,341,4
4,0,4,4000,1,438,9.0256,0,0,0.182,5.9099,5.7042,0,4000,4000,1,0,4
4,0,4,4000,1,439,11.6699,0.0163,2.3294,0.0525,8.1335,5.5653,1,4000,4000,1,275,4
4,0,4,4000,1,440,12.2029,0.4342,1.9997,0.0575,8.9806,6.3237,1,4000,4000,1,308,4
4,0,4,4000,1,441,9.0456,0,0,0.1397,5.8115,5.6482,0,4000,4000,1,0,4
4,0,4,4000,1,442,13.1382,0.0218,2.5159,0.058,9.1434,6.3278,1,4000,4000,1,341,4
4,0,4,4000,1,443,13.284,0.0157,2.8215,0.0523,8.7189,5.6607,1,4000,4000,1,292,4
4,0,4,4000,1,444,12.5023,0.0128,2.7367,0.0821,9.135,5.8207,1,4000,4000,1,283,4
4,0,4,4000,1,445,10.3695,0,0,0.1719,6.9085,6.7135,0,4000,4000,1,0,4
4,0,4,4000,1,446,12.8526,0.0202,2.9214,0.054,9.1145,5.9606,1,4000,4000,1,328,4
4,0,4,4000,1,447,12.1794,0.0113,2.5933,0.0542,8.6278,5.7852,1,4000,4000,1,263,4
4,0,4,4000,1,448,9.8573,0,0,0.142,6.5219,6.3527,0,4000,4000,1,0,4
4,0,4,4000,1,449,13.2021,0.0114,2.7019,0.0615,9.4066,6.4523,1,4000,4000,1,293,4
4,0,4,4000,1,450,12.7795,0.0211,2.6358,0.0518,9.1529,6.2405,1,4000,4000,1,311,4
4,0,4,4000,1,451,12.9553,0.014,3.3237,0.0532,9.4834,5.9108,1,4000,4000,1,337,4
4,0,4,4000,1,452,9.0888,0,0,0.1316,5.6493,5.4984,0,4000,4000,1,0,4
4,0,4,4000,1,453,12.0282,0.0227,2.4112,0.0564,8.3737,5.7097,1,4000,4000,1,278,4
4,0,4,4000,1,454,11.4244,0.0194,2.4043,0.0523,8.1698,5.5193,1,4000,4000,1,296,4
4,0,4,4000,1,455,9.9588,0,0,0.1598,6.219,6.03,0,4000,4000,1,0,4
4,0,4,4000,1,456,11.6429,0.0134,2.5085,0.0524,8.3422,5.606,1,4000,4000,1,241,4
4,0,4,4000,1,457,11.5521,0.0193,2.1892,0.0567,8.5257,6.0759,1,4000,4000,1,248,4
4,0,4,4000,1,458,9.4004,0,0,0.1884,6.0038,5.7947,0,4000,4000,1,0,4
4,0,4,4000,1,459,13.0054,0.0233,2.7157,0.0579,9.5473,6.5147,1,4000,4000,1,248,4
4,0,4,4000,1,460,11.7146,0.0295,2.2134,0.0653,8.4903,6.015,1,4000,4000,1,221,4
4,0,4,4000,1,461,9.2225,0,0,0.2037,6.1063,5.8845,0,4000,4000,1,0,4
4,0,4,4000,1,462,11.9315,0.0145,2.0973,0.0524,8.1091,5.7829,1,4000,4000,1,231,4
4,0,4,4000,1,463,11.7144,0.0215,2.5575,0.0571,8.8081,5.9684,1,4000,4000,1,227,4
4,0,4,4000,1,464,9.5019,0,0,0.1997,6.1401,5.9189,0,4000,4000,1,0,4
4,0,4,4000,1,465,11.8191,0.0136,2.2432,0.0523,7.9206,5.441,1,4000,4000,1,255,4
4,0,4,4000,1,466,11.4726,0.4687,2.1679,0.0504,8.3749,5.5159,1,4000,4000,1,260,4
4,0,4,4000,1,467,9.1724,0,0,0.1565,5.9792,5.799,0,4000,4000,1,0,4
4,0,4,4000,1,468,11.1346,0.0192,2.1693,0.0547,7.9204,5.4862,1,4000,4000,1,243,4
4,0,4,4000,1,469,9.6244,0,0,0.1725,6.0833,5.8872,0,4000,4000,1,0,4
4,0,4,4000,1,470,12.2373,0.0144,2.2279,0.0561,8.9578,6.4897,1,4000,4000,1,235,4
4,0,4,4000,1,471,13.4878,0.0258,2.7087,0.0539,9.9131,6.8622,1,4000,4000,1,238,4
4,0,4,4000,1,472,11.7906,0.0253,2.4145,0.0582,8.5128,5.8455,1,4000,4000,1,223,4
4,0,4,4000,1,473,9.4486,0,0,0.161,5.8743,5.6923,0,4000,4000,1,0,4
4,0,4,4000,1,474,11.5676,0.0209,2.3008,0.0507,8.316,5.7807,1,4000,4000,1,236,4
4,0,4,4000,1,475,11.2447,0.017,2.0821,0.0547,8.1602,5.837,1,4000,4000,1,211,4
4,0,4,4000,1,476,9.1665,0,0,0.1655,5.9183,5.7329,0,4000,4000,1,0,4
4,0,4,4000,1,477,11.6136,0.0157,2.1489,0.0534,8.3797,5.9915,1,4000,4000,1,240,4
4,0,4,4000,1,478,8.8184,0,0,0.1571,5.9034,5.7273,0,4000,4000,1,0,4
4,0,4,4000,1,479,11.1256,0.0131,2.0867,0.056,8.1012,5.7505,1,4000,4000,1,257,4
4,0,4,4000,1,480,12.0819,0.0152,2.3,0.0571,8.8265,6.2502,1,4000,4000,1,250,4
4,0,4,4000,1,481,11.283,0,0,0.2114,6.3585,6.124,0,4000,4000,1,0,4
4,0,4,4000,1,482,11.2517,0.0153,2.2089,0.0581,8.2139,5.7514,1,4000,4000,1,244,4
4,0,4,4000,1,483,11.9914,0.0084,2.6353,0.0537,8.5848,5.6691,1,4000,4000,1,251,4
4,0,4,4000,1,484,10.0776,0,0,0.1799,6.6807,6.4793,0,4000,4000,1,0,4
4,0,4,4000,1,485,11.6269,0.0141,2.5009,0.0555,8.2554,5.5154,1,4000,4000,1,337,4
4,0,4,4000,1,486,11.8858,0.0102,2.2806,0.0559,8.2041,5.6823,1,4000,4000,1,311,4
4,0,4,4000,1,487,9.5213,0,0,0.1523,6.2766,6.106,0,4000,4000,1,0,4
4,0,4,4000,1,488,12.7688,0.0309,2.2373,0.0834,8.1124,5.5764,1,4000,4000,1,246,4
4,0,4,4000,1,489,10.7843,0.0133,2.1619,0.0514,7.8743,5.4873,1,4000,4000,1,268,4
4,0,4,4000,1,490,9.6072,0,0,0.1544,6.2281,6.0532,0,4000,4000,1,0,4
4,0,4,4000,1,491,11.5844,0.0159,2.2383,0.0564,8.4194,5.9205,1,4000,4000,1,256,4
4,0,4,4000,1,492,12.816,0.0183,2.3264,0.0554,8.5319,5.9415,1,4000,4000,1,238,4
4,0,4,4000,1,493,11.4598,0.0163,2.2619,0.0538,8.1205,5.6287,1,4000,4000,1,246,4
4,0,4,4000,1,494,9.5028,0,0,0.1527,6.2308,6.0553,0,4000,4000,1,0,4
4,0,4,4000,1,495,11.5067,0.0148,2.2135,0.0537,8.1464,5.6892,1,4000,4000,1,284,4
4,0,4,4000,1,496,9.4805,0,0,0.1648,6.0133,5.8266,0,4000,4000,1,0,4
4,0,4,4000,1,497,12.0701,0.0191,2.3115,0.0567,8.968,6.4037,1,4000,4000,1,251,4
4,0,4,4000,1,498,12.8029,0.0129,2.1909,0.0505,8.2152,5.7625,1,4000,4000,1,258,4
4,0,4,4000,1,499,11.2214,0.0169,2.3928,0.0538,8.1753,5.5469,1,4000,4000,1,243,4
4,0,4,4000,1,500,12.8617,0,0,0.4034,8.5225,8.0486,0,4000,4000,1,0,4
4,0,4,4000,1,501,15.1418,0.0166,2.7405,0.0599,9.2212,6.1919,1,4000,4000,1,255,4
4,0,4,4000,1,502,14.2815,0.0188,2.6155,0.0613,10.0543,7.1465,1,4000,4000,1,259,4
4,0,4,4000,1,503,14.1154,0.0163,2.6117,0.072,9.4519,6.5568,1,4000,4000,1,238,4
4,0,4,4000,1,504,11.9195,0.0214,2.4023,0.0544,8.4971,5.8494,1,4000,4000,1,223,4
4,0,4,4000,1,505,9.2481,0,0,0.1829,6.1477,5.9436,0,4000,4000,1,0,4
4,0,4,4000,1,506,12.4142,0.0175,2.2972,0.0539,8.5554,6.016,1,4000,4000,1,262,4
4,0,4,4000,1,507,13.7202,0.0168,3.2034,0.0543,10.0497,6.5852,1,4000,4000,1,243,4
4,0,4,4000,1,508,10.1233,0,0,0.2051,6.1581,5.9335,0,4000,4000,1,0,4
4,0,4,4000,1,509,11.2724,0.0149,2.2117,0.0524,8.296,5.8449,1,4000,4000,1,280,4
4,0,4,4000,1,510,11.562,0.0135,2.3292,0.0525,8.39,5.8086,1,4000,4000,1,310,4
4,0,4,4000,1,511,9.8618,0,0,0.169,6.1039,5.9115,0,4000,4000,1,0,4
4,0,4,4000,1,512,11.6142,0.0109,2.5307,0.0579,8.6124,5.8444,1,4000,4000,1,321,4
4,0,4,4000,1,513,12.7165,0.0152,2.5953,0.0565,8.9256,6.0729,1,4000,4000,1,278,4
4,0,4,4000,1,514,9.9825,0,0,0.3501,6.6609,6.2874,0,4000,4000,1,0,4
4,0,4,4000,1,515,13.0659,0.0158,2.6268,0.0602,9.1129,6.229,1,4000,4000,1,277,4
4,0,4,4000,1,516,14.3635,0.0208,3.2038,0.0654,10.3286,6.8396,1,4000,4000,1,270,4
4,0,4,4000,1,517,12.181,0.0175,2.3434,0.0578,8.4814,5.8963,1,4000,4000,1,255,4
4,0,4,4000,1,518,9.4223,0,0,0.1516,5.8873,5.7121,0,4000,4000,1,0,4
4,0,4,4000,1,519,11.989,0.0176,2.2796,0.0526,8.7411,6.2141,1,4000,4000,1,234,4
4,0,4,4000,1,520,12.6052,0.0151,2.1625,0.058,8.3485,5.9055,1,4000,4000,1,259,4
4,0,4,4000,1,521,8.9512,0,0,0.1533,5.8568,5.683,0,4000,4000,1,0,4
4,0,4,4000,1,522,11.511,0.0151,2.2263,0.0564,8.2856,5.7983,1,4000,4000,1,288,4
4,0,4,4000,1,523,12.2146,0.014,2.3719,0.0566,8.632,6.0222,1,4000,4000,1,270,4
4,0,4,4000,1,524,9.0374,0,0,0.1793,5.9086,5.7072,0,4000,4000,1,0,4
4,0,4,4000,1,525,11.9223,0.0131,2.7071,0.0505,8.6681,5.7307,1,4000,4000,1,328,4
4,0,4,4000,1,526,11.5552,0.0195,2.2876,0.0539,8.6853,6.1677,1,4000,4000,1,281,4
4,0,4,4000,1,527,8.9333,0,0,0.1518,5.9309,5.7589,0,4000,4000,1,0,4
4,0,4,4000,1,528,12.7857,0.1363,2.3148,0.0544,9.1649,6.4396,1,4000,4000,1,250,4
4,0,4,4000,1,529,12.4377,0.0163,2.8451,0.0523,8.6884,5.6116,1,4000,4000,1,331,4
4,0,4,4000,1,530,10.4636,0,0,0.1506,7.2832,7.1127,0,4000,4000,1,0,4
4,0,4,4000,1,531,11.0807,0.0167,2.2941,0.0559,8.1996,5.6605,1,4000,4000,1,309,4
4,0,4,4000,1,532,12.1014,0.0133,2.4313,0.0538,8.3441,5.6787,1,4000,4000,1,319,4
4,0,4,4000,1,533,9.4595,0,0,0.1574,6.382,6.2023,0,4000,4000,1,0,4
4,0,4,4000,1,534,12.0113,0.0122,2.3934,0.0538,8.7718,6.1505,1,4000,4000,1,266,4
4,0,4,4000,1,535,11.9839,0.0129,2.4887,0.0553,8.4921,5.7766,1,4000,4000,1,347,4
4,0,4,4000,1,536,9.9873,0,0,0.171,6.0077,5.8069,0,4000,4000,1,0,4
4,0,4,4000,1,537,12.1672,0.0123,2.8963,0.0577,9.0764,5.9277,1,4000,4000,1,367,4
4,0,4,4000,1,538,12.1302,0.0124,2.47,0.0552,9.0373,6.3257,1,4000,4000,1,327,4
4,0,4,4000,1,539,12.1108,0.0195,2.5365,0.0505,8.5163,5.739,1,4000,4000,1,289,4
4,0,4,4000,1,540,10.6563,0,0,0.2152,7.2332,6.9866,0,4000,4000,1,0,4
4,0,4,4000,1,541,12.4281,0.0196,2.4285,0.0521,9.0004,6.3216,1,4000,4000,1,249,4
4,0,4,4000,1,542,11.9359,0.0225,2.7335,0.0524,9.0498,6.0761,1,4000,4000,1,272,4
4,0,4,4000,1,543,9.8798,0,0,0.1755,6.4136,6.2139,0,4000,4000,1,0,4
4,0,4,4000,1,544,12.1905,0.0315,2.7422,0.0563,8.9675,5.9474,1,4000,4000,1,254,4
4,0,4,4000,1,545,12.943,0.0212,2.5697,0.0592,9.4338,6.6185,1,4000,4000,1,265,4
4,0,4,4000,1,546,9.2076,0,0,0.2189,6.1374,5.8966,0,4000,4000,1,0,4
4,0,4,4000,1,547,11.6535,0.0165,2.2572,0.0573,8.3505,5.8509,1,4000,4000,1,226,4
4,0,4,4000,1,548,12.7633,0.017,2.6943,0.0563,9.7663,6.813,1,4000,4000,1,196,4
4,0,4,4000,1,549,9.7897,0,0,0.2646,6.4688,6.1813,0,4000,4000,1,0,4
4,0,4,4000,1,550,11.171,0.0124,2.2762,0.0545,8.0609,5.5576,1,4000,4000,1,205,4
5,1,4,4000,1,151,9.4015,0.0718,0.1798,0.1321,5.696,5.5527,0,4000,4000,1,0,4
5,1,4,4000,1,152,9.8107,0.0137,0.2516,0.0581,6.2188,5.7041,1,4000,4000,1,11,4
5,1,4,4000,1,153,8.6419,0.0137,0.2516,0.1191,5.5253,5.3965,0,4000,4000,1,0,4
5,1,4,4000,1,154,9.3752,0.0253,0.2378,0.0615,6.3175,5.8523,1,4000,4000,1,4,4
5,1,4,4000,1,155,9.0098,0.0253,0.2378,0.1247,5.8945,5.7588,0,4000,4000,1,0,4
5,1,4,4000,1,156,9.7132,0.0146,0.2316,0.0529,6.2197,5.7841,1,4000,4000,1,13,4
5,1,4,4000,1,157,9.1367,0.0146,0.2316,0.1497,6.1337,5.9733,0,4000,4000,1,0,4
5,1,4,4000,1,158,9.5867,0.0119,0.2147,0.0568,5.8746,5.4426,1,4000,4000,1,9,4
5,1,4,4000,1,159,9.9771,0.0136,0.3007,0.0548,6.6087,6.0914,1,4000,4000,1,16,4
5,1,4,4000,1,160,8.7498,0.0462,0.0561,0.1098,5.3601,5.2408,0,4000,4000,1,0,4
5,1,4,4000,1,161,9.4456,0.0113,0.2544,0.0544,6.0126,5.5382,1,4000,4000,1,8,4
5,1,4,4000,1,162,8.9943,0.0113,0.2544,0.1243,5.8621,5.7288,0,4000,4000,1,0,4
5,1,4,4000,1,163,9.1015,0.015,0.2125,0.0547,5.8791,5.4724,1,4000,4000,1,7,4
5,1,4,4000,1,164,9.4875,0.015,0.2125,0.1297,6.2473,6.1065,0,4000,4000,1,0,4
5,1,4,4000,1,165,8.7443,0.012,0.2008,0.0524,5.5088,5.1061,1,4000,4000,1,8,4
5,1,4,4000,1,166,8.3982,0.012,0.2008,0.1062,5.2298,5.1146,0,4000,4000,1,0,4
5,1,4,4000,1,167,9.0846,0.0105,0.2551,0.053,6.0651,5.5611,1,4000,4000,1,11,4
5,1,4,4000,1,168,9.0573,0.0105,0.2551,0.1662,5.7717,5.5943,0,4000,4000,1,0,4
5,1,4,4000,1,169,10.6034,0.0166,0.4084,0.0579,6.8438,6.1952,1,4000,4000,1,14,4
5,1,4,4000,1,170,10.2642,0.1219,0.2662,0.0583,6.7301,6.1123,1,4000,4000,1,12,4
5,1,4,4000,1,171,9.1295,0.1219,0.2662,0.1414,5.7838,5.6318,0,4000,4000,1,0,4
5,1,4,4000,1,172,9.8616,0.0095,0.2712,0.1277,6.5411,5.9676,1,4000,4000,1,13,4
5,1,4,4000,1,173,9.1327,0.0095,0.2712,0.1425,5.9318,5.7789,0,4000,4000,1,0,4
5,1,4,4000,1,174,9.9627,0.0097,0.2086,0.0579,6.3387,5.9266,1,4000,4000,1,6,4
5,1,4,4000,1,175,9.665,0.0102,0.2624,0.0611,6.3319,5.8014,1,4000,4000,1,10,4
5,1,4,4000,1,176,9.5667,0.1209,0.0049,0.1246,5.8589,5.7242,0,4000,4000,1,0,4
5,1,4,4000,1,177,8.9063,0.0117,0.2022,0.0536,5.7443,5.3611,1,4000,4000,1,16,4
5,1,4,4000,1,178,8.5829,0.0117,0.2022,0.1376,5.335,5.1872,0,4000,4000,1,0,4
5,1,4,4000,1,179,9.5736,0.0107,0.2887,0.051,6.3675,5.8735,1,4000,4000,1,6,4
5,1,4,4000,1,180,9.8261,0.0107,0.2887,0.1858,6.0273,5.8305,0,4000,4000,1,0,4
5,1,4,4000,1,181,10.2039,0.0119,0.2129,0.0561,5.9271,5.3334,1,4000,4000,1,5,4
5,1,4,4000,1,182,10.0756,0.0102,0.3288,0.0548,6.7644,6.2133,1,4000,4000,1,11,4
5,1,4,4000,1,183,9.0187,0.0607,0.0736,0.1168,5.4956,5.3698,0,4000,4000,1,0,4
5,1,4,4000,1,184,9.8295,0.0093,0.2696,0.0825,6.0917,5.5688,1,4000,4000,1,7,4
5,1,4,4000,1,185,13.1989,0.0093,0.2696,0.1957,7.8219,7.6103,0,4000,4000,1,0,4
5,1,4,4000,1,186,12.6458,0.0163,0.2861,0.058,7.0494,6.5146,1,4000,4000,1,11,4
5,1,4,4000,1,187,11.1131,0.0178,0.2728,0.0537,7.2976,6.7793,1,4000,4000,1,3,4
5,1,4,4000,1,188,10.2371,0.0226,0.2255,0.0626,6.8767,6.432,1,4000,4000,1,4,4
5,1,4,4000,1,189,9.9482,0.0516,0.182,0.1659,5.7383,5.5553,0,4000,4000,1,0,4
5,1,4,4000,1,190,8.7068,0.0171,0.1933,0.0514,5.8672,5.49,1,4000,4000,1,11,4
5,1,4,4000,1,191,8.8203,0.0171,0.1933,0.14,5.7129,5.5613,0,4000,4000,1,0,4
5,1,4,4000,1,192,8.792,0.0163,0.19,0.0526,5.7808,5.4007,1,4000,4000,1,5,4
5,1,4,4000,1,193,9.0772,0.0163,0.19,0.1138,6.1415,6.0176,0,4000,4000,1,0,4
5,1,4,4000,1,194,10.4244,0.0192,0.3379,0.0566,6.7944,6.1929,1,4000,4000,1,8,4
5,1,4,4000,1,195,8.6865,0.0192,0.3379,0.111,5.5465,5.4266,0,4000,4000,1,0,4
5,1,4,4000,1,196,9.3181,0.0169,0.1919,0.1609,6.2942,5.7924,1,4000,4000,1,3,4
5,1,4,4000,1,197,9.6516,0.0165,0.2757,0.0702,6.4698,5.9608,1,4000,4000,1,6,4
5,1,4,4000,1,198,10.1534,0.0491,0.0931,0.1266,6.3804,6.2417,0,4000,4000,1,0,4
5,1,4,4000,1,199,9.6951,0.0116,0.2131,0.0591,6.3101,5.8795,1,4000,4000,1,5,4
5,1,4,4000,1,200,9.0899,0.0116,0.2131,0.1279,5.8248,5.6874,0,4000,4000,1,0,4
5,1,4,4000,1,201,10.0534,0.0146,0.3974,0.0508,6.57,5.9966,1,4000,4000,1,246,4
5,1,4,4000,1,202,9.1244,0.0146,0.3974,0.1317,5.8743,5.7325,0,4000,4000,1,0,4
5,1,4,4000,1,203,10.4224,0.0142,0.5136,0.055,7.163,6.242,1,4000,4000,1,8,4
5,1,4,4000,1,204,10.2578,0.0153,0.2822,0.0591,6.6967,6.203,1,4000,4000,1,6,4
5,1,4,4000,1,205,8.4593,0.0153,0.2822,0.1327,5.5908,5.4485,0,4000,4000,1,0,4
5,1,4,4000,1,206,9.8413,0.0122,0.2175,0.0567,6.433,6.0095,1,4000,4000,1,7,4
5,1,4,4000,1,207,8.4377,0.0122,0.2175,0.1414,5.464,5.313,0,4000,4000,1,0,4
5,1,4,4000,1,208,10.5131,0.009,0.6432,0.0544,6.7259,5.8691,1,4000,4000,1,486,4
5,1,4,4000,1,209,12.0014,0.0171,0.3445,0.0616,8.4737,7.9091,1,4000,4000,1,7,4
5,1,4,4000,1,210,9.5406,0.0705,0.004,0.1128,6.0171,5.8937,0,4000,4000,1,0,4
5,1,4,4000,1,211,10.5645,0.0179,0.244,0.0566,6.1882,5.763,1,4000,4000,1,7,4
5,1,4,4000,1,212,8.5334,0.0179,0.244,0.1471,5.4027,5.2427,0,4000,4000,1,0,4
5,1,4,4000,1,213,9.0016,0.0122,0.2252,0.0555,6.0204,5.6088,1,4000,4000,1,6,4
5,1,4,4000,1,214,8.6831,0.0122,0.2252,0.1107,5.7981,5.6764,0,4000,4000,1,0,4
5,1,4,4000,1,215,10.8514,0.0233,0.426,0.0646,6.2192,5.5718,1,4000,4000,1,245,4
5,1,4,4000,1,216,9.0328,0.0117,0.3381,0.0544,5.8805,5.3477,1,4000,4000,1,253,4
5,1,4,4000,1,217,9.3287,0.0117,0.3381,0.1914,6.3818,6.1792,0,4000,4000,1,0,4
5,1,4,4000,1,218,10.4651,0.0144,0.2766,0.0549,6.2423,5.714,1,4000,4000,1,8,4
5,1,4,4000,1,219,8.9932,0.0144,0.2766,0.1444,5.6993,5.541,0,4000,4000,1,0,4
5,1,4,4000,1,220,9.9218,0.0722,0.3931,0.058,6.2364,5.5159,1,4000,4000,1,3,4
5,1,4,4000,1,221,9.1614,0.0174,0.272,0.0517,6.1669,5.7177,1,4000,4000,1,4,4
5,1,4,4000,1,222,9.2412,0.0636,0.0365,0.1088,6.0767,5.9571,0,4000,4000,1,0,4
5,1,4,4000,1,223,9.508,0.0151,0.5508,0.0586,6.3703,5.6393,1,4000,4000,1,484,4
5,1,4,4000,1,224,9.1249,0.0736,0.0042,0.1065,5.6436,5.527,0,4000,4000,1,0,4
5,1,4,4000,1,225,9.1626,0.0158,0.2662,0.0649,6.3013,5.8223,1,4000,4000,1,3,4
5,1,4,4000,1,226,9.0484,0.0158,0.2662,0.1148,6.0485,5.9243,0,4000,4000,1,0,4
5,1,4,4000,1,227,12.7483,0.0154,1.7691,0.0564,9.3779,7.165,1,4000,4000,1,924,4
5,1,4,4000,1,228,10.0342,0.0214,0.6286,0.0566,6.631,5.7767,1,4000,4000,1,312,4
5,1,4,4000,1,229,8.8549,0.0726,0.1559,0.1071,5.68,5.5619,0,4000,4000,1,0,4
5,1,4,4000,1,230,9.255,0.0155,0.4453,0.0516,6.3896,5.7662,1,4000,4000,1,113,4
5,1,4,4000,1,231,8.6397,0.0155,0.4453,0.1055,5.7054,5.5901,0,4000,4000,1,0,4
5,1,4,4000,1,232,10.2838,0.0206,0.3724,0.0564,6.5256,5.9652,1,4000,4000,1,174,4
5,1,4,4000,1,233,8.6352,0.0206,0.3724,0.1274,5.7521,5.6125,0,4000,4000,1,0,4
5,1,4,4000,1,234,9.9107,0.0134,0.5167,0.0508,6.492,5.8054,1,4000,4000,1,471,4
5,1,4,4000,1,235,10.5315,0.0169,0.3753,0.049,7.4835,6.9279,1,4000,4000,1,145,4
5,1,4,4000,1,236,8.4628,0.0366,0.0806,0.1041,5.4606,5.3459,0,4000,4000,1,0,4
5,1,4,4000,1,237,10.6646,0.0118,0.3758,0.0533,6.682,6.0975,1,4000,4000,1,223,4
5,1,4,4000,1,238,8.7845,0.0118,0.3758,0.1333,5.8932,5.7497,0,4000,4000,1,0,4
5,1,4,4000,1,239,11.2067,0.0147,0.9845,0.0535,7.036,5.8537,1,4000,4000,1,875,4
5,1,4,4000,1,240,10.0053,0.0108,0.6092,0.0544,6.6553,5.8564,1,4000,4000,1,304,4
5,1,4,4000,1,241,9.4073,0.1241,0.1597,0.1277,5.867,5.7291,0,4000,4000,1,0,4
5,1,4,4000,1,242,8.9496,0.012,0.4328,0.0587,6.0803,5.4527,1,4000,4000,1,143,4
5,1,4,4000,1,243,9.0424,0.012,0.4328,0.1224,6.1489,6.0167,0,4000,4000,1,0,4
5,1,4,4000,1,244,9.3157,0.0112,0.7212,0.0519,6.2628,5.3702,1,4000,4000,1,600,4
5,1,4,4000,1,245,8.7476,0.0112,0.7212,0.1543,5.7747,5.6085,0,4000,4000,1,0,4
5,1,4,4000,1,246,10.3948,0.0102,1.3853,0.0548,7.1663,5.4708,1,4000,4000,1,567,4
5,1,4,4000,1,247,8.4532,0.0102,1.3853,0.1491,5.461,5.3003,0,4000,4000,1,0,4
5,1,4,4000,1,248,9.8349,0.0083,0.6791,0.0616,6.7681,5.8782,1,4000,4000,1,343,4
5,1,4,4000,1,249,9.7195,0.0134,0.6712,0.0575,6.4921,5.5933,1,4000,4000,1,319,4
5,1,4,4000,1,250,9.7948,0.0691,0.4233,0.1209,5.8081,5.6779,0,4000,4000,1,0,4
5,1,4,4000,1,251,10.5431,0.01,1.1787,0.0594,7.5443,6.1635,1,4000,4000,1,976,4
5,1,4,4000,1,252,9.3551,0.01,1.1787,0.1833,5.9679,5.7724,0,4000,4000,1,0,4
5,1,4,4000,1,253,10.8902,0.018,0.8299,0.0524,6.7868,5.762,1,4000,4000,1,504,4
5,1,4,4000,1,254,9.8797,0.0112,0.6359,0.0561,6.71,5.8815,1,4000,4000,1,351,4
5,1,4,4000,1,255,8.9023,0.037,0.0821,0.1644,5.7161,5.5423,0,4000,4000,1,0,4
5,1,4,4000,1,256,12.4888,0.0117,1.1876,0.0526,7.3179,5.9426,1,4000,4000,1,1153,4
5,1,4,4000,1,257,8.756,0.0117,1.1876,0.1579,5.8453,5.6774,0,4000,4000,1,0,4
5,1,4,4000,1,258,10.2919,0.0101,0.894,0.0505,6.9276,5.8447,1,4000,4000,1,589,4
5,1,4,4000,1,259,10.2635,0.0115,0.795,0.0499,7.2814,6.31,1,4000,4000,1,446,4
5,1,4,4000,1,260,8.6069,0.0451,0.0582,0.1427,5.6612,5.5083,0,4000,4000,1,0,4
5,1,4,4000,1,261,11.5197,0.0102,1.6433,0.0543,7.8057,5.9306,1,4000,4000,1,1293,4
5,1,4,4000,1,262,9.7919,0.0102,1.6433,0.1474,5.9991,5.8405,0,4000,4000,1,0,4
5,1,4,4000,1,263,11.3257,0.0138,1.1138,0.0591,7.3266,5.9352,1,4000,4000,1,722,4
5,1,4,4000,1,264,10.3561,0.0088,0.8353,0.0609,7.0264,6.0005,1,4000,4000,1,524,4
5,1,4,4000,1,265,9.4721,0.0088,0.8353,0.1328,6.2345,6.0868,0,4000,4000,1,0,4
5,1,4,4000,1,266,11.3614,0.0114,1.6825,0.06,8.1111,6.1981,1,4000,4000,1,1523,4
5,1,4,4000,1,267,10.9449,0.0154,1.0375,0.0534,7.7386,6.5133,1,4000,4000,1,648,4
5,1,4,4000,1,268,10.3092,0.0563,0.1837,0.1063,5.7786,5.6609,0,4000,4000,1,0,4
5,1,4,4000,1,269,10.1237,0.0107,0.9894,0.0533,7.0288,5.8299,1,4000,4000,1,584,4
5,1,4,4000,1,270,8.9692,0.0107,0.9894,0.1145,5.9543,5.8304,0,4000,4000,1,0,4
5,1,4,4000,1,271,10.9137,0.0147,1.4288,0.0548,7.8679,6.2567,1,4000,4000,1,1530,4
5,1,4,4000,1,272,11.217,0.0156,1.6556,0.0566,8.1066,6.2485,1,4000,4000,1,587,4
5,1,4,4000,1,273,8.7981,0.0816,0.0037,0.1074,5.7637,5.6464,0,4000,4000,1,0,4
5,1,4,4000,1,274,11.5165,0.0167,1.3193,0.0535,8.1596,6.5902,1,4000,4000,1,563,4
5,1,4,4000,1,275,11.4095,0.0157,0.8172,0.0565,7.2672,6.2499,1,4000,4000,1,399,4
5,1,4,4000,1,276,9.0055,0.0745,0.021,0.1465,5.729,5.5726,0,4000,4000,1,0,4
5,1,4,4000,1,277,11.206,0.0116,1.9087,0.0558,8.0821,5.9521,1,4000,4000,1,1581,4
5,1,4,4000,1,278,9.1193,0.0116,1.9087,0.1496,5.8572,5.6969,0,4000,4000,1,0,4
5,1,4,4000,1,279,10.4101,0.0111,0.9851,0.0574,7.1866,6.0098,1,4000,4000,1,591,4
5,1,4,4000,1,280,10.5386,0.0133,0.8352,0.0499,7.2371,6.2317,1,4000,4000,1,426,4
5,1,4,4000,1,281,8.8274,0.0457,0.066,0.114,5.8247,5.7023,0,4000,4000,1,0,4
5,1,4,4000,1,282,10.3117,0.0129,1.2544,0.0565,7.334,5.8906,1,4000,4000,1,1085,4
5,1,4,4000,1,283,9.1489,0.0129,1.2544,0.1837,6.0938,5.8991,0,4000,4000,1,0,4
5,1,4,4000,1,284,11.6498,0.0148,1.1792,0.0552,8.3784,6.9843,1,4000,4000,1,486,4
5,1,4,4000,1,285,10.5124,0.0117,0.764,0.0517,7.0664,6.1294,1,4000,4000,1,429,4
5,1,4,4000,1,286,8.8895,0.0117,0.764,0.1241,6.0778,5.9432,0,4000,4000,1,0,4
5,1,4,4000,1,287,9.9466,0.0132,0.7304,0.0519,6.7741,5.8417,1,4000,4000,1,322,4
5,1,4,4000,1,288,8.7614,0.0132,0.7304,0.1833,6.0799,5.8839,0,4000,4000,1,0,4
5,1,4,4000,1,289,11.8716,0.0137,0.9698,0.0618,7.5368,6.3536,1,4000,4000,1,299,4
5,1,4,4000,1,290,9.4147,0.014,0.5676,0.0514,6.4412,5.6995,1,4000,4000,1,281,4
5,1,4,4000,1,291,9.6496,0.056,0.059,0.1073,6.4227,6.3056,0,4000,4000,1,0,4
5,1,4,4000,1,292,9.3454,0.0122,0.5452,0.151,6.7053,5.8949,1,4000,4000,1,247,4
5,1,4,4000,1,293,9.5788,0.0122,0.5452,0.142,6.5275,6.3686,0,4000,4000,1,0,4
5,1,4,4000,1,294,10.5606,0.0153,0.5349,0.0525,7.1841,6.4694,1,4000,4000,1,233,4
5,1,4,4000,1,295,9.6938,0.0158,0.5784,0.0567,6.8745,6.0795,1,4000,4000,1,201,4
5,1,4,4000,1,296,10.375,0.0612,0.1754,0.11,6.0061,5.8807,0,4000,4000,1,0,4
5,1,4,4000,1,297,10.789,0.0159,1.3112,0.0534,7.6379,6.1385,1,4000,4000,1,203,4
5,1,4,4000,1,298,8.6906,0.0159,1.3112,0.1118,5.8867,5.7641,0,4000,4000,1,0,4
5,1,4,4000,1,299,10.4069,0.0147,0.5139,0.0564,7.1606,6.4524,1,4000,4000,1,180,4
5,1,4,4000,1,300,9.5377,0.0159,0.4917,0.0514,6.5147,5.8412,1,4000,4000,1,194,4
5,1,4,4000,1,301,9.1743,0.0589,0.127,0.1013,5.7383,5.6273,0,4000,4000,1,0,4
5,1,4,4000,1,302,9.7444,0.0119,0.5291,0.0534,6.4839,5.77,1,4000,4000,1,171,4
5,1,4,4000,1,303,9.1588,0.0119,0.5291,0.1395,6.0694,5.9199,0,4000,4000,1,0,4
5,1,4,4000,1,304,10.1242,0.0136,0.4241,0.0533,6.8944,6.2689,1,4000,4000,1,154,4
5,1,4,4000,1,305,8.7933,0.0136,0.4241,0.1369,5.69,5.5434,0,4000,4000,1,0,4
5,1,4,4000,1,306,10.3364,0.0139,0.3867,0.057,6.4158,5.8399,1,4000,4000,1,139,4
5,1,4,4000,1,307,10.0765,0.0172,0.5737,0.0617,7.1032,6.2993,1,4000,4000,1,144,4
5,1,4,4000,1,308,10.2498,0.1287,0.0038,0.15,6.8163,6.6531,0,4000,4000,1,0,4
5,1,4,4000,1,309,11.4862,0.1983,0.5156,0.0523,7.5457,6.6539,1,4000,4000,1,140,4
5,1,4,4000,1,310,9.7827,0.1983,0.5156,0.151,6.6298,6.4674,0,4000,4000,1,0,4
5,1,4,4000,1,311,10.9326,0.0138,0.4793,0.0622,7.5308,6.8397,1,4000,4000,1,132,4
5,1,4,4000,1,312,10.25,0.0135,0.378,0.0569,6.5299,5.9619,1,4000,4000,1,116,4
5,1,4,4000,1,313,9.6261,0.0135,0.378,0.1498,6.1804,6.0189,0,4000,4000,1,0,4
5,1,4,4000,1,314,9.7825,0.015,0.4307,0.0552,6.4409,5.8145,1,4000,4000,1,123,4
5,1,4,4000,1,315,9.0725,0.015,0.4307,0.1171,6.1576,6.0299,0,4000,4000,1,0,4
5,1,4,4000,1,316,10.741,0.0177,0.4223,0.0553,6.4282,5.8142,1,4000,4000,1,111,4
5,1,4,4000,1,317,12.1959,0.0171,0.4661,0.06,8.0138,7.3439,1,4000,4000,1,130,4
5,1,4,4000,1,318,9.1061,0.0171,0.4661,0.1727,6.3188,6.1348,0,4000,4000,1,0,4
5,1,4,4000,1,319,9.4214,0.0179,0.3474,0.0514,6.4069,5.8811,1,4000,4000,1,119,4
5,1,4,4000,1,320,9.7766,0.0157,0.3628,0.0513,6.4462,5.8728,1,4000,4000,1,122,4
5,1,4,4000,1,321,9.4482,0.0704,0.0707,0.1104,6.1767,6.0552,0,4000,4000,1,0,4
5,1,4,4000,1,322,10.2295,0.0185,0.3805,0.0575,7.1004,6.5237,1,4000,4000,1,112,4
5,1,4,4000,1,323,9.5977,0.0185,0.3805,0.136,6.416,6.2679,0,4000,4000,1,0,4
5,1,4,4000,1,324,10.6919,0.0165,0.3784,0.0524,7.3301,6.7704,1,4000,4000,1,103,4
5,1,4,4000,1,325,8.9714,0.0165,0.3784,0.1345,6.0144,5.8687,0,4000,4000,1,0,4
5,1,4,4000,1,326,10.5129,0.0142,0.3618,0.0559,7.2467,6.6669,1,4000,4000,1,94,4
5,1,4,4000,1,327,9.9827,0.0116,0.4016,0.0565,6.6817,6.0656,1,4000,4000,1,117,4
5,1,4,4000,1,328,8.6491,0.0116,0.4016,0.1172,5.8301,5.7027,0,4000,4000,1,0,4
5,1,4,4000,1,329,10.3004,0.0134,0.4211,0.0626,7.2266,6.6026,1,4000,4000,1,106,4
5,1,4,4000,1,330,8.8318,0.0134,0.4211,0.1256,5.903,5.7657,0,4000,4000,1,0,4
5,1,4,4000,1,331,10.3989,0.0184,0.4507,0.0577,6.7288,6.0601,1,4000,4000,1,111,4
5,1,4,4000,1,332,10.9665,0.0174,0.4421,0.0566,6.796,6.1413,1,4000,4000,1,109,4
5,1,4,4000,1,333,8.6982,0.0375,0.0504,0.1085,5.8613,5.7432,0,4000,4000,1,0,4
5,1,4,4000,1,334,9.4476,0.015,0.3335,0.0507,6.3547,5.8311,1,4000,4000,1,96,4
5,1,4,4000,1,335,8.6574,0.015,0.3335,0.1793,5.7985,5.6078,0,4000,4000,1,0,4
5,1,4,4000,1,336,9.9991,0.0107,0.3981,0.0647,6.5305,5.9255,1,4000,4000,1,90,4
5,1,4,4000,1,337,9.2705,0.0107,0.3981,0.1362,6.1336,5.9868,0,4000,4000,1,0,4
5,1,4,4000,1,338,9.852,0.0086,0.4452,0.0579,6.7394,6.113,1,4000,4000,1,86,4
5,1,4,4000,1,339,11.1431,0.0122,0.3786,0.0563,7.6063,6.9902,1,4000,4000,1,76,4
5,1,4,4000,1,340,8.9116,0.0908,0.0033,0.1262,6.0418,5.9051,0,4000,4000,1,0,4
5,1,4,4000,1,341,9.6118,0.0137,0.4607,0.0529,6.6181,5.9669,1,4000,4000,1,89,4
5,1,4,4000,1,342,9.9145,0.0137,0.4607,0.1583,5.933,5.7632,0,4000,4000,1,0,4
5,1,4,4000,1,343,10.2882,0.012,0.4323,0.0543,6.8453,6.2128,1,4000,4000,1,82,4
5,1,4,4000,1,344,9.7324,0.0124,0.4597,0.0529,6.4532,5.8215,1,4000,4000,1,85,4
5,1,4,4000,1,345,9.1993,0.0631,0.0723,0.1312,5.8753,5.7344,0,4000,4000,1,0,4
5,1,4,4000,1,346,9.1855,0.0101,0.3463,0.0548,6.2106,5.6605,1,4000,4000,1,77,4
5,1,4,4000,1,347,9.5594,0.0101,0.3463,0.1193,5.883,5.7527,0,4000,4000,1,0,4
5,1,4,4000,1,348,9.6,0.0114,0.4383,0.0584,6.5401,5.9086,1,4000,4000,1,68,4
5,1,4,4000,1,349,9.0159,0.0114,0.4383,0.1853,5.8871,5.6919,0,4000,4000,1,0,4
5,1,4,4000,1,350,9.5058,0.0123,0.3741,0.0529,6.4017,5.842,1,4000,4000,1,62,4
5,1,4,4000,1,351,8.8184,0.0123,0.3741,0.1347,5.9213,5.7765,0,4000,4000,1,0,4
5,1,4,4000,1,352,10.9441,0.0105,0.5632,0.0543,7.5249,6.6612,1,4000,4000,1,77,4
5,1,4,4000,1,353,10.5111,0.0092,0.4132,0.0543,6.6109,5.9797,1,4000,4000,1,68,4
5,1,4,4000,1,354,9.2645,0.0092,0.4132,0.1452,6.249,6.093,0,4000,4000,1,0,4
5,1,4,4000,1,355,10.9357,0.011,0.4162,0.059,6.7205,6.0801,1,4000,4000,1,68,4
5,1,4,4000,1,356,9.6271,0.0122,0.4108,0.0658,6.4085,5.7888,1,4000,4000,1,82,4
5,1,4,4000,1,357,9.7368,0.0587,0.1995,0.1254,5.7904,5.6553,0,4000,4000,1,0,4
5,1,4,4000,1,358,9.1957,0.0123,0.3356,0.0548,6.297,5.7415,1,4000,4000,1,65,4
5,1,4,4000,1,359,8.8881,0.0123,0.3356,0.1196,5.9016,5.7721,0,4000,4000,1,0,4
5,1,4,4000,1,360,10.5757,0.0133,0.3554,0.0504,6.332,5.776,1,4000,4000,1,45,4
5,1,4,4000,1,361,9.0828,0.0133,0.3554,0.1055,6.09,5.9757,0,4000,4000,1,0,4
5,1,4,4000,1,362,8.9438,0.0091,0.3211,0.0533,6.1068,5.5923,1,4000,4000,1,61,4
5,1,4,4000,1,363,9.6184,0.0091,0.3211,0.1397,6.5067,6.3559,0,4000,4000,1,0,4
5,1,4,4000,1,364,9.8592,0.0125,0.3453,0.064,6.5803,6.0131,1,4000,4000,1,69,4
5,1,4,4000,1,365,10.7771,0.0125,0.4282,0.0536,6.9265,6.2745,1,4000,4000,1,58,4
5,1,4,4000,1,366,10.5182,0.0125,0.4282,0.2579,7.0492,6.7709,0,4000,4000,1,0,4
5,1,4,4000,1,367,9.8896,0.0103,0.3677,0.0565,6.4064,5.8126,1,4000,4000,1,52,4
5,1,4,4000,1,368,10.1326,0.013,0.3429,0.0562,6.7684,6.2151,1,4000,4000,1,45,4
5,1,4,4000,1,369,9.6964,0.1038,0.0043,0.1206,6.3932,6.2628,0,4000,4000,1,0,4
5,1,4,4000,1,370,9.132,0.0109,0.2917,0.0555,6.2261,5.7439,1,4000,4000,1,48,4
5,1,4,4000,1,371,9.6383,0.0109,0.2917,0.1943,6.4737,6.2676,0,4000,4000,1,0,4
5,1,4,4000,1,372,9.6263,0.0113,0.2959,0.0514,6.3605,5.8846,1,4000,4000,1,50,4
5,1,4,4000,1,373,8.6812,0.0113,0.2959,0.1463,5.7121,5.5562,0,4000,4000,1,0,4
5,1,4,4000,1,374,9.7655,0.0099,0.3598,0.0562,6.522,5.9433,1,4000,4000,1,43,4
5,1,4,4000,1,375,10.0401,0.021,0.4348,0.0602,6.7964,6.084,1,4000,4000,1,48,4
5,1,4,4000,1,376,9.8113,0.0534,0.0511,0.166,5.8569,5.6804,0,4000,4000,1,0,4
5,1,4,4000,1,377,9.5624,0.011,0.3782,0.0697,6.4106,5.7909,1,4000,4000,1,51,4
5,1,4,4000,1,378,9.2328,0.011,0.3782,0.1244,5.7097,5.575,0,4000,4000,1,0,4
5,1,4,4000,1,379,9.6921,0.0105,0.3135,0.0551,6.4572,5.9313,1,4000,4000,1,42,4
5,1,4,4000,1,380,8.86,0.0105,0.3135,0.1459,5.878,5.7227,0,4000,4000,1,0,4
5,1,4,4000,1,381,10.0463,0.0133,0.2817,0.0555,6.6072,6.1405,1,4000,4000,1,54,4
5,1,4,4000,1,382,9.1948,0.0114,0.301,0.0555,6.1932,5.6793,1,4000,4000,1,35,4
5,1,4,4000,1,383,9.2011,0.0837,0.0041,0.1251,5.918,5.7831,0,4000,4000,1,0,4
5,1,4,4000,1,384,9.5669,0.0097,0.3274,0.0515,6.5396,6.0112,1,4000,4000,1,46,4
5,1,4,4000,1,385,9.6581,0.0097,0.3274,0.1469,6.05,5.891,0,4000,4000,1,0,4
5,1,4,4000,1,386,11.2759,0.0904,0.2982,0.0523,6.8486,6.2697,1,4000,4000,1,36,4
5,1,4,4000,1,387,9.7495,0.0904,0.2982,0.1299,6.7461,6.6037,0,4000,4000,1,0,4
5,1,4,4000,1,388,9.7173,0.0136,0.2691,0.0581,6.4881,6.0075,1,4000,4000,1,35,4
5,1,4,4000,1,389,10.9459,0.1832,0.4775,0.0531,7.6391,6.7097,1,4000,4000,1,40,4
5,1,4,4000,1,390,11.1958,0.1832,0.4775,0.1329,6.6831,6.5359,0,4000,4000,1,0,4
5,1,4,4000,1,391,10.2159,0.0152,0.2995,0.0509,6.8689,6.3838,1,4000,4000,1,47,4
5,1,4,4000,1,392,9.4047,0.0145,0.2785,0.0545,6.1079,5.5981,1,4000,4000,1,34,4
5,1,4,4000,1,393,9.5826,0.1012,0.0038,0.161,6.3891,6.2149,0,4000,4000,1,0,4
5,1,4,4000,1,394,9.945,0.0176,0.2587,0.075,6.3942,5.9048,1,4000,4000,1,35,4
5,1,4,4000,1,395,9.1229,0.0176,0.2587,0.1152,6.2509,6.1251,0,4000,4000,1,0,4
5,1,4,4000,1,396,9.879,0.0148,0.2763,0.0579,6.5864,6.1212,1,4000,4000,1,35,4
5,1,4,4000,1,397,9.8234,0.0113,0.2534,0.0513,6.3083,5.8571,1,4000,4000,1,31,4
5,1,4,4000,1,398,9.4965,0.0438,0.0725,0.1758,6.4282,6.242,0,4000,4000,1,0,4
5,1,4,4000,1,399,11.3675,0.0139,0.2778,0.1074,6.9639,6.4147,1,4000,4000,1,40,4
5,1,4,4000,1,400,9.7122,0.0139,0.2778,0.1185,6.3209,6.1917,0,4000,4000,1,0,4
5,1,4,4000,1,401,10.739,0.0149,0.267,0.0567,7.1918,6.7338,1,4000,4000,1,37,4
5,1,4,4000,1,402,9.0644,0.0154,0.2555,0.0514,6.2789,5.7176,1,4000,4000,1,49,4
5,1,4,4000,1,403,8.9106,0.0865,0.0038,0.1302,5.603,5.462,0,4000,4000,1,0,4
5,1,4,4000,1,404,9.4494,0.0118,0.4007,0.0563,6.4667,5.7724,1,4000,4000,1,45,4
5,1,4,4000,1,405,9.0795,0.0118,0.4007,0.1121,6.0914,5.9686,0,4000,4000,1,0,4
5,1,4,4000,1,406,10.1615,0.013,0.3216,0.0599,6.9354,6.4078,1,4000,4000,1,49,4
5,1,4,4000,1,407,8.8623,0.013,0.3216,0.1508,5.8263,5.6643,0,4000,4000,1,0,4
5,1,4,4000,1,408,9.8115,0.012,0.4083,0.0553,6.5001,5.8525,1,4000,4000,1,55,4
5,1,4,4000,1,409,10.525,0.012,0.4083,0.1594,6.7503,6.5631,0,4000,4000,1,0,4
5,1,4,4000,1,410,10.1791,0.0114,0.3154,0.0509,6.6736,6.1795,1,4000,4000,1,81,4
5,1,4,4000,1,411,11.0294,0.0121,0.311,0.0617,7.1646,6.6486,1,4000,4000,1,52,4
5,1,4,4000,1,412,10.1656,0.0121,0.311,0.2214,6.9887,6.7536,0,4000,4000,1,0,4
5,1,4,4000,1,413,11.0739,0.0173,0.3648,0.0571,7.0119,6.4487,1,4000,4000,1,86,4
5,1,4,4000,1,414,9.8638,0.0102,0.3728,0.0544,6.4985,5.8584,1,4000,4000,1,48,4
5,1,4,4000,1,415,9.399,0.0102,0.3728,0.1114,6.237,6.1151,0,4000,4000,1,0,4
5,1,4,4000,1,416,9.9876,0.0163,0.3914,0.0524,6.5069,5.9339,1,4000,4000,1,105,4
5,1,4,4000,1,417,8.9963,0.0163,0.3914,0.154,6.134,5.9695,0,4000,4000,1,0,4
5,1,4,4000,1,418,9.6434,0.0123,0.3198,0.058,6.5303,6.0189,1,4000,4000,1,86,4
5,1,4,4000,1,419,9.5613,0.0147,0.3107,0.0592,6.5275,6.0164,1,4000,4000,1,54,4
5,1,4,4000,1,420,9.6925,0.0816,0.0124,0.1298,6.3836,6.2426,0,4000,4000,1,0,4
5,1,4,4000,1,421,9.7086,0.0106,0.4131,0.0612,6.7225,6.1063,1,4000,4000,1,192,4
5,1,4,4000,1,422,9.4418,0.0106,0.4131,0.1175,6.3708,6.2426,0,4000,4000,1,0,4
5,1,4,4000,1,423,11.2885,0.0167,0.6193,0.0544,7.9543,7.1125,1,4000,4000,1,172,4
5,1,4,4000,1,424,9.2879,0.015,0.3183,0.0514,6.2962,5.7869,1,4000,4000,1,101,4
5,1,4,4000,1,425,9.6971,0.0551,0.0041,0.1309,6.6966,6.5545,0,4000,4000,1,0,4
5,1,4,4000,1,426,9.4482,0.0187,0.5126,0.0509,6.5423,5.8428,1,4000,4000,1,259,4
5,1,4,4000,1,427,9.171,0.0481,0.0557,0.1108,5.8166,5.6929,0,4000,4000,1,0,4
5,1,4,4000,1,428,9.6816,0.0143,0.6207,0.1143,6.7324,5.8107,1,4000,4000,1,274,4
5,1,4,4000,1,429,9.0955,0.0143,0.6207,0.1215,6.0134,5.8813,0,4000,4000,1,0,4
5,1,4,4000,1,430,10.5921,0.0154,0.5586,0.0579,7.3137,6.5512,1,4000,4000,1,222,4
5,1,4,4000,1,431,9.7109,0.0169,0.4593,0.0636,6.8075,6.1397,1,4000,4000,1,114,4
5,1,4,4000,1,432,10.995,0.092,0.2846,0.1653,6.9264,6.7477,0,4000,4000,1,0,4
5,1,4,4000,1,433,10.2791,0.0141,0.7268,0.0538,7.0159,6.0956,1,4000,4000,1,421,4
5,1,4,4000,1,434,8.9757,0.0141,0.7268,0.1521,6.1162,5.9533,0,4000,4000,1,0,4
5,1,4,4000,1,435,10.6904,0.0149,0.6675,0.0595,7.1376,6.2684,1,4000,4000,1,296,4
5,1,4,4000,1,436,10.4049,0.0167,0.6027,0.0596,7.113,6.2949,1,4000,4000,1,121,4
5,1,4,4000,1,437,9.2029,0.0832,0.0052,0.1032,5.8272,5.7144,0,4000,4000,1,0,4
5,1,4,4000,1,438,10.4911,0.013,0.586,0.049,6.7559,5.9945,1,4000,4000,1,359,4
5,1,4,4000,1,439,9.1094,0.013,0.586,0.1425,6.184,6.0316,0,4000,4000,1,0,4
5,1,4,4000,1,440,9.4726,0.0112,0.4938,0.0533,6.4506,5.7756,1,4000,4000,1,213,4
5,1,4,4000,1,441,9.0599,0.0112,0.4938,0.1025,6.0524,5.9406,0,4000,4000,1,0,4
5,1,4,4000,1,442,11.099,0.0142,0.9403,0.0555,7.4843,6.2136,1,4000,4000,1,247,4
5,1,4,4000,1,443,11.236,0.0211,0.4149,0.0562,7.4241,6.3962,1,4000,4000,1,142,4
5,1,4,4000,1,444,8.983,0.0211,0.4149,0.1224,5.8238,5.6913,0,4000,4000,1,0,4
5,1,4,4000,1,445,9.8105,0.0099,0.6075,0.0547,6.883,6.0915,1,4000,4000,1,389,4
5,1,4,4000,1,446,9.7765,0.0104,0.4714,0.0567,6.3596,5.6527,1,4000,4000,1,152,4
5,1,4,4000,1,447,9.6469,0.0839,0.0049,0.1531,6.4618,6.2975,0,4000,4000,1,0,4
5,1,4,4000,1,448,10.1963,0.0135,0.571,0.0577,6.8127,6.0336,1,4000,4000,1,336,4
5,1,4,4000,1,449,9.6018,0.0135,0.571,0.175,6.1933,6.0066,0,4000,4000,1,0,4
5,1,4,4000,1,450,10.6509,0.0102,1.0973,0.0579,7.182,5.8715,1,4000,4000,1,262,4
5,1,4,4000,1,451,8.9658,0.0102,1.0973,0.1142,5.9356,5.8124,0,4000,4000,1,0,4
5,1,4,4000,1,452,11.1032,0.0152,0.7,0.0616,7.9409,6.9871,1,4000,4000,1,275,4
5,1,4,4000,1,453,12.7456,0.4736,0.566,0.053,8.2645,7.0374,1,4000,4000,1,145,4
5,1,4,4000,1,454,8.5119,0.4736,0.566,0.1496,5.7209,5.561,0,4000,4000,1,0,4
5,1,4,4000,1,455,10.8019,0.0147,0.682,0.0505,7.618,6.7245,1,4000,4000,1,330,4
5,1,4,4000,1,456,10.2506,0.0134,0.6994,0.0514,7.0778,6.167,1,4000,4000,1,174,4
5,1,4,4000,1,457,9.6685,0.0435,0.2273,0.1285,5.8516,5.7121,0,4000,4000,1,0,4
5,1,4,4000,1,458,10.4047,0.0094,0.7734,0.0531,7.0474,6.0444,1,4000,4000,1,310,4
5,1,4,4000,1,459,8.9769,0.0094,0.7734,0.1429,5.8018,5.6488,0,4000,4000,1,0,4
5,1,4,4000,1,460,9.7431,0.0114,0.5396,0.0547,6.5738,5.8478,1,4000,4000,1,271,4
5,1,4,4000,1,461,9.8481,0.0107,0.5558,0.0608,6.8629,6.0862,1,4000,4000,1,167,4
5,1,4,4000,1,462,9.2591,0.0883,0.0039,0.1049,5.8661,5.7388,0,4000,4000,1,0,4
5,1,4,4000,1,463,10.0873,0.0086,0.572,0.0532,7.1624,6.398,1,4000,4000,1,260,4
5,1,4,4000,1,464,9.4078,0.0086,0.572,0.3462,6.2201,5.8386,0,4000,4000,1,0,4
5,1,4,4000,1,465,10.788,0.0122,0.9338,0.0529,7.2206,6.065,1,4000,4000,1,268,4
5,1,4,4000,1,466,10.935,0.0133,0.54,0.059,6.5937,5.8585,1,4000,4000,1,186,4
5,1,4,4000,1,467,10.9492,0.0426,0.2368,0.1044,6.2832,6.1693,0,4000,4000,1,0,4
5,1,4,4000,1,468,9.9504,0.0125,0.6173,0.0534,6.6375,5.8007,1,4000,4000,1,313,4
5,1,4,4000,1,469,9.3238,0.0125,0.6173,0.1261,6.3121,6.1744,0,4000,4000,1,0,4
5,1,4,4000,1,470,9.6574,0.0115,0.4942,0.0619,6.5324,5.844,1,4000,4000,1,242,4
5,1,4,4000,1,471,11.1233,0.0129,0.5736,0.0534,6.9115,6.1434,1,4000,4000,1,152,4
5,1,4,4000,1,472,9.1496,0.0129,0.5736,0.1179,6.1979,6.0711,0,4000,4000,1,0,4
5,1,4,4000,1,473,9.5228,0.0124,0.5501,0.0566,6.499,5.7584,1,4000,4000,1,331,4
5,1,4,4000,1,474,9.3641,0.0124,0.5501,0.2208,6.0585,5.8244,0,4000,4000,1,0,4
5,1,4,4000,1,475,10.04,0.0118,0.5136,0.051,6.7758,6.0816,1,4000,4000,1,225,4
5,1,4,4000,1,476,9.1363,0.0133,0.4436,0.0534,6.2706,5.6441,1,4000,4000,1,181,4
5,1,4,4000,1,477,9.7644,0.0584,0.0392,0.1641,6.7758,6.6002,0,4000,4000,1,0,4
5,1,4,4000,1,478,9.8043,0.0121,0.6317,0.0576,6.7881,5.9467,1,4000,4000,1,268,4
5,1,4,4000,1,479,9.9414,0.0121,0.6317,0.2896,6.8038,6.4984,0,4000,4000,1,0,4
5,1,4,4000,1,480,10.4995,0.01,0.5719,0.0549,6.7821,5.9784,1,4000,4000,1,213,4
5,1,4,4000,1,481,9.1378,0.01,0.5719,0.1224,6.026,5.8933,0,4000,4000,1,0,4
5,1,4,4000,1,482,9.7874,0.0098,0.4757,0.0551,6.5251,5.8632,1,4000,4000,1,236,4
5,1,4,4000,1,483,10.6629,0.0115,0.5918,0.0556,7.6483,6.858,1,4000,4000,1,168,4
5,1,4,4000,1,484,9.088,0.0932,0.0114,0.1132,5.8418,5.7197,0,4000,4000,1,0,4
5,1,4,4000,1,485,9.8521,0.0093,0.5907,0.056,6.7834,6.0025,1,4000,4000,1,345,4
5,1,4,4000,1,486,8.9586,0.0093,0.5907,0.1667,5.9003,5.7228,0,4000,4000,1,0,4
5,1,4,4000,1,487,10.452,0.0105,0.5456,0.0588,6.8545,6.1001,1,4000,4000,1,222,4
5,1,4,4000,1,488,10.7859,0.0128,0.7643,0.0579,7.6386,6.552,1,4000,4000,1,215,4
5,1,4,4000,1,489,10.0576,0.0602,0.3,0.1208,5.9692,5.8387,0,4000,4000,1,0,4
5,1,4,4000,1,490,10.3977,0.0124,0.5085,0.0564,6.5888,5.8917,1,4000,4000,1,283,4
5,1,4,4000,1,491,9.093,0.0124,0.5085,0.1653,5.9415,5.7604,0,4000,4000,1,0,4
5,1,4,4000,1,492,10.3114,0.0124,0.5491,0.0568,7.0502,6.3223,1,4000,4000,1,281,4
5,1,4,4000,1,493,10.3175,0.0237,0.6439,0.0722,7.1452,6.2723,1,4000,4000,1,204,4
5,1,4,4000,1,494,11.2166,0.0433,0.1599,0.126,7.1428,7.0029,0,4000,4000,1,0,4
5,1,4,4000,1,495,10.4405,0.0151,0.5563,0.0505,7.1535,6.3971,1,4000,4000,1,358,4
5,1,4,4000,1,496,8.9689,0.0151,0.5563,0.111,5.8254,5.7047,0,4000,4000,1,0,4
5,1,4,4000,1,497,9.813,0.0144,0.6247,0.0492,6.7826,5.9542,1,4000,4000,1,327,4
5,1,4,4000,1,498,11.8431,0.0148,0.5838,0.055,7.7863,6.9777,1,4000,4000,1,216,4
5,1,4,4000,1,499,8.9786,0.0148,0.5838,0.1412,5.8739,5.7208,0,4000,4000,1,0,4
5,1,4,4000,1,500,10.246,0.0138,0.5732,0.0905,6.5025,5.7137,1,4000,4000,1,349,4
5,1,4,4000,1,501,8.8429,0.0138,0.5732,0.1202,6.0523,5.9218,0,4000,4000,1,0,4
5,1,4,4000,1,502,10.5934,0.0145,0.5495,0.0536,7.067,6.3379,1,4000,4000,1,244,4
5,1,4,4000,1,503,9.6787,0.015,0.4916,0.0532,6.6282,5.9534,1,4000,4000,1,220,4
5,1,4,4000,1,504,9.2702,0.015,0.4916,0.1138,5.9134,5.7897,0,4000,4000,1,0,4
5,1,4,4000,1,505,11.3153,0.0165,0.5664,0.0531,7.4426,6.6859,1,4000,4000,1,313,4
5,1,4,4000,1,506,8.7879,0.0165,0.5664,0.1084,5.8913,5.7729,0,4000,4000,1,0,4
5,1,4,4000,1,507,10.7304,0.0129,0.5165,0.0509,6.7754,6.0736,1,4000,4000,1,248,4
5,1,4,4000,1,508,10.2327,0.0116,0.4858,0.0537,6.8966,6.216,1,4000,4000,1,193,4
5,1,4,4000,1,509,9.1081,0.0116,0.4858,0.1191,5.9424,5.8134,0,4000,4000,1,0,4
5,1,4,4000,1,510,10.6181,0.0094,0.6037,0.0546,7.4417,6.6408,1,4000,4000,1,306,4
5,1,4,4000,1,511,8.9956,0.0094,0.6037,0.1144,5.7084,5.5837,0,4000,4000,1,0,4
5,1,4,4000,1,512,13.2581,0.0336,1.0501,0.1119,8.7639,7.3319,1,4000,4000,1,290,4
5,1,4,4000,1,513,11.9059,0.1267,0.5266,0.0555,7.6675,6.8273,1,4000,4000,1,213,4
5,1,4,4000,1,514,9.7517,0.1267,0.5266,0.1184,6.517,6.388,0,4000,4000,1,0,4
5,1,4,4000,1,515,10.1024,0.0122,0.6379,0.0528,6.7537,5.9113,1,4000,4000,1,313,4
5,1,4,4000,1,516,9.8102,0.0072,0.5284,0.0587,6.5818,5.849,1,4000,4000,1,218,4
5,1,4,4000,1,517,10.0529,0.0072,0.5284,0.153,6.313,6.1496,0,4000,4000,1,0,4
5,1,4,4000,1,518,10.0128,0.0102,0.5507,0.0548,6.6566,5.912,1,4000,4000,1,316,4
5,1,4,4000,1,519,9.3179,0.0102,0.5507,0.1202,6.4013,6.2709,0,4000,4000,1,0,4
5,1,4,4000,1,520,9.7396,0.0128,0.6045,0.0534,6.545,5.7535,1,4000,4000,1,274,4
5,1,4,4000,1,521,11.1258,0.0199,0.5539,0.0551,7.4134,6.5731,1,4000,4000,1,170,4
5,1,4,4000,1,522,10.0727,0.0199,0.5539,0.1286,6.1329,5.9937,0,4000,4000,1,0,4
5,1,4,4000,1,523,9.9611,0.0087,0.538,0.0592,6.5557,5.8244,1,4000,4000,1,258,4
5,1,4,4000,1,524,10.7863,0.0134,0.4712,0.0504,6.8901,6.2314,1,4000,4000,1,170,4
5,1,4,4000,1,525,9.2154,0.1047,0.0036,0.1462,6.1332,5.9768,0,4000,4000,1,0,4
5,1,4,4000,1,526,10.8464,0.0149,0.4805,0.05,6.3045,5.6399,1,4000,4000,1,298,4
5,1,4,4000,1,527,8.6226,0.0149,0.4805,0.157,5.7003,5.5334,0,4000,4000,1,0,4
5,1,4,4000,1,528,10.5337,0.0111,0.5797,0.0625,7.385,6.5785,1,4000,4000,1,207,4
5,1,4,4000,1,529,8.7023,0.0111,0.5797,0.1471,5.7519,5.5943,0,4000,4000,1,0,4
5,1,4,4000,1,530,9.6082,0.0101,0.5552,0.0617,6.574,5.7945,1,4000,4000,1,211,4
5,1,4,4000,1,531,9.5241,0.0125,0.4675,0.0595,6.525,5.8417,1,4000,4000,1,146,4
5,1,4,4000,1,532,9.9692,0.091,0.9792,0.1118,5.9093,5.7884,0,4000,4000,1,0,4
5,1,4,4000,1,533,10.1494,0.0119,0.5875,0.0566,6.8467,6.008,1,4000,4000,1,242,4
5,1,4,4000,1,534,9.6711,0.0119,0.5875,0.1993,6.3867,6.1757,0,4000,4000,1,0,4
5,1,4,4000,1,535,10.7578,0.0154,0.5242,0.0627,6.7278,5.9978,1,4000,4000,1,192,4
5,1,4,4000,1,536,9.9722,0.0122,0.4767,0.0595,7.0241,6.3163,1,4000,4000,1,124,4
5,1,4,4000,1,537,9.7744,0.045,0.0756,0.1521,6.283,6.1192,0,4000,4000,1,0,4
5,1,4,4000,1,538,10.2652,0.0104,0.5282,0.0544,7.0712,6.3419,1,4000,4000,1,269,4
5,1,4,4000,1,539,10.0966,0.0104,0.5282,0.2071,6.0908,5.8723,0,4000,4000,1,0,4
5,1,4,4000,1,540,10.3421,0.0109,0.5223,0.0533,6.9833,6.2674,1,4000,4000,1,225,4
5,1,4,4000,1,541,10.1538,0.0111,0.4683,0.0505,6.6932,6.0424,1,4000,4000,1,135,4
5,1,4,4000,1,542,9.4821,0.0111,0.4683,0.2078,6.4458,6.2258,0,4000,4000,1,0,4
5,1,4,4000,1,543,11.5856,0.0116,0.7099,0.0533,7.5373,6.5695,1,4000,4000,1,290,4
5,1,4,4000,1,544,12.4673,0.013,0.5078,0.0549,7.973,7.2474,1,4000,4000,1,147,4
5,1,4,4000,1,545,9.3338,0.086,0.0033,0.1107,6.4204,6.2997,0,4000,4000,1,0,4
5,1,4,4000,1,546,10.5688,0.0147,0.5539,0.0567,7.0289,6.2668,1,4000,4000,1,259,4
5,1,4,4000,1,547,9.5146,0.0147,0.5539,0.1477,6.2196,6.0604,0,4000,4000,1,0,4
5,1,4,4000,1,548,10.0192,0.014,0.4537,0.0523,6.5306,5.8902,1,4000,4000,1,212,4
5,1,4,4000,1,549,9.3566,0.0129,0.4236,0.0569,6.2579,5.6247,1,4000,4000,1,137,4
5,1,4,4000,1,550,9.0233,0.0723,0.0092,0.1456,5.8355,5.6782,0,4000,4000,1,0,4
6,0,27,4000,1,151,10.6896,0.0543,1.6932,0.0528,7.1943,5.2187,1,4000,4000,1,9,27
6,0,27,4000,1,152,8.6252,0,0,0.1422,5.2865,5.1162,0,4000,4000,1,0,27
6,0,27,4000,1,153,10.7228,0.0478,1.4865,0.0526,7.2529,5.4848,1,4000,4000,1,9,27
6,0,27,4000,1,154,10.6849,0.0511,1.7801,0.0524,7.5004,5.431,1,4000,4000,1,11,27
6,0,27,4000,1,155,9.0508,0,0,0.1654,5.387,5.2011,0,4000,4000,1,0,27
6,0,27,4000,1,156,10.965,0.045,1.4971,0.0909,7.9738,6.0656,1,4000,4000,1,16,27
6,0,27,4000,1,157,9.0241,0,0,0.1592,5.52,5.3383,0,4000,4000,1,0,27
6,0,27,4000,1,158,10.0515,0.051,1.2696,0.049,6.9392,5.3307,1,4000,4000,1,7,27
6,0,27,4000,1,159,10.2559,0.0716,1.4253,0.053,7.0575,5.2663,1,4000,4000,1,5,27
6,0,27,4000,1,160,9.666,0,0,0.1694,5.8533,5.656,0,4000,4000,1,0,27
6,0,27,4000,1,161,12.0219,0.0933,2.2431,0.058,8.2069,5.6111,1,4000,4000,1,8,27
6,0,27,4000,1,162,10.7392,0.0629,1.9214,0.0544,7.6831,5.4602,1,4000,4000,1,11,27
6,0,27,4000,1,163,8.9616,0,0,0.1627,5.58,5.397,0,4000,4000,1,0,27
6,0,27,4000,1,164,10.538,0.0747,1.7056,0.0544,7.2203,5.2071,1,4000,4000,1,6,27
6,0,27,4000,1,165,8.75,0,0,0.1503,5.6847,5.5113,0,4000,4000,1,0,27
6,0,27,4000,1,166,10.57,0.0468,1.6095,0.053,7.2684,5.3832,1,4000,4000,1,11,27
6,0,27,4000,1,167,11.0309,0.0881,2.055,0.0564,7.8508,5.4424,1,4000,4000,1,6,27
6,0,27,4000,1,168,9.4488,0,0,0.1666,5.4893,5.2986,0,4000,4000,1,0,27
6,0,27,4000,1,169,11.9155,0.0522,1.5858,0.0533,8.3681,6.3776,1,4000,4000,1,10,27
6,0,27,4000,1,170,9.2213,0,0,0.2097,5.9399,5.7052,0,4000,4000,1,0,27
6,0,27,4000,1,171,10.7038,0.0589,1.6316,0.0588,7.1612,5.1846,1,4000,4000,1,4,27
6,0,27,4000,1,172,10.967,0.0574,1.8353,0.0548,7.6269,5.465,1,4000,4000,1,3,27
6,0,27,4000,1,173,9.0923,0,0,0.1379,5.7851,5.6267,0,4000,4000,1,0,27
6,0,27,4000,1,174,9.8183,0.0462,1.3731,0.0541,6.88,5.2128,1,4000,4000,1,11,27
6,0,27,4000,1,175,8.5766,0,0,0.1293,5.7187,5.5666,0,4000,4000,1,0,27
6,0,27,4000,1,176,10.5181,0.0539,1.7859,0.0582,7.3758,5.1764,1,4000,4000,1,10,27
6,0,27,4000,1,177,9.9092,0.1827,1.1643,0.0517,7.0123,5.4126,1,4000,4000,1,5,27
6,0,27,4000,1,178,8.5772,0,0,0.1829,5.5742,5.3683,0,4000,4000,1,0,27
6,0,27,4000,1,179,10.8366,0.0436,1.6758,0.0581,7.4763,5.5001,1,4000,4000,1,4,27
6,0,27,4000,1,180,9.7284,0,0,0.1857,6.3191,6.0905,0,4000,4000,1,0,27
6,0,27,4000,1,181,10.7334,0.0576,1.7882,0.0564,7.4526,5.3233,1,4000,4000,1,8,27
6,0,27,4000,1,182,10.8947,0.0601,2.0379,0.0528,7.6886,5.3316,1,4000,4000,1,8,27
6,0,27,4000,1,183,8.9718,0,0,0.1405,5.4073,5.2399,0,4000,4000,1,0,27
6,0,27,4000,1,184,10.231,0.0481,1.3642,0.0529,6.8441,5.2001,1,4000,4000,1,10,27
6,0,27,4000,1,185,8.5438,0,0,0.1343,5.3195,5.1657,0,4000,4000,1,0,27
6,0,27,4000,1,186,10.9167,0.0643,1.9276,0.0563,7.486,5.273,1,4000,4000,1,5,27
6,0,27,4000,1,187,10.7237,0.052,2.0005,0.0579,7.8725,5.5695,1,4000,4000,1,8,27
6,0,27,4000,1,188,8.793,0,0,0.1871,5.6428,5.4361,0,4000,4000,1,0,27
6,0,27,4000,1,189,10.4824,0.0538,1.6724,0.0545,7.3224,5.3602,1,4000,4000,1,9,27
6,0,27,4000,1,190,9.4381,0,0,0.1603,6.1212,5.901,0,4000,4000,1,0,27
6,0,27,4000,1,191,12.8359,0.2249,2.338,0.0603,8.7333,5.938,1,4000,4000,1,246,27
6,0,27,4000,1,192,12.2563,0.1634,1.3251,0.0554,8.4457,6.6494,1,4000,4000,1,8,27
6,0,27,4000,1,193,9.2797,0,0,0.1631,5.8495,5.6658,0,4000,4000,1,0,27
6,0,27,4000,1,194,10.5043,0.0527,1.3599,0.0544,6.9463,5.2864,1,4000,4000,1,5,27
6,0,27,4000,1,195,11.6625,0.0605,2.8168,0.0523,8.288,5.1809,1,4000,4000,1,485,27
6,0,27,4000,1,196,9.0057,0,0,0.1794,5.5209,5.3215,0,4000,4000,1,0,27
6,0,27,4000,1,197,10.6433,0.0549,1.7407,0.0529,7.2113,5.1785,1,4000,4000,1,4,27
6,0,27,4000,1,198,8.7273,0,0,0.1463,5.6754,5.5092,0,4000,4000,1,0,27
6,0,27,4000,1,199,11.0597,0.0593,2.0335,0.0572,7.8391,5.5084,1,4000,4000,1,5,27
6,0,27,4000,1,200,10.6552,0.0686,1.9021,0.0554,7.4508,5.1862,1,4000,4000,1,7,27
6,0,27,4000,1,201,9.0472,0,0,0.1754,5.512,5.3165,0,4000,4000,1,0,27
6,0,27,4000,1,202,11.7335,0.0578,2.1468,0.0514,8.2217,5.7399,1,4000,4000,1,244,27
6,0,27,4000,1,203,11.1623,0.0634,1.773,0.0518,8.2024,6.1042,1,4000,4000,1,244,27
6,0,27,4000,1,204,9.0754,0,0,0.2133,5.6397,5.4034,0,4000,4000,1,0,27
6,0,27,4000,1,205,11.3012,0.0805,1.7609,0.0504,7.7153,5.6154,1,4000,4000,1,5,27
6,0,27,4000,1,206,8.3419,0,0,0.1439,5.3347,5.1683,0,4000,4000,1,0,27
6,0,27,4000,1,207,10.7654,0.0509,1.6976,0.0575,7.2689,5.2833,1,4000,4000,1,2,27
6,0,27,4000,1,208,11.372,0.0679,2.6718,0.0491,8.2131,5.2642,1,4000,4000,1,484,27
6,0,27,4000,1,209,8.6796,0,0,0.1427,5.4702,5.3079,0,4000,4000,1,0,27
6,0,27,4000,1,210,11.0441,0.0582,2.113,0.0676,8.0098,5.5177,1,4000,4000,1,242,27
6,0,27,4000,1,211,8.5624,0,0,0.1358,5.4627,5.3069,0,4000,4000,1,0,27
6,0,27,4000,1,212,10.8289,0.057,1.9384,0.1306,7.4569,5.1612,1,4000,4000,1,2,27
6,0,27,4000,1,213,12.1441,0.0553,3.2025,0.0564,8.7953,5.2803,1,4000,4000,1,482,27
6,0,27,4000,1,214,8.7448,0,0,0.1512,5.4026,5.2286,0,4000,4000,1,0,27
6,0,27,4000,1,215,12.2965,0.057,2.0562,0.0523,8.3232,5.954,1,4000,4000,1,247,27
6,0,27,4000,1,216,11.0327,0.058,1.6907,0.0523,7.6493,5.6175,1,4000,4000,1,0,27
6,0,27,4000,1,217,8.5597,0,0,0.151,5.4425,5.274,0,4000,4000,1,0,27
6,0,27,4000,1,218,9.9498,0.0381,1.2407,0.0499,6.7605,5.2624,1,4000,4000,1,12,27
6,0,27,4000,1,219,8.9436,0,0,0.1848,5.664,5.4576,0,4000,4000,1,0,27
6,0,27,4000,1,220,12.6757,0.0566,3.6901,0.0909,9.5716,5.4722,1,4000,4000,1,488,27
6,0,27,4000,1,221,12.2644,0.0399,2.456,0.0529,8.1379,5.4096,1,4000,4000,1,224,27
6,0,27,4000,1,222,8.6101,0,0,0.1074,5.6352,5.5026,0,4000,4000,1,0,27
6,0,27,4000,1,223,11.2331,0.0402,2.1041,0.0564,7.9643,5.5664,1,4000,4000,1,223,27
6,0,27,4000,1,224,11.99,0.0441,3.0376,0.0534,8.8425,5.5553,1,4000,4000,1,540,27
6,0,27,4000,1,225,9.4379,0,0,0.1605,5.8747,5.6869,0,4000,4000,1,0,27
6,0,27,4000,1,226,14.2257,0.0456,4.315,0.0492,9.9224,5.3415,1,4000,4000,1,387,27
6,0,27,4000,1,227,12.7572,0.0369,3.0545,0.0528,9.6567,6.3246,1,4000,4000,1,161,27
6,0,27,4000,1,228,12.2725,0.0553,3.1583,0.0534,8.7475,5.3021,1,4000,4000,1,148,27
6,0,27,4000,1,229,8.661,0,0,0.1383,5.4038,5.2426,0,4000,4000,1,0,27
6,0,27,4000,1,230,13.8304,0.0585,4.8231,0.0528,10.4859,5.3874,1,4000,4000,1,1026,27
6,0,27,4000,1,231,12.9668,0.0546,4.1775,0.0551,9.9709,5.5001,1,4000,4000,1,518,27
6,0,27,4000,1,232,8.8845,0,0,0.1384,5.7218,5.5618,0,4000,4000,1,0,27
6,0,27,4000,1,233,13.1088,0.0592,3.9509,0.0557,9.887,5.6327,1,4000,4000,1,238,27
6,0,27,4000,1,234,15.9701,0.0418,6.2706,0.056,11.971,5.446,1,4000,4000,1,985,27
6,0,27,4000,1,235,13.8107,0.0483,5.0527,0.0543,10.7693,5.4163,1,4000,4000,1,453,27
6,0,27,4000,1,236,8.7365,0,0,0.1257,5.5236,5.3769,0,4000,4000,1,0,27
6,0,27,4000,1,237,12.2194,0.0474,3.5048,0.0505,9.1978,5.4188,1,4000,4000,1,313,27
6,0,27,4000,1,238,14.4922,0.0449,5.2243,0.0544,10.8313,5.341,1,4000,4000,1,1086,27
6,0,27,4000,1,239,13.6242,0.0429,4.3443,0.0543,10.073,5.4529,1,4000,4000,1,545,27
6,0,27,4000,1,240,9.2279,0,0,0.1561,5.6488,5.4702,0,4000,4000,1,0,27
6,0,27,4000,1,241,13.5267,0.0467,4.4006,0.0571,10.3212,5.6478,1,4000,4000,1,460,27
6,0,27,4000,1,242,16.311,0.347,5.9953,0.0506,12.6385,6.079,1,4000,4000,1,1376,27
6,0,27,4000,1,243,15.6387,0.0419,5.4588,0.0548,11.2113,5.4827,1,4000,4000,1,643,27
6,0,27,4000,1,244,14.1511,0.0432,5.0323,0.0579,10.7289,5.4194,1,4000,4000,1,475,27
6,0,27,4000,1,245,13.6112,0.0548,4.789,0.0523,10.508,5.4764,1,4000,4000,1,564,27
6,0,27,4000,1,246,8.7843,0,0,0.1358,5.4986,5.3447,0,4000,4000,1,0,27
6,0,27,4000,1,247,15.2505,0.0495,6.4499,0.0491,11.941,5.2244,1,4000,4000,1,1369,27
6,0,27,4000,1,248,14.0056,0.0443,4.9985,0.0557,10.7354,5.4884,1,4000,4000,1,519,27
6,0,27,4000,1,249,13.1356,0.4883,3.8307,0.0533,10.0281,5.4708,1,4000,4000,1,446,27
6,0,27,4000,1,250,9.1731,0,0,0.1115,5.7788,5.6322,0,4000,4000,1,0,27
6,0,27,4000,1,251,17.3262,0.0421,8.0443,0.05,14.0949,5.6769,1,4000,4000,1,1707,27
6,0,27,4000,1,252,14.4993,0.0329,5.2638,0.0523,11.154,5.6486,1,4000,4000,1,564,27
6,0,27,4000,1,253,15.048,0.0413,5.7578,0.0545,11.4558,5.4205,1,4000,4000,1,467,27
6,0,27,4000,1,254,15.8375,0.0348,6.6635,0.0544,12.5538,5.6382,1,4000,4000,1,1516,27
6,0,27,4000,1,255,14.7345,0.4982,5.3606,0.0562,11.5854,5.5124,1,4000,4000,1,613,27
6,0,27,4000,1,256,15.0051,0.0441,6.0258,0.0558,11.7387,5.4546,1,4000,4000,1,531,27
6,0,27,4000,1,257,17.3175,0.0516,7.4739,0.0537,13.7572,5.9416,1,4000,4000,1,1046,27
6,0,27,4000,1,258,14.9313,0.0428,5.8719,0.0561,11.5916,5.4688,1,4000,4000,1,496,27
6,0,27,4000,1,259,11.1507,0,0,0.1736,6.1742,5.948,0,4000,4000,1,0,27
6,0,27,4000,1,260,14.8002,0.0414,5.2943,0.0579,10.9597,5.4101,1,4000,4000,1,384,27
6,0,27,4000,1,261,13.8015,0.0373,5.0147,0.0505,10.6956,5.4401,1,4000,4000,1,362,27
6,0,27,4000,1,262,14.7519,0.0558,5.721,0.0523,11.5879,5.601,1,4000,4000,1,305,27
6,0,27,4000,1,263,13.2806,0.0362,3.9906,0.0505,9.746,5.5105,1,4000,4000,1,262,27
6,0,27,4000,1,264,15.3924,0.0506,4.9456,0.0565,12.3638,7.0965,1,4000,4000,1,246,27
6,0,27,4000,1,265,14.5837,0.0722,4.3004,0.0556,10.4208,5.8296,1,4000,4000,1,213,27
6,0,27,4000,1,266,10.0678,0,0,0.3842,6.3331,5.9161,0,4000,4000,1,0,27
6,0,27,4000,1,267,13.535,0.0493,3.9092,0.0533,9.9971,5.7714,1,4000,4000,1,178,27
6,0,27,4000,1,268,13.2472,0.0552,3.979,0.0557,9.903,5.6445,1,4000,4000,1,163,27
6,0,27,4000,1,269,12.23,0.0531,3.0477,0.0499,9.2744,5.9398,1,4000,4000,1,179,27
6,0,27,4000,1,270,8.7369,0,0,0.1375,5.5396,5.3828,0,4000,4000,1,0,27
6,0,27,4000,1,271,13.5639,0.0468,3.8654,0.056,10.1172,5.9557,1,4000,4000,1,156,27
6,0,27,4000,1,272,12.6016,0.0569,3.4467,0.0525,9.415,5.6763,1,4000,4000,1,190,27
6,0,27,4000,1,273,10.2264,0,0,0.1958,6.6924,6.4711,0,4000,4000,1,0,27
6,0,27,4000,1,274,13.7795,0.0447,3.415,0.0634,10.1708,6.438,1,4000,4000,1,140,27
6,0,27,4000,1,275,12.7065,0.0461,3.3099,0.0534,9.4451,5.8549,1,4000,4000,1,162,27
6,0,27,4000,1,276,12.7048,0.061,3.0383,0.0514,8.9002,5.5745,1,4000,4000,1,126,27
6,0,27,4000,1,277,9.5541,0,0,0.1329,6.5127,6.3582,0,4000,4000,1,0,27
6,0,27,4000,1,278,12.572,0.0475,3.2543,0.0518,9.3649,5.8297,1,4000,4000,1,133,27
6,0,27,4000,1,279,11.9993,0.0465,3.0675,0.0504,9.0556,5.7204,1,4000,4000,1,132,27
6,0,27,4000,1,280,9.6124,0,0,0.1392,5.9971,5.835,0,4000,4000,1,0,27
6,0,27,4000,1,281,12.4658,0.3589,2.5667,0.0571,8.8247,5.6246,1,4000,4000,1,145,27
6,0,27,4000,1,282,11.4928,0.0356,2.6071,0.0519,8.5417,5.6509,1,4000,4000,1,120,27
6,0,27,4000,1,283,8.4064,0,0,0.1107,5.5086,5.3733,0,4000,4000,1,0,27
6,0,27,4000,1,284,12.5999,0.349,2.9623,0.0564,9.3759,5.8149,1,4000,4000,1,124,27
6,0,27,4000,1,285,11.8219,0.084,2.7351,0.0548,8.9176,5.8882,1,4000,4000,1,131,27
6,0,27,4000,1,286,9.4126,0,0,0.1744,6.1678,5.9568,0,4000,4000,1,0,27
6,0,27,4000,1,287,13.0763,0.0571,3.3033,0.0537,9.3021,5.687,1,4000,4000,1,131,27
6,0,27,4000,1,288,11.7218,0.0422,2.4153,0.0529,8.5585,5.8704,1,4000,4000,1,111,27
6,0,27,4000,1,289,9.1808,0,0,0.1409,6.0408,5.8774,0,4000,4000,1,0,27
6,0,27,4000,1,290,12.2639,0.0467,3.1674,0.0559,9.0726,5.6284,1,4000,4000,1,129,27
6,0,27,4000,1,291,11.7831,0.0432,3.0827,0.0507,8.8464,5.4935,1,4000,4000,1,127,27
6,0,27,4000,1,292,8.9815,0,0,0.1269,5.5883,5.4387,0,4000,4000,1,0,27
6,0,27,4000,1,293,11.0816,0.0457,2.3746,0.0533,8.1279,5.4782,1,4000,4000,1,132,27
6,0,27,4000,1,294,13.3401,0.3135,2.9746,0.091,9.9985,6.3784,1,4000,4000,1,96,27
6,0,27,4000,1,295,10.0381,0,0,0.1669,5.9519,5.7624,0,4000,4000,1,0,27
6,0,27,4000,1,296,11.619,0.0366,2.3778,0.0553,8.5039,5.8519,1,4000,4000,1,104,27
6,0,27,4000,1,297,11.634,0.042,2.3169,0.0565,8.3734,5.7743,1,4000,4000,1,99,27
6,0,27,4000,1,298,9.0631,0,0,0.1419,5.8835,5.7162,0,4000,4000,1,0,27
6,0,27,4000,1,299,12.1372,0.0445,2.5595,0.061,8.8491,6.001,1,4000,4000,1,117,27
6,0,27,4000,1,300,11.5925,0.0433,2.4935,0.0532,8.3968,5.6262,1,4000,4000,1,88,27
6,0,27,4000,1,301,9.189,0,0,0.1346,6.168,6.0073,0,4000,4000,1,0,27
6,0,27,4000,1,302,11.7514,0.3404,2.2329,0.0579,8.4406,5.6228,1,4000,4000,1,95,27
6,0,27,4000,1,303,11.4104,0.0482,2.3278,0.0501,8.5824,5.9746,1,4000,4000,1,98,27
6,0,27,4000,1,304,10.7854,0,0,0.181,5.8178,5.6117,0,4000,4000,1,0,27
6,0,27,4000,1,305,11.5798,0.0414,2.4381,0.0601,8.495,5.7571,1,4000,4000,1,79,27
6,0,27,4000,1,306,11.698,0.0407,2.461,0.0508,8.5281,5.7899,1,4000,4000,1,96,27
6,0,27,4000,1,307,8.8059,0,0,0.125,5.8411,5.6919,0,4000,4000,1,0,27
6,0,27,4000,1,308,12.3964,0.0424,2.4316,0.0543,8.2255,5.5198,1,4000,4000,1,90,27
6,0,27,4000,1,309,12.9362,0.0586,3.7961,0.056,9.8595,5.6572,1,4000,4000,1,104,27
6,0,27,4000,1,310,8.8065,0,0,0.1076,5.736,5.6078,0,4000,4000,1,0,27
6,0,27,4000,1,311,11.9199,0.0564,2.5413,0.0587,8.4797,5.6488,1,4000,4000,1,72,27
6,0,27,4000,1,312,11.8964,0.0503,3.0348,0.0535,8.8595,5.5306,1,4000,4000,1,72,27
6,0,27,4000,1,313,8.8362,0,0,0.1326,5.6961,5.5441,0,4000,4000,1,0,27
6,0,27,4000,1,314,12.382,0.0588,3.1064,0.0581,9.283,5.8893,1,4000,4000,1,69,27
6,0,27,4000,1,315,15.8454,0.0575,3.6998,0.0663,12.495,8.3068,1,4000,4000,1,88,27
6,0,27,4000,1,316,13.4074,0.0688,2.8864,0.0584,9.5269,6.3168,1,4000,4000,1,79,27
6,0,27,4000,1,317,11.0259,0,0,0.1536,6.0565,5.8745,0,4000,4000,1,0,27
6,0,27,4000,1,318,14.2993,0.0812,3.6204,0.0941,10.6132,6.5239,1,4000,4000,1,78,27
6,0,27,4000,1,319,12.3211,0.0508,2.7406,0.0579,8.7185,5.6929,1,4000,4000,1,66,27
6,0,27,4000,1,320,11.9995,0.2853,2.4235,0.1288,8.9471,5.9475,1,4000,4000,1,93,27
6,0,27,4000,1,321,9.2341,0,0,0.1602,6.0263,5.8442,0,4000,4000,1,0,27
6,0,27,4000,1,322,12.1698,0.0483,2.78,0.0571,8.7966,5.7368,1,4000,4000,1,62,27
6,0,27,4000,1,323,11.4792,0.0576,2.3935,0.0581,8.4902,5.8084,1,4000,4000,1,54,27
6,0,27,4000,1,324,9.3863,0,0,0.2137,5.9451,5.7078,0,4000,4000,1,0,27
6,0,27,4000,1,325,11.6959,0.055,2.3184,0.0548,8.3808,5.7736,1,4000,4000,1,60,27
6,0,27,4000,1,326,12.7002,0.057,2.7186,0.0544,9.1603,6.0682,1,4000,4000,1,62,27
6,0,27,4000,1,327,10.7325,0,0,0.1907,6.4026,6.1856,0,4000,4000,1,0,27
6,0,27,4000,1,328,11.3361,0.0599,2.1574,0.0579,8.0422,5.5957,1,4000,4000,1,49,27
6,0,27,4000,1,329,10.9076,0.0883,2.0588,0.0514,7.9616,5.5746,1,4000,4000,1,53,27
6,0,27,4000,1,330,8.7602,0,0,0.1346,5.9446,5.7913,0,4000,4000,1,0,27
6,0,27,4000,1,331,11.2358,0.0552,2.1559,0.054,7.9469,5.5126,1,4000,4000,1,51,27
6,0,27,4000,1,332,11.8266,0.0622,2.9136,0.0579,9.013,5.8156,1,4000,4000,1,44,27
6,0,27,4000,1,333,9.0239,0,0,0.1266,5.8736,5.7259,0,4000,4000,1,0,27
6,0,27,4000,1,334,11.3894,0.0694,2.2039,0.056,8.1754,5.6579,1,4000,4000,1,56,27
6,0,27,4000,1,335,9.3415,0,0,0.1514,6.4448,6.2601,0,4000,4000,1,0,27
6,0,27,4000,1,336,11.4213,0.0636,2.0351,0.0563,8.0374,5.7085,1,4000,4000,1,47,27
6,0,27,4000,1,337,10.8554,0.0482,1.9652,0.0563,7.654,5.4129,1,4000,4000,1,52,27
6,0,27,4000,1,338,8.8161,0,0,0.149,5.836,5.665,0,4000,4000,1,0,27
6,0,27,4000,1,339,11.7357,0.0636,2.643,0.0549,8.5375,5.6141,1,4000,4000,1,48,27
6,0,27,4000,1,340,12.8266,0.0867,2.5395,0.0677,9.7949,6.7994,1,4000,4000,1,33,27
6,0,27,4000,1,341,10.0173,0,0,0.1842,5.9885,5.7833,0,4000,4000,1,0,27
6,0,27,4000,1,342,11.1737,0.0453,1.8961,0.0575,7.7401,5.5161,1,4000,4000,1,38,27
6,0,27,4000,1,343,12.0614,0.0826,2.132,0.0556,8.6088,6.1304,1,4000,4000,1,44,27
6,0,27,4000,1,344,10.7834,0,0,0.2347,5.9469,5.6909,0,4000,4000,1,0,27
6,0,27,4000,1,345,11.7721,0.0742,2.0549,0.0525,7.7095,5.3553,1,4000,4000,1,44,27
6,0,27,4000,1,346,11.3232,0.0558,2.0117,0.0528,8.1635,5.8701,1,4000,4000,1,45,27
6,0,27,4000,1,347,8.8768,0,0,0.1447,5.7161,5.5501,0,4000,4000,1,0,27
6,0,27,4000,1,348,12.0701,0.0562,2.32,0.0574,8.2264,5.5832,1,4000,4000,1,36,27
6,0,27,4000,1,349,11.0469,0.0669,2.0424,0.0559,8.2252,5.8809,1,4000,4000,1,35,27
6,0,27,4000,1,350,8.6923,0,0,0.1606,5.6386,5.4584,0,4000,4000,1,0,27
6,0,27,4000,1,351,11.2636,0.0566,2.1565,0.0542,7.9437,5.5171,1,4000,4000,1,40,27
6,0,27,4000,1,352,13.0812,0.0548,1.9929,0.0533,10.0311,7.752,1,4000,4000,1,34,27
6,0,27,4000,1,353,10.6641,0,0,0.2068,6.3847,6.1552,0,4000,4000,1,0,27
6,0,27,4000,1,354,11.7972,0.0661,2.6755,0.0519,8.4544,5.4994,1,4000,4000,1,38,27
6,0,27,4000,1,355,11.3625,0.0464,2.0142,0.0555,8.0581,5.7548,1,4000,4000,1,27,27
6,0,27,4000,1,356,8.7513,0,0,0.1355,5.8971,5.7401,0,4000,4000,1,0,27
6,0,27,4000,1,357,12.6872,0.0578,2.4072,0.0544,8.7378,5.9317,1,4000,4000,1,33,27
6,0,27,4000,1,358,10.8429,0.051,1.9958,0.0529,7.7404,5.4316,1,4000,4000,1,31,27
6,0,27,4000,1,359,9.1179,0,0,0.1585,6.0231,5.8423,0,4000,4000,1,0,27
6,0,27,4000,1,360,11.1757,0.0446,2.1467,0.056,8.1056,5.6778,1,4000,4000,1,34,27
6,0,27,4000,1,361,11.5768,0.3324,1.8246,0.0551,8.1028,5.7114,1,4000,4000,1,35,27
6,0,27,4000,1,362,9.4215,0,0,0.196,6.2521,6.0313,0,4000,4000,1,0,27
6,0,27,4000,1,363,13.3424,0.0415,1.8262,0.066,9.8183,7.5616,1,4000,4000,1,30,27
6,0,27,4000,1,364,11.1271,0.0568,2.0116,0.0538,8.067,5.701,1,4000,4000,1,27,27
6,0,27,4000,1,365,9.5533,0,0,0.1917,6.0418,5.8256,0,4000,4000,1,0,27
6,0,27,4000,1,366,12.2107,0.0397,2.0789,0.0526,8.2091,5.8316,1,4000,4000,1,30,27
6,0,27,4000,1,367,11.1992,0.0515,1.8076,0.0564,8.0336,5.8849,1,4000,4000,1,21,27
6,0,27,4000,1,368,9.2349,0,0,0.1647,6.041,5.857,0,4000,4000,1,0,27
6,0,27,4000,1,369,11.178,0.0429,2.1353,0.0505,7.9475,5.5214,1,4000,4000,1,28,27
6,0,27,4000,1,370,8.999,0,0,0.1166,5.7336,5.595,0,4000,4000,1,0,27
6,0,27,4000,1,371,11.5662,0.0469,1.8185,0.0554,7.792,5.6778,1,4000,4000,1,31,27
6,0,27,4000,1,372,12.1539,0.2524,2.1668,0.0909,8.6654,5.8956,1,4000,4000,1,26,27
6,0,27,4000,1,373,9.3673,0,0,0.1328,6.048,5.8893,0,4000,4000,1,0,27
6,0,27,4000,1,374,11.5363,0.045,1.8353,0.0603,7.9109,5.7905,1,4000,4000,1,28,27
6,0,27,4000,1,375,11.4723,0.2271,1.8309,0.0529,8.3073,5.9497,1,4000,4000,1,34,27
6,0,27,4000,1,376,9.8376,0,0,0.2311,6.1087,5.8471,0,4000,4000,1,0,27
6,0,27,4000,1,377,11.8829,0.044,2.0771,0.0559,8.2946,5.925,1,4000,4000,1,39,27
6,0,27,4000,1,378,11.5474,0.0609,1.8703,0.0537,7.7297,5.5526,1,4000,4000,1,45,27
6,0,27,4000,1,379,9.3359,0,0,0.1243,6.0418,5.8906,0,4000,4000,1,0,27
6,0,27,4000,1,380,12.0914,0.0571,2.574,0.0593,8.6703,5.7705,1,4000,4000,1,63,27
6,0,27,4000,1,381,11.3008,0.2303,1.9206,0.0552,8.0828,5.7026,1,4000,4000,1,82,27
6,0,27,4000,1,382,8.9755,0,0,0.1314,5.4897,5.3327,0,4000,4000,1,0,27
6,0,27,4000,1,383,11.2215,0.0357,2.366,0.0528,8.3592,5.7277,1,4000,4000,1,85,27
6,0,27,4000,1,384,11.4682,0.0436,2.2278,0.0557,8.1329,5.6314,1,4000,4000,1,132,27
6,0,27,4000,1,385,9.1453,0,0,0.1345,5.6952,5.539,0,4000,4000,1,0,27
6,0,27,4000,1,386,11.9543,0.041,2.1519,0.0514,8.2484,5.8089,1,4000,4000,1,123,27
6,0,27,4000,1,387,9.1773,0,0,0.1383,6.0185,5.8465,0,4000,4000,1,0,27
6,0,27,4000,1,388,13.0578,0.054,2.43,0.0546,8.4765,5.749,1,4000,4000,1,133,27
6,0,27,4000,1,389,11.7958,0.051,2.3823,0.0532,8.3936,5.7252,1,4000,4000,1,149,27
6,0,27,4000,1,390,11.5565,0.0522,2.3898,0.0552,8.6011,5.891,1,4000,4000,1,166,27
6,0,27,4000,1,391,9.0899,0,0,0.1252,5.8975,5.747,0,4000,4000,1,0,27
6,0,27,4000,1,392,12.1218,0.0396,3.0613,0.056,8.9993,5.6618,1,4000,4000,1,236,27
6,0,27,4000,1,393,8.671,0,0,0.1195,5.7729,5.6264,0,4000,4000,1,0,27
6,0,27,4000,1,394,12.6064,0.0402,3.1845,0.0591,9.3991,5.9304,1,4000,4000,1,262,27
6,0,27,4000,1,395,12.5386,0.0417,3.2854,0.0508,9.1613,5.5936,1,4000,4000,1,311,27
6,0,27,4000,1,396,13.2442,0.0468,3.5679,0.0579,10.2279,6.3495,1,4000,4000,1,327,27
6,0,27,4000,1,397,9.6663,0,0,0.2133,6.1301,5.8954,0,4000,4000,1,0,27
6,0,27,4000,1,398,12.3431,0.0568,3.4888,0.0523,9.2236,5.4628,1,4000,4000,1,315,27
6,0,27,4000,1,399,12.5066,0.0542,3.3185,0.0523,8.9158,5.3357,1,4000,4000,1,230,27
6,0,27,4000,1,400,9.203,0,0,0.1409,5.8506,5.6874,0,4000,4000,1,0,27
6,0,27,4000,1,401,12.6504,0.0448,3.304,0.0569,9.4222,5.8546,1,4000,4000,1,275,27
6,0,27,4000,1,402,13.0334,0.2736,3.9007,0.0534,9.8764,5.4695,1,4000,4000,1,241,27
6,0,27,4000,1,403,9.1934,0,0,0.1441,5.812,5.6484,0,4000,4000,1,0,27
6,0,27,4000,1,404,14.3457,0.0582,4.2424,0.0505,9.8152,5.2965,1,4000,4000,1,255,27
6,0,27,4000,1,405,12.4807,0.0397,3.1785,0.0543,9.1708,5.7271,1,4000,4000,1,231,27
6,0,27,4000,1,406,12.6869,0.0585,3.6201,0.0515,9.5224,5.6276,1,4000,4000,1,258,27
6,0,27,4000,1,407,9.9207,0,0,0.1595,6.4136,6.2251,0,4000,4000,1,0,27
6,0,27,4000,1,408,12.3151,0.2501,2.7746,0.0565,8.791,5.5345,1,4000,4000,1,245,27
6,0,27,4000,1,409,14.0686,0.0528,3.6163,0.0537,9.5048,5.596,1,4000,4000,1,302,27
6,0,27,4000,1,410,12.9927,0.0606,3.4913,0.0591,9.476,5.6988,1,4000,4000,1,261,27
6,0,27,4000,1,411,9.2945,0,0,0.1605,5.852,5.6708,0,4000,4000,1,0,27
6,0,27,4000,1,412,12.4088,0.0545,3.2425,0.0546,9.1609,5.6541,1,4000,4000,1,312,27
6,0,27,4000,1,413,12.303,0.0573,3.3267,0.056,9.2685,5.6674,1,4000,4000,1,273,27
6,0,27,4000,1,414,9.4108,0,0,0.173,5.9407,5.7468,0,4000,4000,1,0,27
6,0,27,4000,1,415,14.0012,0.2851,3.9472,0.0566,10.7557,6.1972,1,4000,4000,1,316,27
6,0,27,4000,1,416,13.0756,0.0367,3.3389,0.055,9.482,5.7736,1,4000,4000,1,286,27
6,0,27,4000,1,417,12.6997,0.0627,3.3684,0.0543,9.1358,5.4777,1,4000,4000,1,295,27
6,0,27,4000,1,418,8.9343,0,0,0.1449,5.7351,5.5698,0,4000,4000,1,0,27
6,0,27,4000,1,419,12.2293,0.0503,3.0601,0.0505,8.7714,5.4265,1,4000,4000,1,299,27
6,0,27,4000,1,420,12.1018,0.0499,2.9568,0.0515,8.6959,5.483,1,4000,4000,1,277,27
6,0,27,4000,1,421,9.2855,0,0,0.1541,5.9445,5.7676,0,4000,4000,1,0,27
6,0,27,4000,1,422,12.7927,0.0456,3.3803,0.0561,9.4726,5.8213,1,4000,4000,1,309,27
6,0,27,4000,1,423,12.7962,0.0548,3.7222,0.0574,9.7461,5.7327,1,4000,4000,1,326,27
6,0,27,4000,1,424,9.7125,0,0,0.2269,6.0937,5.8415,0,4000,4000,1,0,27
6,0,27,4000,1,425,13.3924,0.0982,3.8887,0.058,9.8586,5.6261,1,4000,4000,1,300,27
6,0,27,4000,1,426,12.8012,0.0494,3.3225,0.0549,9.3432,5.721,1,4000,4000,1,285,27
6,0,27,4000,1,427,13.29,0.0552,3.8676,0.0587,10.0252,5.8485,1,4000,4000,1,341,27
6,0,27,4000,1,428,9.2559,0,0,0.1501,5.8105,5.6401,0,4000,4000,1,0,27
6,0,27,4000,1,429,12.6915,0.045,3.7219,0.0532,9.4667,5.4827,1,4000,4000,1,275,27
6,0,27,4000,1,430,12.7527,0.0527,3.6978,0.0521,9.4193,5.4369,1,4000,4000,1,308,27
6,0,27,4000,1,431,9.13,0,0,0.1483,5.9132,5.7279,0,4000,4000,1,0,27
6,0,27,4000,1,432,13.4955,0.0638,3.7512,0.0551,10.4373,6.2833,1,4000,4000,1,341,27
6,0,27,4000,1,433,12.9644,0.0427,3.4185,0.0509,9.3787,5.6972,1,4000,4000,1,292,27
6,0,27,4000,1,434,13.0298,0.0514,3.4303,0.0525,9.948,6.2263,1,4000,4000,1,283,27
6,0,27,4000,1,435,9.6287,0,0,0.1732,5.9276,5.7278,0,4000,4000,1,0,27
6,0,27,4000,1,436,12.6182,0.0449,3.5153,0.0573,9.4154,5.5811,1,4000,4000,1,328,27
6,0,27,4000,1,437,12.6165,0.0508,3.158,0.0525,8.994,5.544,1,4000,4000,1,263,27
6,0,27,4000,1,438,8.9294,0,0,0.1426,5.8778,5.7149,0,4000,4000,1,0,27
6,0,27,4000,1,439,12.7108,0.3387,3.3787,0.0574,9.691,5.73,1,4000,4000,1,293,27
6,0,27,4000,1,440,14.2455,0.0662,5.0338,0.0544,11.1069,5.7386,1,4000,4000,1,311,27
6,0,27,4000,1,441,12.5404,0.3423,3.0399,0.051,9.3095,5.6881,1,4000,4000,1,337,27
6,0,27,4000,1,442,9.3244,0,0,0.1443,5.8373,5.6683,0,4000,4000,1,0,27
6,0,27,4000,1,443,13.9562,0.082,4.0347,0.0557,10.4981,6.129,1,4000,4000,1,278,27
6,0,27,4000,1,444,14.0635,0.0462,3.8332,0.0522,9.7716,5.6679,1,4000,4000,1,296,27
6,0,27,4000,1,445,12.006,0.0709,3.2326,0.0583,9.0303,5.4805,1,4000,4000,1,241,27
6,0,27,4000,1,446,9.0018,0,0,0.1585,5.6772,5.5012,0,4000,4000,1,0,27
6,0,27,4000,1,447,12.9808,0.0446,3.4618,0.06,9.6556,5.8428,1,4000,4000,1,248,27
6,0,27,4000,1,448,13.4831,0.0407,3.3309,0.0543,9.6056,6.0004,1,4000,4000,1,248,27
6,0,27,4000,1,449,9.351,0,0,0.1637,6.0885,5.9002,0,4000,4000,1,0,27
6,0,27,4000,1,450,12.4435,0.047,2.6404,0.0565,8.7013,5.7611,1,4000,4000,1,221,27
6,0,27,4000,1,451,12.0872,0.0463,3.0204,0.0543,8.9683,5.6642,1,4000,4000,1,231,27
6,0,27,4000,1,452,12.7973,0.0749,3.4499,0.0579,9.547,5.7888,1,4000,4000,1,227,27
6,0,27,4000,1,453,8.8333,0,0,0.1418,5.6087,5.4482,0,4000,4000,1,0,27
6,0,27,4000,1,454,12.8155,0.0542,3.1039,0.0836,9.2934,5.8596,1,4000,4000,1,255,27
6,0,27,4000,1,455,12.794,0.0743,3.3592,0.0542,9.5156,5.8299,1,4000,4000,1,260,27
6,0,27,4000,1,456,9.0263,0,0,0.1467,5.8581,5.692,0,4000,4000,1,0,27
6,0,27,4000,1,457,12.2716,0.0431,2.9392,0.0514,8.7853,5.5524,1,4000,4000,1,243,27
6,0,27,4000,1,458,11.9832,0.0449,2.8314,0.0519,8.7311,5.6334,1,4000,4000,1,235,27
6,0,27,4000,1,459,9.5444,0,0,0.134,6.1749,6.0195,0,4000,4000,1,0,27
6,0,27,4000,1,460,12.8971,0.0574,2.9305,0.0543,8.8309,5.6017,1,4000,4000,1,238,27
6,0,27,4000,1,461,11.4995,0.3554,2.5682,0.0552,8.6714,5.4641,1,4000,4000,1,223,27
6,0,27,4000,1,462,9.7204,0,0,0.2058,6.1576,5.909,0,4000,4000,1,0,27
6,0,27,4000,1,463,12.7779,0.0583,2.7246,0.0505,8.9374,5.9202,1,4000,4000,1,236,27
6,0,27,4000,1,464,12.3605,0.0452,2.6604,0.1113,8.7118,5.7142,1,4000,4000,1,211,27
6,0,27,4000,1,465,8.9441,0,0,0.1206,5.7334,5.5895,0,4000,4000,1,0,27
6,0,27,4000,1,466,11.9957,0.0555,2.7338,0.052,8.737,5.7106,1,4000,4000,1,240,27
6,0,27,4000,1,467,12.305,0.0385,2.9889,0.0518,8.9912,5.727,1,4000,4000,1,257,27
6,0,27,4000,1,468,8.9007,0,0,0.1148,5.7285,5.5933,0,4000,4000,1,0,27
6,0,27,4000,1,469,12.2327,0.2154,2.7231,0.0566,8.9346,5.7427,1,4000,4000,1,250,27
6,0,27,4000,1,470,12.9161,0.0406,3.3626,0.0543,9.3555,5.7091,1,4000,4000,1,244,27
6,0,27,4000,1,471,12.8915,0.0483,3.4011,0.0564,9.7122,5.9339,1,4000,4000,1,251,27
6,0,27,4000,1,472,9.9028,0,0,0.2154,5.9495,5.7056,0,4000,4000,1,0,27
6,0,27,4000,1,473,12.7666,0.0514,3.3004,0.0539,9.0959,5.5239,1,4000,4000,1,337,27
6,0,27,4000,1,474,12.2027,0.0647,3.1764,0.0534,8.9241,5.4728,1,4000,4000,1,311,27
6,0,27,4000,1,475,9.4986,0,0,0.1531,6.0486,5.8728,0,4000,4000,1,0,27
6,0,27,4000,1,476,12.1493,0.0576,3.0495,0.0568,8.975,5.6335,1,4000,4000,1,246,27
6,0,27,4000,1,477,12.4062,0.0445,3.0695,0.0622,9.0256,5.6123,1,4000,4000,1,268,27
6,0,27,4000,1,478,9.6031,0,0,0.1597,6.3822,6.1949,0,4000,4000,1,0,27
6,0,27,4000,1,479,12.8051,0.0466,3.873,0.0537,9.6411,5.4911,1,4000,4000,1,256,27
6,0,27,4000,1,480,12.0199,0.0468,2.8548,0.0536,8.5574,5.4137,1,4000,4000,1,238,27
6,0,27,4000,1,481,9.358,0,0,0.1667,5.9654,5.7783,0,4000,4000,1,0,27
6,0,27,4000,1,482,14.7601,0.0541,3.0861,0.0565,9.8273,6.4298,1,4000,4000,1,246,27
6,0,27,4000,1,483,12.5763,0.0472,3.2929,0.0557,9.2784,5.7177,1,4000,4000,1,284,27
6,0,27,4000,1,484,12.0183,0.3183,2.7794,0.0528,8.8521,5.5349,1,4000,4000,1,251,27
6,0,27,4000,1,485,9.0945,0,0,0.1797,5.897,5.6908,0,4000,4000,1,0,27
6,0,27,4000,1,486,14.0502,0.053,3.4901,0.0698,10.4298,6.4581,1,4000,4000,1,258,27
6,0,27,4000,1,487,12.3151,0.0416,3.0909,0.0557,9.1572,5.7962,1,4000,4000,1,243,27
6,0,27,4000,1,488,12.6608,0.0606,3.1075,0.0532,9.1379,5.691,1,4000,4000,1,255,27
6,0,27,4000,1,489,9.4303,0,0,0.1642,5.8734,5.684,0,4000,4000,1,0,27
6,0,27,4000,1,490,13.4693,0.0456,3.4645,0.0674,10.0597,6.2897,1,4000,4000,1,259,27
6,0,27,4000,1,491,12.3695,0.3048,2.8964,0.0665,9.2441,5.8021,1,4000,4000,1,238,27
6,0,27,4000,1,492,9.4164,0,0,0.1745,5.8297,5.6259,0,4000,4000,1,0,27
6,0,27,4000,1,493,12.2442,0.0577,2.7453,0.0536,8.5344,5.5015,1,4000,4000,1,223,27
6,0,27,4000,1,494,12.8563,0.066,3.4359,0.0565,9.3075,5.5794,1,4000,4000,1,262,27
6,0,27,4000,1,495,9.1444,0,0,0.1362,6.1297,5.973,0,4000,4000,1,0,27
6,0,27,4000,1,496,11.7436,0.0502,2.8418,0.0544,8.6956,5.5759,1,4000,4000,1,243,27
6,0,27,4000,1,497,12.1733,0.0487,2.8047,0.0546,8.5715,5.4209,1,4000,4000,1,280,27
6,0,27,4000,1,498,9.3361,0,0,0.1305,5.9408,5.7921,0,4000,4000,1,0,27
6,0,27,4000,1,499,12.3053,0.0522,3.1079,0.0535,9.1969,5.643,1,4000,4000,1,310,27
6,0,27,4000,1,500,12.0547,0.044,2.8333,0.0579,8.89,5.7623,1,4000,4000,1,321,27
6,0,27,4000,1,501,9.5738,0,0,0.1804,5.9453,5.7428,0,4000,4000,1,0,27
6,0,27,4000,1,502,12.3787,0.0429,3.0519,0.057,9.1546,5.8063,1,4000,4000,1,278,27
6,0,27,4000,1,503,13.7743,0.0869,3.5307,0.0509,9.6817,5.8108,1,4000,4000,1,277,27
6,0,27,4000,1,504,12.3887,0.0789,3.0857,0.0578,9.0405,5.6584,1,4000,4000,1,270,27
6,0,27,4000,1,505,8.9596,0,0,0.1539,5.8218,5.6471,0,4000,4000,1,0,27
6,0,27,4000,1,506,12.1269,0.0385,3.1624,0.053,9.1047,5.6736,1,4000,4000,1,255,27
6,0,27,4000,1,507,11.7248,0.2572,2.5448,0.0559,8.7729,5.7409,1,4000,4000,1,234,27
6,0,27,4000,1,508,9.0843,0,0,0.149,5.7837,5.616,0,4000,4000,1,0,27
6,0,27,4000,1,509,12.1059,0.041,2.8481,0.055,8.8717,5.7396,1,4000,4000,1,259,27
6,0,27,4000,1,510,12.4546,0.0532,3.284,0.0538,9.4793,5.9008,1,4000,4000,1,288,27
6,0,27,4000,1,511,9.9584,0,0,0.2218,6.2637,6.0023,0,4000,4000,1,0,27
6,0,27,4000,1,512,14.2341,0.0585,4.6837,0.0557,10.6426,5.6656,1,4000,4000,1,270,27
6,0,27,4000,1,513,11.7895,0.0364,3.0935,0.0505,8.9452,5.585,1,4000,4000,1,328,27
6,0,27,4000,1,514,12.0005,0.2702,2.7421,0.0559,9.066,5.7859,1,4000,4000,1,281,27
6,0,27,4000,1,515,8.7119,0,0,0.1241,5.626,5.4808,0,4000,4000,1,0,27
6,0,27,4000,1,516,12.3364,0.0807,3.1971,0.1184,9.2505,5.673,1,4000,4000,1,250,27
6,0,27,4000,1,517,12.4604,0.0504,2.9682,0.0523,9.363,6.0116,1,4000,4000,1,331,27
6,0,27,4000,1,518,9.6306,0,0,0.2457,5.7978,5.522,0,4000,4000,1,0,27
6,0,27,4000,1,519,12.6797,0.0516,3.1073,0.0513,9.2019,5.6417,1,4000,4000,1,309,27
6,0,27,4000,1,520,12.8701,0.0417,3.3906,0.0524,9.4101,5.7461,1,4000,4000,1,319,27
6,0,27,4000,1,521,10.0203,0,0,0.1259,6.4715,6.3205,0,4000,4000,1,0,27
6,0,27,4000,1,522,13.4582,0.0515,3.1699,0.0558,10.3268,6.8685,1,4000,4000,1,266,27
6,0,27,4000,1,523,14.0158,0.0517,3.7251,0.056,10.4365,6.4183,1,4000,4000,1,347,27
6,0,27,4000,1,524,12.2722,0.0543,3.2093,0.0505,9.047,5.5376,1,4000,4000,1,367,27
6,0,27,4000,1,525,8.8273,0,0,0.1289,5.5973,5.4452,0,4000,4000,1,0,27
6,0,27,4000,1,526,13.8141,0.0621,3.9496,0.0544,10.0965,5.8533,1,4000,4000,1,327,27
6,0,27,4000,1,527,13.7539,0.5455,3.0441,0.0558,9.6173,5.7932,1,4000,4000,1,289,27
6,0,27,4000,1,528,11.8781,0.0526,2.87,0.0514,8.8169,5.6503,1,4000,4000,1,249,27
6,0,27,4000,1,529,9.4048,0,0,0.1619,5.8834,5.7006,0,4000,4000,1,0,27
6,0,27,4000,1,530,12.9238,0.0464,3.1465,0.068,9.6047,6.0411,1,4000,4000,1,272,27
6,0,27,4000,1,531,13.4817,0.2681,3.1267,0.0553,9.5287,5.8858,1,4000,4000,1,254,27
6,0,27,4000,1,532,9.682,0,0,0.1412,5.9117,5.748,0,4000,4000,1,0,27
6,0,27,4000,1,533,13.7901,0.0404,3.582,0.0579,9.8557,5.9903,1,4000,4000,1,265,27
6,0,27,4000,1,534,13.622,0.0631,4.1509,0.058,10.2156,5.7405,1,4000,4000,1,226,27
6,0,27,4000,1,535,12.7078,0.0667,3.286,0.058,9.4399,5.7903,1,4000,4000,1,196,27
6,0,27,4000,1,536,9.7055,0,0,0.1508,6.4802,6.3083,0,4000,4000,1,0,27
6,0,27,4000,1,537,12.4778,0.0549,3.1208,0.0561,9.2245,5.8079,1,4000,4000,1,205,27
6,0,27,4000,1,538,12.255,0.0456,2.9197,0.0576,8.724,5.5187,1,4000,4000,1,237,27
6,0,27,4000,1,539,9.1168,0,0,0.1195,5.8805,5.7405,0,4000,4000,1,0,27
6,0,27,4000,1,540,12.1737,0.2774,2.5908,0.0586,8.8823,5.7866,1,4000,4000,1,224,27
6,0,27,4000,1,541,12.0408,0.0348,3.1122,0.0519,8.9316,5.5562,1,4000,4000,1,221,27
6,0,27,4000,1,542,9.3629,0,0,0.1487,6.1717,6.0021,0,4000,4000,1,0,27
6,0,27,4000,1,543,12.7351,0.0533,2.5153,0.0575,8.4311,5.6252,1,4000,4000,1,218,27
6,0,27,4000,1,544,12.3655,0.3123,2.8219,0.0559,9.0161,5.6531,1,4000,4000,1,241,27
6,0,27,4000,1,545,11.6469,0.0484,2.805,0.05,8.5843,5.4826,1,4000,4000,1,189,27
6,0,27,4000,1,546,9.7453,0,0,0.1497,5.6171,5.4486,0,4000,4000,1,0,27
6,0,27,4000,1,547,12.9791,0.0469,3.1839,0.0557,9.154,5.7008,1,4000,4000,1,202,27
6,0,27,4000,1,548,12.2794,0.0444,3.0417,0.0559,9.0894,5.7447,1,4000,4000,1,209,27
6,0,27,4000,1,549,8.7386,0,0,0.1319,5.457,5.2981,0,4000,4000,1,0,27
6,0,27,4000,1,550,11.9768,0.2648,2.4383,0.0579,8.8275,5.8484,1,4000,4000,1,197,27
7,1,27,4000,1,151,9.3291,0.0652,0.2558,0.1582,5.9625,5.7936,0,4000,4000,1,0,27
7,1,27,4000,1,152,9.8861,0.0665,0.2614,0.0556,6.5143,5.9881,1,4000,4000,1,15,27
7,1,27,4000,1,153,9.1873,0.0594,0.2512,0.0547,6.3087,5.8178,1,4000,4000,1,11,27
7,1,27,4000,1,154,8.844,0.0696,0.1562,0.1134,5.719,5.594,0,4000,4000,1,0,27
7,1,27,4000,1,155,9.0259,0.0641,0.2055,0.0529,6.1219,5.6786,1,4000,4000,1,4,27
7,1,27,4000,1,156,8.7111,0.0604,0.2374,0.1314,5.4585,5.315,0,4000,4000,1,0,27
7,1,27,4000,1,157,9.9963,0.0648,0.3534,0.0729,7.1891,6.4005,1,4000,4000,1,13,27
7,1,27,4000,1,158,10.8689,0.0616,0.0416,0.1486,6.2911,6.1245,0,4000,4000,1,0,27
7,1,27,4000,1,159,9.5869,0.0524,0.2071,0.0548,6.1124,5.658,1,4000,4000,1,9,27
7,1,27,4000,1,160,10.3135,0.0672,0.2755,0.0528,6.9054,6.3826,1,4000,4000,1,16,27
7,1,27,4000,1,161,9.5905,0.1042,0.0038,0.1243,6.2378,6.1029,0,4000,4000,1,0,27
7,1,27,4000,1,162,10.587,0.1666,0.1919,0.0548,7.3245,6.7782,1,4000,4000,1,8,27
7,1,27,4000,1,163,8.3234,0.1666,0.1919,0.1075,5.3648,5.2485,0,4000,4000,1,0,27
7,1,27,4000,1,164,10.2852,0.0933,0.2097,0.063,7.3152,6.7754,1,4000,4000,1,7,27
7,1,27,4000,1,165,8.6303,0.0933,0.2097,0.1141,5.656,5.5316,0,4000,4000,1,0,27
7,1,27,4000,1,166,9.7305,0.0573,0.2085,0.0505,6.3149,5.844,1,4000,4000,1,8,27
7,1,27,4000,1,167,9.5176,0.0581,0.2366,0.05,6.4781,5.9914,1,4000,4000,1,11,27
7,1,27,4000,1,168,9.9266,0.0528,0.2085,0.1422,5.7036,5.5483,0,4000,4000,1,0,27
7,1,27,4000,1,169,9.9048,0.043,0.2115,0.0514,6.3327,5.8931,1,4000,4000,1,14,27
7,1,27,4000,1,170,8.9137,0.043,0.2115,0.1231,5.8644,5.7303,0,4000,4000,1,0,27
7,1,27,4000,1,171,9.873,0.0435,0.2086,0.0567,6.4049,5.9644,1,4000,4000,1,12,27
7,1,27,4000,1,172,8.6258,0.0435,0.2086,0.1137,5.4142,5.2908,0,4000,4000,1,0,27
7,1,27,4000,1,173,10.9725,0.0447,0.1905,0.0533,6.4934,6.0659,1,4000,4000,1,13,27
7,1,27,4000,1,174,9.7636,0.159,0.1933,0.0632,6.5436,6.0068,1,4000,4000,1,6,27
7,1,27,4000,1,175,8.8352,0.0385,0.1851,0.1307,5.4938,5.3524,0,4000,4000,1,0,27
7,1,27,4000,1,176,10.1935,0.0596,0.1983,0.0529,6.0482,5.6151,1,4000,4000,1,10,27
7,1,27,4000,1,177,8.8183,0.0596,0.1983,0.1447,5.6811,5.5253,0,4000,4000,1,0,27
7,1,27,4000,1,178,10.0819,0.1678,0.3074,0.0547,6.7616,6.0801,1,4000,4000,1,16,27
7,1,27,4000,1,179,9.1677,0.0452,0.2591,0.0544,6.1873,5.6639,1,4000,4000,1,6,27
7,1,27,4000,1,180,9.1638,0.0661,0.0798,0.1298,5.627,5.4856,0,4000,4000,1,0,27
7,1,27,4000,1,181,9.773,0.1075,0.217,0.0567,6.7074,6.184,1,4000,4000,1,5,27
7,1,27,4000,1,182,9.2219,0.0959,0.0049,0.1422,5.612,5.4579,0,4000,4000,1,0,27
7,1,27,4000,1,183,10.6358,0.0607,0.2641,0.0508,6.6838,6.1558,1,4000,4000,1,11,27
7,1,27,4000,1,184,8.7645,0.0607,0.2641,0.2452,5.3258,5.0693,0,4000,4000,1,0,27
7,1,27,4000,1,185,9.7405,0.0426,0.2884,0.0546,6.2365,5.6856,1,4000,4000,1,7,27
7,1,27,4000,1,186,9.7209,0.0478,0.2877,0.0572,6.4687,5.8764,1,4000,4000,1,11,27
7,1,27,4000,1,187,9.1254,0.0404,0.2314,0.1359,5.4109,5.2634,0,4000,4000,1,0,27
7,1,27,4000,1,188,10.8235,0.1597,0.2275,0.0545,7.8217,7.2096,1,4000,4000,1,3,27
7,1,27,4000,1,189,8.5218,0.0629,0.1981,0.1104,5.3419,5.2219,0,4000,4000,1,0,27
7,1,27,4000,1,190,9.515,0.046,0.244,0.0549,6.2087,5.7217,1,4000,4000,1,4,27
7,1,27,4000,1,191,8.6816,0.046,0.244,0.1226,5.5652,5.4325,0,4000,4000,1,0,27
7,1,27,4000,1,192,10.0835,0.059,0.239,0.0515,6.5305,6.0293,1,4000,4000,1,11,27
7,1,27,4000,1,193,10.3598,0.0746,0.4074,0.0546,6.9366,6.1625,1,4000,4000,1,5,27
7,1,27,4000,1,194,9.5307,0.0827,0.2435,0.1368,5.5021,5.3538,0,4000,4000,1,0,27
7,1,27,4000,1,195,10.5145,0.1868,0.32,0.0541,7.1202,6.3854,1,4000,4000,1,8,27
7,1,27,4000,1,196,9.2148,0.0875,0.0039,0.1319,5.6819,5.5396,0,4000,4000,1,0,27
7,1,27,4000,1,197,9.7427,0.0415,0.2046,0.0548,6.3998,5.967,1,4000,4000,1,3,27
7,1,27,4000,1,198,8.5345,0.0415,0.2046,0.1201,5.3888,5.2583,0,4000,4000,1,0,27
7,1,27,4000,1,199,10.0277,0.1774,0.2302,0.0533,6.7026,6.0719,1,4000,4000,1,6,27
7,1,27,4000,1,200,9.0631,0.0559,0.1908,0.0646,6.1716,5.744,1,4000,4000,1,5,27
7,1,27,4000,1,201,8.6494,0.0393,0.0884,0.1184,5.4796,5.3509,0,4000,4000,1,0,27
7,1,27,4000,1,202,10.6138,0.2485,0.3293,0.0551,7.2047,6.4378,1,4000,4000,1,246,27
7,1,27,4000,1,203,8.9358,0.0706,0.2743,0.1563,5.5217,5.3554,0,4000,4000,1,0,27
7,1,27,4000,1,204,10.0467,0.0477,0.2459,0.0555,6.6551,6.1697,1,4000,4000,1,8,27
7,1,27,4000,1,205,9.052,0.0477,0.2459,0.1524,5.6866,5.5227,0,4000,4000,1,0,27
7,1,27,4000,1,206,11.1209,0.1882,0.3392,0.049,7.6785,6.9502,1,4000,4000,1,6,27
7,1,27,4000,1,207,10.301,0.0836,0.3168,0.0545,6.8165,6.1857,1,4000,4000,1,7,27
7,1,27,4000,1,208,9.5207,0.0467,0.1059,0.1763,5.7447,5.5537,0,4000,4000,1,0,27
7,1,27,4000,1,209,10.5128,0.0552,0.5946,0.0539,6.8003,5.9766,1,4000,4000,1,486,27
7,1,27,4000,1,210,8.6782,0.0552,0.5946,0.1262,5.6544,5.5183,0,4000,4000,1,0,27
7,1,27,4000,1,211,10.5546,0.0495,0.2978,0.0553,6.7938,6.2629,1,4000,4000,1,7,27
7,1,27,4000,1,212,10.0432,0.1595,0.2827,0.0534,7.0025,6.376,1,4000,4000,1,7,27
7,1,27,4000,1,213,9.0842,0.0353,0.1003,0.141,5.5943,5.4412,0,4000,4000,1,0,27
7,1,27,4000,1,214,10.025,0.0478,0.2456,0.0517,6.7248,6.2086,1,4000,4000,1,6,27
7,1,27,4000,1,215,8.5164,0.0478,0.2456,0.1054,5.5461,5.4311,0,4000,4000,1,0,27
7,1,27,4000,1,216,10.6718,0.0513,0.6102,0.0533,6.8697,5.9817,1,4000,4000,1,245,27
7,1,27,4000,1,217,11.1426,0.0541,0.5154,0.0554,6.8285,6.0334,1,4000,4000,1,253,27
7,1,27,4000,1,218,9.8514,0.0658,0.189,0.1653,5.8375,5.6556,0,4000,4000,1,0,27
7,1,27,4000,1,219,10.0209,0.0393,0.252,0.0577,6.3112,5.8292,1,4000,4000,1,8,27
7,1,27,4000,1,220,8.6323,0.0393,0.252,0.113,5.5528,5.43,0,4000,4000,1,0,27
7,1,27,4000,1,221,9.5119,0.0463,0.2305,0.0546,6.2773,5.8294,1,4000,4000,1,3,27
7,1,27,4000,1,222,8.849,0.0463,0.2305,0.1243,5.6308,5.4973,0,4000,4000,1,0,27
7,1,27,4000,1,223,10.5924,0.0475,0.7069,0.0641,7.1944,6.2436,1,4000,4000,1,484,27
7,1,27,4000,1,224,9.988,0.0481,0.383,0.059,6.8673,6.2057,1,4000,4000,1,244,27
7,1,27,4000,1,225,9.2225,0.0393,0.0709,0.1435,6.0395,5.8843,0,4000,4000,1,0,27
7,1,27,4000,1,226,10.8385,0.0574,0.3316,0.0579,6.9549,6.2885,1,4000,4000,1,3,27
7,1,27,4000,1,227,8.8077,0.0574,0.3316,0.1658,5.4747,5.2984,0,4000,4000,1,0,27
7,1,27,4000,1,228,10.5805,0.0612,1.0419,0.0548,7.3909,6.0847,1,4000,4000,1,924,27
7,1,27,4000,1,229,9.9201,0.0534,0.5818,0.0528,6.9524,6.1167,1,4000,4000,1,246,27
7,1,27,4000,1,230,9.0853,0.1598,0.1023,0.1137,5.5346,5.4095,0,4000,4000,1,0,27
7,1,27,4000,1,231,10.0661,0.0523,0.3851,0.0572,7.0647,6.4165,1,4000,4000,1,203,27
7,1,27,4000,1,232,8.6524,0.0405,0.1779,0.1162,5.4194,5.2936,0,4000,4000,1,0,27
7,1,27,4000,1,233,10.0918,0.0575,0.4514,0.0533,6.962,6.2772,1,4000,4000,1,1,27
7,1,27,4000,1,234,8.5175,0.0575,0.4514,0.1101,5.4995,5.3805,0,4000,4000,1,0,27
7,1,27,4000,1,235,9.9673,0.0389,0.6512,0.05,6.8421,5.9643,1,4000,4000,1,485,27
7,1,27,4000,1,236,10.4964,0.2474,0.4548,0.0571,7.5814,6.6762,1,4000,4000,1,241,27
7,1,27,4000,1,237,8.5159,0.0408,0.1561,0.1017,5.5439,5.4298,0,4000,4000,1,0,27
7,1,27,4000,1,238,9.9282,0.0545,0.3418,0.0577,6.763,6.1403,1,4000,4000,1,3,27
7,1,27,4000,1,239,8.9197,0.0405,0.1082,0.1154,5.6368,5.5101,0,4000,4000,1,0,27
7,1,27,4000,1,240,11.8374,0.0599,0.8955,0.0565,8.6461,7.4989,1,4000,4000,1,707,27
7,1,27,4000,1,241,10.1993,0.0543,0.4529,0.0528,6.8185,6.1399,1,4000,4000,1,213,27
7,1,27,4000,1,242,8.9148,0.0519,0.1369,0.1407,5.7445,5.5929,0,4000,4000,1,0,27
7,1,27,4000,1,243,9.9126,0.0515,0.3059,0.0579,6.938,6.3679,1,4000,4000,1,28,27
7,1,27,4000,1,244,8.8364,0.0404,0.1349,0.205,5.7339,5.5149,0,4000,4000,1,0,27
7,1,27,4000,1,245,10.2263,0.0465,0.6539,0.0532,7.0687,6.2039,1,4000,4000,1,476,27
7,1,27,4000,1,246,8.8638,0.0465,0.6539,0.1253,5.7585,5.6231,0,4000,4000,1,0,27
7,1,27,4000,1,247,9.909,0.0519,0.4833,0.0575,6.7267,6.014,1,4000,4000,1,246,27
7,1,27,4000,1,248,10.2022,0.0512,0.4104,0.0558,7.1903,6.5587,1,4000,4000,1,71,27
7,1,27,4000,1,249,9.1235,0.0497,0.1614,0.137,5.8238,5.6748,0,4000,4000,1,0,27
7,1,27,4000,1,250,12.1112,0.2878,0.691,0.0515,9.0886,7.921,1,4000,4000,1,308,27
7,1,27,4000,1,251,9.2614,0.0527,0.192,0.1365,5.9796,5.8307,0,4000,4000,1,0,27
7,1,27,4000,1,252,12.0449,0.0894,0.8744,0.0564,8.2995,7.1583,1,4000,4000,1,646,27
7,1,27,4000,1,253,10.6685,0.061,0.6212,0.05,7.5519,6.7035,1,4000,4000,1,340,27
7,1,27,4000,1,254,9.2029,0.0508,0.4037,0.1191,5.7664,5.6368,0,4000,4000,1,0,27
7,1,27,4000,1,255,10.6943,0.045,0.6233,0.0529,7.5334,6.6351,1,4000,4000,1,198,27
7,1,27,4000,1,256,11.235,0.3635,0.6872,0.0499,8.2347,7.0178,1,4000,4000,1,339,27
7,1,27,4000,1,257,9.4541,0.05,0.0734,0.174,5.8769,5.6893,0,4000,4000,1,0,27
7,1,27,4000,1,258,10.8488,0.0497,0.7841,0.0532,7.6422,6.6458,1,4000,4000,1,576,27
7,1,27,4000,1,259,8.7137,0.0497,0.7841,0.124,5.7997,5.6644,0,4000,4000,1,0,27
7,1,27,4000,1,260,11.6182,0.0663,0.9104,0.058,8.1732,6.9758,1,4000,4000,1,593,27
7,1,27,4000,1,261,11.3722,0.0525,0.771,0.0545,7.9338,6.8972,1,4000,4000,1,252,27
7,1,27,4000,1,262,11.5879,0.0526,0.3488,0.1895,6.3915,6.1872,0,4000,4000,1,0,27
7,1,27,4000,1,263,14.0609,0.0597,1.1858,0.0588,10.1417,8.7022,1,4000,4000,1,935,27
7,1,27,4000,1,264,12.2366,0.0599,1.0245,0.0515,7.9578,6.6241,1,4000,4000,1,607,27
7,1,27,4000,1,265,10.8444,0.0599,0.8953,0.0508,7.9708,6.8516,1,4000,4000,1,589,27
7,1,27,4000,1,266,10.2659,0.0561,0.1929,0.0993,5.5549,5.4436,0,4000,4000,1,0,27
7,1,27,4000,1,267,12.1447,0.0533,1.4578,0.0534,9.1708,7.497,1,4000,4000,1,1519,27
7,1,27,4000,1,268,11.7853,0.0522,1.1493,0.0517,8.8088,7.4369,1,4000,4000,1,739,27
7,1,27,4000,1,269,9.0926,0.0764,0.1626,0.1146,5.8877,5.7618,0,4000,4000,1,0,27
7,1,27,4000,1,270,12.7588,0.0518,1.6999,0.0533,9.2418,7.3301,1,4000,4000,1,1839,27
7,1,27,4000,1,271,12.8717,0.0524,1.3804,0.0526,9.6729,8.0708,1,4000,4000,1,833,27
7,1,27,4000,1,272,9.2717,0.0693,0.3207,0.1181,5.7234,5.5947,0,4000,4000,1,0,27
7,1,27,4000,1,273,12.2422,0.0437,1.116,0.0529,9.0429,7.7155,1,4000,4000,1,744,27
7,1,27,4000,1,274,11.6633,0.058,1.0112,0.0564,8.4766,7.2305,1,4000,4000,1,562,27
7,1,27,4000,1,275,8.9879,0.0573,0.1686,0.1044,5.6564,5.5425,0,4000,4000,1,0,27
7,1,27,4000,1,276,15.0337,0.0458,1.9613,0.0519,11.5677,9.3963,1,4000,4000,1,1719,27
7,1,27,4000,1,277,12.2941,0.0536,1.2255,0.0524,8.9314,7.4808,1,4000,4000,1,657,27
7,1,27,4000,1,278,11.8073,0.0529,1.0623,0.053,8.7196,7.4358,1,4000,4000,1,578,27
7,1,27,4000,1,279,9.3167,0.0708,0.3603,0.1128,5.752,5.6287,0,4000,4000,1,0,27
7,1,27,4000,1,280,12.3096,0.0459,1.5581,0.0505,8.9757,7.2144,1,4000,4000,1,1200,27
7,1,27,4000,1,281,11.5565,0.0539,1.1368,0.0561,8.6317,7.2601,1,4000,4000,1,530,27
7,1,27,4000,1,282,9.1431,0.0455,0.2037,0.1573,5.7359,5.5674,0,4000,4000,1,0,27
7,1,27,4000,1,283,11.4884,0.0472,0.9057,0.0507,8.1953,7.0841,1,4000,4000,1,493,27
7,1,27,4000,1,284,10.879,0.0468,0.8866,0.0549,7.892,6.7803,1,4000,4000,1,390,27
7,1,27,4000,1,285,9.1532,0.0358,0.1201,0.1175,5.8908,5.7633,0,4000,4000,1,0,27
7,1,27,4000,1,286,12.616,0.082,0.8401,0.0576,9.4695,8.3744,1,4000,4000,1,349,27
7,1,27,4000,1,287,8.9046,0.0411,0.2035,0.117,5.7615,5.634,0,4000,4000,1,0,27
7,1,27,4000,1,288,11.1901,0.0425,0.6785,0.0504,8.0389,7.1598,1,4000,4000,1,309,27
7,1,27,4000,1,289,10.9045,0.0466,0.8238,0.0514,7.8891,6.84,1,4000,4000,1,291,27
7,1,27,4000,1,290,9.0656,0.0503,0.1751,0.1287,5.8581,5.7196,0,4000,4000,1,0,27
7,1,27,4000,1,291,12.4461,0.0538,0.89,0.0525,8.5115,7.3613,1,4000,4000,1,222,27
7,1,27,4000,1,292,11.8633,0.0469,0.6143,0.0637,7.8686,6.9934,1,4000,4000,1,221,27
7,1,27,4000,1,293,9.6184,0.0721,0.39,0.1293,5.875,5.735,0,4000,4000,1,0,27
7,1,27,4000,1,294,11.162,0.0461,0.6984,0.0514,7.6031,6.6631,1,4000,4000,1,238,27
7,1,27,4000,1,295,10.6912,0.0568,0.6092,0.0539,7.5491,6.7083,1,4000,4000,1,221,27
7,1,27,4000,1,296,9.1621,0.0369,0.1532,0.1454,5.975,5.8182,0,4000,4000,1,0,27
7,1,27,4000,1,297,10.4983,0.0486,0.5755,0.0544,7.3366,6.5377,1,4000,4000,1,177,27
7,1,27,4000,1,298,8.9539,0.0486,0.5755,0.1224,5.9295,5.796,0,4000,4000,1,0,27
7,1,27,4000,1,299,10.8202,0.0402,0.6519,0.0592,7.6142,6.7207,1,4000,4000,1,209,27
7,1,27,4000,1,300,10.525,0.0592,0.5269,0.0571,7.3115,6.5378,1,4000,4000,1,193,27
7,1,27,4000,1,301,9.4389,0.048,0.2509,0.1547,5.9488,5.7824,0,4000,4000,1,0,27
7,1,27,4000,1,302,11.6828,0.0592,0.6325,0.0535,7.9196,7.0199,1,4000,4000,1,183,27
7,1,27,4000,1,303,8.9821,0.0592,0.6325,0.1312,5.783,5.6411,0,4000,4000,1,0,27
7,1,27,4000,1,304,10.9231,0.046,0.5837,0.0635,7.71,6.8858,1,4000,4000,1,182,27
7,1,27,4000,1,305,11.4746,0.0633,0.5417,0.0571,8.4822,7.6963,1,4000,4000,1,167,27
7,1,27,4000,1,306,8.9803,0.0943,0.0607,0.106,5.8112,5.6952,0,4000,4000,1,0,27
7,1,27,4000,1,307,11.077,0.0634,0.4777,0.0524,7.9039,7.1887,1,4000,4000,1,167,27
7,1,27,4000,1,308,11.6867,0.067,0.5103,0.056,8.6779,7.9033,1,4000,4000,1,133,27
7,1,27,4000,1,309,8.673,0.0862,0.0039,0.1109,5.5081,5.3876,0,4000,4000,1,0,27
7,1,27,4000,1,310,11.1569,0.0386,0.5125,0.057,7.4776,6.7321,1,4000,4000,1,155,27
7,1,27,4000,1,311,9.1036,0.0386,0.5125,0.1321,5.9247,5.7822,0,4000,4000,1,0,27
7,1,27,4000,1,312,11.6195,0.4052,0.4481,0.0545,8.5328,7.5031,1,4000,4000,1,136,27
7,1,27,4000,1,313,11.6417,0.3843,0.6178,0.0535,8.6319,7.4326,1,4000,4000,1,153,27
7,1,27,4000,1,314,9.6465,0.0929,0.0893,0.2248,5.9863,5.7478,0,4000,4000,1,0,27
7,1,27,4000,1,315,11.3019,0.0521,0.521,0.0546,7.5177,6.7635,1,4000,4000,1,130,27
7,1,27,4000,1,316,10.3855,0.0529,0.4577,0.0514,7.337,6.6504,1,4000,4000,1,148,27
7,1,27,4000,1,317,8.8443,0.0451,0.2217,0.1293,5.6642,5.5241,0,4000,4000,1,0,27
7,1,27,4000,1,318,10.6795,0.0456,0.457,0.0544,7.322,6.6434,1,4000,4000,1,122,27
7,1,27,4000,1,319,9.0505,0.0456,0.457,0.1608,5.8444,5.6736,0,4000,4000,1,0,27
7,1,27,4000,1,320,10.2256,0.0701,0.4577,0.0548,6.9544,6.253,1,4000,4000,1,129,27
7,1,27,4000,1,321,11.2715,0.377,0.8482,0.056,8.3131,6.8819,1,4000,4000,1,130,27
7,1,27,4000,1,322,9.6451,0.0664,0.1189,0.1639,6.4375,6.2614,0,4000,4000,1,0,27
7,1,27,4000,1,323,11.0787,0.0475,0.4993,0.0568,7.2606,6.5258,1,4000,4000,1,116,27
7,1,27,4000,1,324,10.9209,0.0701,0.5241,0.0548,8.0084,7.23,1,4000,4000,1,117,27
7,1,27,4000,1,325,8.942,0.1181,0.0049,0.1232,5.7183,5.5847,0,4000,4000,1,0,27
7,1,27,4000,1,326,10.203,0.0611,0.4765,0.0519,7.1687,6.4486,1,4000,4000,1,110,27
7,1,27,4000,1,327,8.7479,0.0432,0.0516,0.1075,5.7396,5.6225,0,4000,4000,1,0,27
7,1,27,4000,1,328,10.7255,0.0449,0.4614,0.0577,7.3321,6.6308,1,4000,4000,1,109,27
7,1,27,4000,1,329,10.3837,0.0603,0.4445,0.052,6.9526,6.2733,1,4000,4000,1,117,27
7,1,27,4000,1,330,9.2827,0.0607,0.2288,0.1219,5.7608,5.6288,0,4000,4000,1,0,27
7,1,27,4000,1,331,10.3483,0.0447,0.4367,0.0499,6.9362,6.2801,1,4000,4000,1,95,27
7,1,27,4000,1,332,9.1742,0.0549,0.0656,0.1226,5.9398,5.8063,0,4000,4000,1,0,27
7,1,27,4000,1,333,11.2476,0.049,0.6029,0.0562,7.7007,6.8021,1,4000,4000,1,118,27
7,1,27,4000,1,334,11.7297,0.055,0.5265,0.0556,7.952,7.1574,1,4000,4000,1,105,27
7,1,27,4000,1,335,9.4938,0.0659,0.3279,0.132,5.8465,5.7042,0,4000,4000,1,0,27
7,1,27,4000,1,336,11.3512,0.0494,0.5231,0.0565,7.8233,7.0344,1,4000,4000,1,98,27
7,1,27,4000,1,337,9.2196,0.0494,0.5231,0.1374,5.902,5.7534,0,4000,4000,1,0,27
7,1,27,4000,1,338,10.4111,0.0558,0.4187,0.0543,6.9852,6.3271,1,4000,4000,1,100,27
7,1,27,4000,1,339,10.1085,0.0419,0.4493,0.0598,7.098,6.4088,1,4000,4000,1,95,27
7,1,27,4000,1,340,9.0668,0.0441,0.2765,0.1105,5.6394,5.5183,0,4000,4000,1,0,27
7,1,27,4000,1,341,9.7836,0.0345,0.45,0.0546,6.7949,6.1304,1,4000,4000,1,84,27
7,1,27,4000,1,342,8.9016,0.0345,0.45,0.1225,5.7986,5.666,0,4000,4000,1,0,27
7,1,27,4000,1,343,10.8168,0.0464,0.5382,0.0558,7.4212,6.6544,1,4000,4000,1,87,27
7,1,27,4000,1,344,10.9556,0.2238,0.4694,0.0518,7.9474,7.0749,1,4000,4000,1,74,27
7,1,27,4000,1,345,9.5111,0.099,0.0036,0.1761,6.2343,6.0464,0,4000,4000,1,0,27
7,1,27,4000,1,346,12.3979,0.0542,0.4928,0.0499,7.8764,7.137,1,4000,4000,1,93,27
7,1,27,4000,1,347,9.7972,0.0495,0.4238,0.0501,6.8249,6.1825,1,4000,4000,1,89,27
7,1,27,4000,1,348,9.0014,0.0426,0.069,0.1327,5.9095,5.7671,0,4000,4000,1,0,27
7,1,27,4000,1,349,10.4324,0.0567,0.5277,0.0554,7.4791,6.6959,1,4000,4000,1,78,27
7,1,27,4000,1,350,9.3816,0.0795,0.079,0.1518,6.092,5.9292,0,4000,4000,1,0,27
7,1,27,4000,1,351,10.7309,0.0513,0.394,0.0529,7.1614,6.5191,1,4000,4000,1,64,27
7,1,27,4000,1,352,10.3297,0.0432,0.3921,0.0529,6.8873,6.2712,1,4000,4000,1,78,27
7,1,27,4000,1,353,9.066,0.0688,0.2052,0.1237,5.6109,5.4781,0,4000,4000,1,0,27
7,1,27,4000,1,354,10.5399,0.0585,0.4466,0.0545,7.138,6.4079,1,4000,4000,1,79,27
7,1,27,4000,1,355,9.2676,0.0542,0.1002,0.1541,6.0343,5.8685,0,4000,4000,1,0,27
7,1,27,4000,1,356,14.5779,0.0616,0.9629,0.0708,10.6856,9.336,1,4000,4000,1,78,27
7,1,27,4000,1,357,16.896,0.0709,0.5831,0.0589,10.2156,9.3309,1,4000,4000,1,56,27
7,1,27,4000,1,358,12.6075,0.0672,0.4586,0.0544,7.9745,7.2397,1,4000,4000,1,61,27
7,1,27,4000,1,359,14.3728,0.0885,0.4359,0.0529,10.3132,9.5821,1,4000,4000,1,54,27
7,1,27,4000,1,360,8.9108,0.0622,0.0785,0.1146,5.9076,5.7829,0,4000,4000,1,0,27
7,1,27,4000,1,361,10.6644,0.0317,0.3958,0.0514,7.3297,6.7165,1,4000,4000,1,52,27
7,1,27,4000,1,362,10.0361,0.0411,0.3459,0.0554,7.1163,6.5528,1,4000,4000,1,58,27
7,1,27,4000,1,363,8.9108,0.214,0.024,0.1232,5.6747,5.5415,0,4000,4000,1,0,27
7,1,27,4000,1,364,10.1385,0.0416,0.4401,0.0554,7.2775,6.6054,1,4000,4000,1,64,27
7,1,27,4000,1,365,9.1567,0.0601,0.3082,0.1292,5.6712,5.5319,0,4000,4000,1,0,27
7,1,27,4000,1,366,10.3594,0.0296,0.4035,0.06,7.1152,6.4819,1,4000,4000,1,59,27
7,1,27,4000,1,367,9.3073,0.0296,0.4035,0.1769,6.0952,5.9073,0,4000,4000,1,0,27
7,1,27,4000,1,368,11.6124,0.0528,0.4936,0.0539,8.1902,7.4532,1,4000,4000,1,57,27
7,1,27,4000,1,369,11.2502,0.391,0.5437,0.0524,8.217,7.0949,1,4000,4000,1,71,27
7,1,27,4000,1,370,8.9098,0.1028,0.0042,0.1466,5.7503,5.5938,0,4000,4000,1,0,27
7,1,27,4000,1,371,10.4057,0.0455,0.3879,0.0515,7.2243,6.6088,1,4000,4000,1,50,27
7,1,27,4000,1,372,9.85,0.0537,0.3648,0.0556,6.8739,6.2711,1,4000,4000,1,55,27
7,1,27,4000,1,373,9.5212,0.0561,0.3136,0.1485,5.9234,5.7632,0,4000,4000,1,0,27
7,1,27,4000,1,374,9.775,0.0797,0.3993,0.0515,6.7986,6.1438,1,4000,4000,1,47,27
7,1,27,4000,1,375,9.4449,0.0556,0.2904,0.1415,5.8438,5.6914,0,4000,4000,1,0,27
7,1,27,4000,1,376,9.8929,0.0362,0.3916,0.0575,6.864,6.256,1,4000,4000,1,58,27
7,1,27,4000,1,377,8.8559,0.0362,0.3916,0.1173,5.86,5.733,0,4000,4000,1,0,27
7,1,27,4000,1,378,11.1057,0.3354,0.3294,0.0548,7.572,6.7257,1,4000,4000,1,43,27
7,1,27,4000,1,379,9.839,0.0475,0.3828,0.0565,6.8394,6.2194,1,4000,4000,1,59,27
7,1,27,4000,1,380,8.8612,0.0437,0.0953,0.1104,5.6021,5.4811,0,4000,4000,1,0,27
7,1,27,4000,1,381,9.6293,0.0446,0.3744,0.05,6.6933,6.0976,1,4000,4000,1,50,27
7,1,27,4000,1,382,8.7001,0.0446,0.3744,0.1181,5.6606,5.5329,0,4000,4000,1,0,27
7,1,27,4000,1,383,9.9661,0.0458,0.3507,0.0557,6.817,6.2424,1,4000,4000,1,32,27
7,1,27,4000,1,384,8.8344,0.0458,0.3507,0.1236,5.775,5.6419,0,4000,4000,1,0,27
7,1,27,4000,1,385,10.4112,0.0616,0.3392,0.056,6.8144,6.2279,1,4000,4000,1,49,27
7,1,27,4000,1,386,9.7976,0.0505,0.341,0.053,6.7878,6.2174,1,4000,4000,1,42,27
7,1,27,4000,1,387,9.0302,0.0525,0.1435,0.1456,5.9532,5.796,0,4000,4000,1,0,27
7,1,27,4000,1,388,10.4648,0.0551,0.4153,0.052,7.3236,6.6333,1,4000,4000,1,38,27
7,1,27,4000,1,389,9.7141,0.0551,0.4153,0.143,5.9965,5.8424,0,4000,4000,1,0,27
7,1,27,4000,1,390,10.6278,0.0528,0.3724,0.0583,7.0836,6.4637,1,4000,4000,1,42,27
7,1,27,4000,1,391,9.7834,0.0587,0.2876,0.0544,6.7372,6.2087,1,4000,4000,1,30,27
7,1,27,4000,1,392,8.8829,0.0914,0.0548,0.1223,5.7049,5.5676,0,4000,4000,1,0,27
7,1,27,4000,1,393,9.3682,0.0503,0.3635,0.0514,6.5723,5.9803,1,4000,4000,1,41,27
7,1,27,4000,1,394,8.8371,0.0549,0.0654,0.1261,5.5987,5.4614,0,4000,4000,1,0,27
7,1,27,4000,1,395,10.727,0.0575,0.3491,0.0545,7.5432,6.9213,1,4000,4000,1,41,27
7,1,27,4000,1,396,9.0432,0.0575,0.3491,0.1233,5.8923,5.759,0,4000,4000,1,0,27
7,1,27,4000,1,397,10.5674,0.0522,0.3785,0.0519,7.1105,6.5038,1,4000,4000,1,38,27
7,1,27,4000,1,398,9.6795,0.0637,0.3365,0.0528,6.688,6.1046,1,4000,4000,1,46,27
7,1,27,4000,1,399,8.9433,0.0796,0.0036,0.1252,5.8123,5.6766,0,4000,4000,1,0,27
7,1,27,4000,1,400,11.3221,0.0534,0.3194,0.0524,6.9031,6.3578,1,4000,4000,1,44,27
7,1,27,4000,1,401,8.4799,0.0534,0.3194,0.1439,5.6869,5.533,0,4000,4000,1,0,27
7,1,27,4000,1,402,11.2511,0.3498,0.5202,0.0534,7.8973,6.8172,1,4000,4000,1,30,27
7,1,27,4000,1,403,10.3132,0.3566,0.3208,0.0578,7.4244,6.5595,1,4000,4000,1,32,27
7,1,27,4000,1,404,8.7718,0.0643,0.0364,0.1121,5.6812,5.5594,0,4000,4000,1,0,27
7,1,27,4000,1,405,9.7751,0.044,0.3167,0.065,6.6782,6.0936,1,4000,4000,1,32,27
7,1,27,4000,1,406,8.9576,0.044,0.3167,0.1374,6.2345,6.0858,0,4000,4000,1,0,27
7,1,27,4000,1,407,10.1222,0.0391,0.3529,0.0499,6.7277,6.1482,1,4000,4000,1,36,27
7,1,27,4000,1,408,9.9424,0.0472,0.3154,0.0548,6.7647,6.2182,1,4000,4000,1,33,27
7,1,27,4000,1,409,9.0905,0.0424,0.0877,0.1284,5.8872,5.7481,0,4000,4000,1,0,27
7,1,27,4000,1,410,10.7276,0.0479,0.382,0.0533,6.9234,6.2645,1,4000,4000,1,37,27
7,1,27,4000,1,411,9.2728,0.0376,0.0681,0.131,5.8645,5.7223,0,4000,4000,1,0,27
7,1,27,4000,1,412,11.5185,0.0461,0.5084,0.0565,8.0161,7.1362,1,4000,4000,1,28,27
7,1,27,4000,1,413,11.4023,0.0852,0.4266,0.0514,7.6851,6.9661,1,4000,4000,1,40,27
7,1,27,4000,1,414,9.3917,0.0701,0.0046,0.138,5.8267,5.6777,0,4000,4000,1,0,27
7,1,27,4000,1,415,11.2969,0.3158,0.5044,0.0567,7.8764,6.8532,1,4000,4000,1,53,27
7,1,27,4000,1,416,8.8438,0.3158,0.5044,0.1359,5.9114,5.7643,0,4000,4000,1,0,27
7,1,27,4000,1,417,10.461,0.0514,0.3221,0.0561,6.9348,6.3813,1,4000,4000,1,87,27
7,1,27,4000,1,418,9.3328,0.0569,0.322,0.0595,6.5774,6.014,1,4000,4000,1,53,27
7,1,27,4000,1,419,9.2655,0.0535,0.1647,0.1515,5.98,5.8159,0,4000,4000,1,0,27
7,1,27,4000,1,420,11.207,0.0546,0.6173,0.0608,7.4721,6.6047,1,4000,4000,1,343,27
7,1,27,4000,1,421,9.2168,0.0546,0.6173,0.1297,6.0325,5.8918,0,4000,4000,1,0,27
7,1,27,4000,1,422,11.7313,0.0874,0.5779,0.0523,8.6255,7.7845,1,4000,4000,1,373,27
7,1,27,4000,1,423,11.5886,0.0648,0.4997,0.0515,8.6564,7.9108,1,4000,4000,1,175,27
7,1,27,4000,1,424,8.7213,0.0463,0.0875,0.1247,5.7408,5.6057,0,4000,4000,1,0,27
7,1,27,4000,1,425,12.7905,0.344,0.8018,0.0501,8.8485,7.5217,1,4000,4000,1,575,27
7,1,27,4000,1,426,10.8288,0.0508,0.4792,0.0548,7.5841,6.8768,1,4000,4000,1,185,27
7,1,27,4000,1,427,8.6557,0.0408,0.0584,0.1834,5.6537,5.4579,0,4000,4000,1,0,27
7,1,27,4000,1,428,11.5231,0.0504,0.8518,0.0499,8.3935,7.3079,1,4000,4000,1,553,27
7,1,27,4000,1,429,10.9217,0.0479,0.5172,0.0534,7.3361,6.5928,1,4000,4000,1,182,27
7,1,27,4000,1,430,9.2357,0.0521,0.0817,0.1195,6.1231,5.9933,0,4000,4000,1,0,27
7,1,27,4000,1,431,11.9524,0.0558,0.7032,0.0549,8.6065,7.6563,1,4000,4000,1,302,27
7,1,27,4000,1,432,9.5253,0.0544,0.2518,0.1427,6.0273,5.8728,0,4000,4000,1,0,27
7,1,27,4000,1,433,12.1537,0.0403,0.5491,0.0593,7.6964,6.9135,1,4000,4000,1,181,27
7,1,27,4000,1,434,10.5332,0.047,0.5206,0.0635,7.5115,6.7487,1,4000,4000,1,121,27
7,1,27,4000,1,435,9.7792,0.0476,0.0729,0.1893,6.4641,6.2609,0,4000,4000,1,0,27
7,1,27,4000,1,436,12.5514,0.0619,0.7443,0.0576,8.2,7.1927,1,4000,4000,1,237,27
7,1,27,4000,1,437,10.7477,0.0495,0.5981,0.0587,7.5935,6.747,1,4000,4000,1,130,27
7,1,27,4000,1,438,9.5112,0.0678,0.2601,0.1269,6.1399,6.0025,0,4000,4000,1,0,27
7,1,27,4000,1,439,11.7003,0.0426,0.6092,0.0579,8.1698,7.3108,1,4000,4000,1,222,27
7,1,27,4000,1,440,10.3458,0.0557,0.511,0.0595,7.3033,6.5321,1,4000,4000,1,135,27
7,1,27,4000,1,441,9.6258,0.1007,0.0048,0.1233,5.9324,5.7985,0,4000,4000,1,0,27
7,1,27,4000,1,442,10.7984,0.0424,0.6208,0.0609,7.7292,6.8735,1,4000,4000,1,293,27
7,1,27,4000,1,443,9.2145,0.0424,0.6208,0.1426,6.0919,5.9386,0,4000,4000,1,0,27
7,1,27,4000,1,444,12.5534,0.0791,1.0899,0.0577,8.7717,7.2788,1,4000,4000,1,288,27
7,1,27,4000,1,445,11.4011,0.0503,0.5737,0.0555,7.6216,6.817,1,4000,4000,1,148,27
7,1,27,4000,1,446,9.5121,0.0503,0.5737,0.1341,6.445,6.3003,0,4000,4000,1,0,27
7,1,27,4000,1,447,11.7855,0.0563,0.8061,0.0559,7.9252,6.8685,1,4000,4000,1,460,27
7,1,27,4000,1,448,10.2081,0.0524,0.5721,0.0514,7.3261,6.5273,1,4000,4000,1,195,27
7,1,27,4000,1,449,9.1703,0.0695,0.171,0.1232,5.7615,5.6284,0,4000,4000,1,0,27
7,1,27,4000,1,450,10.7134,0.0462,0.7185,0.0533,7.6144,6.6679,1,4000,4000,1,428,27
7,1,27,4000,1,451,11.0265,0.0412,0.655,0.058,8.1858,7.2815,1,4000,4000,1,179,27
7,1,27,4000,1,452,9.7611,0.053,0.3994,0.1433,6.0019,5.8475,0,4000,4000,1,0,27
7,1,27,4000,1,453,12.8957,0.0631,1.2365,0.053,9.0524,7.4781,1,4000,4000,1,415,27
7,1,27,4000,1,454,11.4135,0.0602,0.6551,0.0603,8.0202,7.1002,1,4000,4000,1,227,27
7,1,27,4000,1,455,10.2109,0.0602,0.2837,0.1361,6.3679,6.2201,0,4000,4000,1,0,27
7,1,27,4000,1,456,11.6202,0.0521,0.7726,0.075,8.2126,7.1383,1,4000,4000,1,423,27
7,1,27,4000,1,457,10.9657,0.0462,0.6371,0.0604,8.0465,7.164,1,4000,4000,1,239,27
7,1,27,4000,1,458,10.113,0.049,0.0616,0.1298,6.3444,6.204,0,4000,4000,1,0,27
7,1,27,4000,1,459,10.7364,0.0467,0.7819,0.0566,7.5745,6.5575,1,4000,4000,1,425,27
7,1,27,4000,1,460,8.296,0.0467,0.7819,0.119,5.5352,5.4049,0,4000,4000,1,0,27
7,1,27,4000,1,461,10.5081,0.0456,0.7166,0.0515,7.5045,6.5655,1,4000,4000,1,353,27
7,1,27,4000,1,462,10.7692,0.0537,0.5858,0.0517,8.0447,7.2288,1,4000,4000,1,225,27
7,1,27,4000,1,463,9.2503,0.0777,0.3421,0.1229,5.8284,5.6946,0,4000,4000,1,0,27
7,1,27,4000,1,464,11.6204,0.0501,0.791,0.0626,8.1499,7.1123,1,4000,4000,1,425,27
7,1,27,4000,1,465,9.1297,0.0501,0.791,0.1122,6.0974,5.9758,0,4000,4000,1,0,27
7,1,27,4000,1,466,11.796,0.0897,0.8969,0.0536,8.6709,7.4304,1,4000,4000,1,351,27
7,1,27,4000,1,467,11.6101,0.0491,0.6325,0.0555,7.6613,6.7887,1,4000,4000,1,264,27
7,1,27,4000,1,468,9.2808,0.0491,0.6325,0.1205,6.2742,6.1431,0,4000,4000,1,0,27
7,1,27,4000,1,469,11.6703,0.0472,0.8915,0.0659,8.069,6.8699,1,4000,4000,1,449,27
7,1,27,4000,1,470,11.3806,0.0556,0.6627,0.0547,7.7229,6.8201,1,4000,4000,1,289,27
7,1,27,4000,1,471,9.1773,0.0426,0.287,0.1535,5.6397,5.4739,0,4000,4000,1,0,27
7,1,27,4000,1,472,10.6997,0.0415,0.7148,0.0536,7.638,6.7001,1,4000,4000,1,402,27
7,1,27,4000,1,473,11.2764,0.0581,0.9344,0.0922,8.053,6.7596,1,4000,4000,1,263,27
7,1,27,4000,1,474,10.4042,0.0547,0.2554,0.1731,6.4528,6.2676,0,4000,4000,1,0,27
7,1,27,4000,1,475,11.4258,0.0537,0.8887,0.0532,7.9881,6.8245,1,4000,4000,1,418,27
7,1,27,4000,1,476,11.0807,0.0476,0.6075,0.0565,7.5196,6.6893,1,4000,4000,1,263,27
7,1,27,4000,1,477,10.2038,0.0409,0.0928,0.1188,6.7333,6.6041,0,4000,4000,1,0,27
7,1,27,4000,1,478,10.6373,0.0376,0.7058,0.06,7.5659,6.6273,1,4000,4000,1,394,27
7,1,27,4000,1,479,9.1958,0.0376,0.7058,0.1198,6.0098,5.8798,0,4000,4000,1,0,27
7,1,27,4000,1,480,10.8905,0.0402,0.7513,0.067,7.6555,6.6578,1,4000,4000,1,351,27
7,1,27,4000,1,481,11.8282,0.3488,0.576,0.0537,8.5197,7.4231,1,4000,4000,1,279,27
7,1,27,4000,1,482,8.8492,0.0367,0.1241,0.1039,5.5701,5.4562,0,4000,4000,1,0,27
7,1,27,4000,1,483,11.4458,0.0447,0.6495,0.0537,7.5732,6.7008,1,4000,4000,1,377,27
7,1,27,4000,1,484,11.5891,0.0435,0.6793,0.0514,8.3338,7.382,1,4000,4000,1,275,27
7,1,27,4000,1,485,9.959,0.0409,0.1984,0.1777,5.8649,5.6745,0,4000,4000,1,0,27
7,1,27,4000,1,486,11.9212,0.0651,0.7229,0.0621,7.8557,6.8685,1,4000,4000,1,348,27
7,1,27,4000,1,487,11.8246,0.0586,0.664,0.0541,8.3885,7.401,1,4000,4000,1,263,27
7,1,27,4000,1,488,9.761,0.0673,0.0711,0.1791,6.3749,6.1823,0,4000,4000,1,0,27
7,1,27,4000,1,489,12.0255,0.0501,0.7099,0.0587,7.5528,6.5533,1,4000,4000,1,294,27
7,1,27,4000,1,490,11.4509,0.0538,0.5848,0.0556,8.1576,7.3319,1,4000,4000,1,253,27
7,1,27,4000,1,491,9.6242,0.0726,0.0035,0.1109,6.0555,5.9338,0,4000,4000,1,0,27
7,1,27,4000,1,492,11.5278,0.0576,0.665,0.0537,7.5715,6.6366,1,4000,4000,1,312,27
7,1,27,4000,1,493,10.247,0.0489,0.6595,0.0514,7.3221,6.3897,1,4000,4000,1,254,27
7,1,27,4000,1,494,9.0027,0.0404,0.0511,0.1779,5.9252,5.7353,0,4000,4000,1,0,27
7,1,27,4000,1,495,10.9445,0.0466,0.6358,0.0549,7.4421,6.5782,1,4000,4000,1,349,27
7,1,27,4000,1,496,9.271,0.0466,0.6358,0.1419,6.2939,6.1404,0,4000,4000,1,0,27
7,1,27,4000,1,497,12.0208,0.0689,0.8822,0.0578,8.2612,6.9755,1,4000,4000,1,296,27
7,1,27,4000,1,498,11.4125,0.0484,0.5143,0.0601,7.4616,6.7058,1,4000,4000,1,204,27
7,1,27,4000,1,499,9.4849,0.0535,0.0612,0.124,6.2087,6.0742,0,4000,4000,1,0,27
7,1,27,4000,1,500,12.1317,0.363,0.6714,0.0567,8.8753,7.6532,1,4000,4000,1,301,27
7,1,27,4000,1,501,11.857,0.3322,0.5558,0.0603,8.764,7.6758,1,4000,4000,1,211,27
7,1,27,4000,1,502,9.5981,0.1518,0.0039,0.1127,6.0393,5.9162,0,4000,4000,1,0,27
7,1,27,4000,1,503,12.0117,0.3376,0.6717,0.0612,8.8186,7.5976,1,4000,4000,1,405,27
7,1,27,4000,1,504,11.9054,0.376,0.5959,0.0593,8.788,7.609,1,4000,4000,1,239,27
7,1,27,4000,1,505,10.3609,0.1038,0.0056,0.1648,6.3108,6.1332,0,4000,4000,1,0,27
7,1,27,4000,1,506,12.8812,0.3142,0.6404,0.0577,8.7408,7.5803,1,4000,4000,1,293,27
7,1,27,4000,1,507,11.9481,0.3329,0.4992,0.0588,8.7665,7.7337,1,4000,4000,1,191,27
7,1,27,4000,1,508,9.032,0.3329,0.4992,0.1124,6.0258,5.9024,0,4000,4000,1,0,27
7,1,27,4000,1,509,12.4619,0.1086,0.6017,0.0579,9.1439,8.2385,1,4000,4000,1,254,27
7,1,27,4000,1,510,12.0509,0.3211,0.5499,0.0538,8.7537,7.6414,1,4000,4000,1,211,27
7,1,27,4000,1,511,11.4198,0.3131,0.618,0.0564,8.5879,7.4665,1,4000,4000,1,218,27
7,1,27,4000,1,512,9.5966,0.0706,0.1478,0.1379,5.9767,5.8289,0,4000,4000,1,0,27
7,1,27,4000,1,513,10.307,0.0444,0.5464,0.049,7.3596,6.5966,1,4000,4000,1,260,27
7,1,27,4000,1,514,8.3214,0.0444,0.5464,0.1396,5.5191,5.3671,0,4000,4000,1,0,27
7,1,27,4000,1,515,10.7537,0.0471,0.5512,0.0492,7.5706,6.7908,1,4000,4000,1,242,27
7,1,27,4000,1,516,11.5787,0.3956,0.6798,0.0523,8.54,7.2727,1,4000,4000,1,172,27
7,1,27,4000,1,517,9.9255,0.0623,0.0917,0.1483,5.8571,5.6969,0,4000,4000,1,0,27
7,1,27,4000,1,518,10.9209,0.036,0.5758,0.0547,6.9208,6.1341,1,4000,4000,1,288,27
7,1,27,4000,1,519,8.7922,0.036,0.5758,0.1254,5.8394,5.7041,0,4000,4000,1,0,27
7,1,27,4000,1,520,10.6123,0.0408,0.5376,0.062,7.6167,6.8422,1,4000,4000,1,234,27
7,1,27,4000,1,521,11.1359,0.054,0.559,0.0627,7.7687,6.946,1,4000,4000,1,167,27
7,1,27,4000,1,522,9.6854,0.0517,0.0647,0.162,6.2208,6.0471,0,4000,4000,1,0,27
7,1,27,4000,1,523,10.8123,0.0365,0.5404,0.0525,7.1589,6.4038,1,4000,4000,1,195,27
7,1,27,4000,1,524,10.1895,0.0503,0.4914,0.0596,7.2325,6.4872,1,4000,4000,1,130,27
7,1,27,4000,1,525,9.9562,0.0878,0.0073,0.1954,6.3523,6.1459,0,4000,4000,1,0,27
7,1,27,4000,1,526,12.2149,0.3388,0.6472,0.0575,8.9069,7.701,1,4000,4000,1,229,27
7,1,27,4000,1,527,11.8896,0.3041,0.5143,0.0562,8.6104,7.6075,1,4000,4000,1,135,27
7,1,27,4000,1,528,10.2222,0.0813,0.3111,0.1759,6.3177,6.1297,0,4000,4000,1,0,27
7,1,27,4000,1,529,11.7335,0.0673,0.5953,0.0576,7.9077,7.0381,1,4000,4000,1,217,27
7,1,27,4000,1,530,10.3563,0.0542,0.4581,0.0788,6.9931,6.2644,1,4000,4000,1,126,27
7,1,27,4000,1,531,9.4459,0.0934,0.0353,0.1285,6.0109,5.8723,0,4000,4000,1,0,27
7,1,27,4000,1,532,10.4514,0.0446,0.5271,0.0506,7.3252,6.5671,1,4000,4000,1,199,27
7,1,27,4000,1,533,8.9863,0.0435,0.0559,0.1116,5.7642,5.6423,0,4000,4000,1,0,27
7,1,27,4000,1,534,12.0931,0.045,0.49,0.0603,8.3011,7.5687,1,4000,4000,1,172,27
7,1,27,4000,1,535,11.6941,0.3188,0.4486,0.0606,8.2923,7.3246,1,4000,4000,1,128,27
7,1,27,4000,1,536,9.6404,0.093,0.0039,0.1618,6.1312,5.959,0,4000,4000,1,0,27
7,1,27,4000,1,537,12.0297,0.0447,0.553,0.0561,8.2498,7.4231,1,4000,4000,1,200,27
7,1,27,4000,1,538,12.3176,0.2948,0.5719,0.0583,9.0816,7.9767,1,4000,4000,1,117,27
7,1,27,4000,1,539,10.3417,0.0709,0.3317,0.1601,6.2116,6.0388,0,4000,4000,1,0,27
7,1,27,4000,1,540,12.8314,0.0429,0.5337,0.0523,8.3259,7.5656,1,4000,4000,1,264,27
7,1,27,4000,1,541,10.814,0.2816,0.4499,0.0515,8.0366,7.1297,1,4000,4000,1,115,27
7,1,27,4000,1,542,9.3216,0.0394,0.077,0.1186,5.9484,5.8204,0,4000,4000,1,0,27
7,1,27,4000,1,543,10.0483,0.0456,0.5442,0.0534,6.8669,6.0795,1,4000,4000,1,263,27
7,1,27,4000,1,544,11.6015,0.3611,0.4366,0.062,8.4464,7.4532,1,4000,4000,1,126,27
7,1,27,4000,1,545,9.64,0.0709,0.0038,0.1393,6.4794,6.3288,0,4000,4000,1,0,27
7,1,27,4000,1,546,11.6482,0.0546,0.7444,0.0604,8.2562,7.2499,1,4000,4000,1,343,27
7,1,27,4000,1,547,12.7155,0.0703,0.5562,0.0656,9.5174,8.6496,1,4000,4000,1,124,27
7,1,27,4000,1,548,9.8093,0.0498,0.2337,0.1891,6.2492,6.0472,0,4000,4000,1,0,27
7,1,27,4000,1,549,11.4186,0.0456,0.6706,0.0538,7.6645,6.7447,1,4000,4000,1,413,27
7,1,27,4000,1,550,11.0933,0.392,0.4578,0.0617,8.0513,6.9666,1,4000,4000,1,104,27
8,0,4,4000,2,151,11.347,0.0088,1.0751,0.0542,7.5359,6.1742,1,4000,4000,1,12,4
8,0,4,4000,2,152,9.1696,0,0,0.1818,5.5851,5.3769,0,4000,4000,1,0,4
8,0,4,4000,2,153,9.476,0.0142,0.9245,0.0505,6.4784,5.3332,1,4000,4000,1,11,4
8,0,4,4000,2,154,8.6297,0,0,0.1513,5.4589,5.2874,0,4000,4000,1,0,4
8,0,4,4000,2,155,12.2348,0.0127,1.1002,0.0542,8.4915,7.1619,1,4000,4000,1,11,4
8,0,4,4000,2,156,9.8418,0.0155,0.9823,0.0532,6.9158,5.713,1,4000,4000,1,13,4
8,0,4,4000,2,157,8.3734,0,0,0.1318,5.4715,5.3113,0,4000,4000,1,0,4
8,0,4,4000,2,158,11.2818,0.0156,1.0116,0.0527,7.669,6.4145,1,4000,4000,1,9,4
8,0,4,4000,2,159,8.6821,0,0,0.1564,5.5348,5.356,0,4000,4000,1,0,4
8,0,4,4000,2,160,10.0762,0.0294,1.1005,0.0603,7.043,5.6924,1,4000,4000,1,9,4
8,0,4,4000,2,161,9.9118,0.0105,0.9441,0.0514,6.8395,5.6801,1,4000,4000,1,11,4
8,0,4,4000,2,162,8.7563,0,0,0.1264,5.4321,5.2784,0,4000,4000,1,0,4
8,0,4,4000,2,163,10.9946,0.0113,0.9757,0.0576,7.5214,6.2986,1,4000,4000,1,16,4
8,0,4,4000,2,164,9.5624,0,0,0.1925,5.6972,5.4784,0,4000,4000,1,0,4
8,0,4,4000,2,165,10.2859,0.1211,0.8612,0.0505,6.8871,5.6815,1,4000,4000,1,7,4
8,0,4,4000,2,166,10.2868,0,0,0.2086,5.6763,5.4483,0,4000,4000,1,0,4
8,0,4,4000,2,167,10.1467,0.0148,1.0885,0.0557,7.0308,5.6745,1,4000,4000,1,5,4
8,0,4,4000,2,168,10.0311,0.0093,0.9407,0.0541,6.4912,5.3196,1,4000,4000,1,8,4
8,0,4,4000,2,169,9.3892,0,0,0.1312,6.2243,6.0717,0,4000,4000,1,0,4
8,0,4,4000,2,170,9.7629,0.0142,1.0102,0.0514,6.6175,5.3673,1,4000,4000,1,11,4
8,0,4,4000,2,171,8.7965,0,0,0.1273,5.5825,5.4371,0,4000,4000,1,0,4
8,0,4,4000,2,172,11.1547,0.0189,1.033,0.0542,7.7434,6.4623,1,4000,4000,1,6,4
8,0,4,4000,2,173,11.1142,0.013,1.0291,0.0563,7.2994,5.9856,1,4000,4000,1,11,4
8,0,4,4000,2,174,9.4006,0,0,0.2042,5.534,5.2948,0,4000,4000,1,0,4
8,0,4,4000,2,175,10.4111,0.0139,1.0229,0.0514,7.2254,5.9681,1,4000,4000,1,6,4
8,0,4,4000,2,176,10.4468,0.0124,1.1273,0.0538,7.1787,5.8147,1,4000,4000,1,10,4
8,0,4,4000,2,177,8.5638,0,0,0.1286,5.7871,5.6369,0,4000,4000,1,0,4
8,0,4,4000,2,178,11.8297,0.0118,1.161,0.0562,6.7891,5.3315,1,4000,4000,1,4,4
8,0,4,4000,2,179,8.5918,0,0,0.144,5.5926,5.4279,0,4000,4000,1,0,4
8,0,4,4000,2,180,10.2985,0.0144,1.3642,0.0571,7.2701,5.6469,1,4000,4000,1,3,4
8,0,4,4000,2,181,9.8542,0.0154,1.1314,0.0524,6.7158,5.3649,1,4000,4000,1,11,4
8,0,4,4000,2,182,9.2215,0,0,0.1341,5.557,5.4013,0,4000,4000,1,0,4
8,0,4,4000,2,183,10.0399,0.0136,1.0468,0.0503,6.6339,5.354,1,4000,4000,1,10,4
8,0,4,4000,2,184,8.5813,0,0,0.131,5.3115,5.161,0,4000,4000,1,0,4
8,0,4,4000,2,185,10.0321,0.0153,1.2247,0.0558,7.217,5.7564,1,4000,4000,1,5,4
8,0,4,4000,2,186,9.0233,0,0,0.1466,5.5664,5.3986,0,4000,4000,1,0,4
8,0,4,4000,2,187,10.8436,0.0248,1.0289,0.053,7.0919,5.7866,1,4000,4000,1,4,4
8,0,4,4000,2,188,11.6502,0.0128,1.0478,0.0569,7.0141,5.6406,1,4000,4000,1,8,4
8,0,4,4000,2,189,8.6002,0,0,0.132,5.4183,5.2674,0,4000,4000,1,0,4
8,0,4,4000,2,190,10.5916,0.0131,1.2607,0.1356,7.2714,5.5514,1,4000,4000,1,8,4
8,0,4,4000,2,191,9.0023,0,0,0.1423,5.4131,5.2532,0,4000,4000,1,0,4
8,0,4,4000,2,192,9.8475,0.0237,1.439,0.0492,7.0886,5.4117,1,4000,4000,1,10,4
8,0,4,4000,2,193,10.0508,0.0099,1.0304,0.0505,6.5525,5.2868,1,4000,4000,1,5,4
8,0,4,4000,2,194,8.9355,0,0,0.1257,5.9324,5.7843,0,4000,4000,1,0,4
8,0,4,4000,2,195,10.0472,0.0125,1.1169,0.0542,6.8316,5.4855,1,4000,4000,1,8,4
8,0,4,4000,2,196,9.5337,0,0,0.1543,5.6037,5.4291,0,4000,4000,1,0,4
8,0,4,4000,2,197,10.3649,0.0152,1.0496,0.0529,7.1946,5.8729,1,4000,4000,1,9,4
8,0,4,4000,2,198,11.4288,0.014,1.5304,0.0524,7.3157,5.5266,1,4000,4000,1,246,4
8,0,4,4000,2,199,9.1966,0,0,0.1374,5.9915,5.8316,0,4000,4000,1,0,4
8,0,4,4000,2,200,9.6657,0.0138,1.0717,0.0559,6.5841,5.2774,1,4000,4000,1,8,4
8,0,4,4000,2,201,9.1704,0,0,0.1314,5.6171,5.4641,0,4000,4000,1,0,4
8,0,4,4000,2,202,9.9626,0.0128,0.9752,0.0621,7.0067,5.798,1,4000,4000,1,5,4
8,0,4,4000,2,203,8.7389,0,0,0.1646,5.5584,5.3758,0,4000,4000,1,0,4
8,0,4,4000,2,204,11.7413,0.0155,2.4563,0.0595,8.8201,6.0779,1,4000,4000,1,485,4
8,0,4,4000,2,205,11.4124,0.01,1.3908,0.0559,7.505,5.8634,1,4000,4000,1,4,4
8,0,4,4000,2,206,9.0474,0,0,0.1459,5.3803,5.2138,0,4000,4000,1,0,4
8,0,4,4000,2,207,10.8616,0.0254,1.3257,0.0557,7.4995,5.9147,1,4000,4000,1,5,4
8,0,4,4000,2,208,11.1716,0.0087,1.18,0.0557,7.0423,5.6142,1,4000,4000,1,7,4
8,0,4,4000,2,209,8.75,0,0,0.13,5.6702,5.519,0,4000,4000,1,0,4
8,0,4,4000,2,210,11.7706,0.0113,1.4605,0.0548,7.0795,5.3845,1,4000,4000,1,244,4
8,0,4,4000,2,211,11.7476,0,0,0.1296,8.2894,8.1222,0,4000,4000,1,0,4
8,0,4,4000,2,212,10.5368,0.2171,1.3186,0.0538,7.4014,5.6454,1,4000,4000,1,244,4
8,0,4,4000,2,213,10.7377,0.021,1.1315,0.0563,7.2169,5.8407,1,4000,4000,1,5,4
8,0,4,4000,2,214,9.1904,0,0,0.1376,6.0271,5.8684,0,4000,4000,1,0,4
8,0,4,4000,2,215,10.117,0.0134,1.3385,0.0523,7.2555,5.7054,1,4000,4000,1,2,4
8,0,4,4000,2,216,10.9351,0.0125,2.0173,0.0593,7.9158,5.6092,1,4000,4000,1,484,4
8,0,4,4000,2,217,9.026,0,0,0.1201,5.8176,5.6754,0,4000,4000,1,0,4
8,0,4,4000,2,218,11.0064,0.0136,1.365,0.0537,7.5481,5.9474,1,4000,4000,1,242,4
8,0,4,4000,2,219,9.5727,0,0,0.19,6.4404,6.2149,0,4000,4000,1,0,4
8,0,4,4000,2,220,11.8582,0.0156,1.297,0.0548,7.6981,6.1127,1,4000,4000,1,2,4
8,0,4,4000,2,221,11.999,0.1684,1.9226,0.0532,8.5918,6.2704,1,4000,4000,1,482,4
8,0,4,4000,2,222,9.3885,0,0,0.1672,5.8401,5.6516,0,4000,4000,1,0,4
8,0,4,4000,2,223,10.9862,0.015,1.5574,0.0523,7.7972,6.0096,1,4000,4000,1,247,4
8,0,4,4000,2,224,11.1545,0.0182,1.4395,0.0545,7.6471,5.954,1,4000,4000,1,0,4
8,0,4,4000,2,225,10.4165,0,0,0.1618,6.907,6.722,0,4000,4000,1,0,4
8,0,4,4000,2,226,10.4834,0.0144,1.2488,0.0553,7.0889,5.6015,1,4000,4000,1,12,4
8,0,4,4000,2,227,12.0596,0.0108,1.9753,0.0532,8.2928,6.0213,1,4000,4000,1,488,4
8,0,4,4000,2,228,8.2992,0,0,0.129,5.5314,5.3814,0,4000,4000,1,0,4
8,0,4,4000,2,229,11.6527,0.0125,2.2783,0.0549,8.5099,5.9433,1,4000,4000,1,224,4
8,0,4,4000,2,230,11.2954,0.0115,1.6113,0.0547,7.8549,6.032,1,4000,4000,1,223,4
8,0,4,4000,2,231,8.696,0,0,0.1089,5.7356,5.6076,0,4000,4000,1,0,4
8,0,4,4000,2,232,11.4144,0.015,2.6023,0.0654,8.392,5.5113,1,4000,4000,1,540,4
8,0,4,4000,2,233,8.6383,0,0,0.1454,5.6435,5.4686,0,4000,4000,1,0,4
8,0,4,4000,2,234,11.8864,0.0136,2.8891,0.0564,8.8011,5.6726,1,4000,4000,1,387,4
8,0,4,4000,2,235,11.2418,0.0111,2.4928,0.0523,8.1903,5.456,1,4000,4000,1,161,4
8,0,4,4000,2,236,8.7979,0,0,0.1265,5.7024,5.5563,0,4000,4000,1,0,4
8,0,4,4000,2,237,11.4859,0.0132,2.4493,0.0542,8.4816,5.7915,1,4000,4000,1,148,4
8,0,4,4000,2,238,13.0467,0.0114,4.3168,0.0565,10.0211,5.4645,1,4000,4000,1,1026,4
8,0,4,4000,2,239,9.3681,0,0,0.2765,6.1631,5.8562,0,4000,4000,1,0,4
8,0,4,4000,2,240,13.0211,0.0142,3.5587,0.0593,9.974,6.1548,1,4000,4000,1,518,4
8,0,4,4000,2,241,11.8886,0.0114,2.6754,0.052,8.502,5.5825,1,4000,4000,1,238,4
8,0,4,4000,2,242,8.9256,0,0,0.136,5.7444,5.5886,0,4000,4000,1,0,4
8,0,4,4000,2,243,13.3779,0.0163,3.9914,0.0606,10.4139,6.0971,1,4000,4000,1,985,4
8,0,4,4000,2,244,12.5568,0.0082,3.1352,0.0532,9.2842,5.8894,1,4000,4000,1,453,4
8,0,4,4000,2,245,8.8675,0,0,0.1144,5.8126,5.679,0,4000,4000,1,0,4
8,0,4,4000,2,246,12.0824,0.0151,2.9147,0.0947,9.1883,5.939,1,4000,4000,1,313,4
8,0,4,4000,2,247,12.934,0.0135,4.0269,0.0515,9.8414,5.5755,1,4000,4000,1,1086,4
8,0,4,4000,2,248,8.606,0,0,0.1274,5.5247,5.3758,0,4000,4000,1,0,4
8,0,4,4000,2,249,13.3349,0.0226,3.9492,0.0593,10.2689,6.0554,1,4000,4000,1,545,4
8,0,4,4000,2,250,13.4053,0.0103,3.5504,0.0506,9.5425,5.7771,1,4000,4000,1,460,4
8,0,4,4000,2,251,14.1476,0.0128,5.1701,0.0524,10.7831,5.3686,1,4000,4000,1,1376,4
8,0,4,4000,2,252,8.9235,0,0,0.115,5.6742,5.5393,0,4000,4000,1,0,4
8,0,4,4000,2,253,13.8633,0.0141,4.4507,0.0557,10.5878,5.8815,1,4000,4000,1,643,4
8,0,4,4000,2,254,12.6602,0.011,3.5407,0.0538,9.2418,5.4606,1,4000,4000,1,475,4
8,0,4,4000,2,255,12.6636,0.0094,3.4875,0.0558,9.4576,5.7338,1,4000,4000,1,564,4
8,0,4,4000,2,256,8.9608,0,0,0.1767,5.8796,5.6835,0,4000,4000,1,0,4
8,0,4,4000,2,257,13.6235,0.0144,4.7785,0.0505,10.6775,5.6548,1,4000,4000,1,1369,4
8,0,4,4000,2,258,14.7208,0.0138,3.8907,0.0708,10.9044,6.7004,1,4000,4000,1,519,4
8,0,4,4000,2,259,13.5257,0.0108,3.7545,0.0528,9.5168,5.5423,1,4000,4000,1,446,4
8,0,4,4000,2,260,9.1421,0,0,0.1548,5.9973,5.8231,0,4000,4000,1,0,4
8,0,4,4000,2,261,14.9288,0.0146,6.3032,0.0561,11.8323,5.2952,1,4000,4000,1,1707,4
8,0,4,4000,2,262,13.4582,0.0135,4.0937,0.058,10.2293,5.9107,1,4000,4000,1,564,4
8,0,4,4000,2,263,13.8647,0.0155,4.0821,0.049,10.3323,6.0305,1,4000,4000,1,467,4
8,0,4,4000,2,264,8.6295,0,0,0.1124,5.5452,5.4152,0,4000,4000,1,0,4
8,0,4,4000,2,265,14.5503,0.0141,5.5122,0.0505,11.4725,5.6707,1,4000,4000,1,1516,4
8,0,4,4000,2,266,13.6552,0.0104,4.4025,0.1911,10.4858,5.7201,1,4000,4000,1,613,4
8,0,4,4000,2,267,13.5892,0.0104,4.2581,0.0538,10.3817,5.9092,1,4000,4000,1,531,4
8,0,4,4000,2,268,15.6189,0.0108,4.6712,0.0505,11.001,6.1244,1,4000,4000,1,1046,4
8,0,4,4000,2,269,8.9497,0,0,0.1198,5.7617,5.6214,0,4000,4000,1,0,4
8,0,4,4000,2,270,13.7803,0.0163,4.5284,0.0506,10.3689,5.6105,1,4000,4000,1,496,4
8,0,4,4000,2,271,13.4403,0.009,3.7088,0.0557,9.6454,5.7115,1,4000,4000,1,384,4
8,0,4,4000,2,272,14.0948,0.0127,3.831,0.049,9.7396,5.697,1,4000,4000,1,362,4
8,0,4,4000,2,273,9.423,0,0,0.1333,6.288,6.1293,0,4000,4000,1,0,4
8,0,4,4000,2,274,12.7794,0.0137,3.5254,0.0505,9.7633,6.0027,1,4000,4000,1,305,4
8,0,4,4000,2,275,12.0958,0.0092,3.0753,0.0547,8.9309,5.6274,1,4000,4000,1,262,4
8,0,4,4000,2,276,14.0071,0.0128,2.8451,0.0543,9.4947,6.3862,1,4000,4000,1,246,4
8,0,4,4000,2,277,9.4639,0,0,0.1801,5.9456,5.7401,0,4000,4000,1,0,4
8,0,4,4000,2,278,12.0885,0.0146,2.9581,0.0568,9.25,6.0566,1,4000,4000,1,213,4
8,0,4,4000,2,279,12.1982,0.0102,2.6635,0.0591,8.7588,5.8573,1,4000,4000,1,178,4
8,0,4,4000,2,280,9.5955,0,0,0.1351,5.9094,5.7511,0,4000,4000,1,0,4
8,0,4,4000,2,281,12.4889,0.0218,2.924,0.0523,9.289,6.1247,1,4000,4000,1,163,4
8,0,4,4000,2,282,12.297,0.0096,2.6099,0.0539,9.477,6.637,1,4000,4000,1,179,4
8,0,4,4000,2,283,8.8215,0,0,0.1155,5.7403,5.6068,0,4000,4000,1,0,4
8,0,4,4000,2,284,11.4359,0.1513,2.3673,0.0544,8.8918,6.1542,1,4000,4000,1,156,4
8,0,4,4000,2,285,12.1492,0.009,2.2361,0.0491,8.4118,5.9446,1,4000,4000,1,190,4
8,0,4,4000,2,286,9.0018,0,0,0.1159,5.9482,5.8047,0,4000,4000,1,0,4
8,0,4,4000,2,287,12.5285,0.7346,2.0409,0.0568,9.6875,6.6456,1,4000,4000,1,140,4
8,0,4,4000,2,288,12.5158,0.0106,2.6613,0.0519,9.0145,6.1287,1,4000,4000,1,162,4
8,0,4,4000,2,289,9.355,0,0,0.1602,5.9721,5.7889,0,4000,4000,1,0,4
8,0,4,4000,2,290,11.9746,0.015,2.3046,0.0558,8.3807,5.8329,1,4000,4000,1,126,4
8,0,4,4000,2,291,13.6525,0.0111,2.8135,0.0563,8.658,5.6091,1,4000,4000,1,133,4
8,0,4,4000,2,292,11.9563,0.0125,2.2488,0.0549,8.8593,6.3737,1,4000,4000,1,132,4
8,0,4,4000,2,293,8.7154,0,0,0.139,5.9269,5.762,0,4000,4000,1,0,4
8,0,4,4000,2,294,12.7285,0.0115,2.6041,0.0579,8.6394,5.7822,1,4000,4000,1,145,4
8,0,4,4000,2,295,12.7216,0.0088,2.4984,0.0566,9.2251,6.4734,1,4000,4000,1,120,4
8,0,4,4000,2,296,9.6331,0,0,0.2197,6.2274,5.9841,0,4000,4000,1,0,4
8,0,4,4000,2,297,11.0824,0.0172,2.2728,0.0538,8.2144,5.7133,1,4000,4000,1,124,4
8,0,4,4000,2,298,11.3343,0.0148,2.1959,0.0538,8.1183,5.6523,1,4000,4000,1,131,4
8,0,4,4000,2,299,9.2873,0,0,0.1367,6.312,6.1544,0,4000,4000,1,0,4
8,0,4,4000,2,300,11.2458,0.0122,2.198,0.055,8.2819,5.8452,1,4000,4000,1,131,4
8,0,4,4000,2,301,9.4525,0,0,0.1682,6.2705,6.0829,0,4000,4000,1,0,4
8,0,4,4000,2,302,11.1858,0.0176,2.2537,0.0579,8.2324,5.7342,1,4000,4000,1,111,4
8,0,4,4000,2,303,11.2307,0.012,2.1832,0.0542,8.1217,5.7106,1,4000,4000,1,129,4
8,0,4,4000,2,304,10.2339,0,0,0.1629,6.8383,6.6478,0,4000,4000,1,0,4
8,0,4,4000,2,305,11.1404,0.018,2.1582,0.0557,8.2327,5.8398,1,4000,4000,1,127,4
8,0,4,4000,2,306,11.5319,0.0156,2.0955,0.0574,8.3275,5.998,1,4000,4000,1,132,4
8,0,4,4000,2,307,9.4223,0,0,0.2001,6.148,5.926,0,4000,4000,1,0,4
8,0,4,4000,2,308,11.9494,0.0169,2.661,0.0564,8.8357,5.9403,1,4000,4000,1,96,4
8,0,4,4000,2,309,11.7724,0.0125,2.2249,0.056,8.6712,6.2228,1,4000,4000,1,104,4
8,0,4,4000,2,310,9.6668,0,0,0.2103,6.2645,6.029,0,4000,4000,1,0,4
8,0,4,4000,2,311,12.7639,0.3184,2.0131,0.0738,9.4253,6.8369,1,4000,4000,1,99,4
8,0,4,4000,2,312,11.6575,0.0145,2.4399,0.0553,8.5268,5.8552,1,4000,4000,1,117,4
8,0,4,4000,2,313,9.9786,0,0,0.1478,6.7645,6.5855,0,4000,4000,1,0,4
8,0,4,4000,2,314,11.0706,0.0151,2.2221,0.0557,8.3823,5.9319,1,4000,4000,1,88,4
8,0,4,4000,2,315,11.4995,0.0163,2.5659,0.0493,8.4323,5.6532,1,4000,4000,1,95,4
8,0,4,4000,2,316,10.3612,0,0,0.1412,7.1015,6.9333,0,4000,4000,1,0,4
8,0,4,4000,2,317,10.8431,0.0243,2.3096,0.0534,8.1008,5.5523,1,4000,4000,1,98,4
8,0,4,4000,2,318,10.8574,0.0122,1.9495,0.0513,7.65,5.4803,1,4000,4000,1,79,4
8,0,4,4000,2,319,9.2584,0,0,0.1355,5.9143,5.7602,0,4000,4000,1,0,4
8,0,4,4000,2,320,11.2542,0.0149,2.1139,0.056,7.9758,5.6187,1,4000,4000,1,96,4
8,0,4,4000,2,321,12.289,0.0212,1.9456,0.0524,7.7519,5.5664,1,4000,4000,1,90,4
8,0,4,4000,2,322,8.8598,0,0,0.129,6.1671,6.0189,0,4000,4000,1,0,4
8,0,4,4000,2,323,11.5959,0.0152,2.052,0.056,8.2756,5.8885,1,4000,4000,1,104,4
8,0,4,4000,2,324,8.6608,0,0,0.1488,5.7808,5.609,0,4000,4000,1,0,4
8,0,4,4000,2,325,11.9515,0.0189,1.9651,0.0636,9.2814,7.0134,1,4000,4000,1,72,4
8,0,4,4000,2,326,12.461,0.0131,1.9888,0.0539,8.4129,6.1463,1,4000,4000,1,72,4
8,0,4,4000,2,327,9.1538,0,0,0.1535,6.1201,5.9461,0,4000,4000,1,0,4
8,0,4,4000,2,328,10.5226,0.0158,1.9039,0.0555,7.7252,5.563,1,4000,4000,1,69,4
8,0,4,4000,2,329,10.7564,0.0132,2.0269,0.049,7.883,5.6344,1,4000,4000,1,88,4
8,0,4,4000,2,330,8.8959,0,0,0.1583,6.1938,6.0158,0,4000,4000,1,0,4
8,0,4,4000,2,331,10.9872,0.0152,1.9483,0.0607,7.8559,5.6048,1,4000,4000,1,79,4
8,0,4,4000,2,332,8.8863,0,0,0.1362,5.9681,5.8129,0,4000,4000,1,0,4
8,0,4,4000,2,333,11.0106,0.016,1.8329,0.0555,8.0622,5.8791,1,4000,4000,1,78,4
8,0,4,4000,2,334,10.7449,0.0116,1.7599,0.054,7.8827,5.8877,1,4000,4000,1,66,4
8,0,4,4000,2,335,9.4068,0,0,0.1467,6.0644,5.8987,0,4000,4000,1,0,4
8,0,4,4000,2,336,10.7293,0.013,1.9412,0.0557,7.7336,5.5494,1,4000,4000,1,93,4
8,0,4,4000,2,337,11.1421,0.0093,1.8314,0.0539,7.9858,5.9191,1,4000,4000,1,62,4
8,0,4,4000,2,338,8.9387,0,0,0.1208,5.8665,5.7241,0,4000,4000,1,0,4
8,0,4,4000,2,339,11.625,0.0088,2.0249,0.0542,8.3446,6.0622,1,4000,4000,1,54,4
8,0,4,4000,2,340,10.5965,0,0,0.2141,6.1674,5.9294,0,4000,4000,1,0,4
8,0,4,4000,2,341,12.0718,0.0159,2.2435,0.0601,9.0045,6.444,1,4000,4000,1,60,4
8,0,4,4000,2,342,11.456,0.0144,1.693,0.0579,7.7425,5.7721,1,4000,4000,1,62,4
8,0,4,4000,2,343,9.6403,0,0,0.1528,6.227,6.0535,0,4000,4000,1,0,4
8,0,4,4000,2,344,11.4796,0.0173,1.7675,0.0557,8.3418,6.3406,1,4000,4000,1,49,4
8,0,4,4000,2,345,10.6028,0.0109,1.6224,0.0492,7.2975,5.446,1,4000,4000,1,53,4
8,0,4,4000,2,346,9.5598,0,0,0.134,5.8987,5.7383,0,4000,4000,1,0,4
8,0,4,4000,2,347,11.2487,0.014,1.7778,0.0547,8.2112,6.1959,1,4000,4000,1,51,4
8,0,4,4000,2,348,11.8286,0.2398,1.5767,0.0529,8.0652,6.0209,1,4000,4000,1,44,4
8,0,4,4000,2,349,9.5761,0,0,0.1365,5.8905,5.732,0,4000,4000,1,0,4
8,0,4,4000,2,350,11.4424,0.0177,1.8557,0.0615,8.237,6.1227,1,4000,4000,1,56,4
8,0,4,4000,2,351,11.3509,0.0118,1.5259,0.0508,7.7931,6.0328,1,4000,4000,1,47,4
8,0,4,4000,2,352,8.8378,0,0,0.132,5.8615,5.7096,0,4000,4000,1,0,4
8,0,4,4000,2,353,11.6106,0.0223,1.5518,0.0491,8.0998,6.3061,1,4000,4000,1,52,4
8,0,4,4000,2,354,8.7486,0,0,0.1229,5.7548,5.6127,0,4000,4000,1,0,4
8,0,4,4000,2,355,11.0289,0.0167,1.5288,0.0518,7.7155,5.9558,1,4000,4000,1,48,4
8,0,4,4000,2,356,11.3767,0.0146,1.5196,0.0553,8.1192,6.3519,1,4000,4000,1,33,4
8,0,4,4000,2,357,9.2208,0,0,0.1277,5.9848,5.8149,0,4000,4000,1,0,4
8,0,4,4000,2,358,10.7432,0.0179,1.6853,0.0548,7.6425,5.7034,1,4000,4000,1,38,4
8,0,4,4000,2,359,11.8662,0.0239,1.4094,0.0596,8.5064,6.8166,1,4000,4000,1,44,4
8,0,4,4000,2,360,10.6797,0,0,0.2079,6.1883,5.9602,0,4000,4000,1,0,4
8,0,4,4000,2,361,10.1925,0.0141,1.4499,0.0545,7.3209,5.635,1,4000,4000,1,44,4
8,0,4,4000,2,362,10.4088,0.0095,1.7067,0.0533,7.5319,5.5947,1,4000,4000,1,45,4
8,0,4,4000,2,363,9.043,0,0,0.1049,6.037,5.9066,0,4000,4000,1,0,4
8,0,4,4000,2,364,10.6286,0.0126,1.4837,0.0556,7.5326,5.8023,1,4000,4000,1,36,4
8,0,4,4000,2,365,9.508,0,0,0.1084,5.8193,5.6843,0,4000,4000,1,0,4
8,0,4,4000,2,366,11.1044,0.0145,1.7383,0.0555,8.0658,6.1074,1,4000,4000,1,35,4
8,0,4,4000,2,367,10.5634,0.0087,1.4362,0.0514,7.5524,5.9012,1,4000,4000,1,40,4
8,0,4,4000,2,368,9.0488,0,0,0.1154,5.9517,5.8149,0,4000,4000,1,0,4
8,0,4,4000,2,369,11.0301,0.3292,1.0941,0.0522,7.6723,6.0324,1,4000,4000,1,34,4
8,0,4,4000,2,370,9.6441,0,0,0.1561,6.095,5.9115,0,4000,4000,1,0,4
8,0,4,4000,2,371,11.7298,0.0432,1.8325,0.049,8.2396,6.1415,1,4000,4000,1,38,4
8,0,4,4000,2,372,11.7188,0.0158,1.549,0.0516,7.8946,6.0948,1,4000,4000,1,27,4
8,0,4,4000,2,373,9.13,0,0,0.1269,5.8384,5.6888,0,4000,4000,1,0,4
8,0,4,4000,2,374,10.954,0.022,1.6974,0.0549,8.0637,6.078,1,4000,4000,1,33,4
8,0,4,4000,2,375,11.3747,0.0123,1.3647,0.0504,7.8788,6.2852,1,4000,4000,1,31,4
8,0,4,4000,2,376,8.6008,0,0,0.1381,5.7405,5.5836,0,4000,4000,1,0,4
8,0,4,4000,2,377,11.0483,0.015,1.5168,0.0563,7.5972,5.7742,1,4000,4000,1,34,4
8,0,4,4000,2,378,8.9496,0,0,0.1265,5.9937,5.8483,0,4000,4000,1,0,4
8,0,4,4000,2,379,11.0134,0.0162,1.4459,0.0585,7.7417,5.9633,1,4000,4000,1,35,4
8,0,4,4000,2,380,12.2431,0.0125,1.6773,0.0579,7.9608,6.0445,1,4000,4000,1,30,4
8,0,4,4000,2,381,9.3004,0,0,0.1756,5.8154,5.6167,0,4000,4000,1,0,4
8,0,4,4000,2,382,10.4359,0.0172,1.6207,0.0529,7.6224,5.755,1,4000,4000,1,27,4
8,0,4,4000,2,383,11.2418,0.0159,1.7768,0.0579,7.9602,5.9306,1,4000,4000,1,30,4
8,0,4,4000,2,384,9.0659,0,0,0.1465,6.2044,6.029,0,4000,4000,1,0,4
8,0,4,4000,2,385,11.2027,0.0162,1.5382,0.0566,7.8104,6.0303,1,4000,4000,1,21,4
8,0,4,4000,2,386,9.8296,0,0,0.1406,6.7149,6.5323,0,4000,4000,1,0,4
8,0,4,4000,2,387,12.6532,0.0241,1.7811,0.0579,8.3837,6.303,1,4000,4000,1,28,4
8,0,4,4000,2,388,10.4692,0.0125,1.5248,0.0543,7.5398,5.7807,1,4000,4000,1,31,4
8,0,4,4000,2,389,9.6716,0,0,0.2057,6.019,5.7896,0,4000,4000,1,0,4
8,0,4,4000,2,390,11.7077,0.019,1.5895,0.0571,8.4945,6.6488,1,4000,4000,1,26,4
8,0,4,4000,2,391,11.8621,0.0133,1.641,0.0549,8.482,6.5704,1,4000,4000,1,28,4
8,0,4,4000,2,392,9.2678,0,0,0.2034,6.031,5.8082,0,4000,4000,1,0,4
8,0,4,4000,2,393,10.9508,0.0138,1.5473,0.0567,8.1279,6.3462,1,4000,4000,1,34,4
8,0,4,4000,2,394,10.6879,0.0147,1.6225,0.0524,7.57,5.7141,1,4000,4000,1,39,4
8,0,4,4000,2,395,9.5174,0,0,0.2013,5.9884,5.7692,0,4000,4000,1,0,4
8,0,4,4000,2,396,10.8243,0.0151,1.7395,0.0588,7.8392,5.864,1,4000,4000,1,45,4
8,0,4,4000,2,397,10.9158,0.0196,1.7553,0.0553,7.7658,5.7605,1,4000,4000,1,63,4
8,0,4,4000,2,398,9.6433,0,0,0.1683,6.372,6.1822,0,4000,4000,1,0,4
8,0,4,4000,2,399,12.4102,0.0207,1.6911,0.0591,7.9037,5.8866,1,4000,4000,1,82,4
8,0,4,4000,2,400,8.7453,0,0,0.1457,5.8474,5.6801,0,4000,4000,1,0,4
8,0,4,4000,2,401,12.1225,0.0256,1.649,0.0533,8.7588,6.7857,1,4000,4000,1,85,4
8,0,4,4000,2,402,11.6304,0.0152,2.0373,0.0564,8.2336,5.9232,1,4000,4000,1,132,4
8,0,4,4000,2,403,9.2655,0,0,0.1536,6.1734,5.9971,0,4000,4000,1,0,4
8,0,4,4000,2,404,11.6144,0.0198,1.8795,0.053,8.4484,6.3216,1,4000,4000,1,123,4
8,0,4,4000,2,405,11.5146,0.0227,2.1127,0.0549,8.5135,6.1469,1,4000,4000,1,133,4
8,0,4,4000,2,406,9.4576,0,0,0.1802,5.9841,5.7825,0,4000,4000,1,0,4
8,0,4,4000,2,407,11.2917,0.0179,2.4745,0.0505,8.2977,5.6004,1,4000,4000,1,149,4
8,0,4,4000,2,408,11.5736,0.0157,1.8454,0.0551,7.8963,5.8041,1,4000,4000,1,166,4
8,0,4,4000,2,409,9.7702,0,0,0.1507,6.3905,6.2156,0,4000,4000,1,0,4
8,0,4,4000,2,410,11.582,0.0157,2.4453,0.0663,8.5717,5.8415,1,4000,4000,1,236,4
8,0,4,4000,2,411,11.6891,0.0111,2.3184,0.1289,8.3518,5.7049,1,4000,4000,1,262,4
8,0,4,4000,2,412,8.9844,0,0,0.1108,5.9976,5.8672,0,4000,4000,1,0,4
8,0,4,4000,2,413,11.9566,0.0158,2.5789,0.0557,9.033,6.1952,1,4000,4000,1,311,4
8,0,4,4000,2,414,11.5447,0.0117,2.318,0.0626,8.3439,5.6887,1,4000,4000,1,327,4
8,0,4,4000,2,415,8.8441,0,0,0.1398,6.0604,5.9012,0,4000,4000,1,0,4
8,0,4,4000,2,416,11.818,0.0142,2.4327,0.0583,8.7661,6.0951,1,4000,4000,1,315,4
8,0,4,4000,2,417,8.7166,0,0,0.1465,5.6321,5.4658,0,4000,4000,1,0,4
8,0,4,4000,2,418,11.3459,0.0142,2.5491,0.0559,8.5376,5.729,1,4000,4000,1,230,4
8,0,4,4000,2,419,13.4699,0.011,2.5208,0.0519,9.1787,6.4346,1,4000,4000,1,275,4
8,0,4,4000,2,420,8.9319,0,0,0.1275,5.816,5.6687,0,4000,4000,1,0,4
8,0,4,4000,2,421,11.2685,0.0157,2.2815,0.0518,8.296,5.7709,1,4000,4000,1,241,4
8,0,4,4000,2,422,12.3458,0.0094,2.4136,0.0553,9.0413,6.3701,1,4000,4000,1,255,4
8,0,4,4000,2,423,9.9009,0,0,0.1842,6.0013,5.7948,0,4000,4000,1,0,4
8,0,4,4000,2,424,11.4977,0.0123,2.1282,0.0567,8.368,6.0038,1,4000,4000,1,231,4
8,0,4,4000,2,425,12.2212,0.0104,2.5129,0.0564,8.5269,5.7848,1,4000,4000,1,258,4
8,0,4,4000,2,426,8.7392,0,0,0.1308,5.8272,5.6737,0,4000,4000,1,0,4
8,0,4,4000,2,427,11.6367,0.0145,2.5132,0.0579,8.7526,5.9882,1,4000,4000,1,245,4
8,0,4,4000,2,428,12.3256,0.0209,2.6414,0.0524,8.8191,5.919,1,4000,4000,1,302,4
8,0,4,4000,2,429,8.8507,0,0,0.1199,5.6493,5.5111,0,4000,4000,1,0,4
8,0,4,4000,2,430,11.4967,0.0178,2.4863,0.0539,8.5133,5.7826,1,4000,4000,1,261,4
8,0,4,4000,2,431,13.2542,0.0149,2.5579,0.0534,9.278,6.4473,1,4000,4000,1,312,4
8,0,4,4000,2,432,9.1849,0,0,0.1662,6.0294,5.8413,0,4000,4000,1,0,4
8,0,4,4000,2,433,11.7491,0.0153,2.7962,0.0549,8.8456,5.8014,1,4000,4000,1,273,4
8,0,4,4000,2,434,12.2859,0.0107,2.8479,0.0595,8.9676,5.8766,1,4000,4000,1,316,4
8,0,4,4000,2,435,9.143,0,0,0.1377,6.0038,5.8458,0,4000,4000,1,0,4
8,0,4,4000,2,436,11.8289,0.0138,2.5485,0.0561,8.5314,5.7437,1,4000,4000,1,286,4
8,0,4,4000,2,437,11.2738,0.0128,2.3851,0.049,8.2402,5.6178,1,4000,4000,1,295,4
8,0,4,4000,2,438,9.0044,0,0,0.1298,5.8235,5.6689,0,4000,4000,1,0,4
8,0,4,4000,2,439,11.3345,0.0159,2.3502,0.0581,8.4585,5.8621,1,4000,4000,1,299,4
8,0,4,4000,2,440,12.0088,0.0118,2.3479,0.0925,8.7283,6.1052,1,4000,4000,1,277,4
8,0,4,4000,2,441,9.3774,0,0,0.1166,6.0838,5.9449,0,4000,4000,1,0,4
8,0,4,4000,2,442,12.6033,0.0165,2.5677,0.0599,9.3685,6.5275,1,4000,4000,1,309,4
8,0,4,4000,2,443,12.9662,0.0135,2.7372,0.0557,9.1828,6.1993,1,4000,4000,1,326,4
8,0,4,4000,2,444,9.216,0,0,0.1297,5.6921,5.5435,0,4000,4000,1,0,4
8,0,4,4000,2,445,11.7561,0.0157,2.4519,0.0544,8.6941,5.9962,1,4000,4000,1,300,4
8,0,4,4000,2,446,11.8686,0.0117,2.584,0.0556,8.6871,5.851,1,4000,4000,1,285,4
8,0,4,4000,2,447,8.7466,0,0,0.1307,5.8257,5.67,0,4000,4000,1,0,4
8,0,4,4000,2,448,12.3534,0.015,2.8955,0.058,8.8496,5.7064,1,4000,4000,1,341,4
8,0,4,4000,2,449,12.347,0.0109,2.7749,0.0577,8.8876,5.7984,1,4000,4000,1,275,4
8,0,4,4000,2,450,9.7041,0,0,0.127,6.5024,6.3525,0,4000,4000,1,0,4
8,0,4,4000,2,451,11.8107,0.0148,2.7717,0.0574,8.8926,5.8823,1,4000,4000,1,308,4
8,0,4,4000,2,452,12.9526,0.008,2.6164,0.0585,9.657,6.7099,1,4000,4000,1,341,4
8,0,4,4000,2,453,9.8242,0,0,0.1581,6.0197,5.8409,0,4000,4000,1,0,4
8,0,4,4000,2,454,13.0812,0.0143,2.4807,0.0629,9.9906,7.2652,1,4000,4000,1,292,4
8,0,4,4000,2,455,11.2417,0.0127,2.3599,0.0539,8.3288,5.7329,1,4000,4000,1,283,4
8,0,4,4000,2,456,11.411,0.0127,2.3429,0.0506,8.0866,5.5067,1,4000,4000,1,328,4
8,0,4,4000,2,457,9.2883,0,0,0.1156,6.5051,6.3686,0,4000,4000,1,0,4
8,0,4,4000,2,458,12.0525,0.0114,2.4078,0.057,8.6189,5.9727,1,4000,4000,1,263,4
8,0,4,4000,2,459,9.2964,0,0,0.1218,6.0846,5.9445,0,4000,4000,1,0,4
8,0,4,4000,2,460,12.916,0.0165,2.422,0.0579,9.829,7.1405,1,4000,4000,1,293,4
8,0,4,4000,2,461,12.8036,0.0128,2.4557,0.0541,8.9877,6.277,1,4000,4000,1,311,4
8,0,4,4000,2,462,11.8854,0.0176,2.4914,0.0575,8.5959,5.8533,1,4000,4000,1,337,4
8,0,4,4000,2,463,9.5869,0,0,0.1279,6.1551,6.004,0,4000,4000,1,0,4
8,0,4,4000,2,464,11.5974,0.019,2.2834,0.0567,8.6953,6.1488,1,4000,4000,1,278,4
8,0,4,4000,2,465,12.0541,0.0136,2.4466,0.0544,8.832,6.1367,1,4000,4000,1,296,4
8,0,4,4000,2,466,8.9208,0,0,0.1297,5.6945,5.5461,0,4000,4000,1,0,4
8,0,4,4000,2,467,11.5689,0.014,2.5819,0.0608,8.7454,5.9145,1,4000,4000,1,241,4
8,0,4,4000,2,468,12.3073,0.0108,2.339,0.0582,8.8569,6.2644,1,4000,4000,1,248,4
8,0,4,4000,2,469,8.8393,0,0,0.1128,5.828,5.6931,0,4000,4000,1,0,4
8,0,4,4000,2,470,12.1438,0.0122,2.416,0.0537,8.8927,6.2352,1,4000,4000,1,248,4
8,0,4,4000,2,471,11.7512,0.0155,2.1744,0.0524,8.7611,6.313,1,4000,4000,1,221,4
8,0,4,4000,2,472,10.0853,0,0,0.2942,6.6289,6.2996,0,4000,4000,1,0,4
8,0,4,4000,2,473,11.7538,0.012,2.006,0.0528,7.9117,5.6669,1,4000,4000,1,231,4
8,0,4,4000,2,474,12.439,0.0151,2.4841,0.0561,9.1812,6.4232,1,4000,4000,1,227,4
8,0,4,4000,2,475,9.6089,0,0,0.1251,6.0915,5.9463,0,4000,4000,1,0,4
8,0,4,4000,2,476,11.2007,0.0131,2.2936,0.0515,8.2294,5.6979,1,4000,4000,1,255,4
8,0,4,4000,2,477,15.2167,0.0094,3.8513,0.0991,12.0729,7.735,1,4000,4000,1,260,4
8,0,4,4000,2,478,17.3954,0.0413,2.7978,0.0758,10.7362,7.5962,1,4000,4000,1,243,4
8,0,4,4000,2,479,10.4937,0,0,0.1767,6.8847,6.6763,0,4000,4000,1,0,4
8,0,4,4000,2,480,12.4916,0.0166,2.3519,0.0598,8.7369,6.0294,1,4000,4000,1,235,4
8,0,4,4000,2,481,13.2293,0.014,2.3452,0.0544,9.5402,6.8877,1,4000,4000,1,238,4
8,0,4,4000,2,482,11.4932,0.0109,2.0997,0.0539,8.0641,5.7183,1,4000,4000,1,223,4
8,0,4,4000,2,483,9.2615,0,0,0.1357,6.1384,5.9797,0,4000,4000,1,0,4
8,0,4,4000,2,484,12.9688,0.029,2.6182,0.0624,9.8002,6.8637,1,4000,4000,1,236,4
8,0,4,4000,2,485,12.1508,0.0112,2.1237,0.0613,8.3847,6.0082,1,4000,4000,1,211,4
8,0,4,4000,2,486,9.5751,0,0,0.1454,6.1181,5.9507,0,4000,4000,1,0,4
8,0,4,4000,2,487,11.6507,0.0178,2.4646,0.0568,8.6895,5.9726,1,4000,4000,1,240,4
8,0,4,4000,2,488,11.7687,0.0119,2.2814,0.0635,8.5196,5.9819,1,4000,4000,1,257,4
8,0,4,4000,2,489,9.4374,0,0,0.1353,6.0814,5.9263,0,4000,4000,1,0,4
8,0,4,4000,2,490,11.6841,0.0164,2.235,0.0626,8.5564,6.0595,1,4000,4000,1,250,4
8,0,4,4000,2,491,12.526,0.0126,2.0205,0.0711,8.977,6.579,1,4000,4000,1,244,4
8,0,4,4000,2,492,10.1208,0,0,0.1386,6.7931,6.62,0,4000,4000,1,0,4
8,0,4,4000,2,493,11.8488,0.0131,2.2793,0.0576,8.5202,5.9864,1,4000,4000,1,251,4
8,0,4,4000,2,494,12.6291,0.0103,2.3492,0.0622,9.0049,6.3298,1,4000,4000,1,337,4
8,0,4,4000,2,495,9.2231,0,0,0.1247,5.8074,5.658,0,4000,4000,1,0,4
8,0,4,4000,2,496,11.4661,0.0174,2.2283,0.0538,8.2546,5.8094,1,4000,4000,1,311,4
8,0,4,4000,2,497,12.1595,0.0141,2.0629,0.0518,8.0245,5.7193,1,4000,4000,1,246,4
8,0,4,4000,2,498,8.864,0,0,0.1384,5.6687,5.5049,0,4000,4000,1,0,4
8,0,4,4000,2,499,10.9632,0.0164,2.107,0.0559,8.1862,5.8232,1,4000,4000,1,268,4
8,0,4,4000,2,500,11.2977,0.0093,2.3199,0.0538,8.2935,5.7402,1,4000,4000,1,256,4
8,0,4,4000,2,501,10.0125,0,0,0.1421,6.7427,6.5639,0,4000,4000,1,0,4
8,0,4,4000,2,502,12.188,0.0149,2.2916,0.0586,8.4753,5.9261,1,4000,4000,1,238,4
8,0,4,4000,2,503,11.6352,0.014,2.2133,0.055,8.3269,5.8617,1,4000,4000,1,246,4
8,0,4,4000,2,504,9.8917,0,0,0.1945,6.2455,6.0315,0,4000,4000,1,0,4
8,0,4,4000,2,505,11.5575,0.0158,2.5045,0.0567,8.6637,5.9078,1,4000,4000,1,284,4
8,0,4,4000,2,506,11.6899,0.0098,2.1731,0.0565,8.2576,5.8368,1,4000,4000,1,251,4
8,0,4,4000,2,507,8.8285,0,0,0.1255,5.702,5.5548,0,4000,4000,1,0,4
8,0,4,4000,2,508,11.7502,0.0139,2.5121,0.057,8.6957,5.908,1,4000,4000,1,258,4
8,0,4,4000,2,509,12.4556,0.0118,2.1837,0.0534,8.948,6.5119,1,4000,4000,1,243,4
8,0,4,4000,2,510,9.5836,0,0,0.1518,6.2865,6.0861,0,4000,4000,1,0,4
8,0,4,4000,2,511,12.2081,0.0186,2.1572,0.0616,8.4484,6.0235,1,4000,4000,1,255,4
8,0,4,4000,2,512,11.566,0.0131,2.3288,0.0528,8.482,5.9167,1,4000,4000,1,259,4
8,0,4,4000,2,513,9.0332,0,0,0.1285,5.8569,5.7084,0,4000,4000,1,0,4
8,0,4,4000,2,514,11.606,0.0152,2.4431,0.0628,8.5862,5.8798,1,4000,4000,1,238,4
8,0,4,4000,2,515,12.1631,0.0096,2.3186,0.0563,8.5692,6.0076,1,4000,4000,1,223,4
8,0,4,4000,2,516,10.8102,0,0,0.1473,6.1143,5.9404,0,4000,4000,1,0,4
8,0,4,4000,2,517,11.5783,0.0138,2.2389,0.0604,8.5001,6.0121,1,4000,4000,1,262,4
8,0,4,4000,2,518,11.6138,0.0091,2.2969,0.0543,8.4793,5.946,1,4000,4000,1,243,4
8,0,4,4000,2,519,8.9655,0,0,0.1125,5.7712,5.638,0,4000,4000,1,0,4
8,0,4,4000,2,520,11.5974,0.0133,2.3896,0.0576,8.613,5.9633,1,4000,4000,1,280,4
8,0,4,4000,2,521,12.1082,0.0114,2.2963,0.0533,8.9092,6.3385,1,4000,4000,1,310,4
8,0,4,4000,2,522,9.8216,0,0,0.1578,6.0447,5.8608,0,4000,4000,1,0,4
8,0,4,4000,2,523,11.6982,0.0155,2.4143,0.0539,8.4035,5.7416,1,4000,4000,1,321,4
8,0,4,4000,2,524,11.442,0.1416,2.3086,0.0558,8.4364,5.7162,1,4000,4000,1,278,4
8,0,4,4000,2,525,9.685,0,0,0.1233,5.9596,5.818,0,4000,4000,1,0,4
8,0,4,4000,2,526,12.7572,0.0138,2.7491,0.0607,9.7147,6.6851,1,4000,4000,1,277,4
8,0,4,4000,2,527,11.516,0.0106,2.241,0.0537,8.4018,5.9292,1,4000,4000,1,270,4
8,0,4,4000,2,528,9.0279,0,0,0.1177,5.9298,5.7897,0,4000,4000,1,0,4
8,0,4,4000,2,529,11.7384,0.0126,2.3519,0.0602,8.6671,6.0122,1,4000,4000,1,255,4
8,0,4,4000,2,530,12.5082,0.0091,2.0574,0.0566,8.8282,6.5213,1,4000,4000,1,234,4
8,0,4,4000,2,531,9.955,0,0,0.1681,6.3605,6.1494,0,4000,4000,1,0,4
8,0,4,4000,2,532,11.86,0.0145,2.296,0.0538,8.2795,5.7396,1,4000,4000,1,259,4
8,0,4,4000,2,533,11.8973,0.0106,2.233,0.0523,8.0849,5.6122,1,4000,4000,1,288,4
8,0,4,4000,2,534,8.9727,0,0,0.114,5.8591,5.7269,0,4000,4000,1,0,4
8,0,4,4000,2,535,12.2278,0.0137,2.3186,0.0605,8.6001,6.0281,1,4000,4000,1,270,4
8,0,4,4000,2,536,12.5364,0.0106,2.8831,0.0532,9.0589,5.9353,1,4000,4000,1,328,4
8,0,4,4000,2,537,9.0493,0,0,0.1039,6.0295,5.9027,0,4000,4000,1,0,4
8,0,4,4000,2,538,11.5627,0.0147,2.3919,0.0559,8.4433,5.7994,1,4000,4000,1,281,4
8,0,4,4000,2,539,12.0015,0.0087,2.2545,0.0589,8.3702,5.873,1,4000,4000,1,250,4
8,0,4,4000,2,540,10.0746,0,0,0.1247,6.1796,6.0336,0,4000,4000,1,0,4
8,0,4,4000,2,541,12.1689,0.0144,2.4725,0.0566,9.0836,6.3522,1,4000,4000,1,331,4
8,0,4,4000,2,542,13.0345,0.0092,2.8281,0.0534,9.1629,6.0443,1,4000,4000,1,309,4
8,0,4,4000,2,543,9.4039,0,0,0.1559,6.0661,5.8802,0,4000,4000,1,0,4
8,0,4,4000,2,544,12.7056,0.0166,2.5785,0.0607,9.3395,6.5069,1,4000,4000,1,319,4
8,0,4,4000,2,545,12.4121,0.0106,2.9211,0.0534,9.1839,5.9634,1,4000,4000,1,266,4
8,0,4,4000,2,546,8.7935,0,0,0.1179,5.6983,5.5631,0,4000,4000,1,0,4
8,0,4,4000,2,547,11.7687,0.0133,2.7394,0.0558,8.8498,5.8655,1,4000,4000,1,347,4
8,0,4,4000,2,548,12.1833,0.0087,2.6972,0.0537,8.8032,5.8144,1,4000,4000,1,367,4
8,0,4,4000,2,549,9.1296,0,0,0.1338,5.8198,5.6643,0,4000,4000,1,0,4
8,0,4,4000,2,550,12.135,0.1472,2.867,0.0543,9.0081,5.7463,1,4000,4000,1,327,4
9,1,4,4000,2,151,8.9943,0.0177,0.1928,0.0514,6.0327,5.6536,1,4000,4000,1,15,4
9,1,4,4000,2,152,10.7078,0.0565,0.2064,0.1079,5.8176,5.6963,0,4000,4000,1,0,4
9,1,4,4000,2,153,9.3504,0.0344,0.2285,0.053,6.3539,5.9114,1,4000,4000,1,11,4
9,1,4,4000,2,154,11.3682,0.0167,0.6241,0.0585,7.8544,6.7783,1,4000,4000,1,4,4
9,1,4,4000,2,155,10.4534,0.052,0.2635,0.147,5.7559,5.5953,0,4000,4000,1,0,4
9,1,4,4000,2,156,8.9576,0.0177,0.2033,0.0534,5.9604,5.5337,1,4000,4000,1,13,4
9,1,4,4000,2,157,8.7613,0.0518,0.0896,0.1025,5.3856,5.2727,0,4000,4000,1,0,4
9,1,4,4000,2,158,9.5135,0.025,0.1672,0.0547,6.0806,5.7036,1,4000,4000,1,9,4
9,1,4,4000,2,159,10.2487,0.0165,0.1764,0.05,6.1412,5.7765,1,4000,4000,1,16,4
9,1,4,4000,2,160,9.631,0.1088,0.0032,0.1279,6.3105,6.1706,0,4000,4000,1,0,4
9,1,4,4000,2,161,9.5578,0.1742,0.1852,0.0605,6.3266,5.7857,1,4000,4000,1,8,4
9,1,4,4000,2,162,8.7804,0.0936,0.0037,0.1167,5.4891,5.3616,0,4000,4000,1,0,4
9,1,4,4000,2,163,9.492,0.0162,0.2087,0.0548,6.256,5.8465,1,4000,4000,1,7,4
9,1,4,4000,2,164,12.7765,0.0754,0.254,0.1276,8.1029,7.9583,0,4000,4000,1,0,4
9,1,4,4000,2,165,11.9277,0.0186,0.5631,0.0558,7.8368,6.8469,1,4000,4000,1,8,4
9,1,4,4000,2,166,10.0822,0.0151,0.1888,0.0545,6.051,5.6335,1,4000,4000,1,11,4
9,1,4,4000,2,167,8.5805,0.0764,0.0311,0.1515,5.3167,5.1552,0,4000,4000,1,0,4
9,1,4,4000,2,168,9.5037,0.0158,0.2274,0.055,6.3176,5.894,1,4000,4000,1,14,4
9,1,4,4000,2,169,8.9959,0.0156,0.1918,0.0499,5.8868,5.5199,1,4000,4000,1,12,4
9,1,4,4000,2,170,8.8032,0.0156,0.1918,0.1274,5.9072,5.7671,0,4000,4000,1,0,4
9,1,4,4000,2,171,9.7771,0.0141,0.2273,0.0614,6.2528,5.8015,1,4000,4000,1,13,4
9,1,4,4000,2,172,9.0238,0.0379,0.0674,0.114,5.5815,5.4576,0,4000,4000,1,0,4
9,1,4,4000,2,173,9.7898,0.0152,0.23,0.0541,6.6749,6.2051,1,4000,4000,1,6,4
9,1,4,4000,2,174,9.3066,0.0541,0.0969,0.1218,5.7368,5.6031,0,4000,4000,1,0,4
9,1,4,4000,2,175,10.1666,0.0185,0.3899,0.0549,6.8533,6.1982,1,4000,4000,1,10,4
9,1,4,4000,2,176,10.2808,0.0279,0.2061,0.0504,6.6731,6.2577,1,4000,4000,1,16,4
9,1,4,4000,2,177,9.3545,0.0279,0.2061,0.1437,6.1317,5.9765,0,4000,4000,1,0,4
9,1,4,4000,2,178,8.9883,0.0155,0.2002,0.0512,5.7605,5.3588,1,4000,4000,1,6,4
9,1,4,4000,2,179,8.9516,0.0428,0.0981,0.141,5.5557,5.4016,0,4000,4000,1,0,4
9,1,4,4000,2,180,9.5874,0.0168,0.2702,0.0498,5.9847,5.4982,1,4000,4000,1,5,4
9,1,4,4000,2,181,9.9807,0.0918,0.0074,0.1219,6.6026,6.4689,0,4000,4000,1,0,4
9,1,4,4000,2,182,8.8836,0.0162,0.1928,0.0533,5.764,5.3604,1,4000,4000,1,11,4
9,1,4,4000,2,183,9.6188,0.0649,0.1161,0.1225,5.6993,5.5622,0,4000,4000,1,0,4
9,1,4,4000,2,184,9.6529,0.0151,0.2055,0.05,6.4503,6.0478,1,4000,4000,1,7,4
9,1,4,4000,2,185,9.2746,0.0107,0.1732,0.0598,5.8398,5.4779,1,4000,4000,1,11,4
9,1,4,4000,2,186,8.7013,0.0809,0.0737,0.1073,5.5715,5.4549,0,4000,4000,1,0,4
9,1,4,4000,2,187,9.2135,0.0163,0.1853,0.0544,6.0489,5.6743,1,4000,4000,1,3,4
9,1,4,4000,2,188,9.306,0.0767,0.0642,0.1523,5.6707,5.5042,0,4000,4000,1,0,4
9,1,4,4000,2,189,9.0857,0.0175,0.24,0.0603,6.2843,5.7878,1,4000,4000,1,4,4
9,1,4,4000,2,190,10.2273,0.0636,0.0835,0.165,6.5853,6.4009,0,4000,4000,1,0,4
9,1,4,4000,2,191,10.3536,0.0208,0.2136,0.0565,6.5887,6.1643,1,4000,4000,1,11,4
9,1,4,4000,2,192,9.6972,0.0171,0.1841,0.0536,6.2403,5.5536,1,4000,4000,1,5,4
9,1,4,4000,2,193,9.2362,0.2341,0.0148,0.1065,5.5718,5.454,0,4000,4000,1,0,4
9,1,4,4000,2,194,9.1415,0.0173,0.1939,0.0581,6.0817,5.6832,1,4000,4000,1,8,4
9,1,4,4000,2,195,8.7545,0.0801,0.0493,0.1359,5.5602,5.4135,0,4000,4000,1,0,4
9,1,4,4000,2,196,8.8893,0.0161,0.2102,0.0551,5.9638,5.5489,1,4000,4000,1,3,4
9,1,4,4000,2,197,8.8351,0.0405,0.0433,0.1335,5.5964,5.4516,0,4000,4000,1,0,4
9,1,4,4000,2,198,9.6559,0.0138,0.2069,0.0579,6.0968,5.6647,1,4000,4000,1,6,4
9,1,4,4000,2,199,9.9401,0.1052,0.0037,0.2274,6.5571,6.3169,0,4000,4000,1,0,4
9,1,4,4000,2,200,9.3487,0.0141,0.1829,0.0501,6.1463,5.7831,1,4000,4000,1,5,4
9,1,4,4000,2,201,8.8312,0.0124,0.1817,0.05,5.8405,5.4825,1,4000,4000,1,6,4
9,1,4,4000,2,202,9.107,0.045,0.0699,0.1553,5.6869,5.5202,0,4000,4000,1,0,4
9,1,4,4000,2,203,9.5347,0.0206,0.3706,0.0615,6.326,5.7542,1,4000,4000,1,248,4
9,1,4,4000,2,204,8.9014,0.0424,0.058,0.1328,5.6838,5.5397,0,4000,4000,1,0,4
9,1,4,4000,2,205,12.1038,0.1027,0.4196,0.056,8.4859,7.7137,1,4000,4000,1,6,4
9,1,4,4000,2,206,11.4547,0.0142,0.1931,0.0533,5.932,5.5206,1,4000,4000,1,7,4
9,1,4,4000,2,207,9.5323,0.0552,0.2345,0.1662,5.5792,5.4015,0,4000,4000,1,0,4
9,1,4,4000,2,208,11.1595,0.0178,0.6689,0.1057,7.8256,6.8638,1,4000,4000,1,486,4
9,1,4,4000,2,209,9.5131,0.079,0.0498,0.1304,5.6907,5.5485,0,4000,4000,1,0,4
9,1,4,4000,2,210,9.5775,0.021,0.2934,0.0551,6.1078,5.579,1,4000,4000,1,7,4
9,1,4,4000,2,211,11.0528,0.0141,0.3671,0.0539,7.4841,6.8785,1,4000,4000,1,7,4
9,1,4,4000,2,212,10.1671,0.0489,0.2199,0.1011,5.7389,5.6264,0,4000,4000,1,0,4
9,1,4,4000,2,213,9.2486,0.0157,0.2229,0.0555,5.9582,5.551,1,4000,4000,1,6,4
9,1,4,4000,2,214,9.0458,0.0528,0.1966,0.1117,5.5593,5.4368,0,4000,4000,1,0,4
9,1,4,4000,2,215,9.9772,0.018,0.5034,0.0518,6.7533,6.054,1,4000,4000,1,245,4
9,1,4,4000,2,216,9.3662,0.0153,0.3632,0.0489,6.2258,5.6904,1,4000,4000,1,253,4
9,1,4,4000,2,217,8.9902,0.0153,0.3632,0.106,6.0085,5.892,0,4000,4000,1,0,4
9,1,4,4000,2,218,9.374,0.0156,0.222,0.0603,5.9555,5.5168,1,4000,4000,1,8,4
9,1,4,4000,2,219,9.2907,0.0492,0.0729,0.1102,5.6802,5.5576,0,4000,4000,1,0,4
9,1,4,4000,2,220,9.5331,0.0161,0.2996,0.0577,6.4243,5.9284,1,4000,4000,1,3,4
9,1,4,4000,2,221,9.1177,0.0481,0.0834,0.1117,5.8928,5.7707,0,4000,4000,1,0,4
9,1,4,4000,2,222,10.2743,0.0185,0.6165,0.0504,7.059,6.2534,1,4000,4000,1,484,4
9,1,4,4000,2,223,11.1245,0.0151,0.3131,0.0592,6.4647,5.9691,1,4000,4000,1,244,4
9,1,4,4000,2,224,10.8848,0.0917,0.0045,0.2088,6.9352,6.7098,0,4000,4000,1,0,4
9,1,4,4000,2,225,9.5382,0.0191,0.2883,0.0509,6.4219,5.9522,1,4000,4000,1,3,4
9,1,4,4000,2,226,8.9527,0.0569,0.0613,0.1065,5.8005,5.684,0,4000,4000,1,0,4
9,1,4,4000,2,227,9.904,0.0174,0.5601,0.0518,6.6613,5.8948,1,4000,4000,1,484,4
9,1,4,4000,2,228,10.3533,0.0152,0.3749,0.0508,6.8981,6.3444,1,4000,4000,1,246,4
9,1,4,4000,2,229,9.541,0.0442,0.1309,0.1507,5.8911,5.726,0,4000,4000,1,0,4
9,1,4,4000,2,230,10.2427,0.0202,0.3118,0.049,6.8075,6.3173,1,4000,4000,1,2,4
9,1,4,4000,2,231,9.9227,0.0489,0.2541,0.137,6.1434,5.9944,0,4000,4000,1,0,4
9,1,4,4000,2,232,9.4439,0.0217,0.2588,0.0553,6.384,5.9162,1,4000,4000,1,1,4
9,1,4,4000,2,233,10.2637,0.0168,0.2746,0.0514,6.5968,6.135,1,4000,4000,1,4,4
9,1,4,4000,2,234,9.1678,0.0368,0.0947,0.1069,5.8994,5.7811,0,4000,4000,1,0,4
9,1,4,4000,2,235,12.0834,0.0315,0.6049,0.0524,8.6807,7.8418,1,4000,4000,1,241,4
9,1,4,4000,2,236,10.1328,0.0498,0.062,0.1035,6.3588,6.2445,0,4000,4000,1,0,4
9,1,4,4000,2,237,9.9614,0.0175,0.5589,0.058,6.734,5.9686,1,4000,4000,1,443,4
9,1,4,4000,2,238,9.855,0.0127,0.2473,0.0583,6.4424,6.0007,1,4000,4000,1,5,4
9,1,4,4000,2,239,11.1738,0.0718,0.1574,0.1049,5.8795,5.7618,0,4000,4000,1,0,4
9,1,4,4000,2,240,9.759,0.018,0.616,0.0574,6.6731,5.8569,1,4000,4000,1,530,4
9,1,4,4000,2,241,9.8521,0.0926,0.004,0.1342,6.0628,5.917,0,4000,4000,1,0,4
9,1,4,4000,2,242,11.0078,0.0195,0.4751,0.0553,7.2237,6.5087,1,4000,4000,1,262,4
9,1,4,4000,2,243,9.9813,0.0137,0.5019,0.0504,6.6644,5.9726,1,4000,4000,1,215,4
9,1,4,4000,2,244,10.7632,0.0761,0.0043,0.269,6.6135,6.3274,0,4000,4000,1,0,4
9,1,4,4000,2,245,11.8963,0.0148,1.3863,0.0517,8.1387,6.549,1,4000,4000,1,1304,4
9,1,4,4000,2,246,10.8889,0.0105,0.6775,0.0567,6.603,5.7362,1,4000,4000,1,299,4
9,1,4,4000,2,247,9.0029,0.0523,0.0485,0.1113,5.8187,5.6976,0,4000,4000,1,0,4
9,1,4,4000,2,248,9.8259,0.0134,0.57,0.0678,6.6968,5.9406,1,4000,4000,1,321,4
9,1,4,4000,2,249,10.5405,0.0104,0.5845,0.0625,6.5057,5.7257,1,4000,4000,1,241,4
9,1,4,4000,2,250,9.3312,0.0104,0.5845,0.1442,5.7148,5.5593,0,4000,4000,1,0,4
9,1,4,4000,2,251,10.8008,0.0096,1.2581,0.0568,7.2386,5.764,1,4000,4000,1,1116,4
9,1,4,4000,2,252,9.5736,0.0749,0.3224,0.1157,5.9007,5.7747,0,4000,4000,1,0,4
9,1,4,4000,2,253,10.2535,0.0136,0.8198,0.0592,6.8205,5.8,1,4000,4000,1,445,4
9,1,4,4000,2,254,10.359,0.0129,0.8667,0.0577,6.975,5.9215,1,4000,4000,1,376,4
9,1,4,4000,2,255,9.4555,0.0129,0.8667,0.1122,6.0775,5.9554,0,4000,4000,1,0,4
9,1,4,4000,2,256,11.3404,0.0114,1.6191,0.0563,7.7804,5.9536,1,4000,4000,1,1348,4
9,1,4,4000,2,257,9.7669,0.0994,0.005,0.1989,6.2009,5.9886,0,4000,4000,1,0,4
9,1,4,4000,2,258,10.8057,0.0122,0.9825,0.0522,7.0911,5.8565,1,4000,4000,1,589,4
9,1,4,4000,2,259,10.208,0.0207,0.6735,0.0586,6.7356,5.8564,1,4000,4000,1,424,4
9,1,4,4000,2,260,10.6162,0.0876,0.0039,0.1524,6.6906,6.527,0,4000,4000,1,0,4
9,1,4,4000,2,261,10.338,0.0133,1.4507,0.0525,7.3255,5.6683,1,4000,4000,1,1518,4
9,1,4,4000,2,262,10.9766,0.0137,1.0013,0.052,7.0925,5.9034,1,4000,4000,1,537,4
9,1,4,4000,2,263,10.0382,0.0137,1.0013,0.1596,6.8461,6.6744,0,4000,4000,1,0,4
9,1,4,4000,2,264,11.6719,0.0126,1.8983,0.0809,8.2096,5.9138,1,4000,4000,1,1914,4
9,1,4,4000,2,265,9.5679,0.0387,0.0463,0.1393,6.0078,5.8568,0,4000,4000,1,0,4
9,1,4,4000,2,266,13.659,0.263,1.9989,0.0587,10.5007,7.9417,1,4000,4000,1,717,4
9,1,4,4000,2,267,12.8446,0.0109,0.961,0.0578,8.5858,7.4277,1,4000,4000,1,533,4
9,1,4,4000,2,268,10.3319,0.011,0.852,0.0553,6.8792,5.8252,1,4000,4000,1,476,4
9,1,4,4000,2,269,9.7033,0.0494,0.3997,0.1162,5.6398,5.5142,0,4000,4000,1,0,4
9,1,4,4000,2,270,11.0482,0.0153,1.5858,0.0533,7.8386,6.0767,1,4000,4000,1,1661,4
9,1,4,4000,2,271,8.9279,0.047,0.071,0.1114,5.5959,5.4742,0,4000,4000,1,0,4
9,1,4,4000,2,272,10.3525,0.0153,0.9755,0.0523,7.1852,6.0092,1,4000,4000,1,529,4
9,1,4,4000,2,273,10.102,0.0108,0.7515,0.05,6.7318,5.8096,1,4000,4000,1,440,4
9,1,4,4000,2,274,9.8029,0.0407,0.2838,0.1516,6.0411,5.8774,0,4000,4000,1,0,4
9,1,4,4000,2,275,12.3391,0.0118,2.0644,0.0543,8.8548,6.5919,1,4000,4000,1,1618,4
9,1,4,4000,2,276,11.3803,0.0128,0.9659,0.0555,7.9066,6.7671,1,4000,4000,1,502,4
9,1,4,4000,2,277,8.8374,0.0698,0.0488,0.1477,5.6231,5.4641,0,4000,4000,1,0,4
9,1,4,4000,2,278,11.0484,0.0158,1.358,0.0544,7.3688,5.8214,1,4000,4000,1,1232,4
9,1,4,4000,2,279,9.4954,0.0692,0.0039,0.1245,6.1914,6.054,0,4000,4000,1,0,4
9,1,4,4000,2,280,10.5939,0.0133,1.0836,0.0585,7.3206,6.0405,1,4000,4000,1,561,4
9,1,4,4000,2,281,11.1133,0.0149,0.8766,0.0604,7.0138,5.9452,1,4000,4000,1,458,4
9,1,4,4000,2,282,9.3312,0.0599,0.0035,0.1252,6.1673,6.0324,0,4000,4000,1,0,4
9,1,4,4000,2,283,10.3983,0.0167,0.9528,0.0603,7.1425,5.9825,1,4000,4000,1,412,4
9,1,4,4000,2,284,11.0121,0.0155,0.7989,0.0522,7.249,6.2824,1,4000,4000,1,348,4
9,1,4,4000,2,285,9.3763,0.0501,0.068,0.1067,5.8246,5.7063,0,4000,4000,1,0,4
9,1,4,4000,2,286,9.6593,0.0151,0.6779,0.0578,6.6249,5.7544,1,4000,4000,1,294,4
9,1,4,4000,2,287,10.221,0.0452,0.1834,0.1129,5.8963,5.7723,0,4000,4000,1,0,4
9,1,4,4000,2,288,10.5018,0.0168,0.6665,0.0547,7.1534,6.2884,1,4000,4000,1,254,4
9,1,4,4000,2,289,11.6565,0.0211,0.7316,0.0529,7.7567,6.8039,1,4000,4000,1,240,4
9,1,4,4000,2,290,9.9194,0.0458,0.3028,0.1472,6.0331,5.875,0,4000,4000,1,0,4
9,1,4,4000,2,291,10.4981,0.0166,0.5935,0.0533,7.4625,6.6745,1,4000,4000,1,231,4
9,1,4,4000,2,292,10.2131,0.0882,0.0894,0.176,6.7612,6.5729,0,4000,4000,1,0,4
9,1,4,4000,2,293,12.0157,0.0197,0.5511,0.0516,8.438,7.6807,1,4000,4000,1,185,4
9,1,4,4000,2,294,10.0878,0.0163,0.4905,0.0521,6.7573,6.0781,1,4000,4000,1,205,4
9,1,4,4000,2,295,9.2553,0.0586,0.2304,0.1139,5.853,5.7262,0,4000,4000,1,0,4
9,1,4,4000,2,296,10.02,0.0181,0.5131,0.0591,6.9286,6.2005,1,4000,4000,1,187,4
9,1,4,4000,2,297,11.4693,0.0163,0.4867,0.0533,7.5138,6.8213,1,4000,4000,1,183,4
9,1,4,4000,2,298,9.1835,0.0609,0.1869,0.1189,5.8378,5.6871,0,4000,4000,1,0,4
9,1,4,4000,2,299,9.8384,0.0182,0.4827,0.0554,6.7762,6.0746,1,4000,4000,1,146,4
9,1,4,4000,2,300,9.4904,0.0499,0.441,0.1072,5.813,5.6947,0,4000,4000,1,0,4
9,1,4,4000,2,301,10.5624,0.0166,0.527,0.0578,6.92,6.1772,1,4000,4000,1,175,4
9,1,4,4000,2,302,9.9362,0.0159,0.4517,0.0528,6.7191,6.0855,1,4000,4000,1,128,4
9,1,4,4000,2,303,9.3238,0.0437,0.1236,0.1107,6.0165,5.8948,0,4000,4000,1,0,4
9,1,4,4000,2,304,10.1155,0.0194,0.629,0.0805,6.908,6.0202,1,4000,4000,1,136,4
9,1,4,4000,2,305,10.0091,0.0608,0.0802,0.1148,6.4277,6.3023,0,4000,4000,1,0,4
9,1,4,4000,2,306,9.1133,0.0154,0.3997,0.0507,6.1615,5.5799,1,4000,4000,1,138,4
9,1,4,4000,2,307,9.8667,0.0117,0.437,0.0547,6.5006,5.8704,1,4000,4000,1,129,4
9,1,4,4000,2,308,9.0721,0.0117,0.437,0.112,6.115,5.9907,0,4000,4000,1,0,4
9,1,4,4000,2,309,10.4875,0.0144,0.3876,0.0529,6.3565,5.7838,1,4000,4000,1,121,4
9,1,4,4000,2,310,9.7371,0.0468,0.0262,0.1247,6.5619,6.4255,0,4000,4000,1,0,4
9,1,4,4000,2,311,9.5662,0.0184,0.3826,0.055,6.3543,5.7739,1,4000,4000,1,116,4
9,1,4,4000,2,312,10.1863,0.0525,0.0853,0.3697,6.8191,6.4263,0,4000,4000,1,0,4
9,1,4,4000,2,313,10.008,0.0182,0.3898,0.0555,6.6094,6.0246,1,4000,4000,1,126,4
9,1,4,4000,2,314,9.582,0.0148,0.388,0.0562,6.5383,5.9665,1,4000,4000,1,120,4
9,1,4,4000,2,315,9.7339,0.0466,0.1854,0.1196,6.0883,5.9562,0,4000,4000,1,0,4
9,1,4,4000,2,316,9.9147,0.0179,0.3646,0.0789,6.7368,6.1115,1,4000,4000,1,112,4
9,1,4,4000,2,317,9.2061,0.078,0.0171,0.1277,5.9261,5.7868,0,4000,4000,1,0,4
9,1,4,4000,2,318,9.8248,0.0214,0.4191,0.0562,6.8231,6.2038,1,4000,4000,1,123,4
9,1,4,4000,2,319,9.504,0.0128,0.3832,0.0532,6.442,5.8739,1,4000,4000,1,109,4
9,1,4,4000,2,320,8.937,0.0128,0.3832,0.1126,5.8953,5.7729,0,4000,4000,1,0,4
9,1,4,4000,2,321,9.7133,0.0152,0.3552,0.0548,6.5022,5.9689,1,4000,4000,1,101,4
9,1,4,4000,2,322,9.8257,0.0467,0.1301,0.1348,6.5208,6.3727,0,4000,4000,1,0,4
9,1,4,4000,2,323,10.0185,0.0139,0.4095,0.0588,6.6038,5.9961,1,4000,4000,1,95,4
9,1,4,4000,2,324,9.1661,0.0508,0.0522,0.1215,6.0614,5.9293,0,4000,4000,1,0,4
9,1,4,4000,2,325,9.7009,0.0173,0.3684,0.0559,6.7748,6.2024,1,4000,4000,1,106,4
9,1,4,4000,2,326,10.1288,0.0141,0.4222,0.0547,6.807,6.202,1,4000,4000,1,91,4
9,1,4,4000,2,327,9.0615,0.0482,0.098,0.1148,5.7851,5.66,0,4000,4000,1,0,4
9,1,4,4000,2,328,10.1412,0.0171,0.392,0.058,6.5778,5.9868,1,4000,4000,1,107,4
9,1,4,4000,2,329,9.3253,0.0624,0.3266,0.1123,5.6804,5.5586,0,4000,4000,1,0,4
9,1,4,4000,2,330,9.4117,0.0132,0.3529,0.0554,6.3474,5.805,1,4000,4000,1,90,4
9,1,4,4000,2,331,9.358,0.0805,0.2129,0.1261,5.9866,5.8499,0,4000,4000,1,0,4
9,1,4,4000,2,332,10.3143,0.0143,0.5293,0.0591,7.0265,6.2477,1,4000,4000,1,76,4
9,1,4,4000,2,333,11.3332,0.0122,0.3385,0.058,6.5364,6.0101,1,4000,4000,1,84,4
9,1,4,4000,2,334,9.4938,0.0709,0.0036,0.1137,5.9676,5.8437,0,4000,4000,1,0,4
9,1,4,4000,2,335,9.4306,0.0154,0.3578,0.0628,6.3767,5.7882,1,4000,4000,1,84,4
9,1,4,4000,2,336,9.6538,0.0561,0.0478,0.1308,6.1394,5.9981,0,4000,4000,1,0,4
9,1,4,4000,2,337,9.3981,0.0146,0.3993,0.0567,6.2947,5.6948,1,4000,4000,1,97,4
9,1,4,4000,2,338,9.8751,0.0122,0.3957,0.0628,6.5032,5.8737,1,4000,4000,1,77,4
9,1,4,4000,2,339,9.6156,0.0498,0.0542,0.1339,5.9879,5.8433,0,4000,4000,1,0,4
9,1,4,4000,2,340,9.7011,0.0135,0.4404,0.0676,6.6064,5.957,1,4000,4000,1,95,4
9,1,4,4000,2,341,10.2627,0.0831,0.0648,0.1565,6.3459,6.1762,0,4000,4000,1,0,4
9,1,4,4000,2,342,10.3636,0.016,0.3791,0.0599,6.9067,6.3156,1,4000,4000,1,72,4
9,1,4,4000,2,343,10.0459,0.0117,0.3241,0.0547,6.5204,6.0028,1,4000,4000,1,70,4
9,1,4,4000,2,344,9.2239,0.0117,0.3241,0.1059,5.9827,5.8658,0,4000,4000,1,0,4
9,1,4,4000,2,345,10.4058,0.0113,0.6218,0.0534,7.12,6.2597,1,4000,4000,1,59,4
9,1,4,4000,2,346,11.1543,0.0635,0.2036,0.1562,6.5668,6.3974,0,4000,4000,1,0,4
9,1,4,4000,2,347,11.7036,0.0274,0.3856,0.0593,7.2969,6.6843,1,4000,4000,1,60,4
9,1,4,4000,2,348,11.0221,0.0136,0.3798,0.063,7.3635,6.778,1,4000,4000,1,68,4
9,1,4,4000,2,349,10.0828,0.0686,0.0575,0.183,6.4383,6.2412,0,4000,4000,1,0,4
9,1,4,4000,2,350,10.3846,0.2044,0.4132,0.0584,7.0909,6.2963,1,4000,4000,1,61,4
9,1,4,4000,2,351,10.2196,0.0141,0.3581,0.0514,6.9979,6.4633,1,4000,4000,1,64,4
9,1,4,4000,2,352,8.9267,0.0479,0.0524,0.1494,5.929,5.7685,0,4000,4000,1,0,4
9,1,4,4000,2,353,11.0504,0.0133,0.3983,0.1056,7.5901,6.9459,1,4000,4000,1,87,4
9,1,4,4000,2,354,9.5527,0.0946,0.0037,0.1222,6.2823,6.1489,0,4000,4000,1,0,4
9,1,4,4000,2,355,10.6826,0.0152,0.8453,0.0565,7.585,6.348,1,4000,4000,1,55,4
9,1,4,4000,2,356,10.7639,0.0139,0.3294,0.0619,6.7578,6.2281,1,4000,4000,1,62,4
9,1,4,4000,2,357,10.7455,0.0548,0.1586,0.1171,6.6304,6.5004,0,4000,4000,1,0,4
9,1,4,4000,2,358,10.1296,0.0184,0.3101,0.0609,7.0209,6.4983,1,4000,4000,1,61,4
9,1,4,4000,2,359,9.9466,0.0095,0.3977,0.0539,6.693,6.0694,1,4000,4000,1,50,4
9,1,4,4000,2,360,10.2129,0.0095,0.3977,0.1224,6.3546,6.2205,0,4000,4000,1,0,4
9,1,4,4000,2,361,9.7208,0.0143,0.2956,0.061,6.4854,5.9795,1,4000,4000,1,62,4
9,1,4,4000,2,362,10.1991,0.0763,0.0061,0.1125,6.753,6.6233,0,4000,4000,1,0,4
9,1,4,4000,2,363,10.5135,0.4814,0.315,0.0617,7.5075,6.5234,1,4000,4000,1,57,4
9,1,4,4000,2,364,10.9393,0.0255,0.4023,0.0598,7.1611,6.5485,1,4000,4000,1,55,4
9,1,4,4000,2,365,10.922,0.0421,0.1405,0.1132,7.2034,7.0782,0,4000,4000,1,0,4
9,1,4,4000,2,366,11.1423,0.0653,0.4885,0.0599,7.603,6.8291,1,4000,4000,1,42,4
9,1,4,4000,2,367,11.3224,0.0155,0.3162,0.0607,6.4426,5.9302,1,4000,4000,1,63,4
9,1,4,4000,2,368,10.0294,0.0529,0.1741,0.1931,6.2388,6.0342,0,4000,4000,1,0,4
9,1,4,4000,2,369,10.0409,0.0187,0.3198,0.0589,6.8502,6.3275,1,4000,4000,1,43,4
9,1,4,4000,2,370,11.0255,0.0513,0.203,0.1228,6.2608,6.1248,0,4000,4000,1,0,4
9,1,4,4000,2,371,9.8569,0.019,0.2697,0.0574,6.4621,5.9872,1,4000,4000,1,38,4
9,1,4,4000,2,372,10.1689,0.0172,0.3002,0.0575,6.6816,6.1861,1,4000,4000,1,44,4
9,1,4,4000,2,373,9.8261,0.0451,0.0838,0.1071,5.9548,5.8353,0,4000,4000,1,0,4
9,1,4,4000,2,374,10.0987,0.0163,0.2643,0.0523,6.829,6.3817,1,4000,4000,1,49,4
9,1,4,4000,2,375,9.0584,0.059,0.1343,0.1134,5.8825,5.7563,0,4000,4000,1,0,4
9,1,4,4000,2,376,9.5557,0.0184,0.2878,0.0554,6.4655,5.95,1,4000,4000,1,38,4
9,1,4,4000,2,377,10.3788,0.0173,0.3107,0.0628,7.2612,6.7365,1,4000,4000,1,36,4
9,1,4,4000,2,378,10.1317,0.0455,0.0649,0.1522,6.5838,6.4178,0,4000,4000,1,0,4
9,1,4,4000,2,379,10.0864,0.0157,0.273,0.0603,6.5924,6.119,1,4000,4000,1,34,4
9,1,4,4000,2,380,10.7456,0.0611,0.121,0.1226,7.2866,7.1518,0,4000,4000,1,0,4
9,1,4,4000,2,381,9.8376,0.017,0.291,0.0592,6.3982,5.9078,1,4000,4000,1,48,4
9,1,4,4000,2,382,9.7988,0.0156,0.3102,0.049,6.4613,5.9688,1,4000,4000,1,48,4
9,1,4,4000,2,383,9.6846,0.0987,0.0048,0.1593,6.2846,6.1142,0,4000,4000,1,0,4
9,1,4,4000,2,384,9.3526,0.0143,0.2667,0.0514,6.258,5.8104,1,4000,4000,1,49,4
9,1,4,4000,2,385,9.6643,0.0551,0.1785,0.159,5.9279,5.7575,0,4000,4000,1,0,4
9,1,4,4000,2,386,9.9161,0.0151,0.3894,0.0776,6.7126,6.0662,1,4000,4000,1,39,4
9,1,4,4000,2,387,11.1719,0.0153,0.4862,0.0544,7.2578,6.527,1,4000,4000,1,29,4
9,1,4,4000,2,388,9.1761,0.0704,0.0272,0.1168,5.7325,5.6066,0,4000,4000,1,0,4
9,1,4,4000,2,389,9.8842,0.014,0.4172,0.0618,6.6978,6.0433,1,4000,4000,1,34,4
9,1,4,4000,2,390,9.3526,0.1059,0.0034,0.1013,6.0944,5.9827,0,4000,4000,1,0,4
9,1,4,4000,2,391,9.7042,0.0145,0.2772,0.0579,6.4553,5.962,1,4000,4000,1,33,4
9,1,4,4000,2,392,10.1696,0.0096,0.2764,0.0578,6.667,6.1962,1,4000,4000,1,36,4
9,1,4,4000,2,393,9.6869,0.0096,0.2764,0.1098,6.1849,6.0644,0,4000,4000,1,0,4
9,1,4,4000,2,394,9.9388,0.0121,0.3253,0.0583,6.7919,6.2477,1,4000,4000,1,29,4
9,1,4,4000,2,395,10.907,0.0479,0.5782,0.1266,6.3008,6.1606,0,4000,4000,1,0,4
9,1,4,4000,2,396,10.0646,0.0158,0.315,0.0592,6.682,6.1449,1,4000,4000,1,31,4
9,1,4,4000,2,397,10.2051,0.0132,0.2668,0.0602,6.5441,6.0534,1,4000,4000,1,35,4
9,1,4,4000,2,398,9.2671,0.0496,0.0789,0.1469,5.8858,5.7274,0,4000,4000,1,0,4
9,1,4,4000,2,399,10.0374,0.0119,0.3403,0.0642,6.71,6.1373,1,4000,4000,1,30,4
9,1,4,4000,2,400,10.4981,0.0742,0.3533,0.2446,6.2564,5.9966,0,4000,4000,1,0,4
9,1,4,4000,2,401,10.2772,0.015,0.3871,0.0529,6.7409,6.1002,1,4000,4000,1,36,4
9,1,4,4000,2,402,11.0961,0.0139,0.3474,0.0602,7.0603,6.5054,1,4000,4000,1,19,4
9,1,4,4000,2,403,9.1645,0.0784,0.0035,0.2018,5.6783,5.463,0,4000,4000,1,0,4
9,1,4,4000,2,404,9.6052,0.0152,0.3045,0.05,6.3341,5.8403,1,4000,4000,1,29,4
9,1,4,4000,2,405,9.6236,0.0604,0.1158,0.1157,6.2177,6.0899,0,4000,4000,1,0,4
9,1,4,4000,2,406,9.2613,0.0171,0.286,0.0574,6.273,5.7769,1,4000,4000,1,29,4
9,1,4,4000,2,407,10.3556,0.0141,0.2572,0.0541,6.369,5.9268,1,4000,4000,1,29,4
9,1,4,4000,2,408,9.6971,0.0141,0.2572,0.1583,6.6034,6.4348,0,4000,4000,1,0,4
9,1,4,4000,2,409,9.7478,0.013,0.3144,0.0584,6.4088,5.8666,1,4000,4000,1,35,4
9,1,4,4000,2,410,11.2431,0.0488,0.1886,0.2149,6.4581,6.2276,0,4000,4000,1,0,4
9,1,4,4000,2,411,11.1397,0.0137,0.2605,0.058,6.9047,6.4367,1,4000,4000,1,33,4
9,1,4,4000,2,412,9.7604,0.0195,0.2639,0.0496,6.3178,5.8426,1,4000,4000,1,24,4
9,1,4,4000,2,413,9.2376,0.0559,0.1391,0.1636,5.9739,5.7984,0,4000,4000,1,0,4
9,1,4,4000,2,414,10.3102,0.0154,0.312,0.0695,6.8342,6.2638,1,4000,4000,1,25,4
9,1,4,4000,2,415,9.7801,0.0637,0.0762,0.1058,6.306,6.1898,0,4000,4000,1,0,4
9,1,4,4000,2,416,10.146,0.015,0.2547,0.0515,7.0256,6.5819,1,4000,4000,1,38,4
9,1,4,4000,2,417,9.7652,0.0171,0.2557,0.0575,6.4916,6.0142,1,4000,4000,1,35,4
9,1,4,4000,2,418,9.5962,0.0451,0.1011,0.1589,5.9184,5.7473,0,4000,4000,1,0,4
9,1,4,4000,2,419,9.8723,0.0167,0.3273,0.0499,6.6463,6.1306,1,4000,4000,1,99,4
9,1,4,4000,2,420,9.2189,0.0404,0.176,0.1126,5.9127,5.7895,0,4000,4000,1,0,4
9,1,4,4000,2,421,9.8498,0.0193,0.3485,0.0578,6.4969,5.9348,1,4000,4000,1,79,4
9,1,4,4000,2,422,10.8929,0.0176,0.4421,0.0539,7.2525,6.572,1,4000,4000,1,41,4
9,1,4,4000,2,423,10.7792,0.1029,0.0341,0.1304,6.1408,5.9999,0,4000,4000,1,0,4
9,1,4,4000,2,424,10.054,0.0171,0.3805,0.0643,6.7888,6.2035,1,4000,4000,1,159,4
9,1,4,4000,2,425,9.7551,0.1105,0.0045,0.1211,6.35,6.2173,0,4000,4000,1,0,4
9,1,4,4000,2,426,9.3448,0.0168,0.3574,0.0557,6.3726,5.8242,1,4000,4000,1,124,4
9,1,4,4000,2,427,9.7156,0.0141,0.2924,0.051,6.362,5.8766,1,4000,4000,1,68,4
9,1,4,4000,2,428,9.5144,0.0141,0.2924,0.1798,6.5578,6.3651,0,4000,4000,1,0,4
9,1,4,4000,2,429,9.4466,0.014,0.3934,0.0556,6.3532,5.7785,1,4000,4000,1,230,4
9,1,4,4000,2,430,9.0746,0.0528,0.0647,0.1384,6.0622,5.9126,0,4000,4000,1,0,4
9,1,4,4000,2,431,10.8364,0.02,0.4203,0.1099,7.3316,6.6623,1,4000,4000,1,230,4
9,1,4,4000,2,432,9.6219,0.0358,0.0716,0.1754,5.9536,5.7643,0,4000,4000,1,0,4
9,1,4,4000,2,433,10.0685,0.016,0.5253,0.0544,7.0349,6.3092,1,4000,4000,1,206,4
9,1,4,4000,2,434,11.0748,0.0226,0.4868,0.0561,6.6795,5.9772,1,4000,4000,1,122,4
9,1,4,4000,2,435,9.4139,0.0512,0.1895,0.1029,5.6671,5.5525,0,4000,4000,1,0,4
9,1,4,4000,2,436,10.0408,0.0183,0.6537,0.0605,7.0698,6.209,1,4000,4000,1,479,4
9,1,4,4000,2,437,9.6657,0.0534,0.0669,0.225,6.2133,5.9668,0,4000,4000,1,0,4
9,1,4,4000,2,438,10.3437,0.0185,0.5103,0.0509,7.1889,6.4983,1,4000,4000,1,322,4
9,1,4,4000,2,439,9.901,0.0168,0.5551,0.0645,6.5893,5.8114,1,4000,4000,1,146,4
9,1,4,4000,2,440,9.261,0.0462,0.0818,0.2053,6.0953,5.8788,0,4000,4000,1,0,4
9,1,4,4000,2,441,11.0528,0.0139,0.8087,0.0519,7.7105,6.7125,1,4000,4000,1,389,4
9,1,4,4000,2,442,9.1436,0.0889,0.0039,0.1229,5.708,5.5748,0,4000,4000,1,0,4
9,1,4,4000,2,443,10.1552,0.0168,0.5284,0.0552,6.9994,6.2908,1,4000,4000,1,274,4
9,1,4,4000,2,444,10.5547,0.0131,0.6613,0.0519,7.241,6.2871,1,4000,4000,1,136,4
9,1,4,4000,2,445,10.2247,0.0826,0.0399,0.119,6.0245,5.894,0,4000,4000,1,0,4
9,1,4,4000,2,446,10.3128,0.0184,0.5778,0.0612,7.1142,6.3215,1,4000,4000,1,239,4
9,1,4,4000,2,447,10.8505,0.0137,0.4407,0.0592,7.2974,6.6575,1,4000,4000,1,116,4
9,1,4,4000,2,448,9.3253,0.0594,0.0457,0.1302,5.9293,5.7875,0,4000,4000,1,0,4
9,1,4,4000,2,449,9.9364,0.0155,0.5867,0.0567,6.6009,5.8067,1,4000,4000,1,353,4
9,1,4,4000,2,450,9.1974,0.0501,0.0539,0.1118,5.9239,5.8008,0,4000,4000,1,0,4
9,1,4,4000,2,451,9.3405,0.0324,0.5239,0.0575,6.5023,5.7645,1,4000,4000,1,252,4
9,1,4,4000,2,452,9.3636,0.0457,0.0552,0.1438,5.7819,5.6258,0,4000,4000,1,0,4
9,1,4,4000,2,453,10.1236,0.02,0.5657,0.0609,6.9612,6.1869,1,4000,4000,1,299,4
9,1,4,4000,2,454,9.804,0.0166,0.4735,0.0518,6.5267,5.8744,1,4000,4000,1,157,4
9,1,4,4000,2,455,9.7772,0.0552,0.0986,0.1286,6.3382,6.197,0,4000,4000,1,0,4
9,1,4,4000,2,456,10.5976,0.0166,0.6134,0.0609,7.1744,6.3409,1,4000,4000,1,324,4
9,1,4,4000,2,457,10.3159,0.0648,0.084,0.3145,7.0139,6.6778,0,4000,4000,1,0,4
9,1,4,4000,2,458,10.5376,0.0148,0.5798,0.0533,7.1709,6.4189,1,4000,4000,1,256,4
9,1,4,4000,2,459,9.6629,0.013,0.4271,0.0524,6.5428,5.9394,1,4000,4000,1,148,4
9,1,4,4000,2,460,9.0827,0.0448,0.0586,0.1254,5.6899,5.5542,0,4000,4000,1,0,4
9,1,4,4000,2,461,10.8674,0.0189,0.7042,0.0719,7.2576,6.3155,1,4000,4000,1,361,4
9,1,4,4000,2,462,9.5758,0.1134,0.0045,0.1165,6.2201,6.0926,0,4000,4000,1,0,4
9,1,4,4000,2,463,11.0651,0.0175,0.5784,0.0621,7.132,6.3434,1,4000,4000,1,299,4
9,1,4,4000,2,464,11.071,0.0195,0.5381,0.0586,7.2666,6.5027,1,4000,4000,1,160,4
9,1,4,4000,2,465,11.2223,0.091,0.0063,0.1293,7.2229,7.0828,0,4000,4000,1,0,4
9,1,4,4000,2,466,11.9621,0.0163,0.8346,0.0546,7.9864,6.9187,1,4000,4000,1,384,4
9,1,4,4000,2,467,10.2845,0.0143,0.7141,0.0575,6.8676,5.9429,1,4000,4000,1,186,4
9,1,4,4000,2,468,10.229,0.0531,0.2118,0.1368,6.1737,6.0231,0,4000,4000,1,0,4
9,1,4,4000,2,469,10.2372,0.0201,0.7199,0.0604,7.0336,6.0945,1,4000,4000,1,392,4
9,1,4,4000,2,470,10.773,0.0205,0.5199,0.0578,7.3379,6.6087,1,4000,4000,1,205,4
9,1,4,4000,2,471,9.5417,0.0473,0.0546,0.1877,5.9965,5.7926,0,4000,4000,1,0,4
9,1,4,4000,2,472,9.8132,0.0175,0.5984,0.0506,6.761,5.9779,1,4000,4000,1,405,4
9,1,4,4000,2,473,9.3384,0.0474,0.0508,0.1182,6.0963,5.9678,0,4000,4000,1,0,4
9,1,4,4000,2,474,10.3936,0.0292,0.5319,0.0588,7.4732,6.7425,1,4000,4000,1,300,4
9,1,4,4000,2,475,11.3357,0.0157,0.6329,0.0563,7.6511,6.7423,1,4000,4000,1,216,4
9,1,4,4000,2,476,9.6456,0.0515,0.0607,0.1432,6.2947,6.1403,0,4000,4000,1,0,4
9,1,4,4000,2,477,10.3086,0.0215,0.5562,0.0571,7.1627,6.4033,1,4000,4000,1,333,4
9,1,4,4000,2,478,9.4249,0.0608,0.1363,0.173,6.0272,5.8386,0,4000,4000,1,0,4
9,1,4,4000,2,479,10.6226,0.0161,0.5575,0.0617,7.2438,6.4821,1,4000,4000,1,265,4
9,1,4,4000,2,480,10.6277,0.01,0.5072,0.0616,6.685,5.9802,1,4000,4000,1,202,4
9,1,4,4000,2,481,10.0504,0.1011,0.0764,0.1201,6.2472,6.115,0,4000,4000,1,0,4
9,1,4,4000,2,482,10.0709,0.0264,0.6232,0.062,6.9685,6.1283,1,4000,4000,1,316,4
9,1,4,4000,2,483,10.2453,0.0137,0.4723,0.0585,6.803,6.1417,1,4000,4000,1,173,4
9,1,4,4000,2,484,9.0942,0.0137,0.4723,0.1572,6.0421,5.8736,0,4000,4000,1,0,4
9,1,4,4000,2,485,11.4345,0.0114,0.5998,0.0588,6.8862,6.0738,1,4000,4000,1,315,4
9,1,4,4000,2,486,9.1505,0.0467,0.0457,0.1039,5.9025,5.7884,0,4000,4000,1,0,4
9,1,4,4000,2,487,9.704,0.0133,0.5098,0.0581,6.8126,6.0584,1,4000,4000,1,243,4
9,1,4,4000,2,488,9.1003,0.0431,0.0503,0.1123,5.5566,5.4343,0,4000,4000,1,0,4
9,1,4,4000,2,489,10.7728,0.0142,0.7153,0.0555,7.0284,6.0565,1,4000,4000,1,299,4
9,1,4,4000,2,490,11.4835,0.0136,0.581,0.0591,6.779,5.9957,1,4000,4000,1,177,4
9,1,4,4000,2,491,9.3504,0.0502,0.0956,0.1573,6.0108,5.8399,0,4000,4000,1,0,4
9,1,4,4000,2,492,10.3487,0.0156,0.5955,0.0603,6.7952,5.9944,1,4000,4000,1,277,4
9,1,4,4000,2,493,10.4573,0.014,0.4747,0.0513,6.9013,6.2142,1,4000,4000,1,166,4
9,1,4,4000,2,494,9.5372,0.061,0.2923,0.1149,5.8496,5.7247,0,4000,4000,1,0,4
9,1,4,4000,2,495,9.9105,0.0136,0.6176,0.053,6.5083,5.6825,1,4000,4000,1,321,4
9,1,4,4000,2,496,9.551,0.0504,0.0472,0.1215,6.2378,6.1061,0,4000,4000,1,0,4
9,1,4,4000,2,497,10.5617,0.0204,0.5558,0.0617,6.9981,6.2227,1,4000,4000,1,245,4
9,1,4,4000,2,498,11.7399,0.0153,0.6412,0.0542,7.5662,6.5479,1,4000,4000,1,166,4
9,1,4,4000,2,499,10.2161,0.0541,0.1609,0.1269,6.2773,6.1402,0,4000,4000,1,0,4
9,1,4,4000,2,500,10.2253,0.0152,0.5642,0.0574,6.8263,6.0571,1,4000,4000,1,249,4
9,1,4,4000,2,501,10.6223,0.0601,0.3744,0.1454,6.1116,5.9557,0,4000,4000,1,0,4
9,1,4,4000,2,502,10.1219,0.0145,0.5394,0.0783,7.024,6.2669,1,4000,4000,1,190,4
9,1,4,4000,2,503,10.1886,0.0147,0.4833,0.0681,6.4905,5.7815,1,4000,4000,1,182,4
9,1,4,4000,2,504,9.419,0.0769,0.0981,0.1365,6.0159,5.8688,0,4000,4000,1,0,4
9,1,4,4000,2,505,10.0645,0.0145,0.6422,0.0564,6.9521,6.1113,1,4000,4000,1,243,4
9,1,4,4000,2,506,10.1847,0.0111,0.5033,0.0533,6.7366,6.042,1,4000,4000,1,164,4
9,1,4,4000,2,507,9.435,0.0111,0.5033,0.1559,5.9946,5.8284,0,4000,4000,1,0,4
9,1,4,4000,2,508,9.8559,0.0127,0.5868,0.0568,6.596,5.8033,1,4000,4000,1,271,4
9,1,4,4000,2,509,9.4434,0.0459,0.0759,0.1414,5.6323,5.4794,0,4000,4000,1,0,4
9,1,4,4000,2,510,14.3193,0.0159,0.9073,0.0937,10.748,9.475,1,4000,4000,1,277,4
9,1,4,4000,2,511,12.5763,0.0101,0.6817,0.0525,7.8871,6.9645,1,4000,4000,1,168,4
9,1,4,4000,2,512,11.6493,0.0121,0.6108,0.0522,7.0407,6.226,1,4000,4000,1,208,4
9,1,4,4000,2,513,9.0172,0.0121,0.6108,0.122,5.891,5.7585,0,4000,4000,1,0,4
9,1,4,4000,2,514,10.8142,0.0102,0.7191,0.0657,7.0584,6.1114,1,4000,4000,1,398,4
9,1,4,4000,2,515,9.6637,0.048,0.203,0.1167,6.0663,5.9392,0,4000,4000,1,0,4
9,1,4,4000,2,516,9.3747,0.0147,0.5131,0.0602,6.4134,5.6723,1,4000,4000,1,225,4
9,1,4,4000,2,517,9.8331,0.0473,0.0807,0.1273,6.401,6.263,0,4000,4000,1,0,4
9,1,4,4000,2,518,9.8398,0.0141,0.5446,0.0627,6.8329,6.0808,1,4000,4000,1,242,4
9,1,4,4000,2,519,11.3713,0.0102,0.5348,0.0534,6.7588,6.0275,1,4000,4000,1,161,4
9,1,4,4000,2,520,10.7367,0.0465,0.2147,0.1444,6.1119,5.9553,0,4000,4000,1,0,4
9,1,4,4000,2,521,10.7069,0.0162,0.7338,0.0616,7.2374,6.2304,1,4000,4000,1,280,4
9,1,4,4000,2,522,10.8917,0.012,0.5262,0.0626,6.8312,6.0918,1,4000,4000,1,140,4
9,1,4,4000,2,523,10.0846,0.0535,0.2308,0.1474,6.1231,5.9633,0,4000,4000,1,0,4
9,1,4,4000,2,524,10.2758,0.0156,0.6247,0.0631,7.0984,6.2213,1,4000,4000,1,256,4
9,1,4,4000,2,525,10.8586,0.0119,0.4528,0.0539,6.8939,6.2484,1,4000,4000,1,158,4
9,1,4,4000,2,526,9.1819,0.0119,0.4528,0.155,6.2651,6.0987,0,4000,4000,1,0,4
9,1,4,4000,2,527,10.0113,0.0113,0.5343,0.0647,6.4862,5.7148,1,4000,4000,1,297,4
9,1,4,4000,2,528,9.0859,0.0402,0.0661,0.1409,5.7687,5.6182,0,4000,4000,1,0,4
9,1,4,4000,2,529,10.3143,0.0472,0.5087,0.0546,7.1722,6.4304,1,4000,4000,1,261,4
9,1,4,4000,2,530,9.8444,0.0557,0.2013,0.1109,5.8191,5.6974,0,4000,4000,1,0,4
9,1,4,4000,2,531,9.7269,0.0143,0.6155,0.0535,6.5921,5.8063,1,4000,4000,1,313,4
9,1,4,4000,2,532,10.763,0.009,0.579,0.0828,7.3293,6.4914,1,4000,4000,1,144,4
9,1,4,4000,2,533,10.2312,0.0991,0.1896,0.1443,6.4153,6.257,0,4000,4000,1,0,4
9,1,4,4000,2,534,10.7455,0.0139,0.6273,0.0557,6.9048,6.0665,1,4000,4000,1,355,4
9,1,4,4000,2,535,9.8004,0.0116,0.4382,0.0553,6.5256,5.9062,1,4000,4000,1,149,4
9,1,4,4000,2,536,8.7784,0.0116,0.4382,0.1216,5.8593,5.7262,0,4000,4000,1,0,4
9,1,4,4000,2,537,10.6736,0.0101,0.6703,0.0541,6.9571,6.0869,1,4000,4000,1,316,4
9,1,4,4000,2,538,10.1635,0.0872,0.0705,0.1416,6.1468,5.994,0,4000,4000,1,0,4
9,1,4,4000,2,539,9.7051,0.0228,0.5397,0.0568,6.5588,5.8028,1,4000,4000,1,254,4
9,1,4,4000,2,540,9.3218,0.0496,0.0869,0.1426,6.1708,6.0169,0,4000,4000,1,0,4
9,1,4,4000,2,541,10.823,0.0162,0.6754,0.0747,7.6095,6.6777,1,4000,4000,1,239,4
9,1,4,4000,2,542,11.9925,0.0232,0.5897,0.0601,7.5555,6.7131,1,4000,4000,1,135,4
9,1,4,4000,2,543,11.3299,0.129,0.0058,0.2306,6.7275,6.4825,0,4000,4000,1,0,4
9,1,4,4000,2,544,11.4869,0.0149,1.0406,0.0728,7.5144,6.1609,1,4000,4000,1,408,4
9,1,4,4000,2,545,10.3826,0.0114,0.4422,0.0528,6.9714,6.3627,1,4000,4000,1,146,4
9,1,4,4000,2,546,9.8615,0.1009,0.0034,0.1212,6.3602,6.228,0,4000,4000,1,0,4
9,1,4,4000,2,547,10.4551,0.016,0.6568,0.0627,7.1807,6.3094,1,4000,4000,1,456,4
9,1,4,4000,2,548,9.9606,0.0103,0.5293,0.0579,6.7082,5.9798,1,4000,4000,1,183,4
9,1,4,4000,2,549,10.3242,0.0924,0.0116,0.1076,6.6453,6.5269,0,4000,4000,1,0,4
9,1,4,4000,2,550,10.5342,0.0441,0.7327,0.0546,7.6714,6.6172,1,4000,4000,1,589,4
10,0,27,4000,2,151,10.4431,0.0447,1.3479,0.0517,7.3252,5.6875,1,4000,4000,1,11,27
10,0,27,4000,2,152,9.5502,0,0,0.2685,5.5755,5.2841,0,4000,4000,1,0,27
10,0,27,4000,2,153,11.006,0.0734,1.3705,0.0564,7.4582,5.7609,1,4000,4000,1,16,27
10,0,27,4000,2,154,10.8101,0.0501,1.8015,0.0537,7.6993,5.5974,1,4000,4000,1,7,27
10,0,27,4000,2,155,8.797,0,0,0.1661,5.3604,5.1746,0,4000,4000,1,0,27
10,0,27,4000,2,156,10.8062,0.0556,1.4078,0.0535,7.3341,5.6072,1,4000,4000,1,5,27
10,0,27,4000,2,157,10.1646,0,0,0.3554,6.7274,6.341,0,4000,4000,1,0,27
10,0,27,4000,2,158,10.8837,0.0591,1.3855,0.0589,7.4328,5.6831,1,4000,4000,1,8,27
10,0,27,4000,2,159,11.4393,0.049,1.585,0.0923,8.2613,6.2685,1,4000,4000,1,11,27
10,0,27,4000,2,160,8.4061,0,0,0.1095,5.4865,5.3519,0,4000,4000,1,0,27
10,0,27,4000,2,161,10.6661,0.0673,1.5577,0.0535,7.3316,5.4543,1,4000,4000,1,6,27
10,0,27,4000,2,162,11.2952,0.1674,1.289,0.0523,7.8128,6.1251,1,4000,4000,1,11,27
10,0,27,4000,2,163,8.9672,0,0,0.1521,5.5907,5.4181,0,4000,4000,1,0,27
10,0,27,4000,2,164,10.5276,0.0399,1.1555,0.0531,7.0131,5.5705,1,4000,4000,1,6,27
10,0,27,4000,2,165,9.3453,0,0,0.1267,6.0782,5.9254,0,4000,4000,1,0,27
10,0,27,4000,2,166,10.2703,0.0533,1.2272,0.0508,6.9565,5.4375,1,4000,4000,1,10,27
10,0,27,4000,2,167,10.7218,0.038,1.343,0.0517,7.2537,5.6438,1,4000,4000,1,4,27
10,0,27,4000,2,168,9.1852,0,0,0.1223,6.0913,5.8601,0,4000,4000,1,0,27
10,0,27,4000,2,169,11.4494,0.0477,1.2186,0.0556,7.5364,5.9525,1,4000,4000,1,3,27
10,0,27,4000,2,170,11.7115,0.0547,1.376,0.0527,7.2443,5.5707,1,4000,4000,1,11,27
10,0,27,4000,2,171,9.0325,0,0,0.1788,5.6501,5.4492,0,4000,4000,1,0,27
10,0,27,4000,2,172,10.5262,0.1375,1.3438,0.054,7.3253,5.6051,1,4000,4000,1,10,27
10,0,27,4000,2,173,9.1973,0,0,0.1349,5.6375,5.4825,0,4000,4000,1,0,27
10,0,27,4000,2,174,10.8093,0.061,1.3389,0.0601,7.4363,5.6891,1,4000,4000,1,5,27
10,0,27,4000,2,175,11.4581,0.0433,1.414,0.0534,7.5682,5.8662,1,4000,4000,1,4,27
10,0,27,4000,2,176,9.2348,0,0,0.138,5.7925,5.6275,0,4000,4000,1,0,27
10,0,27,4000,2,177,11.7174,0.035,1.2578,0.0817,7.5806,5.9703,1,4000,4000,1,8,27
10,0,27,4000,2,178,11.9496,0.0684,1.9154,0.0564,8.0203,5.7163,1,4000,4000,1,8,27
10,0,27,4000,2,179,9.1341,0,0,0.2326,5.6653,5.4118,0,4000,4000,1,0,27
10,0,27,4000,2,180,10.8831,0.1382,1.3805,0.0565,7.6829,5.8226,1,4000,4000,1,10,27
10,0,27,4000,2,181,8.7868,0,0,0.1507,5.5699,5.4,0,4000,4000,1,0,27
10,0,27,4000,2,182,10.4851,0.0964,1.3025,0.0546,7.0576,5.2464,1,4000,4000,1,5,27
10,0,27,4000,2,183,11.0517,0.0541,1.7554,0.0519,7.638,5.6015,1,4000,4000,1,8,27
10,0,27,4000,2,184,8.7295,0,0,0.1596,5.5794,5.4018,0,4000,4000,1,0,27
10,0,27,4000,2,185,10.8914,0.0537,1.648,0.0542,7.3412,5.4123,1,4000,4000,1,9,27
10,0,27,4000,2,186,9.3559,0,0,0.1408,6.0252,5.8614,0,4000,4000,1,0,27
10,0,27,4000,2,187,11.764,0.0451,2.7075,0.0573,8.3296,5.2825,1,4000,4000,1,246,27
10,0,27,4000,2,188,11.2268,0.0628,1.6296,0.0545,7.4336,5.3893,1,4000,4000,1,8,27
10,0,27,4000,2,189,9.1532,0,0,0.191,5.9559,5.7418,0,4000,4000,1,0,27
10,0,27,4000,2,190,11.063,0.0478,1.8947,0.0545,7.6202,5.4001,1,4000,4000,1,5,27
10,0,27,4000,2,191,14.0746,0.0584,3.4802,0.0544,10.2251,6.37,1,4000,4000,1,485,27
10,0,27,4000,2,192,9.6435,0,0,0.1683,6.201,6.0123,0,4000,4000,1,0,27
10,0,27,4000,2,193,11.0455,0.0699,1.8213,0.058,7.6898,5.5565,1,4000,4000,1,4,27
10,0,27,4000,2,194,11.4299,0.0579,1.6942,0.0523,7.4004,5.427,1,4000,4000,1,5,27
10,0,27,4000,2,195,9.6836,0,0,0.1395,6.6748,6.5058,0,4000,4000,1,0,27
10,0,27,4000,2,196,11.7708,0.0568,1.4434,0.0535,7.2302,5.4931,1,4000,4000,1,7,27
10,0,27,4000,2,197,11.6176,0.0595,1.9378,0.0554,7.9644,5.7203,1,4000,4000,1,244,27
10,0,27,4000,2,198,9.2114,0,0,0.1804,5.5555,5.349,0,4000,4000,1,0,27
10,0,27,4000,2,199,12.5625,0.0697,1.4593,0.0555,7.728,5.9619,1,4000,4000,1,244,27
10,0,27,4000,2,200,14.9118,0.0766,2.427,0.0607,10.2198,7.4005,1,4000,4000,1,5,27
10,0,27,4000,2,201,16.0517,0.073,1.9797,0.0571,9.1121,6.7959,1,4000,4000,1,2,27
10,0,27,4000,2,202,14.8141,0.1639,3.4574,0.0565,10.0596,6.1905,1,4000,4000,1,484,27
10,0,27,4000,2,203,9.5893,0,0,0.1702,5.9394,5.7447,0,4000,4000,1,0,27
10,0,27,4000,2,204,11.6563,0.0675,2.127,0.0563,8.2149,5.7888,1,4000,4000,1,242,27
10,0,27,4000,2,205,11.3009,0.0482,1.7067,0.0575,7.6416,5.6738,1,4000,4000,1,2,27
10,0,27,4000,2,206,8.9716,0,0,0.1415,5.5132,5.3521,0,4000,4000,1,0,27
10,0,27,4000,2,207,14.0343,0.075,3.086,0.0563,10.4043,6.9503,1,4000,4000,1,482,27
10,0,27,4000,2,208,12.8856,0.043,3.0246,0.0551,8.9199,5.6106,1,4000,4000,1,247,27
10,0,27,4000,2,209,9.5259,0,0,0.1501,6.0725,5.9002,0,4000,4000,1,0,27
10,0,27,4000,2,210,11.4231,0.0571,1.9759,0.0546,8.1055,5.7394,1,4000,4000,1,0,27
10,0,27,4000,2,211,11.6207,0.0376,2.0194,0.0563,8.1696,5.8631,1,4000,4000,1,12,27
10,0,27,4000,2,212,9.7217,0,0,0.1787,6.2502,6.04,0,4000,4000,1,0,27
10,0,27,4000,2,213,16.2588,0.0624,4.6384,0.1027,12.613,7.5963,1,4000,4000,1,488,27
10,0,27,4000,2,214,12.7117,0.056,3.0427,0.0543,9.0549,5.722,1,4000,4000,1,224,27
10,0,27,4000,2,215,11.2374,0.0438,2.0217,0.0501,7.8189,5.5068,1,4000,4000,1,223,27
10,0,27,4000,2,216,9.3256,0,0,0.1295,5.9249,5.7769,0,4000,4000,1,0,27
10,0,27,4000,2,217,13.0323,0.0472,3.1147,0.0536,9.1581,5.7488,1,4000,4000,1,540,27
10,0,27,4000,2,218,13.1957,0.0484,3.6614,0.0559,9.6896,5.7478,1,4000,4000,1,387,27
10,0,27,4000,2,219,13.4377,0.0738,3.597,0.0537,9.5694,5.6457,1,4000,4000,1,161,27
10,0,27,4000,2,220,9.2849,0,0,0.2132,5.7382,5.4962,0,4000,4000,1,0,27
10,0,27,4000,2,221,13.4353,0.0384,3.7117,0.0547,9.6331,5.6519,1,4000,4000,1,148,27
10,0,27,4000,2,222,14.4918,0.0406,5.275,0.0554,11.235,5.7109,1,4000,4000,1,1026,27
10,0,27,4000,2,223,13.8377,0.0444,4.6052,0.0545,10.483,5.5662,1,4000,4000,1,518,27
10,0,27,4000,2,224,8.9934,0,0,0.1176,5.6883,5.5516,0,4000,4000,1,0,27
10,0,27,4000,2,225,13.8377,0.0373,3.9905,0.0559,10.0416,5.7462,1,4000,4000,1,238,27
10,0,27,4000,2,226,15.907,0.0346,5.8688,0.0564,12.3729,6.21,1,4000,4000,1,985,27
10,0,27,4000,2,227,13.7953,0.0542,4.4132,0.0526,10.2446,5.5507,1,4000,4000,1,453,27
10,0,27,4000,2,228,13.3468,0.0435,4.044,0.0539,9.9183,5.5996,1,4000,4000,1,313,27
10,0,27,4000,2,229,9.4689,0,0,0.1207,6.176,6.0304,0,4000,4000,1,0,27
10,0,27,4000,2,230,15.0767,0.0398,5.9016,0.0556,11.7823,5.6307,1,4000,4000,1,1086,27
10,0,27,4000,2,231,14.0333,0.0333,4.6775,0.0558,10.5822,5.6592,1,4000,4000,1,545,27
10,0,27,4000,2,232,14.0385,0.042,4.7632,0.0525,10.4656,5.4492,1,4000,4000,1,460,27
10,0,27,4000,2,233,16.1349,0.0339,6.69,0.0508,12.4048,5.4544,1,4000,4000,1,1376,27
10,0,27,4000,2,234,14.3208,0.047,5.0982,0.0505,11.002,5.6512,1,4000,4000,1,643,27
10,0,27,4000,2,235,9.7428,0,0,0.1873,5.9004,5.5934,0,4000,4000,1,0,27
10,0,27,4000,2,236,14.205,0.4424,4.3885,0.0579,11.0613,5.978,1,4000,4000,1,475,27
10,0,27,4000,2,237,16.0766,0.0459,6.2736,0.0558,12.0638,5.5069,1,4000,4000,1,564,27
10,0,27,4000,2,238,15.7059,0.0327,6.2686,0.0547,12.3154,5.7399,1,4000,4000,1,1369,27
10,0,27,4000,2,239,15.068,0.5017,5.1476,0.0538,11.6709,5.8112,1,4000,4000,1,519,27
10,0,27,4000,2,240,14.7118,0.0359,4.9137,0.0527,10.8176,5.6539,1,4000,4000,1,446,27
10,0,27,4000,2,241,17.5962,0.0395,8.2406,0.0505,13.9226,5.4439,1,4000,4000,1,1707,27
10,0,27,4000,2,242,16.3503,0.0365,5.8696,0.0528,12.577,6.3637,1,4000,4000,1,564,27
10,0,27,4000,2,243,15.4264,0.0402,5.7883,0.0549,11.8897,5.8564,1,4000,4000,1,467,27
10,0,27,4000,2,244,9.2877,0,0,0.1449,5.7953,5.6293,0,4000,4000,1,0,27
10,0,27,4000,2,245,15.6072,0.0886,6.5398,0.0579,12.4406,5.5962,1,4000,4000,1,1516,27
10,0,27,4000,2,246,15.1065,0.0582,5.7185,0.0535,11.8372,5.8499,1,4000,4000,1,613,27
10,0,27,4000,2,247,15.7889,0.0392,6.3939,0.1818,12.3515,5.4958,1,4000,4000,1,531,27
10,0,27,4000,2,248,15.6103,0.0411,6.1883,0.0514,12.2951,5.8416,1,4000,4000,1,1046,27
10,0,27,4000,2,249,17.3245,0.0648,7.1331,0.0586,13.1898,5.7766,1,4000,4000,1,496,27
10,0,27,4000,2,250,14.9159,0.0491,4.9132,0.0514,11.0137,5.8493,1,4000,4000,1,384,27
10,0,27,4000,2,251,13.7551,0.0497,4.2359,0.0532,10.2338,5.7513,1,4000,4000,1,362,27
10,0,27,4000,2,252,13.7364,0.0376,4.3203,0.049,10.2797,5.7148,1,4000,4000,1,305,27
10,0,27,4000,2,253,9.1217,0,0,0.1159,5.8656,5.7315,0,4000,4000,1,0,27
10,0,27,4000,2,254,13.6931,0.0787,4.2823,0.0587,10.3291,5.7482,1,4000,4000,1,262,27
10,0,27,4000,2,255,12.8541,0.0419,3.6809,0.0562,9.5733,5.633,1,4000,4000,1,246,27
10,0,27,4000,2,256,9.0291,0,0,0.1553,5.7309,5.5582,0,4000,4000,1,0,27
10,0,27,4000,2,257,13.3102,0.0469,4.04,0.0545,10.1343,5.8159,1,4000,4000,1,213,27
10,0,27,4000,2,258,12.9284,0.0448,3.5869,0.0583,9.5217,5.6566,1,4000,4000,1,178,27
10,0,27,4000,2,259,13.1644,0.0413,3.3067,0.0563,9.716,6.0792,1,4000,4000,1,163,27
10,0,27,4000,2,260,9.4496,0,0,0.2127,6.1798,5.9385,0,4000,4000,1,0,27
10,0,27,4000,2,261,13.2337,0.2157,3.4053,0.053,9.4648,5.6095,1,4000,4000,1,179,27
10,0,27,4000,2,262,12.4266,0.0621,3.1529,0.0532,9.028,5.59,1,4000,4000,1,156,27
10,0,27,4000,2,263,9.5632,0,0,0.1362,6.1204,5.964,0,4000,4000,1,0,27
10,0,27,4000,2,264,12.7028,0.0501,3.1777,0.0548,9.4629,5.9978,1,4000,4000,1,190,27
10,0,27,4000,2,265,12.6725,0.046,3.2916,0.0551,9.3843,5.8227,1,4000,4000,1,140,27
10,0,27,4000,2,266,13.0843,0.0458,3.6475,0.055,9.6638,5.6934,1,4000,4000,1,162,27
10,0,27,4000,2,267,9.1383,0,0,0.098,6.0861,5.9549,0,4000,4000,1,0,27
10,0,27,4000,2,268,13.6165,0.4692,3.2547,0.0538,9.8709,5.9166,1,4000,4000,1,126,27
10,0,27,4000,2,269,13.5188,0.0396,3.7875,0.0629,10.0552,5.9997,1,4000,4000,1,133,27
10,0,27,4000,2,270,12.7538,0.0366,3.2327,0.0538,9.5637,6.074,1,4000,4000,1,132,27
10,0,27,4000,2,271,9.1981,0,0,0.1456,5.8587,5.6899,0,4000,4000,1,0,27
10,0,27,4000,2,272,12.891,0.064,3.3137,0.0547,9.4171,5.8134,1,4000,4000,1,145,27
10,0,27,4000,2,273,12.4777,0.0376,2.7626,0.0509,8.7962,5.7797,1,4000,4000,1,120,27
10,0,27,4000,2,274,9.891,0,0,0.146,6.2761,6.0952,0,4000,4000,1,0,27
10,0,27,4000,2,275,14.6968,0.3831,3.5691,0.0909,10.5068,6.229,1,4000,4000,1,124,27
10,0,27,4000,2,276,13.1788,0.0393,3.1699,0.0557,9.4259,5.9824,1,4000,4000,1,131,27
10,0,27,4000,2,277,15.2788,0.0465,3.8863,0.2747,10.439,5.9803,1,4000,4000,1,131,27
10,0,27,4000,2,278,12.6983,0.1518,2.8316,0.0519,9.4592,6.2429,1,4000,4000,1,111,27
10,0,27,4000,2,279,10.7708,0,0,0.2586,6.8044,6.5169,0,4000,4000,1,0,27
10,0,27,4000,2,280,15.1022,0.0763,4.4937,0.0545,10.9866,6.1857,1,4000,4000,1,129,27
10,0,27,4000,2,281,14.1651,0.0551,4.0435,0.0527,10.2442,5.915,1,4000,4000,1,127,27
10,0,27,4000,2,282,13.3632,0.0829,3.3054,0.0909,9.7774,6.0697,1,4000,4000,1,132,27
10,0,27,4000,2,283,13.3635,0.0549,3.2297,0.056,9.808,6.2797,1,4000,4000,1,96,27
10,0,27,4000,2,284,9.9445,0,0,0.1526,6.6803,6.503,0,4000,4000,1,0,27
10,0,27,4000,2,285,12.4346,0.0612,2.8881,0.0581,9.0096,5.8427,1,4000,4000,1,104,27
10,0,27,4000,2,286,20.3251,0.0807,6.4655,0.0674,16.2443,9.3884,1,4000,4000,1,99,27
10,0,27,4000,2,287,15.0155,0.0977,3.3162,0.0579,10.8078,7.1107,1,4000,4000,1,117,27
10,0,27,4000,2,288,13.8823,0.049,3.3207,0.0559,10.2072,6.6071,1,4000,4000,1,88,27
10,0,27,4000,2,289,15.5587,0.0786,3.2721,0.1008,11.0585,7.3471,1,4000,4000,1,95,27
10,0,27,4000,2,290,12.6636,0.0498,2.5109,0.0635,9.1181,6.3135,1,4000,4000,1,98,27
10,0,27,4000,2,291,10.4444,0,0,0.2512,6.3538,6.0795,0,4000,4000,1,0,27
10,0,27,4000,2,292,12.4053,0.0451,2.8342,0.0579,9.1029,6.0015,1,4000,4000,1,79,27
10,0,27,4000,2,293,13.6156,0.043,2.5954,0.0539,8.9608,6.108,1,4000,4000,1,96,27
10,0,27,4000,2,294,12.4577,0.0508,2.9296,0.0559,9.1021,5.8753,1,4000,4000,1,90,27
10,0,27,4000,2,295,9.4812,0,0,0.1946,5.9769,5.7604,0,4000,4000,1,0,27
10,0,27,4000,2,296,12.3017,0.0548,2.5319,0.0579,8.9233,6.098,1,4000,4000,1,104,27
10,0,27,4000,2,297,12.8392,0.0414,2.4914,0.0575,9.0561,6.307,1,4000,4000,1,72,27
10,0,27,4000,2,298,9.2278,0,0,0.154,6.0435,5.8691,0,4000,4000,1,0,27
10,0,27,4000,2,299,12.1567,0.0454,2.366,0.0579,8.7408,6.0902,1,4000,4000,1,72,27
10,0,27,4000,2,300,12.5824,0.0373,2.4967,0.0571,9.1155,6.36,1,4000,4000,1,69,27
10,0,27,4000,2,301,8.7051,0,0,0.1285,5.7496,5.6033,0,4000,4000,1,0,27
10,0,27,4000,2,302,12.6501,0.0485,3.0094,0.0538,9.2557,5.9811,1,4000,4000,1,88,27
10,0,27,4000,2,303,11.8766,0.0588,2.6369,0.0521,8.5151,5.5971,1,4000,4000,1,79,27
10,0,27,4000,2,304,9.111,0,0,0.1561,6.2052,6.0303,0,4000,4000,1,0,27
10,0,27,4000,2,305,14.1329,0.051,2.5753,0.0586,9.8597,6.8346,1,4000,4000,1,78,27
10,0,27,4000,2,306,12.137,0.0546,2.4494,0.0523,8.5201,5.7851,1,4000,4000,1,66,27
10,0,27,4000,2,307,9.5118,0,0,0.1707,6.2441,6.0494,0,4000,4000,1,0,27
10,0,27,4000,2,308,12.2176,0.3418,2.4726,0.0579,9.1251,6.0804,1,4000,4000,1,93,27
10,0,27,4000,2,309,12.5256,0.0441,2.9681,0.0907,9.1738,5.8417,1,4000,4000,1,62,27
10,0,27,4000,2,310,11.942,0.0533,2.3655,0.0539,8.1307,5.491,1,4000,4000,1,54,27
10,0,27,4000,2,311,9.1631,0,0,0.1556,6.1106,5.9348,0,4000,4000,1,0,27
10,0,27,4000,2,312,11.5853,0.0453,2.1189,0.0538,8.2602,5.8315,1,4000,4000,1,60,27
10,0,27,4000,2,313,12.4546,0.0439,2.025,0.0558,8.7353,6.4083,1,4000,4000,1,62,27
10,0,27,4000,2,314,9.5224,0,0,0.2146,6.0144,5.7788,0,4000,4000,1,0,27
10,0,27,4000,2,315,11.9056,0.0651,2.2485,0.0524,8.4659,5.9323,1,4000,4000,1,49,27
10,0,27,4000,2,316,11.5599,0.0657,2.0118,0.0515,8.0283,5.7266,1,4000,4000,1,53,27
10,0,27,4000,2,317,10.0019,0,0,0.1761,6.5165,6.318,0,4000,4000,1,0,27
10,0,27,4000,2,318,13.4457,0.0602,2.3841,0.0544,8.4279,5.7145,1,4000,4000,1,51,27
10,0,27,4000,2,319,12.1509,0.0419,2.1454,0.057,8.5897,6.1822,1,4000,4000,1,44,27
10,0,27,4000,2,320,9.7859,0,0,0.1738,6.3153,6.1185,0,4000,4000,1,0,27
10,0,27,4000,2,321,11.6101,0.0453,1.951,0.0587,8.2042,5.9726,1,4000,4000,1,56,27
10,0,27,4000,2,322,11.9988,0.0657,2.279,0.0593,8.663,6.0457,1,4000,4000,1,47,27
10,0,27,4000,2,323,10.0324,0,0,0.154,6.8147,6.6394,0,4000,4000,1,0,27
10,0,27,4000,2,324,11.9216,0.3065,2.3675,0.0568,8.5216,5.6062,1,4000,4000,1,52,27
10,0,27,4000,2,325,12.2657,0.0426,2.1178,0.0574,8.9735,6.5568,1,4000,4000,1,48,27
10,0,27,4000,2,326,9.9952,0,0,0.2511,6.5587,6.2857,0,4000,4000,1,0,27
10,0,27,4000,2,327,11.6534,0.3059,1.9868,0.0575,8.3157,5.6903,1,4000,4000,1,33,27
10,0,27,4000,2,328,11.8753,0.0519,2.2991,0.057,8.2062,5.6158,1,4000,4000,1,38,27
10,0,27,4000,2,329,9.5136,0,0,0.1601,6.3195,6.1384,0,4000,4000,1,0,27
10,0,27,4000,2,330,13.1115,0.302,2.0349,0.0566,8.4415,5.835,1,4000,4000,1,44,27
10,0,27,4000,2,331,12.585,0.0658,2.2919,0.093,8.7835,6.0883,1,4000,4000,1,44,27
10,0,27,4000,2,332,11.9109,0.0475,2.0894,0.0588,8.2505,5.8712,1,4000,4000,1,45,27
10,0,27,4000,2,333,9.7812,0,0,0.1664,6.5585,6.3673,0,4000,4000,1,0,27
10,0,27,4000,2,334,12.7854,0.1371,2.5145,0.0579,9.0687,6.153,1,4000,4000,1,36,27
10,0,27,4000,2,335,11.2704,0.0496,2.1661,0.0506,8.1948,5.6975,1,4000,4000,1,35,27
10,0,27,4000,2,336,9.6925,0,0,0.1575,6.3873,6.2088,0,4000,4000,1,0,27
10,0,27,4000,2,337,11.2313,0.3058,1.6578,0.0557,8.0587,5.8578,1,4000,4000,1,40,27
10,0,27,4000,2,338,13.451,0.054,2.2014,0.0538,8.5451,6.0265,1,4000,4000,1,34,27
10,0,27,4000,2,339,9.1809,0,0,0.1366,6.1782,6.0182,0,4000,4000,1,0,27
10,0,27,4000,2,340,11.8097,0.0551,2.2541,0.0592,8.498,5.9428,1,4000,4000,1,38,27
10,0,27,4000,2,341,13.0452,0.0479,2.1768,0.0566,8.6287,6.1714,1,4000,4000,1,27,27
10,0,27,4000,2,342,10.2455,0,0,0.1664,7.0229,6.8261,0,4000,4000,1,0,27
10,0,27,4000,2,343,12.4206,0.0626,2.1114,0.0603,8.316,5.9146,1,4000,4000,1,33,27
10,0,27,4000,2,344,11.4588,0.0629,2.203,0.0576,8.4358,5.9244,1,4000,4000,1,31,27
10,0,27,4000,2,345,9.5015,0,0,0.1462,6.1993,6.0323,0,4000,4000,1,0,27
10,0,27,4000,2,346,12.1464,0.059,2.1637,0.0591,8.6028,6.1036,1,4000,4000,1,34,27
10,0,27,4000,2,347,11.6321,0.0517,2.226,0.055,8.5703,5.9878,1,4000,4000,1,35,27
10,0,27,4000,2,348,9.7102,0,0,0.1482,6.2051,6.0348,0,4000,4000,1,0,27
10,0,27,4000,2,349,11.6515,0.0561,2.4066,0.0525,8.4641,5.7827,1,4000,4000,1,30,27
10,0,27,4000,2,350,11.962,0.0522,1.9793,0.0563,7.9151,5.5766,1,4000,4000,1,27,27
10,0,27,4000,2,351,9.3554,0,0,0.1488,5.9454,5.7785,0,4000,4000,1,0,27
10,0,27,4000,2,352,11.3779,0.0627,1.8396,0.0532,8.1611,5.9873,1,4000,4000,1,30,27
10,0,27,4000,2,353,11.9959,0.0515,2.0308,0.0549,8.1137,5.7678,1,4000,4000,1,21,27
10,0,27,4000,2,354,9.6804,0,0,0.1711,6.6947,6.4679,0,4000,4000,1,0,27
10,0,27,4000,2,355,12.2045,0.0542,2.1628,0.055,8.324,5.872,1,4000,4000,1,28,27
10,0,27,4000,2,356,11.3414,0.086,2.1835,0.0505,8.0633,5.5726,1,4000,4000,1,31,27
10,0,27,4000,2,357,9.1217,0,0,0.1672,6.1414,5.9559,0,4000,4000,1,0,27
10,0,27,4000,2,358,11.8291,0.0571,2.156,0.0594,8.605,6.1652,1,4000,4000,1,26,27
10,0,27,4000,2,359,12.3136,0.0455,1.8146,0.0579,8.7454,6.5931,1,4000,4000,1,28,27
10,0,27,4000,2,360,9.5447,0,0,0.172,6.4041,6.2112,0,4000,4000,1,0,27
10,0,27,4000,2,361,11.5965,0.073,2.0774,0.0582,8.3093,5.9292,1,4000,4000,1,34,27
10,0,27,4000,2,362,11.8461,0.0591,2.1209,0.0689,8.6254,6.1906,1,4000,4000,1,39,27
10,0,27,4000,2,363,10.4914,0,0,0.1692,7.1221,6.9157,0,4000,4000,1,0,27
10,0,27,4000,2,364,12.6739,0.0469,2.7507,0.0577,9.1631,6.119,1,4000,4000,1,45,27
10,0,27,4000,2,365,12.9702,0.0599,2.5568,0.0567,9.3422,6.4508,1,4000,4000,1,63,27
10,0,27,4000,2,366,12.7799,0.0656,2.2358,0.0586,8.6601,6.0665,1,4000,4000,1,82,27
10,0,27,4000,2,367,8.9717,0,0,0.1408,6.044,5.8787,0,4000,4000,1,0,27
10,0,27,4000,2,368,11.3254,0.0468,2.1249,0.0514,8.06,5.5683,1,4000,4000,1,85,27
10,0,27,4000,2,369,11.2627,0.0522,2.0846,0.0539,8.1453,5.7523,1,4000,4000,1,132,27
10,0,27,4000,2,370,9.3119,0,0,0.1377,6.1875,6.0324,0,4000,4000,1,0,27
10,0,27,4000,2,371,12.9302,0.2069,2.6541,0.0579,9.7134,6.5443,1,4000,4000,1,123,27
10,0,27,4000,2,372,12.3061,0.0452,2.7086,0.058,8.9111,5.9183,1,4000,4000,1,133,27
10,0,27,4000,2,373,9.4839,0,0,0.1609,6.128,5.9478,0,4000,4000,1,0,27
10,0,27,4000,2,374,12.6916,0.0567,2.3954,0.0529,8.7495,6.0629,1,4000,4000,1,149,27
10,0,27,4000,2,375,13.0077,0.0432,2.8154,0.0591,9.2904,6.1602,1,4000,4000,1,166,27
10,0,27,4000,2,376,9.9814,0,0,0.1545,6.3582,6.1836,0,4000,4000,1,0,27
10,0,27,4000,2,377,12.9765,0.0773,3.0474,0.0594,9.6192,6.2692,1,4000,4000,1,236,27
10,0,27,4000,2,378,13.6225,0.0432,3.0002,0.059,9.6882,6.3871,1,4000,4000,1,262,27
10,0,27,4000,2,379,13.2409,0.0428,3.4599,0.0578,9.8551,6.1224,1,4000,4000,1,311,27
10,0,27,4000,2,380,9.2366,0,0,0.1158,6.1398,6.0002,0,4000,4000,1,0,27
10,0,27,4000,2,381,13.5634,0.0455,3.9159,0.0668,9.9504,5.6419,1,4000,4000,1,327,27
10,0,27,4000,2,382,12.9282,0.0466,3.3469,0.0557,9.9228,6.2825,1,4000,4000,1,315,27
10,0,27,4000,2,383,13.1541,0.258,2.8793,0.0569,9.5817,6.1836,1,4000,4000,1,230,27
10,0,27,4000,2,384,9.7503,0,0,0.1464,6.1013,5.9326,0,4000,4000,1,0,27
10,0,27,4000,2,385,14.1378,0.0707,4.3468,0.0591,10.7638,6.0558,1,4000,4000,1,275,27
10,0,27,4000,2,386,12.9212,0.0437,3.432,0.0546,9.733,5.986,1,4000,4000,1,241,27
10,0,27,4000,2,387,13.4608,0.0415,3.4088,0.0606,10.0089,6.2621,1,4000,4000,1,255,27
10,0,27,4000,2,388,10.0362,0,0,0.13,6.4987,6.3486,0,4000,4000,1,0,27
10,0,27,4000,2,389,13.6608,0.0427,3.8586,0.0575,10.0245,5.884,1,4000,4000,1,231,27
10,0,27,4000,2,390,13.704,0.0485,3.2857,0.0569,9.984,6.384,1,4000,4000,1,258,27
10,0,27,4000,2,391,13.4003,0.0431,3.0093,0.0546,9.2265,5.9401,1,4000,4000,1,245,27
10,0,27,4000,2,392,9.8251,0,0,0.1288,6.4055,6.2589,0,4000,4000,1,0,27
10,0,27,4000,2,393,13.2404,0.0474,3.2929,0.0588,9.6885,6.1058,1,4000,4000,1,302,27
10,0,27,4000,2,394,12.5887,0.0414,3.1094,0.0572,9.2007,5.805,1,4000,4000,1,261,27
10,0,27,4000,2,395,13.2239,0.3232,3.2788,0.0584,9.9437,5.9327,1,4000,4000,1,312,27
10,0,27,4000,2,396,9.7364,0,0,0.1191,6.2821,6.1428,0,4000,4000,1,0,27
10,0,27,4000,2,397,12.8511,0.0497,3.2295,0.0571,9.3488,5.8312,1,4000,4000,1,273,27
10,0,27,4000,2,398,13.6444,0.0356,3.8628,0.0908,10.163,5.9205,1,4000,4000,1,316,27
10,0,27,4000,2,399,9.1584,0,0,0.117,5.6454,5.5132,0,4000,4000,1,0,27
10,0,27,4000,2,400,13.2525,0.0513,3.7085,0.0516,10.1102,6.104,1,4000,4000,1,286,27
10,0,27,4000,2,401,13.8716,0.0443,3.2408,0.056,9.8968,6.3572,1,4000,4000,1,295,27
10,0,27,4000,2,402,13.8002,0.0506,3.3093,0.0533,9.6469,6.0332,1,4000,4000,1,299,27
10,0,27,4000,2,403,9.9069,0,0,0.1465,6.426,6.254,0,4000,4000,1,0,27
10,0,27,4000,2,404,13.1312,0.0627,3.2431,0.0568,9.6127,6.0518,1,4000,4000,1,277,27
10,0,27,4000,2,405,12.6989,0.0431,2.8492,0.0545,9.1032,5.9812,1,4000,4000,1,309,27
10,0,27,4000,2,406,12.6587,0.0409,3.7169,0.0516,9.5796,5.5813,1,4000,4000,1,326,27
10,0,27,4000,2,407,10.024,0,0,0.1277,6.6193,6.4695,0,4000,4000,1,0,27
10,0,27,4000,2,408,13.3818,0.0448,3.6288,0.0578,10.0247,6.1103,1,4000,4000,1,300,27
10,0,27,4000,2,409,13.3474,0.0492,3.539,0.0564,10.0585,6.179,1,4000,4000,1,285,27
10,0,27,4000,2,410,13.7696,0.046,3.5977,0.0583,9.736,5.6821,1,4000,4000,1,341,27
10,0,27,4000,2,411,10.094,0,0,0.1309,6.3021,6.1505,0,4000,4000,1,0,27
10,0,27,4000,2,412,13.8246,0.0476,3.3146,0.0572,10.1497,6.5592,1,4000,4000,1,275,27
10,0,27,4000,2,413,12.8412,0.0445,3.3783,0.0503,9.6464,5.9955,1,4000,4000,1,308,27
10,0,27,4000,2,414,13.4566,0.274,3.6726,0.0609,10.1637,5.9732,1,4000,4000,1,341,27
10,0,27,4000,2,415,9.6629,0,0,0.1888,6.1709,5.9603,0,4000,4000,1,0,27
10,0,27,4000,2,416,13.2207,0.0473,3.5214,0.0584,10.1637,6.319,1,4000,4000,1,292,27
10,0,27,4000,2,417,14.4085,0.0429,3.5577,0.0585,10.0208,6.1696,1,4000,4000,1,283,27
10,0,27,4000,2,418,13.6634,0.0361,3.4971,0.0572,9.8225,6.0586,1,4000,4000,1,328,27
10,0,27,4000,2,419,12.8297,0.04,3.1375,0.0554,9.3626,5.9624,1,4000,4000,1,263,27
10,0,27,4000,2,420,9.4573,0,0,0.1283,6.2054,6.0558,0,4000,4000,1,0,27
10,0,27,4000,2,421,14.5495,0.0465,3.6802,0.0542,9.7219,5.7703,1,4000,4000,1,293,27
10,0,27,4000,2,422,12.1688,0.0511,3.0659,0.0515,8.9407,5.5883,1,4000,4000,1,311,27
10,0,27,4000,2,423,9.699,0,0,0.1485,6.4156,6.2479,0,4000,4000,1,0,27
10,0,27,4000,2,424,13.0447,0.0612,3.2688,0.0592,9.6117,6.0522,1,4000,4000,1,337,27
10,0,27,4000,2,425,13.5616,0.0597,3.3786,0.0528,9.5732,5.8862,1,4000,4000,1,278,27
10,0,27,4000,2,426,13.5545,0.0519,3.9027,0.0603,9.9922,5.8098,1,4000,4000,1,296,27
10,0,27,4000,2,427,9.5513,0,0,0.1588,6.1951,6.0146,0,4000,4000,1,0,27
10,0,27,4000,2,428,13.9355,0.0591,3.3606,0.0516,10.0787,6.4057,1,4000,4000,1,241,27
10,0,27,4000,2,429,12.3335,0.0538,2.9996,0.0531,8.7883,5.5169,1,4000,4000,1,248,27
10,0,27,4000,2,430,12.9887,0.0502,3.1849,0.0538,9.0758,5.6186,1,4000,4000,1,248,27
10,0,27,4000,2,431,9.9396,0,0,0.172,6.435,6.2391,0,4000,4000,1,0,27
10,0,27,4000,2,432,12.3448,0.048,2.9976,0.054,9.0071,5.6559,1,4000,4000,1,221,27
10,0,27,4000,2,433,13.3042,0.3101,3.1005,0.0503,9.6053,5.9344,1,4000,4000,1,231,27
10,0,27,4000,2,434,12.6103,0.0416,3.2919,0.0521,9.1291,5.5657,1,4000,4000,1,227,27
10,0,27,4000,2,435,10.567,0,0,0.2101,7.0117,6.7709,0,4000,4000,1,0,27
10,0,27,4000,2,436,12.6088,0.0555,3.224,0.0567,9.1089,5.567,1,4000,4000,1,255,27
10,0,27,4000,2,437,13.588,0.0556,3.4854,0.0556,10.1074,6.3415,1,4000,4000,1,260,27
10,0,27,4000,2,438,9.6039,0,0,0.1581,6.2982,6.1204,0,4000,4000,1,0,27
10,0,27,4000,2,439,12.9567,0.0995,3.0434,0.058,9.3618,5.9817,1,4000,4000,1,243,27
10,0,27,4000,2,440,13.2124,0.046,3.1605,0.0564,9.9762,6.47,1,4000,4000,1,235,27
10,0,27,4000,2,441,12.477,0.0527,2.8883,0.0582,9.0809,5.8207,1,4000,4000,1,238,27
10,0,27,4000,2,442,11.0153,0,0,0.1886,7.2796,7.0677,0,4000,4000,1,0,27
10,0,27,4000,2,443,13.1265,0.0889,3.0734,0.0677,9.4817,6.0636,1,4000,4000,1,223,27
10,0,27,4000,2,444,12.1425,0.0609,2.7674,0.0561,8.7487,5.7049,1,4000,4000,1,236,27
10,0,27,4000,2,445,12.6786,0.3033,3.0552,0.0495,9.2489,5.6816,1,4000,4000,1,211,27
10,0,27,4000,2,446,9.4472,0,0,0.1373,6.5149,6.3483,0,4000,4000,1,0,27
10,0,27,4000,2,447,15.2576,0.0338,4.3881,0.0587,11.6799,6.9963,1,4000,4000,1,240,27
10,0,27,4000,2,448,12.6437,0.0545,3.4129,0.1277,9.3573,5.5943,1,4000,4000,1,257,27
10,0,27,4000,2,449,12.7794,0.042,3.0459,0.0526,8.9205,5.609,1,4000,4000,1,250,27
10,0,27,4000,2,450,9.6167,0,0,0.1393,6.3663,6.2063,0,4000,4000,1,0,27
10,0,27,4000,2,451,12.8351,0.0533,3.1027,0.0602,9.3182,5.9369,1,4000,4000,1,244,27
10,0,27,4000,2,452,12.4614,0.0576,2.7757,0.0538,8.8271,5.7711,1,4000,4000,1,251,27
10,0,27,4000,2,453,9.9672,0,0,0.1877,6.1332,5.9237,0,4000,4000,1,0,27
10,0,27,4000,2,454,15.1158,0.069,3.5991,0.0581,10.4874,6.5707,1,4000,4000,1,337,27
10,0,27,4000,2,455,13.478,0.0685,3.1482,0.0564,9.8798,6.432,1,4000,4000,1,311,27
10,0,27,4000,2,456,14.7335,0.0666,3.6213,0.0696,10.5628,6.6195,1,4000,4000,1,246,27
10,0,27,4000,2,457,12.8615,0.0455,3.2214,0.0563,9.4041,5.9049,1,4000,4000,1,268,27
10,0,27,4000,2,458,9.9368,0,0,0.1555,6.4269,6.2451,0,4000,4000,1,0,27
10,0,27,4000,2,459,12.733,0.0547,3.1129,0.0582,9.3778,5.969,1,4000,4000,1,256,27
10,0,27,4000,2,460,12.8444,0.0514,3.1907,0.0548,9.4114,5.9173,1,4000,4000,1,238,27
10,0,27,4000,2,461,10.1317,0,0,0.1674,6.4451,6.2556,0,4000,4000,1,0,27
10,0,27,4000,2,462,12.4914,0.0571,3.3433,0.0572,9.4545,5.8203,1,4000,4000,1,246,27
10,0,27,4000,2,463,12.762,0.0422,2.9235,0.0592,9.2138,5.9695,1,4000,4000,1,284,27
10,0,27,4000,2,464,13.6206,0.0626,3.4907,0.0544,10.3632,6.56,1,4000,4000,1,251,27
10,0,27,4000,2,465,9.2516,0,0,0.1701,6.0133,5.824,0,4000,4000,1,0,27
10,0,27,4000,2,466,12.8251,0.0617,3.3762,0.0563,9.344,5.6511,1,4000,4000,1,258,27
10,0,27,4000,2,467,12.3892,0.05,3.1867,0.0559,8.963,5.4993,1,4000,4000,1,243,27
10,0,27,4000,2,468,12.3105,0.0509,3.0536,0.056,9.0912,5.7543,1,4000,4000,1,255,27
10,0,27,4000,2,469,9.9427,0,0,0.1489,6.7017,6.5311,0,4000,4000,1,0,27
10,0,27,4000,2,470,12.6203,0.061,3.0572,0.0567,9.3075,5.9594,1,4000,4000,1,259,27
10,0,27,4000,2,471,12.158,0.0481,2.7493,0.0582,8.7193,5.6871,1,4000,4000,1,238,27
10,0,27,4000,2,472,9.4461,0,0,0.152,6.106,5.9315,0,4000,4000,1,0,27
10,0,27,4000,2,473,12.6142,0.0454,3.0044,0.0576,9.3576,6.0841,1,4000,4000,1,223,27
10,0,27,4000,2,474,12.756,0.2722,2.9769,0.054,9.3289,5.8541,1,4000,4000,1,262,27
10,0,27,4000,2,475,8.8529,0,0,0.1213,5.8697,5.7288,0,4000,4000,1,0,27
10,0,27,4000,2,476,12.4475,0.0389,3.4881,0.0579,9.3336,5.5458,1,4000,4000,1,243,27
10,0,27,4000,2,477,12.2853,0.0475,2.8063,0.0534,8.9492,5.8602,1,4000,4000,1,280,27
10,0,27,4000,2,478,9.3759,0,0,0.1342,6.1908,6.0377,0,4000,4000,1,0,27
10,0,27,4000,2,479,12.8697,0.0427,3.1894,0.0592,9.4748,5.9945,1,4000,4000,1,310,27
10,0,27,4000,2,480,12.8336,0.0447,3.1833,0.0557,9.5915,6.1282,1,4000,4000,1,321,27
10,0,27,4000,2,481,12.9819,0.0386,3.1297,0.0557,9.6932,6.288,1,4000,4000,1,278,27
10,0,27,4000,2,482,10.173,0,0,0.2264,6.2759,6.0258,0,4000,4000,1,0,27
10,0,27,4000,2,483,12.5257,0.0411,3.1662,0.0571,9.3128,5.8697,1,4000,4000,1,277,27
10,0,27,4000,2,484,12.7459,0.055,2.9278,0.0521,8.8313,5.6118,1,4000,4000,1,270,27
10,0,27,4000,2,485,9.4984,0,0,0.1358,6.3026,6.1472,0,4000,4000,1,0,27
10,0,27,4000,2,486,12.858,0.0509,3.0697,0.0578,9.6096,6.2367,1,4000,4000,1,255,27
10,0,27,4000,2,487,12.5085,0.0454,3.0447,0.0571,9.4226,6.0937,1,4000,4000,1,234,27
10,0,27,4000,2,488,12.3273,0.0393,2.64,0.0542,8.9524,6.0303,1,4000,4000,1,259,27
10,0,27,4000,2,489,9.9082,0,0,0.1284,6.4684,6.3159,0,4000,4000,1,0,27
10,0,27,4000,2,490,12.6715,0.0445,2.841,0.0591,9.0822,5.9648,1,4000,4000,1,288,27
10,0,27,4000,2,491,12.3428,0.0325,2.8756,0.0539,9.1803,6.0344,1,4000,4000,1,270,27
10,0,27,4000,2,492,9.3587,0,0,0.1355,5.6934,5.5348,0,4000,4000,1,0,27
10,0,27,4000,2,493,14.0924,0.3637,3.5495,0.0593,10.6536,6.399,1,4000,4000,1,328,27
10,0,27,4000,2,494,13.1371,0.0555,3.0045,0.0519,9.3736,6.0656,1,4000,4000,1,281,27
10,0,27,4000,2,495,12.2532,0.0459,2.5868,0.0576,8.6984,5.8227,1,4000,4000,1,250,27
10,0,27,4000,2,496,9.9729,0,0,0.1306,6.4593,6.3069,0,4000,4000,1,0,27
10,0,27,4000,2,497,12.3156,0.0412,2.896,0.056,9.0221,5.7764,1,4000,4000,1,331,27
10,0,27,4000,2,498,12.8178,0.0475,2.918,0.0566,9.3789,6.1594,1,4000,4000,1,309,27
10,0,27,4000,2,499,9.692,0,0,0.1379,6.2882,6.128,0,4000,4000,1,0,27
10,0,27,4000,2,500,13.6961,0.2509,3.4115,0.0575,9.7058,5.7988,1,4000,4000,1,319,27
10,0,27,4000,2,501,13.7845,0.0388,3.6267,0.0566,10.3717,6.4227,1,4000,4000,1,266,27
10,0,27,4000,2,502,14.0973,0.0471,3.5969,0.0557,9.851,5.9782,1,4000,4000,1,347,27
10,0,27,4000,2,503,10.0167,0,0,0.1294,6.5252,6.3714,0,4000,4000,1,0,27
10,0,27,4000,2,504,13.505,0.0521,3.8059,0.0593,9.9717,5.8685,1,4000,4000,1,367,27
10,0,27,4000,2,505,13.0246,0.0313,3.5512,0.053,9.5768,5.7443,1,4000,4000,1,327,27
10,0,27,4000,2,506,12.3071,0.2867,2.8402,0.0541,9.1337,5.7614,1,4000,4000,1,289,27
10,0,27,4000,2,507,10.1079,0,0,0.1337,6.4342,6.2792,0,4000,4000,1,0,27
10,0,27,4000,2,508,13.3313,0.0411,3.1844,0.0568,9.7108,6.2394,1,4000,4000,1,249,27
10,0,27,4000,2,509,13.4094,0.0486,2.9781,0.0561,9.8906,6.5988,1,4000,4000,1,272,27
10,0,27,4000,2,510,12.8303,0.0362,2.9812,0.0524,8.9864,5.7332,1,4000,4000,1,254,27
10,0,27,4000,2,511,9.5165,0,0,0.1803,6.0651,5.8652,0,4000,4000,1,0,27
10,0,27,4000,2,512,12.7617,0.0379,2.9019,0.0539,9.4645,6.2916,1,4000,4000,1,265,27
10,0,27,4000,2,513,13.2698,0.0471,2.8138,0.0595,9.3422,6.1801,1,4000,4000,1,226,27
10,0,27,4000,2,514,12.0016,0.0424,2.6813,0.0546,8.7638,5.8017,1,4000,4000,1,196,27
10,0,27,4000,2,515,9.8756,0,0,0.1463,6.4054,6.2374,0,4000,4000,1,0,27
10,0,27,4000,2,516,13.346,0.0363,3.1427,0.0909,9.6905,6.1618,1,4000,4000,1,205,27
10,0,27,4000,2,517,12.0136,0.0514,2.5025,0.0523,8.7338,5.8748,1,4000,4000,1,237,27
10,0,27,4000,2,518,8.8321,0,0,0.1329,5.5764,5.4226,0,4000,4000,1,0,27
10,0,27,4000,2,519,12.3618,0.3362,2.7971,0.0538,8.9939,5.6291,1,4000,4000,1,224,27
10,0,27,4000,2,520,13.9937,0.0436,2.5008,0.0574,9.7017,6.8932,1,4000,4000,1,221,27
10,0,27,4000,2,521,9.9503,0,0,0.2076,5.954,5.723,0,4000,4000,1,0,27
10,0,27,4000,2,522,12.804,0.0845,3.1435,0.061,9.686,6.0831,1,4000,4000,1,218,27
10,0,27,4000,2,523,13.4922,0.0502,2.8426,0.0564,9.5831,6.4135,1,4000,4000,1,241,27
10,0,27,4000,2,524,12.6833,0.0581,2.8811,0.0605,8.9329,5.6899,1,4000,4000,1,189,27
10,0,27,4000,2,525,9.4031,0,0,0.1366,6.068,5.9057,0,4000,4000,1,0,27
10,0,27,4000,2,526,12.7755,0.0747,2.5587,0.054,8.8126,5.9131,1,4000,4000,1,202,27
10,0,27,4000,2,527,12.4092,0.0428,2.5488,0.0525,8.9248,6.0904,1,4000,4000,1,209,27
10,0,27,4000,2,528,9.6063,0,0,0.149,6.3216,6.1508,0,4000,4000,1,0,27
10,0,27,4000,2,529,14.9145,0.0546,3.6636,0.0908,11.1899,7.102,1,4000,4000,1,197,27
10,0,27,4000,2,530,13.8445,0.0491,3.5221,0.0589,10.0676,6.2447,1,4000,4000,1,180,27
10,0,27,4000,2,531,13.9589,0.0598,3.8511,0.056,10.1313,5.9825,1,4000,4000,1,218,27
10,0,27,4000,2,532,13.1558,0.0435,3.442,0.051,9.8593,6.1387,1,4000,4000,1,216,27
10,0,27,4000,2,533,9.6232,0,0,0.1338,6.3127,6.158,0,4000,4000,1,0,27
10,0,27,4000,2,534,13.6113,0.2555,3.2593,0.0628,10.1355,6.3425,1,4000,4000,1,223,27
10,0,27,4000,2,535,13.2073,0.0444,2.5905,0.0546,9.3963,6.517,1,4000,4000,1,165,27
10,0,27,4000,2,536,12.4516,0.0533,2.8013,0.0535,9.1301,6.0262,1,4000,4000,1,197,27
10,0,27,4000,2,537,10.0102,0,0,0.1464,6.5646,6.3956,0,4000,4000,1,0,27
10,0,27,4000,2,538,13.4181,0.0497,3.3186,0.0579,10.0314,6.3576,1,4000,4000,1,190,27
10,0,27,4000,2,539,13.3905,0.0483,2.6463,0.0743,9.8581,6.6249,1,4000,4000,1,144,27
10,0,27,4000,2,540,13.1049,0.0545,2.5561,0.0556,8.8786,6.0261,1,4000,4000,1,193,27
10,0,27,4000,2,541,9.4253,0,0,0.1315,6.2771,6.1214,0,4000,4000,1,0,27
10,0,27,4000,2,542,12.5576,0.0426,2.5039,0.057,8.767,5.9767,1,4000,4000,1,209,27
10,0,27,4000,2,543,12.896,0.2182,3.1576,0.0556,9.3848,5.7892,1,4000,4000,1,212,27
10,0,27,4000,2,544,10.1791,0,0,0.1653,6.5998,6.4149,0,4000,4000,1,0,27
10,0,27,4000,2,545,12.5416,0.0578,2.9173,0.0581,9.2475,6.0465,1,4000,4000,1,211,27
10,0,27,4000,2,546,12.6727,0.0633,2.8644,0.0571,9.1356,5.9878,1,4000,4000,1,203,27
10,0,27,4000,2,547,13.2768,0.2577,2.6617,0.0568,9.4424,6.2395,1,4000,4000,1,219,27
10,0,27,4000,2,548,10.1038,0,0,0.2398,6.3238,6.0607,0,4000,4000,1,0,27
10,0,27,4000,2,549,12.8952,0.0592,3.3264,0.0548,9.5181,5.9017,1,4000,4000,1,200,27
10,0,27,4000,2,550,12.4456,0.044,3.1591,0.0526,9.0678,5.5793,1,4000,4000,1,190,27
11,1,27,4000,2,151,9.479,0.0508,0.2013,0.113,5.5868,5.4624,0,4000,4000,1,0,27
11,1,27,4000,2,152,10.1317,0.0572,0.2042,0.0671,6.4192,5.9609,1,4000,4000,1,16,27
11,1,27,4000,2,153,9.0682,0.0572,0.2042,0.1163,5.5426,5.4156,0,4000,4000,1,0,27
11,1,27,4000,2,154,9.799,0.0487,0.2195,0.0504,6.1427,5.6481,1,4000,4000,1,10,27
11,1,27,4000,2,155,10.4959,0.2398,0.1829,0.0633,6.8736,6.2535,1,4000,4000,1,10,27
11,1,27,4000,2,156,9.7147,0.0428,0.1033,0.6454,6.1735,5.5064,0,4000,4000,1,0,27
11,1,27,4000,2,157,10.2794,0.0463,0.2116,0.064,6.4292,5.9406,1,4000,4000,1,12,27
11,1,27,4000,2,158,10.0386,0.0463,0.2116,0.1591,6.3162,6.1451,0,4000,4000,1,0,27
11,1,27,4000,2,159,11.5532,0.0477,0.2367,0.0538,6.6126,6.1395,1,4000,4000,1,19,27
11,1,27,4000,2,160,10.2499,0.0431,0.2324,0.0603,6.5683,6.0816,1,4000,4000,1,11,27
11,1,27,4000,2,161,9.7447,0.0431,0.2324,0.13,6.2986,6.1584,0,4000,4000,1,0,27
11,1,27,4000,2,162,9.92,0.0577,0.2239,0.0548,6.5439,6.0279,1,4000,4000,1,14,27
11,1,27,4000,2,163,9.4803,0.0577,0.2239,0.1344,5.889,5.743,0,4000,4000,1,0,27
11,1,27,4000,2,164,10.0166,0.0423,0.222,0.058,6.8012,6.3417,1,4000,4000,1,13,27
11,1,27,4000,2,165,10.2216,0.0363,0.2512,0.0621,6.5892,6.0825,1,4000,4000,1,8,27
11,1,27,4000,2,166,9.2119,0.0363,0.2512,0.1203,5.689,5.5576,0,4000,4000,1,0,27
11,1,27,4000,2,167,11.1838,0.0463,0.2637,0.0518,7.508,7.016,1,4000,4000,1,13,27
11,1,27,4000,2,168,8.7127,0.0463,0.2637,0.1254,5.4083,5.2731,0,4000,4000,1,0,27
11,1,27,4000,2,169,9.9958,0.0452,0.3417,0.0532,6.6636,6.0244,1,4000,4000,1,6,27
11,1,27,4000,2,170,10.231,0.0412,0.4394,0.0848,6.478,5.6621,1,4000,4000,1,10,27
11,1,27,4000,2,171,9.8254,0.0412,0.4394,0.1488,5.9889,5.8273,0,4000,4000,1,0,27
11,1,27,4000,2,172,10.9323,0.038,0.2368,0.0608,6.5271,6.0381,1,4000,4000,1,10,27
11,1,27,4000,2,173,9.3799,0.038,0.2368,0.1314,5.9263,5.7852,0,4000,4000,1,0,27
11,1,27,4000,2,174,10.6682,0.1523,0.2399,0.0576,6.8724,6.2568,1,4000,4000,1,10,27
11,1,27,4000,2,175,10.6013,0.044,0.2612,0.06,6.9341,6.4021,1,4000,4000,1,4,27
11,1,27,4000,2,176,9.6364,0.044,0.2612,0.1213,5.9072,5.7757,0,4000,4000,1,0,27
11,1,27,4000,2,177,10.9495,0.1937,0.2416,0.0623,7.007,6.3598,1,4000,4000,1,10,27
11,1,27,4000,2,178,10.0096,0.1937,0.2416,0.117,6.3035,6.176,0,4000,4000,1,0,27
11,1,27,4000,2,179,9.9496,0.0419,0.2474,0.0608,6.3965,5.8929,1,4000,4000,1,7,27
11,1,27,4000,2,180,11.1718,0.0454,0.1844,0.0577,6.9696,6.5159,1,4000,4000,1,2,27
11,1,27,4000,2,181,10.1802,0.0454,0.1844,0.1773,6.8441,6.6534,0,4000,4000,1,0,27
11,1,27,4000,2,182,11.567,0.0722,0.2106,0.0566,6.4619,5.9769,1,4000,4000,1,9,27
11,1,27,4000,2,183,10.8681,0.064,0.1795,0.0526,6.4748,6.0489,1,4000,4000,1,8,27
11,1,27,4000,2,184,9.2708,0.064,0.1795,0.1169,5.8709,5.7435,0,4000,4000,1,0,27
11,1,27,4000,2,185,9.8337,0.0723,0.2215,0.0553,6.3555,5.8653,1,4000,4000,1,5,27
11,1,27,4000,2,186,9.7966,0.0723,0.2215,0.1281,6.0033,5.8628,0,4000,4000,1,0,27
11,1,27,4000,2,187,10.3506,0.0655,0.2722,0.0661,7.0533,6.4652,1,4000,4000,1,6,27
11,1,27,4000,2,188,9.9146,0.0658,0.2515,0.0653,6.5195,5.9251,1,4000,4000,1,9,27
11,1,27,4000,2,189,9.7854,0.0658,0.2515,0.1299,6.2124,6.0708,0,4000,4000,1,0,27
11,1,27,4000,2,190,12.0926,0.168,0.1971,0.0559,6.9244,6.3744,1,4000,4000,1,1,27
11,1,27,4000,2,191,10,0.0628,0.1712,0.0523,6.3885,5.9532,1,4000,4000,1,7,27
11,1,27,4000,2,192,10.7119,0.0628,0.1712,0.1214,6.4861,6.3488,0,4000,4000,1,0,27
11,1,27,4000,2,193,11.2937,0.0648,0.3385,0.0546,7.4393,6.849,1,4000,4000,1,246,27
11,1,27,4000,2,194,11.1641,0.441,0.2664,0.0573,7.4182,6.5055,1,4000,4000,1,3,27
11,1,27,4000,2,195,9.1249,0.0666,0.046,0.1904,5.6929,5.4905,0,4000,4000,1,0,27
11,1,27,4000,2,196,11.2358,0.0557,0.1976,0.0599,6.4679,6.0272,1,4000,4000,1,4,27
11,1,27,4000,2,197,9.9606,0.0557,0.1976,0.1413,6.3611,6.2072,0,4000,4000,1,0,27
11,1,27,4000,2,198,10.9565,0.0502,0.4969,0.0537,7.0541,6.3366,1,4000,4000,1,485,27
11,1,27,4000,2,199,10.7136,0.0533,0.2773,0.0631,6.9412,6.4153,1,4000,4000,1,5,27
11,1,27,4000,2,200,10.0588,0.0533,0.2773,0.1341,6.1926,6.0474,0,4000,4000,1,0,27
11,1,27,4000,2,201,10.442,0.062,0.2732,0.0578,6.7946,6.2867,1,4000,4000,1,12,27
11,1,27,4000,2,202,11.8374,0.0623,0.2939,0.0603,6.88,6.2972,1,4000,4000,1,6,27
11,1,27,4000,2,203,9.616,0.0623,0.2939,0.1279,6.1409,6.0028,0,4000,4000,1,0,27
11,1,27,4000,2,204,11.872,0.1027,0.475,0.0542,7.8878,7.1009,1,4000,4000,1,245,27
11,1,27,4000,2,205,10.5856,0.0561,0.3571,0.0642,6.7973,6.1845,1,4000,4000,1,247,27
11,1,27,4000,2,206,9.6645,0.0561,0.3571,0.1363,6.1971,6.0477,0,4000,4000,1,0,27
11,1,27,4000,2,207,10.6197,0.0513,0.1922,0.051,6.7045,6.2988,1,4000,4000,1,2,27
11,1,27,4000,2,208,9.4971,0.0513,0.1922,0.1298,5.9326,5.7902,0,4000,4000,1,0,27
11,1,27,4000,2,209,12.2769,0.1851,0.6418,0.0586,8.5457,7.4968,1,4000,4000,1,484,27
11,1,27,4000,2,210,11.0945,0.2304,0.2486,0.0646,7.4513,6.7768,1,4000,4000,1,10,27
11,1,27,4000,2,211,9.8384,0.2304,0.2486,0.175,6.0908,5.9019,0,4000,4000,1,0,27
11,1,27,4000,2,212,11.5447,0.1982,0.3996,0.0544,7.5966,6.8104,1,4000,4000,1,5,27
11,1,27,4000,2,213,11.657,0.0724,0.3512,0.0583,7.7193,7.0872,1,4000,4000,1,4,27
11,1,27,4000,2,214,9.6594,0.0724,0.3512,0.1169,6.1391,6.0105,0,4000,4000,1,0,27
11,1,27,4000,2,215,11.6552,0.1079,0.5491,0.0548,8.0331,7.1965,1,4000,4000,1,487,27
11,1,27,4000,2,216,10.3707,0.0731,0.4943,0.0553,6.9554,6.1769,1,4000,4000,1,245,27
11,1,27,4000,2,217,9.0035,0.0731,0.4943,0.143,5.831,5.6766,0,4000,4000,1,0,27
11,1,27,4000,2,218,10.662,0.0717,0.2582,0.0515,7.1757,6.6746,1,4000,4000,1,8,27
11,1,27,4000,2,219,9.1343,0.0717,0.2582,0.1312,5.843,5.7006,0,4000,4000,1,0,27
11,1,27,4000,2,220,10.3162,0.053,0.2908,0.0534,6.7257,6.2083,1,4000,4000,1,16,27
11,1,27,4000,2,221,10.207,0.0556,0.2856,0.0564,6.9299,6.3666,1,4000,4000,1,7,27
11,1,27,4000,2,222,9.2265,0.0556,0.2856,0.1482,5.973,5.8146,0,4000,4000,1,0,27
11,1,27,4000,2,223,10.3164,0.046,0.4067,0.0513,6.8747,6.2293,1,4000,4000,1,245,27
11,1,27,4000,2,224,9.5505,0.046,0.4067,0.1527,6.1229,5.959,0,4000,4000,1,0,27
11,1,27,4000,2,225,12.2644,0.0543,0.9868,0.0631,8.2699,6.9593,1,4000,4000,1,739,27
11,1,27,4000,2,226,11.2355,0.0512,0.5113,0.0525,7.1558,6.4064,1,4000,4000,1,235,27
11,1,27,4000,2,227,9.1443,0.0512,0.5113,0.1316,5.6963,5.556,0,4000,4000,1,0,27
11,1,27,4000,2,228,10.7334,0.0588,0.7051,0.0505,7.2633,6.3203,1,4000,4000,1,502,27
11,1,27,4000,2,229,10.8987,0.0477,0.4859,0.0534,7.108,6.4029,1,4000,4000,1,140,27
11,1,27,4000,2,230,9.0063,0.0477,0.4859,0.1214,5.7751,5.6433,0,4000,4000,1,0,27
11,1,27,4000,2,231,10.9293,0.0426,0.8072,0.059,7.2155,6.1832,1,4000,4000,1,544,27
11,1,27,4000,2,232,9.3414,0.0426,0.8072,0.1659,5.8548,5.676,0,4000,4000,1,0,27
11,1,27,4000,2,233,11.1887,0.041,0.6193,0.0537,7.4277,6.5887,1,4000,4000,1,407,27
11,1,27,4000,2,234,11.1265,0.037,0.5641,0.0644,7.78,6.9821,1,4000,4000,1,220,27
11,1,27,4000,2,235,10.4741,0.037,0.5641,0.2466,6.5669,6.3043,0,4000,4000,1,0,27
11,1,27,4000,2,236,12.2831,0.0414,0.6197,0.054,7.5914,6.7461,1,4000,4000,1,288,27
11,1,27,4000,2,237,12.1336,0.3068,0.7152,0.0649,8.6333,7.4197,1,4000,4000,1,306,27
11,1,27,4000,2,238,9.6994,0.3068,0.7152,0.1274,6.0619,5.9248,0,4000,4000,1,0,27
11,1,27,4000,2,239,11.6731,0.0458,1.0292,0.0581,8.1794,6.9059,1,4000,4000,1,947,27
11,1,27,4000,2,240,11.3608,0.0388,0.6708,0.0615,7.5658,6.6676,1,4000,4000,1,410,27
11,1,27,4000,2,241,9.403,0.0388,0.6708,0.1141,6.066,5.9415,0,4000,4000,1,0,27
11,1,27,4000,2,242,11.9412,0.0463,1.2413,0.0544,8.2963,6.8306,1,4000,4000,1,1120,27
11,1,27,4000,2,243,12.6432,0.0442,1.0965,0.0524,8.8581,7.5248,1,4000,4000,1,757,27
11,1,27,4000,2,244,9.8901,0.0442,1.0965,0.1943,6.4336,6.2272,0,4000,4000,1,0,27
11,1,27,4000,2,245,13.0045,0.0481,0.8777,0.0551,8.4424,7.3371,1,4000,4000,1,540,27
11,1,27,4000,2,246,11.0116,0.0364,0.8848,0.0522,7.6595,6.5358,1,4000,4000,1,414,27
11,1,27,4000,2,247,9.7318,0.0364,0.8848,0.1802,5.9173,5.7266,0,4000,4000,1,0,27
11,1,27,4000,2,248,11.9142,0.0418,1.3617,0.0557,8.6737,7.0673,1,4000,4000,1,1429,27
11,1,27,4000,2,249,13.1765,0.0403,0.9415,0.0537,8.2363,7.0738,1,4000,4000,1,615,27
11,1,27,4000,2,250,11.9247,0.0774,0.9411,0.0726,8.6733,7.4445,1,4000,4000,1,531,27
11,1,27,4000,2,251,10.1421,0.0554,0.1091,0.1155,6.3514,6.2259,0,4000,4000,1,0,27
11,1,27,4000,2,252,12.9992,0.0436,1.7916,0.0525,9.4856,7.4523,1,4000,4000,1,1575,27
11,1,27,4000,2,253,12.0465,0.0343,1.0846,0.0505,8.3283,7.0483,1,4000,4000,1,684,27
11,1,27,4000,2,254,9.4799,0.0343,1.0846,0.1849,5.9797,5.7823,0,4000,4000,1,0,27
11,1,27,4000,2,255,13.7434,0.0482,1.7477,0.0514,9.9856,8.0152,1,4000,4000,1,1819,27
11,1,27,4000,2,256,13.6549,0.0437,1.2028,0.0529,8.9301,7.5041,1,4000,4000,1,772,27
11,1,27,4000,2,257,12.3161,0.047,1.1101,0.0587,8.9035,7.5689,1,4000,4000,1,628,27
11,1,27,4000,2,258,9.2993,0.047,1.1101,0.1439,6.1354,5.9805,0,4000,4000,1,0,27
11,1,27,4000,2,259,13.7883,0.0478,1.994,0.0564,9.8851,7.6767,1,4000,4000,1,1789,27
11,1,27,4000,2,260,12.9021,0.0408,1.3372,0.0514,8.9056,7.3392,1,4000,4000,1,660,27
11,1,27,4000,2,261,9.6882,0.0408,1.3372,0.1203,6.3296,6.1985,0,4000,4000,1,0,27
11,1,27,4000,2,262,15.2338,0.0459,1.0197,0.0505,10.3806,9.0606,1,4000,4000,1,604,27
11,1,27,4000,2,263,13.589,0.051,1.3227,0.0522,9.9097,8.3417,1,4000,4000,1,472,27
11,1,27,4000,2,264,12.8073,0.048,1.4343,0.0517,8.8545,7.1918,1,4000,4000,1,1021,27
11,1,27,4000,2,265,12.6904,0.0375,1.0018,0.052,8.5327,7.3212,1,4000,4000,1,484,27
11,1,27,4000,2,266,9.7931,0.0375,1.0018,0.1222,6.4977,6.3578,0,4000,4000,1,0,27
11,1,27,4000,2,267,13.5813,0.0485,0.9023,0.0553,9.2367,8.1027,1,4000,4000,1,408,27
11,1,27,4000,2,268,11.4496,0.0477,0.759,0.0526,8.0339,7.0529,1,4000,4000,1,355,27
11,1,27,4000,2,269,8.7494,0.0477,0.759,0.1142,5.6832,5.5605,0,4000,4000,1,0,27
11,1,27,4000,2,270,11.8125,0.0397,0.7401,0.0539,8.2635,7.2949,1,4000,4000,1,299,27
11,1,27,4000,2,271,11.9358,0.0283,0.6658,0.0622,8.3225,7.4357,1,4000,4000,1,234,27
11,1,27,4000,2,272,9.6609,0.0283,0.6658,0.1577,6.3031,6.1328,0,4000,4000,1,0,27
11,1,27,4000,2,273,12.5556,0.0468,0.6774,0.0613,8.8843,7.9612,1,4000,4000,1,261,27
11,1,27,4000,2,274,13.88,0.0688,0.8255,0.0547,8.7692,7.6839,1,4000,4000,1,218,27
11,1,27,4000,2,275,9.1671,0.0688,0.8255,0.1643,5.6852,5.5107,0,4000,4000,1,0,27
11,1,27,4000,2,276,11.5511,0.0444,0.5984,0.054,8.045,7.2135,1,4000,4000,1,217,27
11,1,27,4000,2,277,10.8631,0.0391,0.6497,0.0566,7.5809,6.7067,1,4000,4000,1,204,27
11,1,27,4000,2,278,9.4328,0.0391,0.6497,0.1739,6.0511,5.8643,0,4000,4000,1,0,27
11,1,27,4000,2,279,11.7349,0.0663,0.5843,0.0527,8.1583,7.3239,1,4000,4000,1,224,27
11,1,27,4000,2,280,10.8193,0.0431,0.5415,0.0525,7.3515,6.5965,1,4000,4000,1,197,27
11,1,27,4000,2,281,8.9661,0.0431,0.5415,0.1459,5.6833,5.5014,0,4000,4000,1,0,27
11,1,27,4000,2,282,11.0344,0.0409,0.6749,0.0537,7.7007,6.7655,1,4000,4000,1,186,27
11,1,27,4000,2,283,12.7012,0.422,0.5572,0.053,8.8139,7.6265,1,4000,4000,1,162,27
11,1,27,4000,2,284,9.9382,0.0512,0.0863,0.2157,6.1902,5.9601,0,4000,4000,1,0,27
11,1,27,4000,2,285,11.8877,0.0441,0.5512,0.0556,7.4767,6.6574,1,4000,4000,1,172,27
11,1,27,4000,2,286,11.7028,0.0422,0.5485,0.0631,7.9626,7.166,1,4000,4000,1,164,27
11,1,27,4000,2,287,9.5915,0.0422,0.5485,0.1601,5.8122,5.6423,0,4000,4000,1,0,27
11,1,27,4000,2,288,10.7842,0.0461,0.4659,0.0566,7.3233,6.6298,1,4000,4000,1,167,27
11,1,27,4000,2,289,9.3941,0.0461,0.4659,0.1293,6.4062,6.266,0,4000,4000,1,0,27
11,1,27,4000,2,290,11.4449,0.0508,0.5069,0.0597,7.7179,6.9444,1,4000,4000,1,151,27
11,1,27,4000,2,291,11.6456,0.0532,0.4577,0.0528,7.6074,6.9274,1,4000,4000,1,136,27
11,1,27,4000,2,292,9.5055,0.0532,0.4577,0.1912,6.3272,6.1235,0,4000,4000,1,0,27
11,1,27,4000,2,293,11.9568,0.0548,0.4333,0.0603,7.5167,6.8409,1,4000,4000,1,134,27
11,1,27,4000,2,294,12.5568,0.0466,0.4551,0.0514,7.5593,6.8912,1,4000,4000,1,139,27
11,1,27,4000,2,295,10.8519,0.0642,0.4541,0.0522,7.176,6.4774,1,4000,4000,1,151,27
11,1,27,4000,2,296,9.9046,0.05,0.0568,0.1361,6.3047,6.1571,0,4000,4000,1,0,27
11,1,27,4000,2,297,10.8003,0.0549,0.4218,0.052,7.5238,6.8626,1,4000,4000,1,132,27
11,1,27,4000,2,298,9.4143,0.0549,0.4218,0.1347,5.9464,5.8003,0,4000,4000,1,0,27
11,1,27,4000,2,299,11.4026,0.0449,0.4682,0.0537,7.9391,7.2024,1,4000,4000,1,122,27
11,1,27,4000,2,300,12.5427,0.0458,0.5035,0.0588,8.3181,7.5816,1,4000,4000,1,142,27
11,1,27,4000,2,301,9.5188,0.0458,0.5035,0.1692,6.1032,5.9214,0,4000,4000,1,0,27
11,1,27,4000,2,302,11.1045,0.0644,0.4243,0.0567,7.474,6.789,1,4000,4000,1,101,27
11,1,27,4000,2,303,11.3324,0.0541,0.4532,0.0632,7.5743,6.8641,1,4000,4000,1,114,27
11,1,27,4000,2,304,9.9367,0.0541,0.4532,0.1169,6.3612,6.2328,0,4000,4000,1,0,27
11,1,27,4000,2,305,11.2451,0.048,0.4907,0.0592,7.5503,6.8292,1,4000,4000,1,135,27
11,1,27,4000,2,306,11.3218,0.0518,0.4233,0.0585,7.4101,6.7484,1,4000,4000,1,97,27
11,1,27,4000,2,307,9.6106,0.0518,0.4233,0.1178,6.4313,6.3022,0,4000,4000,1,0,27
11,1,27,4000,2,308,11.0923,0.0496,0.4762,0.0603,7.2714,6.5496,1,4000,4000,1,116,27
11,1,27,4000,2,309,9.6278,0.0496,0.4762,0.1137,6.2816,6.1577,0,4000,4000,1,0,27
11,1,27,4000,2,310,11.5734,0.0542,0.4502,0.0545,8.2074,7.5261,1,4000,4000,1,114,27
11,1,27,4000,2,311,10.6421,0.0582,0.4135,0.0519,7.3098,6.6339,1,4000,4000,1,119,27
11,1,27,4000,2,312,9.0114,0.0582,0.4135,0.1245,5.9241,5.7897,0,4000,4000,1,0,27
11,1,27,4000,2,313,10.5923,0.0391,0.4754,0.0522,7.2777,6.605,1,4000,4000,1,117,27
11,1,27,4000,2,314,11.8868,0.0419,0.5473,0.0677,8.4437,7.6252,1,4000,4000,1,98,27
11,1,27,4000,2,315,9.414,0.0419,0.5473,0.1189,6.1778,6.0483,0,4000,4000,1,0,27
11,1,27,4000,2,316,11.9,0.3554,0.3774,0.058,8.2999,7.3763,1,4000,4000,1,99,27
11,1,27,4000,2,317,11.9408,0.0588,0.3703,0.0586,8.2969,7.6985,1,4000,4000,1,106,27
11,1,27,4000,2,318,9.5721,0.0588,0.3703,0.114,6.3649,6.2412,0,4000,4000,1,0,27
11,1,27,4000,2,319,12.4795,0.0563,0.4138,0.0575,8.6971,8.0381,1,4000,4000,1,102,27
11,1,27,4000,2,320,10.9734,0.0551,0.429,0.059,7.3829,6.7125,1,4000,4000,1,95,27
11,1,27,4000,2,321,9.8404,0.0551,0.429,0.1346,6.4418,6.2946,0,4000,4000,1,0,27
11,1,27,4000,2,322,11.9531,0.0577,0.5149,0.0551,7.8193,7.0449,1,4000,4000,1,85,27
11,1,27,4000,2,323,12.2381,0.064,0.3992,0.0564,7.1572,6.5034,1,4000,4000,1,78,27
11,1,27,4000,2,324,9.5864,0.064,0.3992,0.1189,6.1604,6.0319,0,4000,4000,1,0,27
11,1,27,4000,2,325,10.7042,0.0924,0.3384,0.0538,7.2719,6.6581,1,4000,4000,1,81,27
11,1,27,4000,2,326,10.4341,0.0602,0.3786,0.0569,7.1104,6.4488,1,4000,4000,1,72,27
11,1,27,4000,2,327,9.294,0.0602,0.3786,0.2365,6.0188,5.7687,0,4000,4000,1,0,27
11,1,27,4000,2,328,12.3709,0.3864,0.3405,0.0553,8.5058,7.5841,1,4000,4000,1,74,27
11,1,27,4000,2,329,10.2352,0.3864,0.3405,0.1581,6.6616,6.4908,0,4000,4000,1,0,27
11,1,27,4000,2,330,11.9436,0.0488,0.3799,0.0567,7.3922,6.7779,1,4000,4000,1,78,27
11,1,27,4000,2,331,11.5285,0.3394,0.3702,0.0575,8.0474,7.1472,1,4000,4000,1,75,27
11,1,27,4000,2,332,9.9338,0.3394,0.3702,0.1229,6.4798,6.3452,0,4000,4000,1,0,27
11,1,27,4000,2,333,12.9357,0.3424,0.3817,0.0559,9.2152,8.2919,1,4000,4000,1,79,27
11,1,27,4000,2,334,11.5487,0.5391,0.3568,0.0587,7.9248,6.8296,1,4000,4000,1,71,27
11,1,27,4000,2,335,11.675,0.0361,0.3969,0.0616,7.2945,6.6359,1,4000,4000,1,76,27
11,1,27,4000,2,336,10.9563,0.0361,0.3969,0.1614,7.0131,6.836,0,4000,4000,1,0,27
11,1,27,4000,2,337,12.8126,0.3283,0.3499,0.0567,8.6451,7.7621,1,4000,4000,1,55,27
11,1,27,4000,2,338,12.1988,0.0449,0.3743,0.0551,7.3305,6.697,1,4000,4000,1,82,27
11,1,27,4000,2,339,9.7888,0.0449,0.3743,0.1366,6.4344,6.2871,0,4000,4000,1,0,27
11,1,27,4000,2,340,11.64,0.3337,0.3428,0.0568,8.1803,7.2648,1,4000,4000,1,67,27
11,1,27,4000,2,341,10.4476,0.043,0.3412,0.0528,6.8798,6.2988,1,4000,4000,1,70,27
11,1,27,4000,2,342,9.955,0.043,0.3412,0.1207,6.1777,6.0472,0,4000,4000,1,0,27
11,1,27,4000,2,343,11.6337,0.302,0.3218,0.0568,8.0324,7.2254,1,4000,4000,1,62,27
11,1,27,4000,2,344,11.5993,0.3088,0.3205,0.0604,8.3206,7.4981,1,4000,4000,1,50,27
11,1,27,4000,2,345,9.4943,0.3088,0.3205,0.1038,6.0875,5.9737,0,4000,4000,1,0,27
11,1,27,4000,2,346,11.2997,0.0733,0.3061,0.0522,7.8161,7.2372,1,4000,4000,1,64,27
11,1,27,4000,2,347,10.7099,0.0571,0.3837,0.0583,7.3237,6.7104,1,4000,4000,1,60,27
11,1,27,4000,2,348,9.6569,0.0571,0.3837,0.1091,6.157,6.0381,0,4000,4000,1,0,27
11,1,27,4000,2,349,11.9409,0.0424,0.3176,0.057,7.7292,7.1707,1,4000,4000,1,50,27
11,1,27,4000,2,350,9.3978,0.0424,0.3176,0.1065,6.0809,5.964,0,4000,4000,1,0,27
11,1,27,4000,2,351,10.7437,0.0394,0.3527,0.0592,6.9795,6.4091,1,4000,4000,1,57,27
11,1,27,4000,2,352,11.0169,0.0365,0.3812,0.0566,7.4559,6.8422,1,4000,4000,1,56,27
11,1,27,4000,2,353,9.7117,0.0365,0.3812,0.123,6.0989,5.9534,0,4000,4000,1,0,27
11,1,27,4000,2,354,12.0473,0.0498,0.3197,0.0568,7.192,6.6488,1,4000,4000,1,45,27
11,1,27,4000,2,355,10.8377,0.0444,0.4382,0.0524,7.4633,6.77,1,4000,4000,1,37,27
11,1,27,4000,2,356,9.8945,0.0444,0.4382,0.1413,5.735,5.583,0,4000,4000,1,0,27
11,1,27,4000,2,357,10.5581,0.0385,0.3091,0.0564,7.0701,6.519,1,4000,4000,1,72,27
11,1,27,4000,2,358,11.8092,0.0384,0.356,0.0517,7.796,7.2315,1,4000,4000,1,42,27
11,1,27,4000,2,359,9.093,0.0384,0.356,0.1605,5.9204,5.749,0,4000,4000,1,0,27
11,1,27,4000,2,360,11.0963,0.0549,0.3283,0.0567,6.9989,6.396,1,4000,4000,1,63,27
11,1,27,4000,2,361,9.5641,0.0549,0.3283,0.1457,6.3972,6.2405,0,4000,4000,1,0,27
11,1,27,4000,2,362,11.8338,0.2948,0.3567,0.0547,8.3087,7.4632,1,4000,4000,1,51,27
11,1,27,4000,2,363,10.5541,0.0417,0.3544,0.0609,7.1802,6.5442,1,4000,4000,1,52,27
11,1,27,4000,2,364,10.1494,0.0417,0.3544,0.1342,6.2816,6.1363,0,4000,4000,1,0,27
11,1,27,4000,2,365,11.4925,0.3283,0.3572,0.0615,8.1649,7.2646,1,4000,4000,1,42,27
11,1,27,4000,2,366,12.1732,0.2497,0.6526,0.0534,8.6688,7.4019,1,4000,4000,1,47,27
11,1,27,4000,2,367,8.9388,0.2497,0.6526,0.15,5.608,5.4474,0,4000,4000,1,0,27
11,1,27,4000,2,368,11.6417,0.3445,0.3676,0.0489,8.1893,7.3159,1,4000,4000,1,39,27
11,1,27,4000,2,369,10.3231,0.0486,0.35,0.0545,6.8653,6.2704,1,4000,4000,1,40,27
11,1,27,4000,2,370,9.1077,0.0486,0.35,0.1141,5.8421,5.7178,0,4000,4000,1,0,27
11,1,27,4000,2,371,11.7759,0.3275,0.3193,0.0597,8.1328,7.2864,1,4000,4000,1,39,27
11,1,27,4000,2,372,10.975,0.0821,0.3765,0.0631,7.1287,6.4789,1,4000,4000,1,46,27
11,1,27,4000,2,373,9.819,0.0821,0.3765,0.1212,6.2314,6.0994,0,4000,4000,1,0,27
11,1,27,4000,2,374,11.5408,0.0704,0.4531,0.0518,8.2189,7.4463,1,4000,4000,1,35,27
11,1,27,4000,2,375,11.8296,0.0551,0.3192,0.0559,6.8472,6.2851,1,4000,4000,1,39,27
11,1,27,4000,2,376,9.6307,0.0551,0.3192,0.1144,6.3082,6.1832,0,4000,4000,1,0,27
11,1,27,4000,2,377,11.9364,0.2799,0.2949,0.0555,8.1688,7.4271,1,4000,4000,1,42,27
11,1,27,4000,2,378,9.6103,0.2799,0.2949,0.1169,6.0635,5.9338,0,4000,4000,1,0,27
11,1,27,4000,2,379,11.4136,0.3311,0.2975,0.0601,7.7226,6.8755,1,4000,4000,1,34,27
11,1,27,4000,2,380,11.5751,0.0546,0.2937,0.0599,8.1846,7.6461,1,4000,4000,1,34,27
11,1,27,4000,2,381,9.8841,0.0546,0.2937,0.1211,6.3462,6.2142,0,4000,4000,1,0,27
11,1,27,4000,2,382,10.5888,0.0653,0.301,0.0589,7.1658,6.5779,1,4000,4000,1,42,27
11,1,27,4000,2,383,11.1896,0.0474,0.2642,0.0625,7.1815,6.676,1,4000,4000,1,28,27
11,1,27,4000,2,384,10.5693,0.0474,0.2642,0.1163,6.5996,6.4714,0,4000,4000,1,0,27
11,1,27,4000,2,385,10.537,0.0644,0.3487,0.0527,7.1877,6.592,1,4000,4000,1,79,27
11,1,27,4000,2,386,11.8587,0.049,0.3399,0.0518,8.0387,7.4512,1,4000,4000,1,55,27
11,1,27,4000,2,387,9.5154,0.049,0.3399,0.1388,6.2733,6.1237,0,4000,4000,1,0,27
11,1,27,4000,2,388,10.277,0.0614,0.3578,0.0508,6.9003,6.3017,1,4000,4000,1,97,27
11,1,27,4000,2,389,9.8014,0.0614,0.3578,0.1244,6.1797,6.0418,0,4000,4000,1,0,27
11,1,27,4000,2,390,12.4811,0.3035,0.3684,0.0675,8.7593,7.8781,1,4000,4000,1,104,27
11,1,27,4000,2,391,11.0514,0.0589,0.5172,0.0555,7.473,6.6794,1,4000,4000,1,57,27
11,1,27,4000,2,392,11.9964,0.0536,0.4055,0.0622,7.8071,7.1509,1,4000,4000,1,94,27
11,1,27,4000,2,393,10.5707,0.0536,0.4055,0.1299,6.6101,6.4676,0,4000,4000,1,0,27
11,1,27,4000,2,394,12.654,0.301,0.3982,0.0556,8.8501,7.9209,1,4000,4000,1,167,27
11,1,27,4000,2,395,11.4544,0.3026,0.3539,0.05,8.1884,7.375,1,4000,4000,1,85,27
11,1,27,4000,2,396,9.8293,0.3026,0.3539,0.1238,6.4705,6.3349,0,4000,4000,1,0,27
11,1,27,4000,2,397,11.072,0.0624,0.487,0.0525,7.523,6.7977,1,4000,4000,1,271,27
11,1,27,4000,2,398,10.95,0.0499,0.4351,0.0517,7.4834,6.8108,1,4000,4000,1,125,27
11,1,27,4000,2,399,9.9937,0.0499,0.4351,0.125,6.3895,6.2533,0,4000,4000,1,0,27
11,1,27,4000,2,400,11.7202,0.0543,0.5661,0.0522,8.0748,7.3047,1,4000,4000,1,333,27
11,1,27,4000,2,401,10.5452,0.0658,0.4018,0.051,7.3163,6.6438,1,4000,4000,1,115,27
11,1,27,4000,2,402,9.0924,0.0416,0.0888,0.1572,5.6176,5.4471,0,4000,4000,1,0,27
11,1,27,4000,2,403,11.8381,0.047,0.655,0.0612,7.751,6.8552,1,4000,4000,1,412,27
11,1,27,4000,2,404,10.2275,0.047,0.655,0.1825,6.9592,6.7638,0,4000,4000,1,0,27
11,1,27,4000,2,405,12.7996,0.2367,0.5048,0.0547,7.9665,7.0161,1,4000,4000,1,325,27
11,1,27,4000,2,406,11.1498,0.0442,0.5077,0.0603,7.6371,6.8894,1,4000,4000,1,164,27
11,1,27,4000,2,407,10.2958,0.0442,0.5077,0.1291,6.4903,6.3495,0,4000,4000,1,0,27
11,1,27,4000,2,408,11.7791,0.3073,0.7536,0.0581,8.1947,6.9241,1,4000,4000,1,381,27
11,1,27,4000,2,409,11.6551,0.0742,0.5501,0.054,8.0547,7.2194,1,4000,4000,1,156,27
11,1,27,4000,2,410,9.9313,0.0742,0.5501,0.1157,6.1591,6.0334,0,4000,4000,1,0,27
11,1,27,4000,2,411,11.4367,0.0413,0.6774,0.0592,7.7434,6.8365,1,4000,4000,1,360,27
11,1,27,4000,2,412,10.8187,0.0398,0.5079,0.0579,7.4594,6.6843,1,4000,4000,1,160,27
11,1,27,4000,2,413,10.0029,0.0398,0.5079,0.1247,6.3366,6.2008,0,4000,4000,1,0,27
11,1,27,4000,2,414,11.2366,0.0476,0.6323,0.0538,7.8282,6.9709,1,4000,4000,1,432,27
11,1,27,4000,2,415,10.6808,0.0456,0.4998,0.055,7.2797,6.5575,1,4000,4000,1,163,27
11,1,27,4000,2,416,9.0676,0.0456,0.4998,0.1078,5.746,5.6291,0,4000,4000,1,0,27
11,1,27,4000,2,417,11.2158,0.0392,0.8827,0.0554,7.8976,6.7619,1,4000,4000,1,424,27
11,1,27,4000,2,418,13.0038,0.0852,0.7508,0.0559,8.7094,7.6724,1,4000,4000,1,170,27
11,1,27,4000,2,419,9.4682,0.0852,0.7508,0.1424,5.8897,5.7249,0,4000,4000,1,0,27
11,1,27,4000,2,420,11.1957,0.0433,0.6568,0.0533,7.5762,6.693,1,4000,4000,1,339,27
11,1,27,4000,2,421,10.5854,0.0444,0.5073,0.0728,7.1719,6.4083,1,4000,4000,1,176,27
11,1,27,4000,2,422,9.7193,0.0444,0.5073,0.1302,6.2765,6.1363,0,4000,4000,1,0,27
11,1,27,4000,2,423,12.6135,0.0775,0.7988,0.0613,9.0252,7.9585,1,4000,4000,1,327,27
11,1,27,4000,2,424,11.5716,0.0417,0.5978,0.0553,7.7816,6.9682,1,4000,4000,1,189,27
11,1,27,4000,2,425,8.9804,0.0417,0.5978,0.1469,5.8176,5.661,0,4000,4000,1,0,27
11,1,27,4000,2,426,11.39,0.045,0.7593,0.054,7.8817,6.8616,1,4000,4000,1,356,27
11,1,27,4000,2,427,9.5365,0.045,0.7593,0.214,6.1505,5.91,0,4000,4000,1,0,27
11,1,27,4000,2,428,11.226,0.0571,0.6771,0.0566,7.4138,6.3989,1,4000,4000,1,265,27
11,1,27,4000,2,429,11.4364,0.0463,0.5819,0.0616,7.5232,6.692,1,4000,4000,1,216,27
11,1,27,4000,2,430,9.7156,0.0463,0.5819,0.129,6.113,5.9735,0,4000,4000,1,0,27
11,1,27,4000,2,431,10.2915,0.0498,0.6326,0.057,7.1727,6.3149,1,4000,4000,1,395,27
11,1,27,4000,2,432,11.9,0.305,0.5149,0.0507,8.1555,7.1667,1,4000,4000,1,227,27
11,1,27,4000,2,433,9.4552,0.305,0.5149,0.1104,5.9837,5.8629,0,4000,4000,1,0,27
11,1,27,4000,2,434,10.7414,0.0395,0.7401,0.0529,7.494,6.4868,1,4000,4000,1,409,27
11,1,27,4000,2,435,9.3352,0.0395,0.7401,0.154,5.8694,5.7052,0,4000,4000,1,0,27
11,1,27,4000,2,436,10.8663,0.0383,0.6818,0.0515,7.3941,6.4977,1,4000,4000,1,374,27
11,1,27,4000,2,437,10.1573,0.0416,0.5222,0.0537,7.0635,6.33,1,4000,4000,1,229,27
11,1,27,4000,2,438,9.7397,0.0416,0.5222,0.122,6.159,6.0272,0,4000,4000,1,0,27
11,1,27,4000,2,439,12.6197,0.2971,0.7664,0.0587,9.1379,7.8685,1,4000,4000,1,438,27
11,1,27,4000,2,440,11.1463,0.045,0.61,0.0566,7.7667,6.9227,1,4000,4000,1,262,27
11,1,27,4000,2,441,9.8247,0.045,0.61,0.1608,6.2181,6.0399,0,4000,4000,1,0,27
11,1,27,4000,2,442,13.3197,0.0635,0.8271,0.0573,9.68,8.6092,1,4000,4000,1,529,27
11,1,27,4000,2,443,10.8749,0.0464,0.5613,0.0543,7.2768,6.4803,1,4000,4000,1,280,27
11,1,27,4000,2,444,9.3506,0.0464,0.5613,0.1099,5.7571,5.6374,0,4000,4000,1,0,27
11,1,27,4000,2,445,11.3364,0.046,0.6854,0.0516,7.5648,6.6142,1,4000,4000,1,429,27
11,1,27,4000,2,446,13.2999,0.0377,0.6624,0.0568,8.4954,7.5684,1,4000,4000,1,311,27
11,1,27,4000,2,447,9.6786,0.0377,0.6624,0.13,6.2881,6.1482,0,4000,4000,1,0,27
11,1,27,4000,2,448,11.8578,0.0434,0.6888,0.0617,8.3787,7.4089,1,4000,4000,1,389,27
11,1,27,4000,2,449,12.0425,0.0683,0.8252,0.057,8.2715,7.1336,1,4000,4000,1,270,27
11,1,27,4000,2,450,10.4023,0.0683,0.8252,0.1817,6.1746,5.9814,0,4000,4000,1,0,27
11,1,27,4000,2,451,11.4665,0.0473,0.6382,0.0535,7.5213,6.6471,1,4000,4000,1,324,27
11,1,27,4000,2,452,10.8326,0.0324,0.5899,0.0697,7.5656,6.7387,1,4000,4000,1,244,27
11,1,27,4000,2,453,10.0696,0.0324,0.5899,0.1283,6.4674,6.3288,0,4000,4000,1,0,27
11,1,27,4000,2,454,12.5702,0.3262,0.6538,0.0534,9.0932,7.9176,1,4000,4000,1,352,27
11,1,27,4000,2,455,10.9707,0.0401,0.6359,0.0535,7.4915,6.6225,1,4000,4000,1,284,27
11,1,27,4000,2,456,10.208,0.0401,0.6359,0.1289,6.8619,6.7221,0,4000,4000,1,0,27
11,1,27,4000,2,457,11.6175,0.0468,0.7226,0.0576,7.7998,6.7678,1,4000,4000,1,350,27
11,1,27,4000,2,458,11.5778,0.043,0.5615,0.0567,7.4819,6.6694,1,4000,4000,1,226,27
11,1,27,4000,2,459,9.3097,0.043,0.5615,0.1371,5.8859,5.7388,0,4000,4000,1,0,27
11,1,27,4000,2,460,10.9997,0.0373,0.6255,0.055,7.4931,6.6321,1,4000,4000,1,336,27
11,1,27,4000,2,461,11.8789,0.0518,0.5018,0.053,7.3441,6.6106,1,4000,4000,1,211,27
11,1,27,4000,2,462,9.1803,0.0518,0.5018,0.1016,5.5353,5.4243,0,4000,4000,1,0,27
11,1,27,4000,2,463,12.187,0.3772,0.6649,0.0589,8.8356,7.597,1,4000,4000,1,342,27
11,1,27,4000,2,464,10.8594,0.0368,0.5219,0.0539,7.2715,6.5016,1,4000,4000,1,186,27
11,1,27,4000,2,465,9.6584,0.0368,0.5219,0.1362,6.27,6.122,0,4000,4000,1,0,27
11,1,27,4000,2,466,12.6383,0.0603,0.6664,0.0545,8.5787,7.6602,1,4000,4000,1,352,27
11,1,27,4000,2,467,10.8665,0.0476,0.5842,0.0556,7.4518,6.6361,1,4000,4000,1,242,27
11,1,27,4000,2,468,8.9545,0.0476,0.5842,0.11,5.8552,5.735,0,4000,4000,1,0,27
11,1,27,4000,2,469,11.8357,0.0475,0.6752,0.0519,8.1525,7.2248,1,4000,4000,1,274,27
11,1,27,4000,2,470,10.6712,0.0599,0.5488,0.0571,7.5562,6.7267,1,4000,4000,1,205,27
11,1,27,4000,2,471,9.2648,0.0473,0.0669,0.1929,5.7584,5.5513,0,4000,4000,1,0,27
11,1,27,4000,2,472,10.8585,0.055,0.5927,0.0549,7.4299,6.5948,1,4000,4000,1,351,27
11,1,27,4000,2,473,9.2667,0.055,0.5927,0.1055,6.2168,6.1013,0,4000,4000,1,0,27
11,1,27,4000,2,474,11.0355,0.0524,0.5267,0.0543,7.6275,6.8671,1,4000,4000,1,261,27
11,1,27,4000,2,475,10.8805,0.0461,0.6001,0.0549,7.4566,6.6071,1,4000,4000,1,193,27
11,1,27,4000,2,476,9.249,0.0461,0.6001,0.1137,6.1327,6.0096,0,4000,4000,1,0,27
11,1,27,4000,2,477,11.0367,0.0391,0.5233,0.0535,7.3096,6.5729,1,4000,4000,1,312,27
11,1,27,4000,2,478,9.1113,0.0391,0.5233,0.1195,5.9668,5.8373,0,4000,4000,1,0,27
11,1,27,4000,2,479,11.4381,0.0658,0.7992,0.0552,8.0046,6.8969,1,4000,4000,1,292,27
11,1,27,4000,2,480,12.5202,0.0961,0.5836,0.0587,7.724,6.8376,1,4000,4000,1,200,27
11,1,27,4000,2,481,9.5863,0.0961,0.5836,0.128,6.1515,6.0128,0,4000,4000,1,0,27
11,1,27,4000,2,482,10.923,0.0536,0.5648,0.0564,7.569,6.7701,1,4000,4000,1,272,27
11,1,27,4000,2,483,11.0366,0.0469,0.5456,0.058,7.509,6.7271,1,4000,4000,1,181,27
11,1,27,4000,2,484,10.6633,0.0469,0.5456,0.1377,7.2337,7.0858,0,4000,4000,1,0,27
11,1,27,4000,2,485,12.1637,0.0579,0.6191,0.0591,8.0944,7.2273,1,4000,4000,1,270,27
11,1,27,4000,2,486,11.1487,0.0593,0.4953,0.0574,7.433,6.6783,1,4000,4000,1,182,27
11,1,27,4000,2,487,9.1582,0.0593,0.4953,0.1688,5.9264,5.7439,0,4000,4000,1,0,27
11,1,27,4000,2,488,12.2723,0.074,0.8744,0.0623,8.5357,7.3508,1,4000,4000,1,299,27
11,1,27,4000,2,489,11.4039,0.054,0.4962,0.052,7.7014,6.9757,1,4000,4000,1,175,27
11,1,27,4000,2,490,8.925,0.054,0.4962,0.1492,5.709,5.548,0,4000,4000,1,0,27
11,1,27,4000,2,491,10.7152,0.0474,0.555,0.0523,7.3672,6.5817,1,4000,4000,1,289,27
11,1,27,4000,2,492,10.8163,0.0791,0.4889,0.0592,7.6124,6.8365,1,4000,4000,1,181,27
11,1,27,4000,2,493,9.2081,0.0568,0.2254,0.1194,5.7913,5.6611,0,4000,4000,1,0,27
11,1,27,4000,2,494,10.5373,0.0488,0.535,0.0564,7.3032,6.5016,1,4000,4000,1,245,27
11,1,27,4000,2,495,9.3095,0.0488,0.535,0.1189,5.8658,5.7358,0,4000,4000,1,0,27
11,1,27,4000,2,496,10.8561,0.0473,0.5193,0.0615,7.6061,6.8449,1,4000,4000,1,213,27
11,1,27,4000,2,497,11.2336,0.0614,0.4407,0.0573,7.6067,6.923,1,4000,4000,1,145,27
11,1,27,4000,2,498,9.4161,0.0614,0.4407,0.1244,6.1678,6.0326,0,4000,4000,1,0,27
11,1,27,4000,2,499,11.5298,0.0547,0.5523,0.0507,8.3657,7.5902,1,4000,4000,1,295,27
11,1,27,4000,2,500,9.5074,0.0547,0.5523,0.1222,6.0547,5.9214,0,4000,4000,1,0,27
11,1,27,4000,2,501,12.132,0.0856,0.9814,0.0578,8.774,7.3401,1,4000,4000,1,227,27
11,1,27,4000,2,502,10.963,0.0433,0.4223,0.0545,7.4136,6.7491,1,4000,4000,1,136,27
11,1,27,4000,2,503,9.3415,0.0433,0.4223,0.1221,6.002,5.8688,0,4000,4000,1,0,27
11,1,27,4000,2,504,10.6693,0.0577,0.5014,0.053,7.3698,6.6389,1,4000,4000,1,257,27
11,1,27,4000,2,505,11.1591,0.0512,0.4833,0.0554,7.7767,7.0558,1,4000,4000,1,130,27
11,1,27,4000,2,506,8.9033,0.0512,0.4833,0.1559,5.9636,5.7969,0,4000,4000,1,0,27
11,1,27,4000,2,507,10.8764,0.0395,0.5646,0.0545,7.4269,6.6409,1,4000,4000,1,312,27
11,1,27,4000,2,508,9.0586,0.0395,0.5646,0.1172,6.0161,5.8901,0,4000,4000,1,0,27
11,1,27,4000,2,509,10.5702,0.048,0.494,0.0536,7.1132,6.3703,1,4000,4000,1,198,27
11,1,27,4000,2,510,11.1583,0.0508,0.5038,0.0555,7.8276,7.0698,1,4000,4000,1,125,27
11,1,27,4000,2,511,10.0656,0.0508,0.5038,0.1547,6.3681,6.1899,0,4000,4000,1,0,27
11,1,27,4000,2,512,11.2048,0.0612,0.6335,0.0543,7.5436,6.6657,1,4000,4000,1,443,27
11,1,27,4000,2,513,10.8735,0.045,0.5046,0.0505,7.1805,6.4599,1,4000,4000,1,163,27
11,1,27,4000,2,514,9.3119,0.045,0.5046,0.1477,5.9559,5.7964,0,4000,4000,1,0,27
11,1,27,4000,2,515,11.938,0.0933,0.6145,0.0561,8.5315,7.6337,1,4000,4000,1,427,27
11,1,27,4000,2,516,11.0251,0.0434,0.5252,0.0535,7.3124,6.5128,1,4000,4000,1,164,27
11,1,27,4000,2,517,9.3077,0.0434,0.5252,0.1374,6.1019,5.9509,0,4000,4000,1,0,27
11,1,27,4000,2,518,11.7786,0.05,0.6833,0.0527,8.4023,7.4739,1,4000,4000,1,401,27
11,1,27,4000,2,519,9.1162,0.05,0.6833,0.1234,6.1051,5.9712,0,4000,4000,1,0,27
11,1,27,4000,2,520,10.6431,0.0445,0.5946,0.057,7.3077,6.4829,1,4000,4000,1,283,27
11,1,27,4000,2,521,10.9326,0.0477,0.4879,0.0524,7.4495,6.7318,1,4000,4000,1,149,27
11,1,27,4000,2,522,9.6241,0.0477,0.4879,0.1412,6.2622,6.11,0,4000,4000,1,0,27
11,1,27,4000,2,523,12.2866,0.0537,0.7311,0.0575,8.2242,7.2014,1,4000,4000,1,392,27
11,1,27,4000,2,524,11.1975,0.0368,0.4371,0.0551,7.4392,6.7769,1,4000,4000,1,139,27
11,1,27,4000,2,525,9.4844,0.0368,0.4371,0.1235,5.7392,5.6058,0,4000,4000,1,0,27
11,1,27,4000,2,526,10.9118,0.0462,0.6392,0.0516,7.4605,6.5895,1,4000,4000,1,399,27
11,1,27,4000,2,527,11.0225,0.0444,0.5327,0.0533,7.893,7.09,1,4000,4000,1,158,27
11,1,27,4000,2,528,9.9661,0.0487,0.1966,0.1248,6.2513,6.1158,0,4000,4000,1,0,27
11,1,27,4000,2,529,11.6118,0.0521,0.6723,0.0491,7.5305,6.6313,1,4000,4000,1,486,27
11,1,27,4000,2,530,8.7172,0.0521,0.6723,0.1172,5.6214,5.4947,0,4000,4000,1,0,27
11,1,27,4000,2,531,11.2898,0.0501,0.6011,0.052,7.5797,6.7509,1,4000,4000,1,418,27
11,1,27,4000,2,532,11.0822,0.0418,0.554,0.0559,7.6406,6.7956,1,4000,4000,1,163,27
11,1,27,4000,2,533,9.3728,0.0418,0.554,0.1854,6.0887,5.8924,0,4000,4000,1,0,27
11,1,27,4000,2,534,12.2484,0.0602,0.7854,0.0543,8.1555,7.095,1,4000,4000,1,520,27
11,1,27,4000,2,535,10.9347,0.0345,0.5671,0.0519,7.3057,6.523,1,4000,4000,1,177,27
11,1,27,4000,2,536,9.4838,0.0345,0.5671,0.1298,5.7876,5.6485,0,4000,4000,1,0,27
11,1,27,4000,2,537,11.2389,0.039,0.6155,0.0548,7.575,6.7251,1,4000,4000,1,420,27
11,1,27,4000,2,538,11.1094,0.0376,0.5027,0.0539,7.4808,6.6782,1,4000,4000,1,170,27
11,1,27,4000,2,539,9.2033,0.0376,0.5027,0.1104,5.9076,5.7869,0,4000,4000,1,0,27
11,1,27,4000,2,540,11.7072,0.0602,0.6749,0.0504,7.6923,6.7741,1,4000,4000,1,416,27
11,1,27,4000,2,541,9.3985,0.0602,0.6749,0.2562,6.1682,5.8991,0,4000,4000,1,0,27
11,1,27,4000,2,542,12.0057,0.0525,0.6809,0.0533,7.6103,6.6554,1,4000,4000,1,268,27
11,1,27,4000,2,543,11.4822,0.3077,0.5147,0.0514,8.1096,7.08,1,4000,4000,1,155,27
11,1,27,4000,2,544,9.8274,0.3077,0.5147,0.1199,6.4915,6.3613,0,4000,4000,1,0,27
11,1,27,4000,2,545,11.3226,0.0416,0.6859,0.0534,7.8382,6.8857,1,4000,4000,1,400,27
11,1,27,4000,2,546,11.41,0.0464,0.4937,0.0622,8.0046,7.2688,1,4000,4000,1,185,27
11,1,27,4000,2,547,9.2104,0.0464,0.4937,0.1755,5.8787,5.6932,0,4000,4000,1,0,27
11,1,27,4000,2,548,10.8674,0.0529,0.5737,0.0512,7.4828,6.6773,1,4000,4000,1,382,27
11,1,27,4000,2,549,10.6267,0.0442,0.5405,0.0547,7.5301,6.7148,1,4000,4000,1,168,27
11,1,27,4000,2,550,9.2486,0.0442,0.5405,0.1294,6.0764,5.9357,0,4000,4000,1,0,27
